customer_id,name,phone,address,latitude,longitude,email,password
1,Le Thi Anh,0985707583,16 Le Duan Street - District 7,10.836682,106.642730,lethianh1@gmail.com,f5cc1627088743fbdacb9286435fa29ab86b4891cdd7174cb35d857e5a92b1d6
2,Bui Hoang Minh,0901445052,210 Cach Mang Thang Tam Street - District 1,10.782971,106.635432,buihoangminh2@gmail.com,b42a6f3dcc9af522d2aec190a0cd01757312b427fb1116732f4a2d37b2a149ff
3,Vu Hoang Linh,0914348593,56 Cach Mang Thang Tam Street - District 12,10.732157,106.622929,vuhoanglinh3@gmail.com,28f97df09d7fb96211a59a3c68fb74788cd53db7fb5148738df5e85353151fdb
4,Pham Tuan Huong,0988828301,109 Tran Hung Dao Street - District 2,10.748492,106.624874,phamtuanhuong4@gmail.com,54bb00960577855ea507130d723786683d47edfbae6b95338a31f06105626f86
5,Bui Duc Linh,0777352246,188 Le Duan Street - District 4,10.834630,106.721619,buiduclinh5@gmail.com,9515868136d96fb490e2018eb6add2af412cbbdae04f03bd179458e0c17d5687
6,Dang Khanh Phuong,0772475791,262 Tran Hung Dao Street - District 7,10.727832,106.716596,dangkhanhphuong6@gmail.com,8b953b26889948c48d2d40a45165ac5f2648859292337186ace1148a2e3a2ee9
7,Huynh Duc Anh,0909289889,304 Le Loi Street - District 8,10.725861,106.711312,huynhducanh7@gmail.com,62911ae22351f69968d41eb9374f5a8a7ec717bdcb112bacb50953ffbaaa2886
8,Dang Thi Tuan,0907316831,29 Nguyen Hue Street - District 7,10.811549,106.721570,dangthituan8@gmail.com,de7de2ad2a07ccc9d0660825164f31022d31d543bd9ec289d37e5efd0a2531d8
9,Nguyen Anh Tuan,0327457033,182 Tran Hung Dao Street - District 12,10.822804,106.717162,nguyenanhtuan9@gmail.com,dc408eba8e4ea7ba5261cf4112dbc1c4f0a251f7af58cae0758da6f5474f6c01
10,Nguyen Khanh Hai,0910497594,163 Hai Ba Trung Street - District 3,10.827929,106.619994,nguyenkhanhhai10@gmail.com,b3ac69406331dc464b2be8b7f17f90749a7aa2c04b080e298b44f7ad4b802a60
11,Le Minh Hai,0911480070,179 Cach Mang Thang Tam Street - District 6,10.797249,106.715515,leminhhai11@gmail.com,cf6a9377081fefb7df71c4713e4e3ecc2d37cad317405fc6a3be29b378caeee3
12,Pham Hoang Tuan,0325243332,131 Tran Hung Dao Street - District 10,10.773754,106.657075,phamhoangtuan12@gmail.com,5d4437173be8c299ab7b06f8b8ee8481a4cbcee0c85a4d02d3b350637b62110b
13,Phan Thi Phuong,0908753523,295 Le Loi Street - District 7,10.782622,106.617077,phanthiphuong13@gmail.com,af8f3293e485fb3779dfafb7b5c5a56ae967ba8055c3063d409d54bf816d8c57
14,Phan Thi Long,0912531647,25 Hai Ba Trung Street - District 9,10.741838,106.701805,phanthilong14@gmail.com,03f0806798f0aa605a6195a971cafe41c0915b042b4ab05d73450e4e0b2f2ba6
15,Bui Ngoc Minh,0911756330,34 Tran Hung Dao Street - District 11,10.740784,106.619725,buingocminh15@gmail.com,fd8e8123fd448cb664dabc9dcebd31fad9aa84d87a800f1cceb0e94f47ca1773
16,Phan Hoang Phuong,0987114064,245 Le Loi Street - District 10,10.837508,106.666748,phanhoangphuong16@gmail.com,82b7ea42ec01710a8dd157b1f70f7d20b312e092f8ef481688957414c1615e6b
17,Vu Ngoc Long,0327442124,196 Tran Hung Dao Street - District 12,10.767702,106.664204,vungoclong17@gmail.com,0d0bc0506a66af22d811f7a8c0eead1970065824db49e7d331dca6d4e6444bfd
18,Dang Duc Lan,0350041791,71 Le Loi Street - District 11,10.733311,106.748289,dangduclan18@gmail.com,84e943676c9cd86e2721f891af7a415c51243314824c2e83efa3c94be6c49f4b
19,Tran Van Minh,0989297399,136 Hai Ba Trung Street - District 6,10.737642,106.738177,tranvanminh19@gmail.com,0605ec72821817f2c407fa764c67551caa0733422e0e5ce281470e74f04d96a6
20,Phan Thi Lan,0772752052,231 Le Duan Street - District 3,10.768105,106.747373,phanthilan20@gmail.com,887c0a74a72d57055453a79972b3b7263b66cfac1b4d6bdcb81210bc77ed61fd
21,Bui Duy Linh,0775980942,54 Pasteur Street - District 10,10.760966,106.700448,buiduylinh21@gmail.com,696e6413f66ed9b310d4d1d10259f8fcafdc3d7e2c1cc7ebecdf163b3cfc8379
22,Phan Ngoc Tuan,0905144827,93 Hai Ba Trung Street - District 6,10.803225,106.720351,phanngoctuan22@gmail.com,a411acd4c0e7c643494b81e749538ac7b8315ad16222bc358863d0b980f7bda9
23,Hoang Hoang Anh,0975127925,57 Le Loi Street - District 11,10.810728,106.637525,hoanghoanganh23@gmail.com,1bca3621bfd6f9402cebce3f972e0924a501066ae939e8fc622ef33b174513cb
24,Nguyen Thi Huong,0773819329,283 Pasteur Street - District 4,10.724605,106.638175,nguyenthihuong24@gmail.com,7ecabb1424d015e5f5cfebc051e79543d56ce5636b8af759537362dcd99ddea9
25,Pham Anh Hai,0327446098,273 Nguyen Thi Minh Khai Street - District 2,10.778106,106.619172,phamanhhai25@gmail.com,45764a9b0f5013509d1387677d0e6f18c582402ddf5fca1a2923cf65a6ee44a4
26,Nguyen Duc Linh,0915963989,96 Nam Ky Khoi Nghia Street - District 2,10.745697,106.649981,nguyenduclinh26@gmail.com,959b0aea5d0874fdc8e7ba8f8629d81d851665ff7f57c9b8e1886754972c6be2
27,Pham Minh Anh,0907558222,89 Le Duan Street - District 4,10.746185,106.638062,phamminhanh27@gmail.com,c3572b8f6048736355f982e4833d84f4a7cdee16d93bee301e6d73ef94643f6d
28,Tran Duy Hung,0779560936,82 Pasteur Street - District 1,10.801567,106.653810,tranduyhung28@gmail.com,ab66a36aa9c795ca9bcd56094cacbaed709df53c7e2121ca541a4086e6d96015
29,Le Hoang Huong,0776474451,43 Cach Mang Thang Tam Street - District 3,10.755803,106.601243,lehoanghuong29@gmail.com,7b89f087f393568cb38831b9582774df07cf1e01dd010cab400c959be1a76f5d
30,Dang Anh Tuan,0933114958,97 Nguyen Hue Street - District 8,10.739880,106.623121,danganhtuan30@gmail.com,c8f7f0b30fd4551028270b86990d25e9ccdeea8a6183e3ff34cb92c9f73519e2
31,Dang Anh Hung,0937515213,186 Dien Bien Phu Street - District 2,10.816056,106.687759,danganhhung31@gmail.com,0b0f3209c8c31c40deaa950a9744f0eab1c32a03e25d66f58a4c9d320f8c9579
32,Bui Duc Lan,0935431356,287 Le Duan Street - District 10,10.729419,106.722635,buiduclan32@gmail.com,aa93a3534d0bec1ada3b73ce603e24a37ea283ce5f5051a9a7dc4160a5e1e8e6
33,Pham Thi Lan,0915369321,133 Dien Bien Phu Street - District 8,10.835612,106.747424,phamthilan33@gmail.com,c9e525e856c0ca0116d0e5c25475e1a962f2de83d9944ec0b0bb073f52321184
34,Pham Duy Hung,0774649481,297 Le Duan Street - District 6,10.821473,106.621036,phamduyhung34@gmail.com,6aafbade4d9ece16fc9c0981d78b55814c46af23cfa7ea444b40684f7a627c15
35,Dang Duc Phuong,0978787545,269 Nguyen Thi Minh Khai Street - District 4,10.809237,106.740566,dangducphuong35@gmail.com,10b8d108e37675623c5dc1cd1e9380c644bba479c7ec15339b64d9113fb80c49
36,Dang Minh Tuan,0984480877,93 Nguyen Thi Minh Khai Street - District 9,10.823740,106.721077,dangminhtuan36@gmail.com,2a91ecbcc2d4c188dcfffc6b94dba84639f8ae3b79e635744ff71cfba1b83c27
37,Nguyen Ngoc Hung,0918827663,101 Cach Mang Thang Tam Street - District 9,10.736893,106.657312,nguyenngochung37@gmail.com,7f114b84d941a9ccf1c2547c3d0832ca882330d0cd6339918b6fd53e039234d1
38,Dang Anh Linh,0910416709,233 Tran Hung Dao Street - District 3,10.730466,106.629765,danganhlinh38@gmail.com,2f7d8b94c9972b3631fc0ad6b963cf088e2110cf7018bee847985daaf64cf7ac
39,Pham Duc Tuan,0909784446,159 Le Loi Street - District 1,10.760365,106.657909,phamductuan39@gmail.com,9d057920d47b19a37aa6239efdca68bf7961e3c7722b758923f171f02db05938
40,Bui Thi Linh,0939296846,87 Tran Hung Dao Street - District 11,10.756219,106.732428,buithilinh40@gmail.com,67119211424285bc14b2c8242a1f0e19695d2666d17c5d40426c27d10de982e1
41,Vu Van Minh,0937356381,281 Le Duan Street - District 5,10.844709,106.742509,vuvanminh41@gmail.com,65bc33d6523034901c0c4b0e925cd46a3edaf81a6f4bbc8917da2396a9a608b0
42,Pham Minh Linh,0906647526,260 Cach Mang Thang Tam Street - District 10,10.754138,106.714719,phamminhlinh42@gmail.com,d00f0f4df6f0711c4ca7e866cd0a65261d936b4ae43ee0a5102c1bdced85a3ab
43,Nguyen Van Anh,0350409572,223 Le Loi Street - District 6,10.818814,106.689834,nguyenvananh43@gmail.com,2fb0de2d96d829aec9cd4c337e0d0f025ed9e500d614d0049ce6c6eb891397fd
44,Tran Tuan Anh,0323021007,323 Le Duan Street - District 2,10.812576,106.645885,trantuananh44@gmail.com,3e20b0e604d255e6d607c26531f23cad04cf3fd6f62bd116d7600f541da2a704
45,Phan Van Phuong,0971545357,316 Nguyen Hue Street - District 4,10.781060,106.649232,phanvanphuong45@gmail.com,8c232087781e342535f77462b55cb3ab1ca27bc9fd56ea58f5bddaa400b418d6
46,Le Khanh Long,0988241772,166 Nguyen Hue Street - District 2,10.836839,106.644987,lekhanhlong46@gmail.com,c9d612c4585569376a8f2852facff2222eee52d2f1b289da9164b92d190ffca6
47,Le Thi Linh,0977169236,206 Tran Hung Dao Street - District 5,10.722412,106.629749,lethilinh47@gmail.com,847366b74c8beb14e130442f5ba25e584b1ea158b3aac6f97d7f1b9ef10a68a4
48,Huynh Hoang Tuan,0325750787,126 Tran Hung Dao Street - District 3,10.845208,106.649152,huynhhoangtuan48@gmail.com,ceb5ea519e75c2baa89fd8d2012d3d8b3d2c3f48b330584f9ced13df1cd24b02
49,Tran Van Long,0988490360,316 Hai Ba Trung Street - District 12,10.750386,106.703043,tranvanlong49@gmail.com,a8857ae21b3a38b8d7cfe901f92db39e83d5e063fa5a0e58e35db6659e312812
50,Hoang Khanh Tuan,0773043834,207 Cach Mang Thang Tam Street - District 11,10.720570,106.639441,hoangkhanhtuan50@gmail.com,4c2a3bfb941d519948c19609e5b8cdfc8754b017f1ed5986074a42acc6bf7fa3
51,Nguyen Minh Minh,0981145529,337 Nguyen Thi Minh Khai Street - District 1,10.803055,106.724204,nguyenminhminh51@gmail.com,45df92d05f600de7307454a4487f5265a18716fc7233cd4e5d3e93085d67478d
52,Pham Thi Hung,0916529050,94 Nguyen Thi Minh Khai Street - District 9,10.740841,106.605425,phamthihung52@gmail.com,d83cbe2750b838bd7774831537f50422617185376faaa670e22cabd1fd4d4d1c
53,Nguyen Anh Tuan,0986209817,173 Hai Ba Trung Street - District 3,10.842702,106.625910,nguyenanhtuan53@gmail.com,ad79c1af357fa30d740d1da7bb4d411da26172a3bfe6c5628647de95e667bb95
54,Le Thi Long,0939524559,101 Cach Mang Thang Tam Street - District 5,10.792899,106.644183,lethilong54@gmail.com,a6590c770c9eda4bd949689bb4a3edeec21db395014643e36e96f88e89897a66
55,Huynh Anh Phuong,0325695516,336 Dien Bien Phu Street - District 12,10.763861,106.706650,huynhanhphuong55@gmail.com,cef7f88281f0e4f7e575e2a0553ddac13384129e3539b28935edf9c795c49186
56,Bui Tuan Linh,0930514150,321 Tran Hung Dao Street - District 11,10.795958,106.693082,buituanlinh56@gmail.com,d368e77f0c35d23658d4407070cae7b368044e42a45d98c7d044c283f5bf34be
57,Dang Duy Anh,0913737608,321 Nguyen Hue Street - District 3,10.790299,106.613284,dangduyanh57@gmail.com,895881167b48dec5ca6bca4cfe75cecefcc721dd4e528b94ebca4d55aaf3415f
58,Huynh Tuan Lan,0773315023,330 Cach Mang Thang Tam Street - District 7,10.751223,106.688433,huynhtuanlan58@gmail.com,ca64b7ebc816e347c12aed2f3eccf203b046c611ca187d2117879a8aa8c3af47
59,Huynh Khanh Huong,0917608614,188 Hai Ba Trung Street - District 3,10.819999,106.711630,huynhkhanhhuong59@gmail.com,358b468bf0bc0dc0ff509090744e6e6bb46b207f3287aead276b89d1a313ae3d
60,Huynh Anh Hung,0933087322,190 Dien Bien Phu Street - District 5,10.815276,106.623903,huynhanhhung60@gmail.com,7bdf861c8685660227d06d994e903e1f4fde6491622ac75157b4c6b9ff298d56
61,Nguyen Minh Anh,0938863231,352 Pasteur Street - District 12,10.756375,106.746391,nguyenminhanh61@gmail.com,4f0152da4e6e59c0cacdc40442115c164726c9fd3cf0aea6967c3b1617471ba5
62,Le Tuan Tuan,0902850042,226 Tran Hung Dao Street - District 9,10.764900,106.703407,letuantuan62@gmail.com,0bf210cf8d2bcd78f9095c25a78af1cab557b1f51b210c4aae3542d74c252a45
63,Le Duy Anh,0931867297,277 Nguyen Thi Minh Khai Street - District 7,10.727858,106.663348,leduyanh63@gmail.com,6446f6695d5cdb8be7a3c7a6fa38341cdb020d254c69b36d6bd255d7241a8792
64,Huynh Minh Tuan,0911780101,354 Hai Ba Trung Street - District 6,10.811046,106.643127,huynhminhtuan64@gmail.com,be7ec0101902e9cfa33174bd3cd05ef47218fbfefe7ce524430e4017db2e51e1
65,Huynh Minh Hai,0777525080,363 Le Loi Street - District 4,10.776521,106.602430,huynhminhhai65@gmail.com,6efbc0a252a4312008b2f7b2cfa02b2ae0a81ac50e748ac41cb1a47e0efb9b51
66,Vu Duy Phuong,0353243378,110 Nam Ky Khoi Nghia Street - District 6,10.749286,106.626262,vuduyphuong66@gmail.com,8986734abdc6529326cc89a798cbccd59f9b5944d5f265cb1c1ee4470df55cc8
67,Vu Minh Tuan,0985164918,307 Nam Ky Khoi Nghia Street - District 6,10.839695,106.620049,vuminhtuan67@gmail.com,dbdcf436b7ef4fa1a72800ebbbe6a712ff2eed4add00fa06ad478de5d57fc213
68,Bui Minh Tuan,0933775386,318 Cach Mang Thang Tam Street - District 6,10.753452,106.652177,buiminhtuan68@gmail.com,7e52d3fcab2e09f048e439c2c0d11e0b7391e97ba9c27b30b4827d8a9ed19ea6
69,Dang Hoang Hai,0358119052,77 Pasteur Street - District 5,10.796446,106.662881,danghoanghai69@gmail.com,763e83258c8fde8353f46cfda0dc572cea962726c9ea7302b15efd972ef25679
70,Pham Duc Hai,0912328952,120 Tran Hung Dao Street - District 5,10.808189,106.748683,phamduchai70@gmail.com,5c24e9ef5bd24b4dba06e96764adb4478205b172dbd731021eb0dad5cdf92fe0
71,Phan Anh Long,0777296559,369 Cach Mang Thang Tam Street - District 2,10.773415,106.693176,phananhlong71@gmail.com,46d122c34435ed8c372fd482b8d2f816d797601a9cc47209c3711b82a623152f
72,Dang Tuan Huong,0326188394,306 Nguyen Thi Minh Khai Street - District 5,10.754878,106.732377,dangtuanhuong72@gmail.com,388ff64c82ae94a9baa0da940af465a9718e33909a1201d4b5e4dbe9016c0822
73,Nguyen Duy Hung,0983371956,156 Tran Hung Dao Street - District 1,10.811848,106.707613,nguyenduyhung73@gmail.com,6c61037d355a08d5f198a1253292d1efa4c0246c83de06a32dd05c081aad576a
74,Dang Duc Linh,0351928047,345 Le Duan Street - District 7,10.733771,106.657175,dangduclinh74@gmail.com,4cef8ce47d398de2c774e0ea01bb4e7df804df9fe9da77267b9e5351b95dd1e0
75,Nguyen Ngoc Tuan,0983958773,164 Tran Hung Dao Street - District 12,10.809626,106.697723,nguyenngoctuan75@gmail.com,a42edd952fd040620f671168ff79ab7867ec7d0dc45c95c7d014113ebb3cec8b
76,Vu Duc Hung,0938368231,77 Tran Hung Dao Street - District 1,10.763319,106.685463,vuduchung76@gmail.com,3fd8e52331295955280c3e3eae929773c1d9786cd65599380fa4fd5d886a79f1
77,Vu Thi Minh,0354201995,147 Cach Mang Thang Tam Street - District 7,10.778816,106.619979,vuthiminh77@gmail.com,0650c62e01a389855c24286090b41a6c744789f69569b63aae45d440a0c6ac91
78,Dang Anh Lan,0974404182,293 Le Loi Street - District 6,10.775408,106.699638,danganhlan78@gmail.com,f0c05a17dc61fcf8134b3a4e3aa1c2f34b17fefa766f4a825a611021971dd085
79,Le Van Lan,0971626642,239 Dien Bien Phu Street - District 12,10.760622,106.627758,levanlan79@gmail.com,80ed6801bdc3dc7102a2ac29f29b445f51a5c1704bce727cf8c6dff35a078b0c
80,Bui Khanh Hung,0986906530,83 Pasteur Street - District 3,10.822713,106.744234,buikhanhhung80@gmail.com,911249d47608fe81f60ef37ba4cf7a7a4ed0a905ee04abc2f5dba850f86ef952
81,Tran Khanh Huong,0912350057,367 Nam Ky Khoi Nghia Street - District 12,10.775686,106.665617,trankhanhhuong81@gmail.com,b63af0009aa03a49f60038e905ee085b70f38625a86e1c5315ded36ae4a0274a
82,Tran Anh Hung,0916340177,169 Nguyen Hue Street - District 2,10.721557,106.650286,trananhhung82@gmail.com,451d72a99d340a4203b6cb2613bb2b0f53047f9d97b4290b2f595b652cfa625e
83,Le Van Hung,0326622320,329 Le Duan Street - District 11,10.838448,106.688534,levanhung83@gmail.com,fd321d84574ef4c5ae0470a74c0207a75196574235a8f67ba4156c42fd577707
84,Hoang Thi Huong,0778917453,237 Nguyen Hue Street - District 6,10.780456,106.694137,hoangthihuong84@gmail.com,f21e17c4e82f994bb2eb2c6f11dccb1796c056b26ddb18f586fe3b302422a55b
85,Phan Duy Minh,0934586184,355 Le Duan Street - District 6,10.759714,106.745119,phanduyminh85@gmail.com,24b7c9c738e43ae5dfce80c9be2ecef3a38378d3cb424883053756db76879bd3
86,Vu Thi Huong,0915591840,133 Nguyen Hue Street - District 3,10.741124,106.632487,vuthihuong86@gmail.com,59a8e1bd9c100416c36f6e44cec4c761c14f66fbc5847e549806b675c7dd174c
87,Dang Ngoc Phuong,0355301655,120 Nguyen Hue Street - District 11,10.761677,106.704157,dangngocphuong87@gmail.com,62997e67d96a75b5ba53ec1f9367aed185e8d37dabf0eba77bfa3f7fed746198
88,Vu Duy Minh,0903050041,346 Pasteur Street - District 4,10.824885,106.684131,vuduyminh88@gmail.com,e2e12de4afd12e13f8b4d145b43124a175dc30d58e68a8bae779476976002c71
89,Huynh Minh Huong,0321533122,309 Nam Ky Khoi Nghia Street - District 10,10.724505,106.708300,huynhminhhuong89@gmail.com,9af75b3ff99a8310a7866f65a3e2db3b7f8de9178119ed8da08cd50daf7cdd03
90,Vu Hoang Linh,0974909093,94 Pasteur Street - District 4,10.833377,106.696597,vuhoanglinh90@gmail.com,7de75c39082eae65cb5077ffb23acac24b88200207c578e17977ffca3db1af24
91,Phan Duc Lan,0978829362,266 Nguyen Hue Street - District 4,10.783065,106.707239,phanduclan91@gmail.com,a3c2936f4bd392cfc49a4b94ba6a236800f670cc282028fc8a062c2124a868db
92,Vu Minh Huong,0972571735,332 Dien Bien Phu Street - District 3,10.758005,106.742626,vuminhhuong92@gmail.com,2bfce8867787a1e3d3e81acee376e67c243117498467a0afd18002a57f4e4941
93,Vu Anh Long,0975529232,355 Le Loi Street - District 6,10.796560,106.705227,vuanhlong93@gmail.com,26de9fd2665853eb8583ad878be84e48e88c08c2427eb9a1f50f04c37d203ae9
94,Hoang Duc Lan,0772120802,311 Dien Bien Phu Street - District 4,10.837919,106.737344,hoangduclan94@gmail.com,98c2896bd435c693934c8b375a43f68d7dc22ce4a67fa317512fea1ea6217764
95,Nguyen Duy Minh,0938178441,301 Hai Ba Trung Street - District 6,10.812733,106.654491,nguyenduyminh95@gmail.com,a80e049507468d1efeeb8c0b7e6cba3f823f03abdc45146a6db70cbd63f8d5b0
96,Phan Duc Minh,0971274938,351 Dien Bien Phu Street - District 5,10.751212,106.701837,phanducminh96@gmail.com,6ad6871cd4db5ec4c58be4491c41cf14f24d1ef75e0b13e58651209fb252183d
97,Dang Tuan Minh,0978758539,320 Tran Hung Dao Street - District 7,10.841863,106.736732,dangtuanminh97@gmail.com,8d07104522e6df72114db23094b9efd5235449419f51cbf6f7011317aa0c3c36
98,Hoang Thi Phuong,0351234167,185 Dien Bien Phu Street - District 12,10.778747,106.672854,hoangthiphuong98@gmail.com,0f144dac3de55db4236756051dab86e3ea1d387f4e33f3a0eb14207c79d2b297
99,Bui Ngoc Anh,0776435335,259 Nam Ky Khoi Nghia Street - District 3,10.734006,106.699695,buingocanh99@gmail.com,34320df792909a43aab0eb672ff40d20e2a510fddf82a016aadfda725cdee03c
100,Nguyen Hoang Lan,0774992915,397 Le Loi Street - District 10,10.774316,106.621370,nguyenhoanglan100@gmail.com,176f30c7d29401e9bb34569a45bf1225318401896079f4bcc284c1a0b66a1cc6
101,Le Duy Huong,0777884334,384 Le Duan Street - District 11,10.745900,106.704585,leduyhuong101@gmail.com,94a2adff4cbd01444d69ecce2cb2bf2c90eb34d300708319b2769298bb578973
102,Nguyen Anh Lan,0778121383,235 Le Loi Street - District 10,10.828916,106.694869,nguyenanhlan102@gmail.com,5e502388d42c175d02babdf34c9dc3d06f292b21019950a67afd7c79400d1e46
103,Tran Minh Phuong,0937984564,224 Nam Ky Khoi Nghia Street - District 12,10.751576,106.643006,tranminhphuong103@gmail.com,8c5f6929d2dafdc1f0dae8b47422e49d8d01110533eadf193f5143076ebeee12
104,Nguyen Tuan Tuan,0776192946,308 Dien Bien Phu Street - District 10,10.730607,106.639343,nguyentuantuan104@gmail.com,069523c4b8dd2b53d4b78354bba1fe6ee44ea46a09c4ad8b7f0af52f394f2010
105,Nguyen Tuan Minh,0939828881,318 Le Duan Street - District 3,10.743000,106.649034,nguyentuanminh105@gmail.com,d171b5970b446ac0fdd0b3ee92ec155eef0ee76cd6ef8d45454c70baf446f438
106,Dang Thi Linh,0776762323,142 Nam Ky Khoi Nghia Street - District 10,10.734843,106.687240,dangthilinh106@gmail.com,d1152f99b0948ff99f02c82bb38d89f32a36066598d05c2b46895998a31f8e53
107,Pham Tuan Linh,0985396155,272 Tran Hung Dao Street - District 4,10.774133,106.663031,phamtuanlinh107@gmail.com,38127dad821d3ce6389e3a4d90bbca13c753ca2f427593cee1c594172b757ab8
108,Phan Minh Long,0935396875,361 Cach Mang Thang Tam Street - District 3,10.763270,106.716889,phanminhlong108@gmail.com,ae1819aace22fc3850aa32e561ce2c1427072e3805fa94a2249548443592c445
109,Le Ngoc Minh,0323644782,395 Tran Hung Dao Street - District 9,10.813412,106.748905,lengocminh109@gmail.com,37de833b2b60df85e0cb2f6c87d9c306c99295120c923267bc920352f8b14b7e
110,Nguyen Tuan Huong,0778098045,255 Hai Ba Trung Street - District 8,10.781755,106.647259,nguyentuanhuong110@gmail.com,b1008391d81706b2b69132b4c808dd5ecc9199d8441044f10d1ab519bea54355
111,Huynh Khanh Anh,0324618853,220 Le Loi Street - District 3,10.726107,106.675614,huynhkhanhanh111@gmail.com,dfdbb22b049fb7854bc2a922013426e2911d0d1ed81f045321c4cffc272f1096
112,Huynh Anh Tuan,0908057006,384 Le Loi Street - District 9,10.840883,106.629340,huynhanhtuan112@gmail.com,be98b192d911b99524eb8dace6e9b68afcf8d52bc54790f6eb773d98610030a1
113,Vu Anh Hai,0989640350,290 Nguyen Thi Minh Khai Street - District 6,10.799002,106.696943,vuanhhai113@gmail.com,8a2fd91101043aaeaffd91e88f9817f74af6bd41569ccaa40c1a9fe90057ae08
114,Phan Minh Tuan,0908689349,116 Dien Bien Phu Street - District 3,10.824325,106.681903,phanminhtuan114@gmail.com,e6b4e02c8871b3fb9fa8b4d7b6b3b105eeda1a57cf28f95c501dc84fa0e35a0a
115,Hoang Van Linh,0353371291,251 Pasteur Street - District 7,10.725670,106.650797,hoangvanlinh115@gmail.com,031b5a7bf92fd6b449814b2c5a5268a595610d0d28bc974c466cc91c0ad6a327
116,Dang Ngoc Hung,0982190028,289 Nam Ky Khoi Nghia Street - District 5,10.842314,106.744922,dangngochung116@gmail.com,eb323ccfa6c11fc24948c9f77f64c0628c1ead49082d60e90cee58d8956b7fa1
117,Huynh Hoang Phuong,0916766492,148 Dien Bien Phu Street - District 4,10.840978,106.650620,huynhhoangphuong117@gmail.com,95877bba78ca73e8070955d17422a886e52cab492bffc6119fbcb9cc0a32fcd7
118,Bui Van Anh,0972918510,150 Hai Ba Trung Street - District 11,10.829009,106.688563,buivananh118@gmail.com,eb7ab5e92503aba2ce527ac72c58d73b30d8b879f6f6c87bfd9a0bf35993820a
119,Pham Thi Huong,0911781607,313 Pasteur Street - District 5,10.748659,106.656884,phamthihuong119@gmail.com,613bb979c15119151d4604f79a9572e1cdbc2065c36450edd38bdfce7a5ad648
120,Bui Minh Lan,0973975223,306 Le Loi Street - District 4,10.833752,106.719281,buiminhlan120@gmail.com,aaccbe31b62c17e8b034872754cf92da623eb0a6b90c529e5d046f6087b2e1ef
121,Huynh Hoang Hai,0358201984,214 Le Loi Street - District 11,10.735537,106.746072,huynhhoanghai121@gmail.com,5401459d889a7d46735a91ff656590d165d2406370fd30151a868ba3a1edd6a3
122,Huynh Duc Linh,0321087965,276 Le Duan Street - District 9,10.824617,106.655208,huynhduclinh122@gmail.com,c3dc15ece9937027d75f8ad9dca63e11587187a847066d2fc457ca97c10deab8
123,Le Anh Linh,0325313368,347 Le Duan Street - District 1,10.823233,106.663618,leanhlinh123@gmail.com,6bd7e64ff8f3131c4684dfa04cdd3984e2ea2833ccd320afdca432f8f0f19304
124,Huynh Duy Minh,0902098808,392 Le Duan Street - District 1,10.745620,106.703090,huynhduyminh124@gmail.com,c11b2cd6858b308d102ac0764c5867737abd1dc58fda9a56c3253fcb7ffc747a
125,Hoang Anh Hung,0973433556,164 Pasteur Street - District 6,10.843957,106.727589,hoanganhhung125@gmail.com,8ec09304843b8034913faa542b40ce4631654dfb42faf50f461249ae86624fb4
126,Huynh Ngoc Anh,0907353097,232 Le Duan Street - District 4,10.773917,106.696641,huynhngocanh126@gmail.com,e27fa7536f77e90a0d02db8ae5a8ff16ab3df99b673de6070756d5061b480d0f
127,Le Thi Lan,0906803301,243 Tran Hung Dao Street - District 11,10.823032,106.693736,lethilan127@gmail.com,f5e14e314b32e136db5944a71f6eb429d6f1e4dc9abdb297a386d7c9a58c60c3
128,Dang Duy Phuong,0327115189,269 Tran Hung Dao Street - District 4,10.779774,106.692312,dangduyphuong128@gmail.com,934844ebe228df26e9112b3c8f06e8bc728d62b88e44df3e46369d13ea161d92
129,Vu Duc Hai,0931588022,330 Le Loi Street - District 5,10.847347,106.656231,vuduchai129@gmail.com,7af1527e51acc1e36515813683fde74b0844a9cf44d15524cf6753d2290a8106
130,Bui Duy Hai,0938913309,223 Le Loi Street - District 6,10.843004,106.627451,buiduyhai130@gmail.com,847a4fc4ae72780374bea79ca4afb6d812fb2087e30d9f1d343d27df30c89b1d
131,Hoang Van Hung,0774205259,275 Hai Ba Trung Street - District 7,10.746925,106.629480,hoangvanhung131@gmail.com,d709d2ae3114a280e2a70d43af7ff5a65c2130358f99feb9fecdb49a35dd9a34
132,Vu Ngoc Phuong,0973368856,242 Hai Ba Trung Street - District 6,10.723586,106.698401,vungocphuong132@gmail.com,271fd65e8283f404f52c84a80524593700bce8f9c3681832fa6138abc8bfc1be
133,Pham Minh Lan,0906671554,384 Nguyen Thi Minh Khai Street - District 6,10.747459,106.657398,phamminhlan133@gmail.com,64f9a3c12a9cc477aed22777614d87f6c5347a43aaca2f9803b1b70b5c76ad19
134,Vu Hoang Minh,0909643771,350 Hai Ba Trung Street - District 11,10.726450,106.743302,vuhoangminh134@gmail.com,b813fd4e5144590f0a70c5a05a70d1cf4327a33b39839787b161980d45bc35f0
135,Nguyen Duy Huong,0909426324,334 Le Loi Street - District 2,10.773644,106.683711,nguyenduyhuong135@gmail.com,f330ced6a2a38ae1a61f0fc9bf379d283d9e0ffa341790946f6901d5516e921d
136,Dang Khanh Phuong,0982708818,407 Tran Hung Dao Street - District 4,10.846606,106.698466,dangkhanhphuong136@gmail.com,f65388c386ee74d61fda2d6f69cc7d043510cc115f36252397427c94149f05e8
137,Pham Anh Lan,0977607636,319 Nam Ky Khoi Nghia Street - District 3,10.835125,106.664029,phamanhlan137@gmail.com,7d1138027f636b1f1c0bc3542cd302cdac4d28d105be017b4596f43a200f6294
138,Dang Thi Long,0984152999,388 Le Duan Street - District 9,10.792311,106.691686,dangthilong138@gmail.com,c6c1fd6b4d360550b3c267511aa8c1eba3f0f5070091d0e6b5eae2b7aebcc491
139,Tran Hoang Huong,0936447470,238 Tran Hung Dao Street - District 1,10.740088,106.630112,tranhoanghuong139@gmail.com,979c6889f1c7d9d7617572b5c3eed9f093b6069bd9231c62a6604fc29d43c3e9
140,Le Van Tuan,0353815865,301 Hai Ba Trung Street - District 1,10.741368,106.738110,levantuan140@gmail.com,7f3ecda22c0d94594d15b2370d11eb86d1690cf0dad2e9155b746ee180c42817
141,Phan Thi Phuong,0357173737,434 Dien Bien Phu Street - District 1,10.795671,106.729144,phanthiphuong141@gmail.com,cc8c5c4aa01cb97fe20ec89996c8c788a115338052a7695d09ba9b421a2e06b2
142,Phan Anh Hai,0985901508,387 Hai Ba Trung Street - District 10,10.849041,106.614446,phananhhai142@gmail.com,0af0bf5c49527bc35998c8721b3895e6070f794670b945384daa297058932aab
143,Le Thi Tuan,0915248548,332 Dien Bien Phu Street - District 10,10.829465,106.706153,lethituan143@gmail.com,a19badeac7dba02ea342899f7d132d4fa7f4232898d68301e0067fc9f217d171
144,Tran Van Tuan,0978466751,392 Pasteur Street - District 4,10.755386,106.605153,tranvantuan144@gmail.com,d6b040f5f6034c834ec8951f3c6886545c175bb561fffaf3473070e1d93e1a1e
145,Vu Duc Hung,0977117594,212 Pasteur Street - District 9,10.742392,106.625747,vuduchung145@gmail.com,9daaf0139812b59645440f01a941ed5a494d722adefe0a4c5b908a6082e5126f
146,Dang Duy Long,0916550423,412 Tran Hung Dao Street - District 2,10.835009,106.740043,dangduylong146@gmail.com,4873298f4733612c8fb4092c3f674182433364dde6f42550b6785a4eae3b4861
147,Hoang Thi Hai,0902248608,293 Pasteur Street - District 6,10.820214,106.690250,hoangthihai147@gmail.com,a7841c655af0333e8dc402bab89d457f83e9055ebe50e04ae4219c50ad342d28
148,Nguyen Hoang Phuong,0770161271,287 Dien Bien Phu Street - District 1,10.793477,106.676222,nguyenhoangphuong148@gmail.com,9ef4402b7fbea6be7dbeb2209447734d2228019b62f319f3b915c782337fa4cc
149,Huynh Anh Lan,0322985892,414 Le Loi Street - District 2,10.828835,106.705006,huynhanhlan149@gmail.com,c96537000580f1fcc4f234dc30d358a9a9c5c2d99bd9accf41d7e8f0c6bc6ec2
150,Vu Ngoc Hung,0981250818,309 Hai Ba Trung Street - District 5,10.801707,106.718701,vungochung150@gmail.com,3455730ba0d529262d1d55d2d5a8801fc1a7def60fbc10e124a15962b58e4b14
151,Hoang Thi Tuan,0358224495,174 Nguyen Thi Minh Khai Street - District 4,10.767376,106.668155,hoangthituan151@gmail.com,12b349d87f88d66ac72de6b52260bcd898130ce112fa5c67925ca3c0a312e5b1
152,Vu Hoang Lan,0904582038,277 Tran Hung Dao Street - District 7,10.832722,106.673129,vuhoanglan152@gmail.com,a0afabd82ff1cdbf2b870359de53c688acea991c222ac45d58155be682a1f7bc
153,Phan Khanh Hai,0983798626,279 Cach Mang Thang Tam Street - District 9,10.832805,106.721484,phankhanhhai153@gmail.com,442e1e1fb0e8c9a46be35face7855692e60fcee1efe9f4232c5369186d61c1af
154,Le Duy Anh,0931651721,286 Dien Bien Phu Street - District 2,10.844166,106.631123,leduyanh154@gmail.com,9109a573cb1c5c9cfe64b1697d7f037d853607b292486a5a5679b38bafb0ab39
155,Pham Tuan Tuan,0906247227,177 Dien Bien Phu Street - District 8,10.820594,106.741114,phamtuantuan155@gmail.com,3296e75f9aa4380507ae6720772da61358307ec6c1ee2d158bdcf81c37a13147
156,Le Duc Linh,0915972974,165 Tran Hung Dao Street - District 6,10.764870,106.603450,leduclinh156@gmail.com,d644c4befb4710fc64bd53bdabd2f2f83060fac970f751857844d58e2f1e76fe
157,Phan Duy Phuong,0774587216,317 Nam Ky Khoi Nghia Street - District 6,10.747534,106.721732,phanduyphuong157@gmail.com,1dee504cc5979c224578a7f686924cfbffb043ec2e7c53e6e56bf38d70a31415
158,Vu Thi Tuan,0935079376,311 Le Loi Street - District 8,10.754674,106.688912,vuthituan158@gmail.com,10a4096c36216557e184cc7655fae1d3436401a428b923c906ecbfe4501e3ff1
159,Bui Duy Hai,0937118929,173 Nguyen Thi Minh Khai Street - District 4,10.775432,106.715833,buiduyhai159@gmail.com,b8c7b4544a5ec53acf2ef0b79f03580f94fb75c0be4c0257fea946a321cab576
160,Pham Anh Phuong,0934968308,388 Nam Ky Khoi Nghia Street - District 5,10.723486,106.697222,phamanhphuong160@gmail.com,39600c6b735c8abb0cfa58b67eac37c15e1d8ec00bd931ff16d494f890205145
161,Bui Duc Hai,0915638793,178 Le Loi Street - District 1,10.847933,106.630018,buiduchai161@gmail.com,9d9128532d31aa64f7e2300d638a268b5f836e8761a1fedd95de233d0d725d05
162,Phan Hoang Long,0355407514,263 Cach Mang Thang Tam Street - District 4,10.768310,106.732390,phanhoanglong162@gmail.com,3fdaaa7a65f5e427eb7ec362fa395d3f7c7f5929c1aa4f0f1916d94f3cae7e10
163,Nguyen Van Hung,0323558940,376 Cach Mang Thang Tam Street - District 9,10.767173,106.703793,nguyenvanhung163@gmail.com,27940d6265faf2f9aa2e74ca032710d1a0c2b764282d6913de6ef1136dd0157d
164,Bui Khanh Hai,0973052731,204 Hai Ba Trung Street - District 4,10.745657,106.639164,buikhanhhai164@gmail.com,ce0a1340b06c93b202e04ba2fc9c3f7ab67f456a0d55e6f42c0e47cd5f8cd337
165,Pham Duy Hai,0970010313,247 Nguyen Hue Street - District 9,10.772370,106.602485,phamduyhai165@gmail.com,59cd8ee4e2b96f456d162512eacf9772b119768ece1bad4657c949106c577524
166,Pham Minh Tuan,0910460234,356 Nguyen Hue Street - District 4,10.771385,106.668959,phamminhtuan166@gmail.com,34097845617f024c3e19383de3032af33413ee5977958c32513d542e4510f52a
167,Dang Tuan Lan,0989330983,202 Hai Ba Trung Street - District 9,10.778802,106.744950,dangtuanlan167@gmail.com,e6ca981006cc56224c90c89f9cb7d01b21ec3b8d871bf522d1ab8f6ee20e67eb
168,Le Van Anh,0325769718,254 Le Loi Street - District 11,10.730544,106.683346,levananh168@gmail.com,5412c8ebfe01be20b8f4ccce74dd098e4afdc328c71cb833b2dce158167dd533
169,Le Minh Phuong,0974838250,223 Cach Mang Thang Tam Street - District 10,10.832890,106.658528,leminhphuong169@gmail.com,8959423ffb300a005dafa2692254d3375b34f67909c466f8fa096d3bf28c1ae4
170,Huynh Minh Long,0972496485,452 Nguyen Hue Street - District 8,10.836323,106.632677,huynhminhlong170@gmail.com,82e761fa334e02f7a601faf95a7216d45accd5f31036fbbb2c0fd9b53e015fe2
171,Pham Khanh Long,0903203742,431 Nam Ky Khoi Nghia Street - District 2,10.827324,106.608366,phamkhanhlong171@gmail.com,2143ced835f509bfd4ed5937c5d4a1ad92aa0082eb3f3ca411d1ef234baac775
172,Vu Ngoc Long,0908371577,290 Hai Ba Trung Street - District 8,10.779607,106.674712,vungoclong172@gmail.com,443802a969c3e76e8e9caddfcbea027845aa22e3bb21f658528b7d188f628170
173,Bui Minh Linh,0973742442,233 Nam Ky Khoi Nghia Street - District 7,10.739311,106.685682,buiminhlinh173@gmail.com,ee6854171b4717765afda923a64b7c2f3d6c1312dc30e5154287a23a0196c928
174,Bui Anh Phuong,0985588493,451 Le Loi Street - District 4,10.779040,106.733207,buianhphuong174@gmail.com,ef563790fff3aee729c2e1220abc9cffae6887abce349cbc86608d3a7128d64e
175,Huynh Duy Phuong,0772842061,208 Cach Mang Thang Tam Street - District 12,10.735123,106.659792,huynhduyphuong175@gmail.com,b2cc94ce6491cadbcd8e862dcd061ba493da11224db5c72348b52a622490e999
176,Bui Van Huong,0977384503,456 Cach Mang Thang Tam Street - District 12,10.735781,106.689374,buivanhuong176@gmail.com,a5ae218f93cb1cf596697c78d699df76049377e20d8c993ace2ee3b00a848604
177,Pham Ngoc Hai,0972369635,308 Tran Hung Dao Street - District 11,10.835136,106.601801,phamngochai177@gmail.com,6627b41c2161cc6cd7b33e8d130f01edf1050355319fb66680c625628d44adbb
178,Tran Van Anh,0775021446,389 Hai Ba Trung Street - District 3,10.757384,106.749813,tranvananh178@gmail.com,3342062792728962e949bd5eca60d3433e52b86a8bf60981ebd838846ecf3d06
179,Huynh Ngoc Tuan,0329877407,197 Hai Ba Trung Street - District 2,10.765527,106.673770,huynhngoctuan179@gmail.com,8e9946c8a643e560f5bf25204f4ba933fb62130a69471b01b1800a4268369f82
180,Vu Duc Tuan,0775393219,345 Dien Bien Phu Street - District 5,10.761436,106.743100,vuductuan180@gmail.com,a3907b291c9f616a76afdc9ae9e9b3dc4b0105f963a279266c90b3ad04e03a95
181,Le Anh Minh,0353280656,200 Tran Hung Dao Street - District 8,10.835691,106.645829,leanhminh181@gmail.com,e766880dffec9583eb9e89e0f7e457e21c9c0f90c1060f2e2de6fb66af17f3dd
182,Hoang Anh Linh,0986268595,352 Nguyen Thi Minh Khai Street - District 8,10.801679,106.613556,hoanganhlinh182@gmail.com,9b088fd80e55e404284e68e37f2a589032b9979269f0e7d50fc89d8450084a05
183,Hoang Anh Minh,0912087839,231 Hai Ba Trung Street - District 1,10.794262,106.705271,hoanganhminh183@gmail.com,632479159a11aef63ab72b244ee187bc2964ba925d4ed2c44f829403fc82da83
184,Bui Khanh Linh,0326456531,290 Pasteur Street - District 12,10.797406,106.654885,buikhanhlinh184@gmail.com,c7a032d67a77f6025fb73f731d1e1c26720ec81ad7ae813629f861d61c2dbda4
185,Le Hoang Lan,0773059789,206 Le Duan Street - District 6,10.841439,106.605940,lehoanglan185@gmail.com,3c7f2c40be5896376d0a107b0853f91b1e3e29266323d47ff8ceed85173ed3c1
186,Pham Ngoc Lan,0930156185,356 Hai Ba Trung Street - District 8,10.840940,106.608363,phamngoclan186@gmail.com,bc1cc0577e6c83e98f123e589be089de8bf2cd463f825d7551c939ef40cb3108
187,Huynh Ngoc Hai,0320652152,471 Nam Ky Khoi Nghia Street - District 7,10.790974,106.673409,huynhngochai187@gmail.com,7d6e1229e82beb0ec028d026ca45b20a35b92fbaf3c02c9b4bdd19da4af3bf3d
188,Le Hoang Phuong,0970749239,325 Cach Mang Thang Tam Street - District 7,10.807892,106.740052,lehoangphuong188@gmail.com,165b2c44f2b2397c52866a2e2ebddda68f32b24bb26f40e85dd4d295485d2907
189,Hoang Van Phuong,0771984534,249 Nguyen Thi Minh Khai Street - District 3,10.721885,106.731347,hoangvanphuong189@gmail.com,5c142f1eeecbe62cc499ca003345e4d3520d870535b7a8cc39ec6f35e976b309
190,Vu Duc Lan,0935252570,458 Nguyen Thi Minh Khai Street - District 12,10.740802,106.709122,vuduclan190@gmail.com,2913bea5580100dc8cead57e39e8878b1e3814b07b5280f402d45a8ab694aa99
191,Huynh Duy Huong,0911823224,471 Le Loi Street - District 8,10.737502,106.747288,huynhduyhuong191@gmail.com,2bb9803234fb49d4dc204cf0a206a3ff90f17bf586f2a7c4eee0d22af4e39b74
192,Dang Khanh Tuan,0931576678,206 Nam Ky Khoi Nghia Street - District 12,10.758559,106.744771,dangkhanhtuan192@gmail.com,fb79412656faba443fb6b5bd9e81917e51c97399306ba72ec14dc5b263f6c858
193,Bui Tuan Tuan,0917712647,479 Le Duan Street - District 9,10.758007,106.661558,buituantuan193@gmail.com,5a45b81b271fd04185834a78e35d9d39844403fe8f03207b05beab0eafb4d107
194,Nguyen Van Tuan,0355452218,444 Nguyen Thi Minh Khai Street - District 7,10.811726,106.612486,nguyenvantuan194@gmail.com,74bb44295d31541acf7fbe31ba65a1b0382b179011b18d9e189b92442ca92e36
195,Phan Van Hung,0777505032,290 Cach Mang Thang Tam Street - District 11,10.742077,106.611501,phanvanhung195@gmail.com,3b80ee703dda0be5d5c964a2b206aef89242687b33cd36eab147c01a422eece8
196,Dang Tuan Huong,0772916721,471 Tran Hung Dao Street - District 7,10.737616,106.621423,dangtuanhuong196@gmail.com,913b5a8ed108ffa15c88cf897db784ef02635aa6a779cff43fec2d6b17465faa
197,Phan Anh Lan,0934484698,319 Nguyen Hue Street - District 1,10.743645,106.694384,phananhlan197@gmail.com,1300f4fc22e6ed3dc363b58f875006c437d982bc0149c649db26204664c5b01f
198,Dang Ngoc Linh,0355079837,384 Tran Hung Dao Street - District 1,10.808532,106.703527,dangngoclinh198@gmail.com,32e15fcadb79ee21b94987e90e2276fa91150ed6d3107cc84a09213bb1fa5dda
199,Nguyen Thi Huong,0980074933,437 Le Loi Street - District 9,10.841132,106.676327,nguyenthihuong199@gmail.com,2cf682c733af5c342cb09fa696c4039e3d6d3c39adf19a326f3684b88344950e
200,Phan Tuan Hung,0778755980,231 Nguyen Thi Minh Khai Street - District 10,10.752192,106.631719,phantuanhung200@gmail.com,34213a1b32a85c8b33f8f0706ef996a1f22d2acb891edbc7e37bf8715174b126
201,Pham Khanh Phuong,0930851563,375 Dien Bien Phu Street - District 1,10.758774,106.601466,phamkhanhphuong201@gmail.com,b5a404822a2ba2784a4f93919c0a63924c857d81b494a9c95143fcd15743a7ca
202,Le Van Hung,0328194437,239 Le Duan Street - District 8,10.804817,106.638918,levanhung202@gmail.com,c36b06d3df445d926fbec390ab2376dc0ef1bc0cc0ae25fffda104e7f10221ba
203,Nguyen Duc Long,0984775593,410 Nam Ky Khoi Nghia Street - District 11,10.792895,106.685174,nguyenduclong203@gmail.com,154ddc93fed50d74ce09b34f935d05dd82c144fc39a0691bb91e1337161602b8
204,Phan Anh Long,0901280395,278 Nguyen Thi Minh Khai Street - District 12,10.804808,106.701990,phananhlong204@gmail.com,867ad921a1813162d2366eb26f38811d4fd2cbf1f640f11d29c23b9bcbfe7e3e
205,Phan Hoang Hung,0355872566,329 Le Loi Street - District 6,10.750095,106.687631,phanhoanghung205@gmail.com,7d743669307f396f01a1238c3264829f991090f3ae0d0bc9745050127a2311a9
206,Le Minh Phuong,0983062296,485 Pasteur Street - District 10,10.728310,106.664811,leminhphuong206@gmail.com,a7c64b42f73ef6e7beda600f01990d92c41798e3bffb6b9213f21060beb1adf2
207,Hoang Ngoc Hai,0321472561,245 Tran Hung Dao Street - District 3,10.849457,106.659290,hoangngochai207@gmail.com,326d80db57454f981ea131d7d8757cff8e5887325e22722e850072bc74b39ebd
208,Dang Tuan Hai,0975706721,473 Cach Mang Thang Tam Street - District 4,10.847253,106.642556,dangtuanhai208@gmail.com,300ca910327a1ce6b229c65c262166ae733cb8b74c7373975278fa7e7ca427da
209,Phan Thi Minh,0323051862,398 Nguyen Thi Minh Khai Street - District 9,10.766862,106.677854,phanthiminh209@gmail.com,aae6fd7a5ac271db0cddd5fab1953dab71d49e65f0d06c91e083a557d6739a3f
210,Tran Van Hung,0989965719,239 Dien Bien Phu Street - District 12,10.835721,106.625057,tranvanhung210@gmail.com,52ef21462fc634e2a881b3d6484bbdd53072ed4b59fca0464639556347b04bd7
211,Bui Duc Tuan,0984967608,499 Tran Hung Dao Street - District 3,10.756478,106.607298,buiductuan211@gmail.com,c04a72aa3665933ced5073a18c7ce88bb45c4bfdd84a060724674985266c8f9b
212,Huynh Khanh Lan,0777066402,320 Nguyen Hue Street - District 6,10.761669,106.630603,huynhkhanhlan212@gmail.com,1e0834246dd4ae5fa162725a42f63e2a3903147491f8437855e580b8d35543b6
213,Vu Tuan Lan,0983511302,402 Dien Bien Phu Street - District 1,10.742398,106.603120,vutuanlan213@gmail.com,91446cadabbafba64173cc0498dd4961e8e42bafc509580ce01ff4d062c59cae
214,Nguyen Minh Lan,0984411239,510 Dien Bien Phu Street - District 7,10.758136,106.652956,nguyenminhlan214@gmail.com,7da4ad3c2a06343301d215e2d50606e3430d1e7aa8b060690ff84516d0533510
215,Tran Thi Lan,0322249033,384 Pasteur Street - District 8,10.762225,106.714581,tranthilan215@gmail.com,8a1313a00f7d3135b7eac92fabaa494f0749259feef87d0743f6baf86b383020
216,Bui Duy Long,0775960706,498 Nam Ky Khoi Nghia Street - District 6,10.811148,106.643461,buiduylong216@gmail.com,2cbea8be02227717ce710ffea4bf03843149f02e1bb9c3db57fd141a82c783a3
217,Nguyen Minh Long,0771212963,266 Nam Ky Khoi Nghia Street - District 11,10.824197,106.693967,nguyenminhlong217@gmail.com,93e5d403bc91c1d67335256901597eaa4f900b9665bbbeaa0f6d3ec720077767
218,Bui Duy Linh,0915129611,501 Dien Bien Phu Street - District 2,10.760515,106.677178,buiduylinh218@gmail.com,b59e3cf99f3d397e79b0c4d453a8369b2865cc4585fda868143ee97cacab6c8d
219,Huynh Thi Phuong,0904447376,283 Tran Hung Dao Street - District 3,10.780119,106.615065,huynhthiphuong219@gmail.com,98cb061404f12f6ec4d3ced2df983a1f506762c7ebf6e88bdfe6d7bfbde0f0f6
220,Bui Khanh Anh,0937176915,357 Nam Ky Khoi Nghia Street - District 5,10.824642,106.716712,buikhanhanh220@gmail.com,820d455a820ff5a17458c3bda24b16359986c7028284ee9ba49ec535fe4232bd
221,Huynh Duc Lan,0915209767,358 Dien Bien Phu Street - District 8,10.818079,106.628017,huynhduclan221@gmail.com,fc4662f059f5f604156fa0ea4f46cb4a57201bde4ad8c55c40d5cd43dd951c43
222,Hoang Anh Minh,0352738470,433 Tran Hung Dao Street - District 5,10.831347,106.710035,hoanganhminh222@gmail.com,4bf7cbf949fd57ab20b2f8a3926945708a80fde6bdbd784e71cb0dd5b7b554ba
223,Hoang Tuan Huong,0905619545,254 Tran Hung Dao Street - District 2,10.771458,106.735431,hoangtuanhuong223@gmail.com,b9251b738dad8f848d1b27932135214e39edf9e296c6a97df9ede7dfd0f021a5
224,Phan Anh Long,0984181001,299 Dien Bien Phu Street - District 10,10.833500,106.639043,phananhlong224@gmail.com,11a77f95196a30110ee7441406033b9c407af201d9c5e84f7b3f67b046a9edc4
225,Le Van Huong,0913551535,271 Le Loi Street - District 1,10.724293,106.615262,levanhuong225@gmail.com,b0e8405dc7658339e7b276f7e66b7c6a4b8e9b65ecf8aef1143daaf7a57a4a34
226,Phan Minh Hai,0977169149,230 Nguyen Thi Minh Khai Street - District 10,10.791015,106.623762,phanminhhai226@gmail.com,2c0d8a6135fb116238ae8d2bbddb814810abb3c844afe0b1847fd2d0bcbc5d6b
227,Hoang Ngoc Phuong,0907551502,455 Pasteur Street - District 2,10.767521,106.639306,hoangngocphuong227@gmail.com,14147dc54fd7da0693c2340f3c34894cb6bc3e17066a56dcb9ffbe2043c1a307
228,Huynh Khanh Tuan,0902543545,294 Le Duan Street - District 10,10.839431,106.733246,huynhkhanhtuan228@gmail.com,9d68b461f4c2470ef858c3e4d7477300d03b95ccc377e8434b6b5bfaa738ecc3
229,Hoang Tuan Phuong,0932272373,513 Nguyen Thi Minh Khai Street - District 9,10.736021,106.692410,hoangtuanphuong229@gmail.com,e2cfd87bd885042a850d6bdb75ce24f627d6832fe9c25b6b7e2f0a5f82605e40
230,Pham Van Huong,0778633841,392 Dien Bien Phu Street - District 11,10.739930,106.707971,phamvanhuong230@gmail.com,f1789a423db1a695c0ecd71dae7c9940c70110c8e7a3751c5bd57207c3abd1d5
231,Huynh Duc Hai,0981215420,250 Cach Mang Thang Tam Street - District 9,10.802704,106.736460,huynhduchai231@gmail.com,d8a73db5429f2ddad99b88dcf061e6407b256703261afd5fa6b89cfcce7f7c9b
232,Le Duc Long,0978859924,434 Tran Hung Dao Street - District 6,10.806192,106.610291,leduclong232@gmail.com,b66edc8b3b5b5c1738e9461c5d623f41274b98b12635207c11c08b21f32fcce1
233,Le Van Phuong,0937632342,269 Hai Ba Trung Street - District 4,10.793203,106.635074,levanphuong233@gmail.com,109f1b386e80007e55053c089422a5f156122ee70624fd59dcffc7724a6eac76
234,Hoang Hoang Lan,0981263881,302 Nam Ky Khoi Nghia Street - District 1,10.809985,106.738940,hoanghoanglan234@gmail.com,90297d009b3ef259a302de2d23018ecbac970ada1354284a341754ac8a027db6
235,Vu Anh Hung,0352976782,423 Pasteur Street - District 9,10.802888,106.709553,vuanhhung235@gmail.com,5736f126ff299f979e9c790d6a20ff3462774b3557e061613aa2cdd0fe3d6bdc
236,Phan Anh Hung,0321832560,298 Nam Ky Khoi Nghia Street - District 8,10.829821,106.620879,phananhhung236@gmail.com,e65ab8edb77c420afaee4019f3da9ecd8189d3a3f49cb1eb98a40847cfe03c9d
237,Nguyen Tuan Linh,0776657228,388 Le Duan Street - District 1,10.727116,106.684088,nguyentuanlinh237@gmail.com,2cf6c1552cd626401fc05b58b6bef429cfd103e478f99aaeeca7607c5b168250
238,Le Duy Hung,0975551589,318 Le Duan Street - District 5,10.775381,106.728912,leduyhung238@gmail.com,99a96d42ba6a8e5bbcab317fd338509141459f5c99e2e6d4bf0628e6fb1c5b30
239,Le Van Linh,0932445519,359 Tran Hung Dao Street - District 7,10.765707,106.648483,levanlinh239@gmail.com,6ff205218eeae75540fc9bdcfaf0379f52ce08874011655c12f8a5368a59a451
240,Pham Minh Huong,0938661438,282 Nguyen Hue Street - District 5,10.824702,106.716389,phamminhhuong240@gmail.com,3266abeefb0c09753c7676441a53f75d11f52c73bcfbfda11407de9bc63f9334
241,Vu Minh Hai,0352793075,467 Le Duan Street - District 12,10.763631,106.619758,vuminhhai241@gmail.com,2ec1b329dfd88087dcb0fdd0487128f76910b470a598e2b7ce5b786f8983eb27
242,Vu Minh Long,0324919243,384 Hai Ba Trung Street - District 2,10.761390,106.711052,vuminhlong242@gmail.com,5872059c1059095052a869db50d2a14aca660ab7fb79c32c997d5d6f74a04064
243,Tran Tuan Phuong,0908710380,314 Nam Ky Khoi Nghia Street - District 4,10.821910,106.719843,trantuanphuong243@gmail.com,365e15b1e2ba9238ff17847fe390506d9f8075f13cf15ab9f9a45d05b9865511
244,Hoang Hoang Anh,0351923604,332 Le Loi Street - District 11,10.785280,106.618645,hoanghoanganh244@gmail.com,da9f519732ecdbef226bcc25225deea7733bbda05e07b0137a880a8199717d85
245,Pham Thi Long,0932879367,505 Nguyen Hue Street - District 8,10.755587,106.605307,phamthilong245@gmail.com,31fc75617d5f348e41ade6cdf36f047aca279d55aec060fd52a030c1a881748c
246,Bui Tuan Lan,0981452957,469 Le Duan Street - District 4,10.812097,106.703236,buituanlan246@gmail.com,2d9fe2665bfd80b21cad0fcca8b0cc43dfc797c703e273340fcb83f23e8b3437
247,Le Khanh Hai,0988108782,283 Dien Bien Phu Street - District 6,10.799478,106.636565,lekhanhhai247@gmail.com,dd5195a8bba12ab77a2322ec2e9ffea6c95615e9f0fd7acb1a5cfabccd2a68c6
248,Le Anh Huong,0916280611,384 Hai Ba Trung Street - District 11,10.765724,106.735394,leanhhuong248@gmail.com,1fa346d0599a8470caa12d31b40dcbac62a398a0cdd4f1286b2c999c9981971d
249,Vu Duc Long,0320966627,504 Dien Bien Phu Street - District 1,10.837204,106.658335,vuduclong249@gmail.com,698de6e01dd0f5113bb6e4e956b88605cbaec3974e39ec5695b97e7ca3edeb1d
250,Phan Tuan Tuan,0982252383,266 Le Loi Street - District 5,10.750684,106.681334,phantuantuan250@gmail.com,48502c065e010aa4f26c3ec66ec4f195a439fdde7d71533931f966431b287808
251,Dang Van Tuan,0359176707,275 Nguyen Hue Street - District 7,10.764686,106.680260,dangvantuan251@gmail.com,ea5af342a14d1d4cb5b3a25bb872472acd5ba25b21244f15691ac851ffee3475
252,Le Minh Lan,0911616321,527 Le Duan Street - District 8,10.792348,106.745933,leminhlan252@gmail.com,e754600e9992f62db8d6b1683c04515e0b3a7eaec3d930b9ae9cd80b9034f3b1
253,Nguyen Thi Minh,0981571331,457 Pasteur Street - District 1,10.765968,106.746556,nguyenthiminh253@gmail.com,680f1a78b1e2ce12c6bdea42fc5eebbb1b54ed79aff124d77b2b5e60f9213881
254,Huynh Van Hung,0777561397,516 Nguyen Hue Street - District 10,10.758309,106.730154,huynhvanhung254@gmail.com,b239c91b327dce34e349f3afafdd43d74f4ad1009117830240402e1c9d3563a2
255,Vu Ngoc Hai,0981607284,486 Cach Mang Thang Tam Street - District 11,10.796795,106.666308,vungochai255@gmail.com,f9a01381af4f479862b26d6bf45d568853b99f14841edc4f33fbc46164dc6fec
256,Hoang Duc Tuan,0980783968,320 Le Duan Street - District 1,10.826084,106.618786,hoangductuan256@gmail.com,9ca0b0ee490f51a7c2fc5fefbe50f5c4f8970fbf15539d8d86ce8044fe5704fb
257,Le Hoang Linh,0771701122,298 Cach Mang Thang Tam Street - District 6,10.839917,106.691623,lehoanglinh257@gmail.com,82bc34b2c3495eaafea5337694b73bfe8a81c735cb30cd1b9fa5c12f3838f568
258,Nguyen Van Tuan,0988715874,458 Hai Ba Trung Street - District 2,10.790136,106.677705,nguyenvantuan258@gmail.com,b4c8ace8e1c9a05f106f7d00a85b854cdd8a34d71f01e69fc74b19a5599d6e6f
259,Hoang Van Hai,0355891887,539 Dien Bien Phu Street - District 5,10.755541,106.629230,hoangvanhai259@gmail.com,0538e872a6ba2fe97b8cecc1ccedd8fde61e3b5f29d16ce322e88484d5631854
260,Huynh Minh Hai,0911914259,276 Nam Ky Khoi Nghia Street - District 5,10.794826,106.610843,huynhminhhai260@gmail.com,40ae39313b4839dc5b98aad2a46c52179c0c434f6d28919732e97d93bf94ab93
261,Tran Khanh Lan,0977788827,434 Tran Hung Dao Street - District 10,10.810757,106.602312,trankhanhlan261@gmail.com,24035d53786e8ddf71efa338b659e93398aeb119ec3e4cc0f622e45d72830e89
262,Huynh Ngoc Minh,0985455817,303 Tran Hung Dao Street - District 9,10.749560,106.655948,huynhngocminh262@gmail.com,0478bc5a84e2817d5726246aecdc0385af74f16a04e112e98aa80695714529ec
263,Tran Tuan Anh,0352090303,375 Nguyen Thi Minh Khai Street - District 10,10.833108,106.743389,trantuananh263@gmail.com,d6710d670c383865e1877c7312da027db9bf7867c1ec0089f62527f002c6ca21
264,Bui Minh Linh,0902565007,378 Le Loi Street - District 2,10.747937,106.734886,buiminhlinh264@gmail.com,aa510246bfa519db2bb955139038e28433877d495c91e2de2948d6936fe6e9db
265,Huynh Ngoc Linh,0358093739,388 Nguyen Hue Street - District 5,10.785737,106.645867,huynhngoclinh265@gmail.com,924bebc5b840983671514ecd7e17ee0289a08b6f0c1492fdcf025f7affc641fa
266,Tran Khanh Hai,0329674094,454 Tran Hung Dao Street - District 6,10.774202,106.618692,trankhanhhai266@gmail.com,4931303ab38341641185a0cff09d15398544144d4130e4f9767317ebe141bc9b
267,Vu Khanh Minh,0327883982,396 Nguyen Hue Street - District 12,10.724768,106.731546,vukhanhminh267@gmail.com,a1749e7b1d4ba2afab5a905173f345ebecabc5ee20a54e31aacd696339593450
268,Nguyen Khanh Linh,0984438567,364 Nguyen Hue Street - District 9,10.827737,106.669906,nguyenkhanhlinh268@gmail.com,ea8164e1e98e8a3ad202d3251cffec30b1084894dd553a0388d3333897b1e152
269,Huynh Ngoc Phuong,0910842925,546 Nguyen Hue Street - District 1,10.733721,106.653786,huynhngocphuong269@gmail.com,3e005423da052acfacd964bf6c26f88282cdb8e6219f115661041422ef1b9226
270,Vu Tuan Minh,0778760053,298 Hai Ba Trung Street - District 5,10.759708,106.634814,vutuanminh270@gmail.com,81e1e7afc9035eef2562f44b3057f5d6c47a32986a409a0511184a19c138c068
271,Nguyen Duy Linh,0975780648,416 Dien Bien Phu Street - District 11,10.744858,106.701331,nguyenduylinh271@gmail.com,a22300d30e5bcbabdb6a97d93ff59ab4b89c090c622da3d23d30ef7708324d81
272,Hoang Khanh Hai,0354329678,393 Le Duan Street - District 10,10.785259,106.676134,hoangkhanhhai272@gmail.com,15d322cf5129f07c519d92bfabe3652033dab5cbf88c30faacf26ba70402f46c
273,Phan Duy Hung,0936987707,542 Pasteur Street - District 4,10.833369,106.695849,phanduyhung273@gmail.com,f3ac0c32c59eb7bbf8ca36fa3890ae550e4929575b4aaab3e065728a2808645b
274,Dang Tuan Phuong,0974319393,361 Le Loi Street - District 4,10.749925,106.662450,dangtuanphuong274@gmail.com,78559fc09c0ee62cfcfc5e033e62b5005aef279e08dfe4e25bffb60a3bc05f17
275,Vu Hoang Phuong,0903169850,542 Nguyen Thi Minh Khai Street - District 6,10.837282,106.737140,vuhoangphuong275@gmail.com,c164b528bb85e198efa506e7a7510ee9120414bd52a829aa3316b36ee6a1ef36
276,Pham Ngoc Long,0936680600,294 Cach Mang Thang Tam Street - District 1,10.750095,106.664185,phamngoclong276@gmail.com,1a686925043e34d685b50d72f614a87867536d8455af43bbea3d0bbf75560eba
277,Dang Duc Hung,0356688018,280 Nguyen Thi Minh Khai Street - District 3,10.773877,106.643659,dangduchung277@gmail.com,ab46e9ab37cd25528d2367b17ab64458c25933e1a68727d448eca297ba4cbd74
278,Le Ngoc Hung,0918268501,509 Le Duan Street - District 4,10.734485,106.647329,lengochung278@gmail.com,376473f7a8d579151a893ba7d3bd42467e5faf8f529b252843d532baa86901f0
279,Phan Duc Huong,0329035790,373 Hai Ba Trung Street - District 5,10.742216,106.662526,phanduchuong279@gmail.com,1daeb4c969a876ba1a980530cae18562cebdaa0df56984d9941df79ab51cc551
280,Le Duy Hai,0981984440,444 Tran Hung Dao Street - District 2,10.836626,106.605247,leduyhai280@gmail.com,9b3d961d692d44baa734b8b765392bd43c94b6756bc606b6b1639382127981c4
281,Tran Minh Phuong,0984984974,397 Le Duan Street - District 7,10.831190,106.682506,tranminhphuong281@gmail.com,cb1c72a7b9a8a8850d43fc26d53d99b95f9ea1df0e3a5c4e3e23e25bbe88f551
282,Huynh Hoang Phuong,0328408214,479 Pasteur Street - District 4,10.767385,106.625918,huynhhoangphuong282@gmail.com,5b54f4d67346b04f254a54c66324b75ea8e655d34fbf23b2f2ff03a54ef98e8f
283,Huynh Khanh Tuan,0324834255,446 Hai Ba Trung Street - District 12,10.843187,106.675600,huynhkhanhtuan283@gmail.com,c37f3274072a241ae38b6c41499ff66c897cd57d983bebe8bd89283bb0dfc40f
284,Nguyen Duy Linh,0917639042,311 Nguyen Hue Street - District 11,10.841447,106.706723,nguyenduylinh284@gmail.com,e53074ba534440359a51ba30fe542b613ec6299bf927e3fe8c064f528d19773c
285,Hoang Minh Tuan,0351509289,456 Cach Mang Thang Tam Street - District 11,10.815128,106.717820,hoangminhtuan285@gmail.com,265298ce9d2dd974de2cbf532c2fa8285790ec0603404c85e1d48d1d6118c81e
286,Bui Hoang Hai,0981537158,502 Nam Ky Khoi Nghia Street - District 8,10.792581,106.701531,buihoanghai286@gmail.com,d9113f0fdb4cd5b79e3f05198382d2258bb2161a1f230cde26ffd48cc8b450bd
287,Le Minh Anh,0321722059,547 Cach Mang Thang Tam Street - District 6,10.781227,106.747495,leminhanh287@gmail.com,ab0fc5d41fbe6ee295cdd349130e37fc34b3b43bf7a490429ad2f8c4d1cf0f24
288,Bui Duc Linh,0779299561,516 Le Duan Street - District 9,10.799284,106.715228,buiduclinh288@gmail.com,cb6e447df9db159dd7372a5ff3dd6a0a90031d45b05fbd0e813f13a477d47e3a
289,Le Duy Linh,0936336511,352 Cach Mang Thang Tam Street - District 4,10.815346,106.710029,leduylinh289@gmail.com,94d368a124931a5a0dcde1fd7e29c0e40f1f5d85d11b347971fb5f0fe97be13b
290,Vu Khanh Lan,0914918761,338 Nguyen Thi Minh Khai Street - District 2,10.765182,106.649081,vukhanhlan290@gmail.com,21163892d28e4755e868e06895d27839c4610f6488879939431f6f7c26ed07e3
291,Vu Khanh Hai,0770812779,529 Pasteur Street - District 9,10.755255,106.611426,vukhanhhai291@gmail.com,378a114d4893fbe2cdcb3e053a3de31e0b70019b0df11c49e8a747082c526a1c
292,Vu Duy Lan,0915459457,583 Le Loi Street - District 2,10.727216,106.746377,vuduylan292@gmail.com,dc07595eb5134ddfa26a2e9b7f3d04b488c157478313d39f2a38ad8077566a92
293,Nguyen Anh Hai,0352964044,533 Nguyen Thi Minh Khai Street - District 7,10.816567,106.709083,nguyenanhhai293@gmail.com,e5e22298713797321ad0b0265951ab7944edc532594726248c09490cdd7087f2
294,Tran Hoang Phuong,0978361763,469 Nguyen Hue Street - District 8,10.779276,106.741621,tranhoangphuong294@gmail.com,ecc0ee5b3b92d29b6d77d735351d31c2de6b90d734fc90904c338b45053a5121
295,Tran Anh Lan,0989741883,481 Le Duan Street - District 12,10.840382,106.707387,trananhlan295@gmail.com,80faab44da8aa88a496c9e1d3bf9565ded561cc3bc405ba4eef472bbd78a8c70
296,Tran Van Anh,0352344189,325 Dien Bien Phu Street - District 11,10.779502,106.678257,tranvananh296@gmail.com,2481c27c2972afa9ec4c5cc5be657a9198796e272fad9e7647f345bcd62720cb
297,Vu Van Hung,0919099243,474 Dien Bien Phu Street - District 5,10.836011,106.747457,vuvanhung297@gmail.com,3f24032b5119651e1b569e3d9e287c54519752fb10401838ca068eb8475b587c
298,Pham Khanh Huong,0320946870,461 Le Duan Street - District 7,10.815958,106.629355,phamkhanhhuong298@gmail.com,899e998119d560660f6232aac1d7a29d105ddb751a7b87b659062a1a4a29b235
299,Bui Van Lan,0970793320,587 Pasteur Street - District 11,10.838325,106.735026,buivanlan299@gmail.com,8abee060ab946162159154508ab774c3e9b53384c8e819c8b4c9a7dcc6e61335
300,Huynh Thi Anh,0977843889,393 Nguyen Thi Minh Khai Street - District 6,10.727822,106.733009,huynhthianh300@gmail.com,88108801eb35e83a8aa29c7ea81f3ce9d833dfd694acd852a4965d71bc06c64d
301,Hoang Ngoc Hung,0915269720,401 Pasteur Street - District 5,10.798448,106.637906,hoangngochung301@gmail.com,898e085c3e1907d5215c7f30894ca361d544906c196abe841ce67a266d1f78da
302,Dang Thi Anh,0936015687,311 Tran Hung Dao Street - District 9,10.797606,106.639275,dangthianh302@gmail.com,df99f305b12bd7ab26cdf972b304ea781dd9382e4cc81a6f7f1b367334b93fb3
303,Vu Tuan Minh,0912972220,323 Nguyen Thi Minh Khai Street - District 4,10.736586,106.604729,vutuanminh303@gmail.com,ed560965121d60beba038b1f4d08fc2d09c51b8f0a3e766d43406ffe23461629
304,Huynh Tuan Linh,0777762064,445 Tran Hung Dao Street - District 8,10.834224,106.658437,huynhtuanlinh304@gmail.com,02aad962961a85eb1d3b86071b52cdec386fa85117dfd88a8d121406151eca2e
305,Bui Hoang Long,0980588846,387 Cach Mang Thang Tam Street - District 3,10.826815,106.659766,buihoanglong305@gmail.com,e53a0c1010435e57a19d2e08024f54fe63ff290a9d68e6f63c839a875ef09014
306,Tran Duc Hung,0917556122,532 Le Loi Street - District 6,10.756962,106.601084,tranduchung306@gmail.com,baa41b981379e126ea2b743bf2da17a5cc53951f7a02fd972f0d92c7bfaa2079
307,Dang Duc Phuong,0936690594,371 Tran Hung Dao Street - District 4,10.845609,106.664463,dangducphuong307@gmail.com,c116ce15d21b2e3fb7389bd1abc522ffe101c5ad4305c51a767d432d2b19c3e2
308,Dang Hoang Tuan,0989561006,504 Cach Mang Thang Tam Street - District 3,10.756604,106.659043,danghoangtuan308@gmail.com,76cda4267f72d47a6fe483f2873f88b0f161985c24a19a193cb1e906a01f543b
309,Nguyen Minh Long,0986782248,508 Dien Bien Phu Street - District 2,10.838813,106.705097,nguyenminhlong309@gmail.com,950f8280023beb2df0f011e8ef9059023dcf91c09735bda8c580051175676ff3
310,Vu Khanh Linh,0915015184,466 Cach Mang Thang Tam Street - District 5,10.832072,106.642580,vukhanhlinh310@gmail.com,f0674061056675fac8d058d5588d9b9095e2743d43036ae168acef3096f9324b
311,Nguyen Duc Long,0989839656,420 Nguyen Thi Minh Khai Street - District 5,10.845557,106.667410,nguyenduclong311@gmail.com,96eeed0db0595a2f6acd96321b0c89b41cc0244505448060da8ba00c32b7e297
312,Vu Duy Anh,0323204542,422 Pasteur Street - District 9,10.829000,106.663419,vuduyanh312@gmail.com,96e191b1277716eee1cb89f1186b967120680dade1177f95a16eb5ce3de49c11
313,Huynh Ngoc Phuong,0931229987,498 Le Loi Street - District 10,10.842429,106.743445,huynhngocphuong313@gmail.com,8313174190179680a6f847cde7007dc597c95771970ad5a1c264e44d9c5be01f
314,Nguyen Anh Anh,0328447919,519 Dien Bien Phu Street - District 8,10.830648,106.635157,nguyenanhanh314@gmail.com,26dd44de41bd05c465270cf8dc79b6da5f253e06cf886660cc7b772a3fad9b7b
315,Le Hoang Huong,0970304631,363 Le Duan Street - District 5,10.776920,106.732932,lehoanghuong315@gmail.com,f5baecdf85fdbfba24a2f4db72d5d61eac24baf51d452fc473866da46ba5ab86
316,Le Thi Anh,0322660885,350 Pasteur Street - District 6,10.731521,106.702398,lethianh316@gmail.com,b6b0ad90098ac5b6c17de141b3e7aa426d209327083a1b2bd93f56236d9aaa1d
317,Dang Duc Long,0903937433,454 Pasteur Street - District 10,10.755792,106.701518,dangduclong317@gmail.com,5b39c93b1b14d8861761caa59fbe90444a0b731b4f0551d9a34502c38ab922bb
318,Pham Thi Lan,0324840602,453 Nguyen Thi Minh Khai Street - District 10,10.829885,106.707586,phamthilan318@gmail.com,c85b2c11d837c473ffdf22b31843fb64d69497cebf0df8009b5a183965d77038
319,Phan Duy Tuan,0984659547,386 Pasteur Street - District 8,10.801624,106.690910,phanduytuan319@gmail.com,fecdac9ba6fc50e9a7f63f8d5f12cfc15c43fd3e47be61261db2370ef4fc738d
320,Vu Duy Minh,0986702372,530 Le Loi Street - District 5,10.737211,106.709886,vuduyminh320@gmail.com,893a9484cb9e010e3bdbf6ab496dbf21b4b17a5434f059edb9ec052648c96ad8
321,Nguyen Anh Long,0935186087,451 Nam Ky Khoi Nghia Street - District 2,10.819321,106.741570,nguyenanhlong321@gmail.com,85264bf4f4459f7f631f76c48cb4e00a23300dc2869ea21cf6a3151006b97aae
322,Bui Anh Hung,0936422291,470 Tran Hung Dao Street - District 3,10.800318,106.633747,buianhhung322@gmail.com,920e95d4dc6b37f4cd651d20a2f96ae2c2a17af2d0b85bc1d9032c661696b0ea
323,Nguyen Van Lan,0917068609,554 Pasteur Street - District 6,10.753806,106.686989,nguyenvanlan323@gmail.com,88e9774d56c89fb2261c5c407217242b25952717babe6486554d3a64f7636642
324,Le Ngoc Linh,0981273984,432 Hai Ba Trung Street - District 6,10.745648,106.645780,lengoclinh324@gmail.com,ae246c61d1501f84e672abc9908b07cec8ae5869e3fb36bb754c29be4ff0ca7d
325,Vu Tuan Minh,0910264455,436 Nguyen Thi Minh Khai Street - District 12,10.840560,106.709772,vutuanminh325@gmail.com,94f184049f392599c9c64dce24726302daaffa98aef23df064d7c5530dd7d817
326,Hoang Khanh Huong,0902766719,560 Tran Hung Dao Street - District 8,10.784749,106.737470,hoangkhanhhuong326@gmail.com,906d360b26324d7d3bb75f632d8ef9a3cb4e27ddec40db9c7f1dec1c681b65cb
327,Bui Duy Anh,0916775347,517 Nguyen Thi Minh Khai Street - District 6,10.791957,106.713774,buiduyanh327@gmail.com,7d9276ac25fb9586bc7c3e8d9f30080003886a5dea60aca3f5cc650a4d0d78ce
328,Pham Hoang Hung,0985743837,544 Nguyen Thi Minh Khai Street - District 8,10.795588,106.677901,phamhoanghung328@gmail.com,b6ab9759f0ced8dcb3c067ae95ee4f6ce21dc1b04ca80eab3ba25d6fb3541294
329,Tran Van Hung,0914222998,448 Pasteur Street - District 10,10.834670,106.713365,tranvanhung329@gmail.com,03e89703c9cd63d799b136e83b7826c26de15c2b2471d7091c9b55ea612162c7
330,Huynh Ngoc Huong,0933822177,628 Cach Mang Thang Tam Street - District 5,10.725804,106.695155,huynhngochuong330@gmail.com,eb235bbe3863f44a7a8cf235e765a42e24065a6cb96f5ab9c732e42b718a4c79
331,Phan Van Linh,0322013404,513 Nguyen Hue Street - District 2,10.726602,106.670517,phanvanlinh331@gmail.com,58234b3ac2943d86aa07dad7c1809bfc549cd7236b9e20736dfb3904515d843e
332,Vu Ngoc Phuong,0984212877,599 Cach Mang Thang Tam Street - District 8,10.801458,106.747341,vungocphuong332@gmail.com,d744863bf3a405f4721bd64ed16591153b04c56dc668fede78daa93ecba3401f
333,Tran Anh Huong,0779180622,337 Nam Ky Khoi Nghia Street - District 6,10.845963,106.622889,trananhhuong333@gmail.com,172e56fdf1f6491ea06f99e8313cbe2873226abc488b283936f5ec67aaf4b32f
334,Bui Duc Anh,0989805660,345 Le Loi Street - District 5,10.758189,106.604324,buiducanh334@gmail.com,2c77fb5bf5f8638dfce0ad708d8ce7911357b538c499df868e3d8997bbef4429
335,Nguyen Minh Hai,0972461962,482 Le Duan Street - District 5,10.830191,106.641324,nguyenminhhai335@gmail.com,47f943dd2fdb4e8b3c353654b9dfa55c7d22a90bb73e308d887386ba19a4fd65
336,Vu Tuan Hai,0932644485,427 Hai Ba Trung Street - District 6,10.801005,106.679138,vutuanhai336@gmail.com,447414f9ed9edc382335126fdd5b766c1df123b7a586de0d13a5b264baec40e2
337,Pham Minh Lan,0931064779,493 Nguyen Thi Minh Khai Street - District 4,10.758450,106.683259,phamminhlan337@gmail.com,380a994fed2da6ca4d3cd3fa914ca1479565755f43dae98790a4e684218093cf
338,Huynh Khanh Long,0773153973,353 Nam Ky Khoi Nghia Street - District 9,10.734180,106.623786,huynhkhanhlong338@gmail.com,941d615eb3cf236e2c85fb17ce6a5bcb413e331bfcd0e3fe8b55190f506387c1
339,Phan Thi Hai,0931756070,356 Nam Ky Khoi Nghia Street - District 10,10.728396,106.669437,phanthihai339@gmail.com,c62e5f34005e35c538bc38a6b0cbd72f30a76dfe254e5af9816fb84842ad09fb
340,Le Minh Long,0327060055,637 Dien Bien Phu Street - District 2,10.823895,106.687713,leminhlong340@gmail.com,e5114d0cf697070636d2b525a98b36de0a9a42ed4aac7fe62fc8cef31de8c82a
341,Le Hoang Huong,0939407305,440 Hai Ba Trung Street - District 2,10.805803,106.655005,lehoanghuong341@gmail.com,55742fc9252c1d3e340bf3bacf6f47757cdaccce508459282480faa1f6d2eaf7
342,Phan Tuan Huong,0930216782,358 Nguyen Thi Minh Khai Street - District 3,10.773412,106.628557,phantuanhuong342@gmail.com,a949ae66a070c0341f817a7f522821a1eb8859552c8b71c1c32c7e0a2686cc52
343,Vu Minh Huong,0973531196,572 Tran Hung Dao Street - District 1,10.804478,106.692613,vuminhhuong343@gmail.com,b14ee4b8c8130171599688bb5bc70b8a41c0478b9c133629688100251f001642
344,Nguyen Van Linh,0352204984,492 Hai Ba Trung Street - District 12,10.823581,106.663959,nguyenvanlinh344@gmail.com,1eead400af420f6aa6c453c0dc60936c5c157da525b6f7c1cc2b22b5811bdcf4
345,Pham Duy Tuan,0985917987,375 Tran Hung Dao Street - District 2,10.793673,106.644433,phamduytuan345@gmail.com,38f2f4d6445746af438b699a686b3ffbc9155b607eb03868a0352f0220adc29d
346,Pham Tuan Minh,0939175211,403 Nguyen Thi Minh Khai Street - District 8,10.760525,106.610228,phamtuanminh346@gmail.com,2272d8329dff1bd5d36eea1d3f9acf887b17682986f3206cbd1f3aa2b45b9a3c
347,Nguyen Ngoc Lan,0326188665,543 Hai Ba Trung Street - District 3,10.830912,106.742158,nguyenngoclan347@gmail.com,25031b77953e511cc3aa70a667d17e9b81047a27025b41021905f23a9da52585
348,Dang Duy Huong,0329607546,475 Cach Mang Thang Tam Street - District 2,10.757235,106.718405,dangduyhuong348@gmail.com,4eb3734ff641d2fb226518f3da3bf9a6187be913234f62b90bf6cdc02a976f57
349,Tran Khanh Hai,0326683476,402 Pasteur Street - District 5,10.759794,106.669027,trankhanhhai349@gmail.com,6aafdde0450dd7a4e55443a307526ebf6a7435f7233c52173b6a38f1096ccc67
350,Le Duc Long,0982769392,428 Tran Hung Dao Street - District 5,10.776710,106.640912,leduclong350@gmail.com,dcb2615c923fc489b1de00a366d9c8c4813b49eebabbf8d8de9712021e4751a2
351,Hoang Duy Lan,0358701222,379 Hai Ba Trung Street - District 8,10.844949,106.645629,hoangduylan351@gmail.com,f34684d62e4227ea7b70f4c952344afe290852898206859e471b00078051b97a
352,Dang Minh Tuan,0970693266,449 Nguyen Hue Street - District 9,10.801054,106.692377,dangminhtuan352@gmail.com,a6f402415816256106ab912e1b8dc7201da77d908e56cbbbcb56a1a238c84966
353,Hoang Anh Minh,0322422649,441 Hai Ba Trung Street - District 5,10.759799,106.691859,hoanganhminh353@gmail.com,29c9c0fab3043c7c287bac49e06e720c3dc109311f916286e57777fe4b098e2a
354,Bui Duy Tuan,0933805664,477 Nam Ky Khoi Nghia Street - District 5,10.843720,106.606461,buiduytuan354@gmail.com,238f0980c0b2d79ddd18492774b39c2cad6cc9d1eba1b7a862a3b2bb3eab8ce6
355,Nguyen Tuan Linh,0773740081,382 Hai Ba Trung Street - District 2,10.737298,106.610775,nguyentuanlinh355@gmail.com,5e030029fda8e13e6abfef8d4a6b78e4479f8146927a1079699f2452869ffe9e
356,Pham Thi Minh,0917749906,638 Nam Ky Khoi Nghia Street - District 11,10.810737,106.736559,phamthiminh356@gmail.com,cd6ff9e42d8d86fd6a7cd619ef0681a4b2844fe8dfdab0d641da5c495c9ce943
357,Hoang Tuan Tuan,0980485965,464 Nguyen Thi Minh Khai Street - District 10,10.749177,106.646299,hoangtuantuan357@gmail.com,cc727c20ae27fba24dd94fda24b8245bd48d93ad020c32d98c4c6d42bd3f8a85
358,Nguyen Ngoc Lan,0908219614,521 Pasteur Street - District 4,10.731400,106.702104,nguyenngoclan358@gmail.com,18bd5dbe69f9bad03d76dff7930e7b61f865c71f53c637115f9bd1ab4f7a846e
359,Le Minh Long,0326766244,543 Cach Mang Thang Tam Street - District 8,10.775591,106.655728,leminhlong359@gmail.com,737c26853bc875c4ae3af564fca682306ba62236494c248c67ea5d7b002c128d
360,Pham Duc Hai,0329565743,367 Dien Bien Phu Street - District 2,10.769452,106.743873,phamduchai360@gmail.com,1379894878518f79110d4f8cf224de899ec39de04095494d70715927740f093c
361,Le Khanh Tuan,0911739050,536 Le Loi Street - District 12,10.784309,106.609834,lekhanhtuan361@gmail.com,4c6b0342261b057d4076187ca8dfbc884a3b4f50f3e96d4fe3239b3ee52ce48d
362,Le Hoang Tuan,0352440174,461 Pasteur Street - District 4,10.742281,106.721172,lehoangtuan362@gmail.com,8e3caf90e96db4bef87a1570e2a917b923bf859b5a98161c4c88bc71aa9ec55b
363,Vu Duy Tuan,0933821867,408 Nam Ky Khoi Nghia Street - District 2,10.766839,106.638000,vuduytuan363@gmail.com,443c65812e44419b243e7ac2c60ec67cfc360ce68f7b73af00f0bfd2a9e46b03
364,Nguyen Anh Linh,0325761724,549 Le Loi Street - District 6,10.748080,106.661089,nguyenanhlinh364@gmail.com,9f3006961c7213554f4b5604f87ae20f1b7a0d4fdd08314c422ee991128390b9
365,Tran Ngoc Huong,0777178126,551 Cach Mang Thang Tam Street - District 3,10.757998,106.723250,tranngochuong365@gmail.com,54f9caa3979a8a1b1c046a70c1227a31fd5cce9fa98af2f277168a8f2351a703
366,Tran Thi Huong,0326089140,577 Hai Ba Trung Street - District 6,10.779306,106.705076,tranthihuong366@gmail.com,c244474d7049c494270b43f4c1cf009b592fdcd1d6066d4b503b6d8c922edc09
367,Pham Ngoc Anh,0900013842,526 Pasteur Street - District 10,10.795533,106.722321,phamngocanh367@gmail.com,5971474f4b2330e320591f684334ff00e77eee906ae6ccf91f1f87a15022c102
368,Dang Tuan Hung,0982963756,609 Tran Hung Dao Street - District 9,10.755054,106.741087,dangtuanhung368@gmail.com,3448a891ba227e0a46eb6125e255c9080aad165980257cc6d652efe2dc7ec71b
369,Pham Tuan Phuong,0328773778,604 Nguyen Thi Minh Khai Street - District 5,10.737441,106.639003,phamtuanphuong369@gmail.com,48b541358e030d77738ccc1062e1462ec7bf52e22f7f6a60ed6eba55c0c0b932
370,Pham Hoang Long,0987921395,493 Pasteur Street - District 1,10.755234,106.610197,phamhoanglong370@gmail.com,2bb54f085d0751248e5d8d0945fbfc191e7cccd2ee35f18925b5bd36370efce0
371,Dang Duc Huong,0987945155,584 Nguyen Hue Street - District 9,10.786578,106.664847,dangduchuong371@gmail.com,8e7328ce8356d510bfcbc50abb149101eef9714c594fdd9869f2e21bbc8cc608
372,Phan Duc Hung,0977995794,538 Nguyen Hue Street - District 1,10.755594,106.685174,phanduchung372@gmail.com,5a714a23696b470e97f7d2bcf85363ae276ebbd7ef75cae7e9cce660c8a07a0e
373,Vu Hoang Linh,0778165235,649 Tran Hung Dao Street - District 2,10.795054,106.720041,vuhoanglinh373@gmail.com,413d62ee2a217af1c37c0cd48ea57933732daa091766d084e8e8bc779e57a325
374,Nguyen Van Anh,0354945550,670 Le Loi Street - District 5,10.754778,106.734864,nguyenvananh374@gmail.com,4142a3817b45039fd677846e3d1416dd25d69866dff6d47b2890ad97baad48d0
375,Phan Van Tuan,0974344395,382 Nguyen Thi Minh Khai Street - District 10,10.724753,106.678797,phanvantuan375@gmail.com,660a3dbae4dadce11defcabd92eebd3353c659c0abc2de15b5e5ca06034d3122
376,Hoang Ngoc Lan,0915112611,390 Nam Ky Khoi Nghia Street - District 12,10.782637,106.712377,hoangngoclan376@gmail.com,8197f6c07e0a5c5f35a98103c7544dd8c44f5c820984ff1d5c359a68de3a1306
377,Dang Khanh Linh,0778861709,461 Cach Mang Thang Tam Street - District 6,10.815094,106.647876,dangkhanhlinh377@gmail.com,702f69bb3d85be3433803ca853aca5647035964b532b3c687e018d3cba640550
378,Tran Khanh Tuan,0321143178,605 Tran Hung Dao Street - District 5,10.823033,106.637070,trankhanhtuan378@gmail.com,f1cf054f0fc6def03402a954d8c0fad0315bcf1c0e0aa52d883b245eb8c5449e
379,Vu Van Lan,0935309013,583 Hai Ba Trung Street - District 1,10.794849,106.684044,vuvanlan379@gmail.com,058f41853cf35799f29e089e65c8b080738617b6428c40a3bd9cfe36003d1313
380,Vu Duy Hung,0913547570,404 Nam Ky Khoi Nghia Street - District 11,10.834278,106.730125,vuduyhung380@gmail.com,e510d3952aeb9ac73a7cdac57f740912efa2e13d802df72af5233b36cacde9f0
381,Nguyen Tuan Lan,0354347482,524 Pasteur Street - District 8,10.791501,106.736203,nguyentuanlan381@gmail.com,8c1d8a985c4df5c714bf2a19210a8a880c7d8ed61db193f60fa96cf7b1af9b36
382,Pham Thi Huong,0937278856,539 Le Loi Street - District 8,10.806250,106.611093,phamthihuong382@gmail.com,3e68aa558cdd27540aab7063e2d86daf653b72039f16041ea26c860a4dc650dd
383,Pham Duc Hung,0974670892,422 Tran Hung Dao Street - District 4,10.739196,106.630693,phamduchung383@gmail.com,688e342e902fd3b890b58a5e88c9cd053d60056272ec63fb28acb2d9b91a2f5e
384,Pham Khanh Long,0936332338,670 Cach Mang Thang Tam Street - District 10,10.805013,106.718236,phamkhanhlong384@gmail.com,468286a74385d9e8fc5cd3a8817dca37904d4484194c566aa4c8ace06e4926bd
385,Bui Duc Hung,0329038198,646 Nam Ky Khoi Nghia Street - District 4,10.734891,106.633836,buiduchung385@gmail.com,3abaf78a06773920e0077e7dae82bab8e992b1914f1a75277522f324c95aeaec
386,Huynh Duc Linh,0351764815,390 Nam Ky Khoi Nghia Street - District 2,10.833509,106.678700,huynhduclinh386@gmail.com,2efffa0927a680a7d29e7a54862a129a5dcd76ec8a00e7f91160437a2817a0b5
387,Le Minh Phuong,0914674364,668 Nam Ky Khoi Nghia Street - District 12,10.751731,106.724206,leminhphuong387@gmail.com,0732b812788d78e3172ab3fbd689581097ee9536dfdd8318850aef751ebead61
388,Huynh Hoang Long,0987693111,586 Nguyen Hue Street - District 1,10.730603,106.675616,huynhhoanglong388@gmail.com,c0d0cbe21eca76f6a4b5f11f802f22f7042906a5bd0b2cfcd2b92505ddb74233
389,Le Minh Minh,0903194141,427 Nam Ky Khoi Nghia Street - District 5,10.769127,106.638269,leminhminh389@gmail.com,9aba2a9c07335b5a59741934d4cbe7705cb5e13404066017a13bb988c80e018c
390,Huynh Anh Hung,0902716095,564 Tran Hung Dao Street - District 4,10.720339,106.638075,huynhanhhung390@gmail.com,77286b1163db9e33dbe380d32ff1790193b6ff6d57ebd38233606e8585bcf400
391,Hoang Thi Hung,0909667985,686 Dien Bien Phu Street - District 7,10.800307,106.717095,hoangthihung391@gmail.com,6c1684a0dc60583536c71af44a1b06d1f38db966e8e60cdf530f3b19ad58cf0f
392,Phan Thi Phuong,0323983732,412 Dien Bien Phu Street - District 12,10.748853,106.616591,phanthiphuong392@gmail.com,50d06088b7e2517c9b4b8b5052331af9700bcfe506e41738bce3ee514fab7040
393,Hoang Ngoc Hung,0359963434,592 Tran Hung Dao Street - District 2,10.730409,106.678639,hoangngochung393@gmail.com,4060cf8656b9220620c4a1e5d19892eb5d19a5c480de607802aa5943408beb90
394,Bui Van Huong,0977876062,523 Nguyen Thi Minh Khai Street - District 7,10.767862,106.701157,buivanhuong394@gmail.com,1420727220a70bcce05b97f8aa62ee553ef5d5743d6dad6bc17a64173556606d
395,Tran Duy Hai,0903356501,414 Nguyen Thi Minh Khai Street - District 11,10.761410,106.619731,tranduyhai395@gmail.com,4b0855b20e20423e1d699d218970543afdbc04c876eb4472bbdf4bb28d721ab2
396,Bui Hoang Huong,0916424125,656 Nguyen Thi Minh Khai Street - District 4,10.731111,106.691286,buihoanghuong396@gmail.com,b88dca8a41e5cfd9b167426429485a3326a14a33a63b86e79f9bf8d1b1130bb6
397,Dang Duc Huong,0937082649,579 Nguyen Thi Minh Khai Street - District 9,10.824289,106.614390,dangduchuong397@gmail.com,d84990d07ce3b91a445faa9e4161f924877183263993f142f087a9c6288f8dda
398,Pham Ngoc Linh,0913250382,569 Le Loi Street - District 4,10.743480,106.637536,phamngoclinh398@gmail.com,f2868c8bfea38fc200b783064d6c3fb60dcab89a63d11ab71597dba0d0411719
399,Le Duc Phuong,0979088853,666 Nam Ky Khoi Nghia Street - District 8,10.793973,106.720300,leducphuong399@gmail.com,e6ddec13424fa9a1fb65a52210d80344020cd5e68b6ee13f949c0c0dd7a8100d
400,Phan Thi Huong,0974607877,561 Le Duan Street - District 12,10.741805,106.641956,phanthihuong400@gmail.com,f156a21ca1d1d68bc59daee864b653bd17dd85414001bb350b586f5ba5a59d88
401,Nguyen Duc Hung,0914822532,544 Le Duan Street - District 6,10.768574,106.733410,nguyenduchung401@gmail.com,fb94ed63c31e800a5c50ec8f49e1fe534357503e1d25157542df705b031b9150
402,Dang Anh Linh,0901067347,460 Pasteur Street - District 1,10.751697,106.630580,danganhlinh402@gmail.com,6ac319391fe078f9851865b757b38388c3574cc43e9f8976215f74843b718c3a
403,Nguyen Ngoc Minh,0987208828,504 Dien Bien Phu Street - District 1,10.761457,106.641456,nguyenngocminh403@gmail.com,141872e6fa29c2fecdcc33693d4072337a86b1ff3aee2d9bcc67aec8624d399d
404,Huynh Tuan Hai,0770207456,512 Nam Ky Khoi Nghia Street - District 9,10.785800,106.694701,huynhtuanhai404@gmail.com,c252a9cd55c6518187c81133ea653a16e21bb086f8560061827876c81263137d
405,Hoang Thi Phuong,0989291561,696 Hai Ba Trung Street - District 3,10.732511,106.620955,hoangthiphuong405@gmail.com,2e5c7d45a85c034c9ccb0913d189a1e44257d7a250ad3b5b9044269a68820a4d
406,Tran Hoang Minh,0936938833,659 Nguyen Hue Street - District 8,10.846102,106.638954,tranhoangminh406@gmail.com,5e097f82b91e97c2a3062d3a3965b7a1320373dc984fb33f04ccc8b5319c9edc
407,Phan Duy Hai,0773013077,432 Nguyen Thi Minh Khai Street - District 3,10.793888,106.648700,phanduyhai407@gmail.com,6948c7ebd225c8d871163ff2f2588b473c49e89513b2b28ed5cfcf9eec6adfd2
408,Nguyen Duy Linh,0973451906,499 Pasteur Street - District 9,10.805900,106.623456,nguyenduylinh408@gmail.com,34be143c10bd440ccf3a51f50cbe2386cbc679ef73cf344a13528e16f3f88919
409,Vu Tuan Phuong,0901328737,648 Cach Mang Thang Tam Street - District 6,10.785216,106.608124,vutuanphuong409@gmail.com,f41f07bff7a1abed27a1a4f2fb492726abc317b8d84f4babe4b39a0fc5a6fc2a
410,Pham Tuan Long,0972705482,695 Le Duan Street - District 6,10.816087,106.644197,phamtuanlong410@gmail.com,63e8acb8f4f2f8d8e39cff7ecfee8c181071ea3d5e88736ff412cba885bc11c5
411,Phan Van Phuong,0930437772,617 Nam Ky Khoi Nghia Street - District 11,10.824023,106.663036,phanvanphuong411@gmail.com,0a23ca260d24660c44253c6d349dadcc63ae80b409a598cd15b5034aea100948
412,Huynh Duc Huong,0978325309,493 Dien Bien Phu Street - District 12,10.755294,106.660692,huynhduchuong412@gmail.com,8422abb97adf5ea3536d74f53172597a1591347ca5bb8c74188fb4cf7e6b824a
413,Hoang Van Huong,0911193002,612 Hai Ba Trung Street - District 4,10.798751,106.746194,hoangvanhuong413@gmail.com,29ca944a465c0c6e4bd811335c9b5a8322a9317869e2e72222377704e55a754e
414,Bui Anh Huong,0911164004,576 Le Duan Street - District 12,10.834343,106.602515,buianhhuong414@gmail.com,90f8207ff327fbe119bdcd457b9226e815760ce7c7ce2748085d78caaf2e46dd
415,Tran Van Lan,0931276780,624 Nam Ky Khoi Nghia Street - District 8,10.734327,106.717923,tranvanlan415@gmail.com,9e67f29af12b5829e7e027713b0d41e08e110f065c0efc2d277efa93d27ad006
416,Le Hoang Hung,0982606469,621 Tran Hung Dao Street - District 8,10.732239,106.616725,lehoanghung416@gmail.com,741d2f0d485117128c561cebe495ad87026bb03e35de99a1b96c7a8b77656d9b
417,Bui Duy Hung,0910767773,600 Le Duan Street - District 3,10.833793,106.690587,buiduyhung417@gmail.com,84ae72a4548583ffbda1d3fbd0e6c9c520c5e43915662f576f2fdb727e37aea0
418,Le Thi Minh,0983163616,677 Dien Bien Phu Street - District 9,10.823690,106.606467,lethiminh418@gmail.com,f2eb73008455dd07b50ef7b7489c91ef3c7ec715a83fc9bfc26103e021ef3009
419,Huynh Duc Minh,0978859874,595 Hai Ba Trung Street - District 6,10.833943,106.638086,huynhducminh419@gmail.com,ef236fdc5b00a91bbe72f471f38e82b6b5884cd5cd1c44d4f093b2857f5d5933
420,Bui Tuan Long,0772505326,682 Nguyen Thi Minh Khai Street - District 3,10.806809,106.657056,buituanlong420@gmail.com,9c37892dbd4fbaca9f5b1a28e644daee44d7ca01e5aaace8b024c3668beb09c3
421,Le Duy Long,0324582647,484 Hai Ba Trung Street - District 4,10.768327,106.615777,leduylong421@gmail.com,67fe3468d6cfca6c846cb7403f93ccf11c189a140ebef1bb68602bdfe60679c8
422,Dang Duy Huong,0919200675,630 Le Duan Street - District 5,10.724305,106.749690,dangduyhuong422@gmail.com,261babcbdcc4e5d49ef51e18ddc9c8edbd29cf0caf40661803edc3856c61e062
423,Dang Thi Tuan,0324637559,632 Dien Bien Phu Street - District 10,10.727330,106.655209,dangthituan423@gmail.com,8c73014a806362e79e999dd8e9307a14a07f965993fe6f1babfd1dad7d6154e3
424,Tran Khanh Hung,0901692972,544 Cach Mang Thang Tam Street - District 2,10.721982,106.624659,trankhanhhung424@gmail.com,63ea764f78b55e9d61360709672a82c911a1bf88b4c8c103bc31da865c782994
425,Pham Thi Lan,0775178004,694 Dien Bien Phu Street - District 9,10.822275,106.619904,phamthilan425@gmail.com,b1ae1b26e9c174e566e8a6fc07dd6a9a8ce51bf24c4e83f25d03db5949604f07
426,Pham Hoang Minh,0974903856,498 Hai Ba Trung Street - District 2,10.754891,106.675342,phamhoangminh426@gmail.com,9d82f478cd48050d1250907f1240ac7779314cbc457a0512ac6805eca88dbbcb
427,Hoang Thi Long,0907957337,636 Le Loi Street - District 11,10.778755,106.663050,hoangthilong427@gmail.com,ae52b1f38f4d0feb140c2f5af40a9670e4b2685b87cb883faf294aa06aaaf652
428,Pham Anh Tuan,0933516945,669 Dien Bien Phu Street - District 4,10.723904,106.681620,phamanhtuan428@gmail.com,901784d963bf8b963d142f570d4077437d47a8d7269a024ae36d53d04c6509bf
429,Bui Tuan Long,0775340014,547 Cach Mang Thang Tam Street - District 3,10.763514,106.615406,buituanlong429@gmail.com,e312e6301d789524beb19a46e34b5c4d97346bb23fd8aa277461ade034cf22bf
430,Phan Hoang Linh,0973895210,489 Nam Ky Khoi Nghia Street - District 6,10.793846,106.626422,phanhoanglinh430@gmail.com,f1f68809657e64a13daf86250260686259ef068abed23c8e4eb9adfc1995345a
431,Nguyen Khanh Hai,0323736146,454 Le Duan Street - District 3,10.789309,106.652029,nguyenkhanhhai431@gmail.com,0125e994d5ea78fcbbc47dc2395b69a2d9b371b12bcc6481054e45c6a3a9b9ad
432,Dang Tuan Lan,0977031697,649 Nam Ky Khoi Nghia Street - District 8,10.778613,106.682049,dangtuanlan432@gmail.com,77aff3a5ff148b83d0c92edce6ca82619f7dc3d83bfd140b5424ac14efc1b9c0
433,Vu Thi Minh,0916539041,669 Nam Ky Khoi Nghia Street - District 4,10.813194,106.639441,vuthiminh433@gmail.com,2be73211a7ad340070b8c5033390ca2cf3040e13cf829687938cbe0b7fd29003
434,Huynh Tuan Hai,0903350614,729 Dien Bien Phu Street - District 10,10.768992,106.603633,huynhtuanhai434@gmail.com,151fd17b02e466bb8d7cd51fc66d365e84505f0158f7a25b63ff4e67584aa6f0
435,Tran Thi Anh,0986892110,571 Nam Ky Khoi Nghia Street - District 1,10.805639,106.700814,tranthianh435@gmail.com,2d865703c9eb55a9d7433036d21256b94b8052f63cdbd356d2ea032cac6e7e2a
436,Tran Tuan Minh,0322155713,445 Hai Ba Trung Street - District 2,10.795024,106.675680,trantuanminh436@gmail.com,d1bbd8e691784ee28c87d6705fe26cccbafe02474e3c497d041fbab31c2de57e
437,Huynh Thi Tuan,0774677225,488 Le Loi Street - District 4,10.800797,106.655396,huynhthituan437@gmail.com,b763ed0b44864fa641b6584685f96bf6aa6bfd5600a5dd5f9c5c4d978ea1ee4c
438,Tran Khanh Huong,0917297430,732 Dien Bien Phu Street - District 11,10.726910,106.723940,trankhanhhuong438@gmail.com,f35377460e1b8ee9ce632e903178061c1646124343ff98aba787f1aaf583f3f3
439,Phan Duy Anh,0974760153,596 Nguyen Hue Street - District 5,10.822064,106.739950,phanduyanh439@gmail.com,0d67449cc3729ecc607b6496ef50437aa63f431d2a41c871a63591bc7ebb493c
440,Tran Duc Linh,0903359698,682 Le Loi Street - District 5,10.736506,106.629069,tranduclinh440@gmail.com,959bfb86f7019a405399ea9c60f8dadd5c23088e71aa2ba9e6658eb69c60708f
441,Vu Van Huong,0776547105,545 Tran Hung Dao Street - District 7,10.781859,106.604277,vuvanhuong441@gmail.com,13042c1eaf7d9fb77598ee543a3897e229cee5d7db01df95ccb7837972a43742
442,Nguyen Van Tuan,0919165678,583 Dien Bien Phu Street - District 7,10.845441,106.660510,nguyenvantuan442@gmail.com,ed2f8b9659135c30e021fa02b24b6908ff29e0717defec3186d9fcab479d3486
443,Hoang Duc Hung,0912351133,576 Le Loi Street - District 3,10.720263,106.640071,hoangduchung443@gmail.com,f4ae979163a5231f607b09f2bef9a3023db54ed01146c7e77fac2bdb1f2bdce2
444,Pham Van Long,0988226586,701 Nguyen Thi Minh Khai Street - District 1,10.835825,106.638804,phamvanlong444@gmail.com,90011403e914a6095cab0080dbb6af191fe4666d560d28a6c3553947c929ff32
445,Nguyen Anh Long,0976554564,482 Le Loi Street - District 1,10.773793,106.602251,nguyenanhlong445@gmail.com,10034cd7f6311b1140fab7d3f3e8d8aac758b3c97e031fe32bfe53fc3ab44fe1
446,Tran Khanh Linh,0357208833,467 Tran Hung Dao Street - District 8,10.775403,106.732177,trankhanhlinh446@gmail.com,6a9d8c29362cd15bad08f562a2918e53231aa26b7dbf895b650acdaa24030fa9
447,Phan Khanh Huong,0970519015,629 Le Duan Street - District 5,10.783210,106.614735,phankhanhhuong447@gmail.com,d88477aac41fa1ce79532a9533e5cbd250b0892808d9bdef61a222f47da09e2b
448,Huynh Duc Hung,0971709450,654 Nam Ky Khoi Nghia Street - District 2,10.730775,106.698644,huynhduchung448@gmail.com,42a3f26a8ca737bccef7fdcd357a35585bb4c88a2aeff4a03f2f30d85350ddd5
449,Hoang Duy Long,0933431535,699 Le Duan Street - District 3,10.807733,106.618154,hoangduylong449@gmail.com,24ca1e884fc0f1a7a42694530f8db54011aef26e3cbcb256158eb261297e02a0
450,Hoang Anh Lan,0985797652,735 Le Loi Street - District 8,10.720092,106.648107,hoanganhlan450@gmail.com,cd3e23e9e94fe14fbcae6c44459353ed4a1de0af2863617442bb091a04d2808e
451,Phan Hoang Minh,0983317410,582 Tran Hung Dao Street - District 4,10.812543,106.615416,phanhoangminh451@gmail.com,118cbeef7da7e176264a3c60b75b9ff294d2047ac86886958992b0008342920c
452,Huynh Anh Anh,0326235320,547 Cach Mang Thang Tam Street - District 2,10.790298,106.619999,huynhanhanh452@gmail.com,4c178550bce027e73c127f69fa9e2ddd14686d7290e78b2e18d2c44a94c2c1ad
453,Pham Tuan Linh,0985397085,500 Le Duan Street - District 8,10.836837,106.652230,phamtuanlinh453@gmail.com,8df979158015a83b552e92b6a189f4ee44451de4fb125af4da22b5718d6f135d
454,Phan Van Hung,0909748745,579 Cach Mang Thang Tam Street - District 2,10.843598,106.650822,phanvanhung454@gmail.com,04a4371011a8ae3413c42d3da12dea63625ef534b98464d64b4a51a85961f85b
455,Le Anh Hai,0985508441,621 Nguyen Thi Minh Khai Street - District 6,10.721028,106.733695,leanhhai455@gmail.com,2f4cc389b24ce5955f95b716c05a15c7093b6a5832d32b80968e93d2024d2dfb
456,Bui Minh Huong,0777059286,603 Hai Ba Trung Street - District 10,10.743404,106.742670,buiminhhuong456@gmail.com,c4a8972557c6e30142f3fa30f6c70cde900bef95b0e73aade52cf7d2a429ebda
457,Nguyen Minh Long,0324456168,598 Dien Bien Phu Street - District 4,10.723974,106.674911,nguyenminhlong457@gmail.com,0089a18af7822f6afba5f5fe86a71fda7702a95c36bd6ee8abfa6cbea58e4485
458,Bui Anh Long,0906047588,542 Dien Bien Phu Street - District 6,10.831515,106.688250,buianhlong458@gmail.com,14adb1ef91f1b8dcea69ed6a91171e00a99de5085e4b1eb9c6ff8d5cb124ebd2
459,Hoang Thi Long,0983516742,590 Nguyen Hue Street - District 1,10.786292,106.634702,hoangthilong459@gmail.com,23e90dce6edc4ee8737fdb276c3b5dcb12c9d7901335b48a86e30a1613b59c4f
460,Tran Khanh Huong,0971700404,530 Nguyen Hue Street - District 10,10.754196,106.720981,trankhanhhuong460@gmail.com,c4f31e1bb9d312f1cc3856c0d9e56be0ebacb8fa78a11361c9d67103550e1870
461,Tran Minh Linh,0937693500,703 Nguyen Thi Minh Khai Street - District 12,10.849960,106.617677,tranminhlinh461@gmail.com,ab8c229a4e5928860937164b72b41cc04d51cae19b68b3ff86a663612af7292d
462,Dang Van Hung,0908111857,714 Le Loi Street - District 2,10.800621,106.665841,dangvanhung462@gmail.com,02aaea0abe96d3f0b6aea8288cadd93ff01f7c62f78b1b9ebf82b7696df37df7
463,Dang Duc Linh,0910572965,563 Pasteur Street - District 8,10.778373,106.607772,dangduclinh463@gmail.com,74022cf4b4ebe0e10fa633fe820e40aa56fe71420f9eb60261cd68e3397f19b2
464,Hoang Hoang Linh,0973172516,565 Nguyen Hue Street - District 11,10.763597,106.742542,hoanghoanglinh464@gmail.com,bf9ee6a2b9fe321b9047250a28ad009cdb01e19ed330a718a7bcdb7ba0c6f738
465,Huynh Van Long,0980010755,486 Pasteur Street - District 3,10.729987,106.712317,huynhvanlong465@gmail.com,50b9e31b3dab9fbdc6d47043fa918de834f147ac21fbf235a78ef4a8b0e2cb87
466,Huynh Thi Hai,0902328351,492 Hai Ba Trung Street - District 2,10.772972,106.685093,huynhthihai466@gmail.com,bd627fd6b4baee754b7ad1b5be0f6e257c33b6ace37088214a67d0bc789a3d55
467,Hoang Duy Hai,0907534890,470 Le Loi Street - District 3,10.833449,106.741998,hoangduyhai467@gmail.com,1b9e779c31295b66a282f1e8c7b7a1a4a71b6c5e315dc5f3007de72fe4e42d2b
468,Bui Duy Lan,0326556775,726 Hai Ba Trung Street - District 6,10.762819,106.627251,buiduylan468@gmail.com,0f4dd517e23e38cf55039e875c64a5332f69d7bcfba3b2bd02978c20f29796f1
469,Pham Duc Anh,0973236351,665 Dien Bien Phu Street - District 10,10.749898,106.748795,phamducanh469@gmail.com,e4918ee9e75d46a3985f0921a991fbd524c5f22c05a9beccf3470475b1265863
470,Tran Anh Huong,0774381812,478 Cach Mang Thang Tam Street - District 10,10.751465,106.675623,trananhhuong470@gmail.com,9a19b1631819970c46a863337deea61405c86bad16c3d0e73532337163a0dbf8
471,Hoang Minh Hung,0938011450,601 Hai Ba Trung Street - District 12,10.803276,106.725389,hoangminhhung471@gmail.com,71cda0894eb66eb9ff3ffcd8fb5aad567140544d995ad0436eb87d170f7f557d
472,Tran Thi Long,0321736173,544 Hai Ba Trung Street - District 10,10.797974,106.685308,tranthilong472@gmail.com,c6a107b50487b29090edad975d21f06e1b1777c82b9a3ca190b17f4107fba962
473,Bui Van Huong,0973792165,526 Dien Bien Phu Street - District 2,10.767340,106.661151,buivanhuong473@gmail.com,4c8eb6b3dda9b725921e95dbde03fa2dd91207ac1a09ffa098de5580a173f2aa
474,Nguyen Anh Hung,0975400557,535 Nguyen Thi Minh Khai Street - District 8,10.844227,106.729589,nguyenanhhung474@gmail.com,e0f71e69d5c43cac0331e54980c2c6bd21fa4ed0a7cebfe265874a9f7212844d
475,Dang Van Phuong,0321385307,516 Dien Bien Phu Street - District 8,10.820771,106.717936,dangvanphuong475@gmail.com,a6c5a3fe064c8ec94d8a755b0efff00d1a91113d5457ded062cc305bd4713e99
476,Le Minh Linh,0905207489,717 Tran Hung Dao Street - District 2,10.744272,106.692755,leminhlinh476@gmail.com,b205c58f99fe1122c67ee642487d9c58dc794e045c448bfa58d8c8928f198b6f
477,Tran Thi Minh,0773222794,510 Pasteur Street - District 3,10.846639,106.733562,tranthiminh477@gmail.com,188774fd6cd66a80864237f6dd5153fd2a382ae2340c1f91189dc61103277760
478,Vu Thi Minh,0904901416,669 Tran Hung Dao Street - District 5,10.822374,106.654405,vuthiminh478@gmail.com,d89c86c250a6d0251c3193843f38af0c3eae5be9200ce674537b6621cad4f92e
479,Tran Thi Phuong,0902871986,660 Le Loi Street - District 10,10.749600,106.682148,tranthiphuong479@gmail.com,65cc46003fcf1bf713d1511f0be59d38ca7029b0200d35b514f893a258cd57f4
480,Huynh Minh Minh,0358035602,482 Le Loi Street - District 2,10.818104,106.724313,huynhminhminh480@gmail.com,60dcacf7fa659fe06eb1cf7a375470694c19e1a041858a8f26435b77967c6800
481,Huynh Khanh Minh,0772900964,727 Le Duan Street - District 7,10.833445,106.718216,huynhkhanhminh481@gmail.com,b3fd23c40d4004ee8c1ba5694c2a2b7e3718abcaf3836caa7e21b237a1b6d235
482,Vu Thi Linh,0937742050,559 Nam Ky Khoi Nghia Street - District 3,10.730925,106.679284,vuthilinh482@gmail.com,5abb1195a39d6af92c65e5be94fbfd972692ee7152bed8b0fda790580a246d7a
483,Huynh Anh Long,0325580292,517 Nguyen Hue Street - District 2,10.783080,106.605897,huynhanhlong483@gmail.com,951de4938e2768d5c74aefe6dabfd68bde6d66eebf441344a0712912e78f50d7
484,Bui Tuan Long,0356163373,722 Hai Ba Trung Street - District 5,10.848029,106.747341,buituanlong484@gmail.com,6b4058d2b7c2b0db5f2573da7a3691a741e50766fb5a17a043e616505d052e87
485,Vu Duc Huong,0902647816,560 Dien Bien Phu Street - District 11,10.768666,106.685451,vuduchuong485@gmail.com,2c5a1db4b38e30098b91d2fcce97cc14ea55c75c5662a189a2a85a35c6943621
486,Bui Khanh Huong,0321928057,685 Dien Bien Phu Street - District 10,10.797667,106.680013,buikhanhhuong486@gmail.com,c0c9abd25b85a2fc54113171967a97f41fe8fa3db37d752386f22f818a20a5f8
487,Phan Minh Anh,0906295352,611 Tran Hung Dao Street - District 7,10.825477,106.606844,phanminhanh487@gmail.com,d9bd2d8eea804435669347369ebab8107b691497fa9809e5c8bd956fae4f16bd
488,Tran Anh Hung,0980616832,533 Hai Ba Trung Street - District 3,10.755887,106.600539,trananhhung488@gmail.com,1f849404a52618a27b55f81a744855c02bb90dd8a52f3cd1fb7f1d1c6dfaa8fc
489,Tran Ngoc Long,0980581484,743 Nguyen Thi Minh Khai Street - District 10,10.831033,106.664153,tranngoclong489@gmail.com,0547878efd7fce04b64dcd3bfa8aba987ffb0b10e776a612ccf3221994cd5c71
490,Huynh Ngoc Minh,0911518571,551 Dien Bien Phu Street - District 6,10.767448,106.614374,huynhngocminh490@gmail.com,3513984f47d184a446d3d021ec126d9c92ce1d42494dae2d46777c7daad415b5
491,Nguyen Ngoc Hung,0358020562,725 Tran Hung Dao Street - District 4,10.741302,106.695194,nguyenngochung491@gmail.com,dd3e89bd6d884fa12fd6b10838136210e9cca505bbf4751ea845b869c81b02f4
492,Pham Hoang Long,0323128215,661 Nguyen Thi Minh Khai Street - District 12,10.831752,106.668540,phamhoanglong492@gmail.com,7a8028a0d5283e20aa82855027872359387c85d1a53aa87aea37a8709acc3f52
493,Phan Ngoc Long,0908705318,654 Nguyen Hue Street - District 6,10.830132,106.667940,phanngoclong493@gmail.com,2d928d7389daf758039a0bcf3e9b2c446e94498d3565e37dc4a2761b18db4225
494,Dang Minh Tuan,0352901588,777 Cach Mang Thang Tam Street - District 6,10.771838,106.698063,dangminhtuan494@gmail.com,cb42685efd8c10ad768b9d669e2f6a120aedbda725351b31c973e1d97195e327
495,Pham Tuan Hai,0932486904,531 Tran Hung Dao Street - District 1,10.730664,106.609052,phamtuanhai495@gmail.com,940284934417c441567ccc6bbd360ab731dc63f0b5b51f450ebb64d80b97109b
496,Tran Minh Phuong,0914014369,769 Nguyen Hue Street - District 10,10.808932,106.601015,tranminhphuong496@gmail.com,17b179632714a7d0bcfe5450fc59183c8528d539c3e9411be1321e41efab5fd0
497,Vu Minh Tuan,0970062058,733 Nguyen Hue Street - District 5,10.734243,106.640121,vuminhtuan497@gmail.com,379c667334ecf1647bf73c18dec07480d9ba671804c08d65415af50c9ea77490
498,Vu Anh Huong,0917588082,702 Le Loi Street - District 2,10.806645,106.638513,vuanhhuong498@gmail.com,ec00eff154f4d1c562b104cdd0636cdcde4f8810ab4d1c22d3e27e9d4696482e
499,Tran Duy Lan,0981727856,508 Nam Ky Khoi Nghia Street - District 6,10.731298,106.624119,tranduylan499@gmail.com,f9972289faca0b8df66a4fedf823b319ad45986628a01c8e4db0f7f64b4decae
500,Bui Duy Hai,0353502571,666 Dien Bien Phu Street - District 10,10.807721,106.662426,buiduyhai500@gmail.com,674ae864d05b21f7aeafa32137faf85c90fb09c3e3afb447616072da5d7287f3
501,Vu Thi Hai,0903452431,575 Hai Ba Trung Street - District 1,10.759812,106.637949,vuthihai501@gmail.com,11cbf7308afc0084a35af096f11c32754bb3d8539b9024441540e1d16c4cd23d
502,Pham Duy Tuan,0986250531,719 Cach Mang Thang Tam Street - District 5,10.732212,106.731489,phamduytuan502@gmail.com,22fbe987472457fa0d67438dddf2120d14591e043873ee61711e908d5a9220f1
503,Bui Thi Tuan,0938121119,526 Cach Mang Thang Tam Street - District 2,10.770320,106.677004,buithituan503@gmail.com,84f02864813f39d109b1057c56e839252593ec4e7ea516bd9b4e84007c2c37ce
504,Le Ngoc Hai,0352573667,506 Cach Mang Thang Tam Street - District 3,10.749127,106.736064,lengochai504@gmail.com,0ec991c374400bd055b9bc529161615717a10c823303d6c2e17e536832570082
505,Huynh Minh Phuong,0970188170,711 Nguyen Thi Minh Khai Street - District 10,10.751900,106.714177,huynhminhphuong505@gmail.com,fed02cd5216b295e8910142c648522c6ec9afae0d3974b0e307e5c0fe5d2fe0d
506,Pham Thi Linh,0355536996,535 Le Loi Street - District 3,10.793995,106.612848,phamthilinh506@gmail.com,ab3f014034abb0186f4fd766e2e776638470734a65ae11b21af17faee89af452
507,Pham Minh Phuong,0976064267,778 Cach Mang Thang Tam Street - District 12,10.841327,106.728896,phamminhphuong507@gmail.com,afe4da9aecb34878a03d61a98d72d6e08d44aaed26162b4c00351b04bb535638
508,Phan Tuan Lan,0932962069,746 Hai Ba Trung Street - District 4,10.722276,106.743498,phantuanlan508@gmail.com,ad257a89b888762e5b0788ebfc702e9b8958f38118713e3a1ea7eb4dbb2c8af8
509,Dang Hoang Hai,0910103408,697 Tran Hung Dao Street - District 11,10.827445,106.741417,danghoanghai509@gmail.com,dad062072396d6c7e172d0192ffaf2dee4eab338d6d683a0ba44e4921880f1f2
510,Nguyen Ngoc Hai,0933742676,659 Dien Bien Phu Street - District 11,10.743352,106.645337,nguyenngochai510@gmail.com,82ed01cec061c3413d8dcf9c20903650f206b4dbf60c801d9ee70b1b828f7aaa
511,Le Khanh Hai,0325583961,622 Le Duan Street - District 8,10.734904,106.683865,lekhanhhai511@gmail.com,74ea0003ecce622b6d34c6c9573b44281f4ce5635412c0e332addc0f061cdabe
512,Vu Thi Minh,0936124336,586 Hai Ba Trung Street - District 6,10.791705,106.728074,vuthiminh512@gmail.com,ddc861f5450da2dc1206bf02200fd734daf828529948d8c6995c61ee53007882
513,Nguyen Van Long,0980199799,555 Hai Ba Trung Street - District 11,10.735667,106.612312,nguyenvanlong513@gmail.com,4878d0a2335f79186425c1bfdc2bfb07c7d39cd2c8cf294f058fe0e08b123343
514,Huynh Ngoc Linh,0350873518,602 Nguyen Hue Street - District 12,10.741021,106.607825,huynhngoclinh514@gmail.com,8ce604f1dcb0021e9e74791e7a3fa93d6571fdeeae923fe2784ac02ef5785076
515,Nguyen Khanh Tuan,0980016590,573 Pasteur Street - District 2,10.803140,106.613535,nguyenkhanhtuan515@gmail.com,957360c492eb6bb9338ab60c320f52d9df3eadc4d368751a5a3a4bc12fb03927
516,Pham Khanh Minh,0914884737,615 Dien Bien Phu Street - District 10,10.843265,106.688591,phamkhanhminh516@gmail.com,a9ca4b9858b03a0c856c7be5248cf0b9663535724e696bf314beb8cb2b9265ba
517,Dang Minh Huong,0976694900,695 Cach Mang Thang Tam Street - District 3,10.752457,106.686037,dangminhhuong517@gmail.com,96c4eef9ff07b09f833173f82d2a250dcec2b111e5855f9a953eef0caa20677a
518,Huynh Thi Anh,0355180369,772 Dien Bien Phu Street - District 11,10.758237,106.741834,huynhthianh518@gmail.com,1a5e2a29915feff6d780019f77d8c5a361f953f6a89e4a8441af19188e50ec5b
519,Pham Thi Anh,0774187345,676 Le Loi Street - District 9,10.771222,106.727408,phamthianh519@gmail.com,f57ee307039a52911c4ffe0706bf7df60f28fb31dcccca9caf9a90dddd4b1ee3
520,Vu Minh Phuong,0930918902,631 Nam Ky Khoi Nghia Street - District 2,10.839822,106.736792,vuminhphuong520@gmail.com,de98eff6b80b526d2264fff30803e3f528f1cd03ff3f585b0c7b70dec4bbe7b3
521,Nguyen Khanh Minh,0907721822,653 Dien Bien Phu Street - District 6,10.848086,106.739127,nguyenkhanhminh521@gmail.com,668e60ecab0d92ca8731623a5947e7f2915d25f2c2336ef4bf78792ab15d3673
522,Nguyen Minh Huong,0777891002,540 Hai Ba Trung Street - District 2,10.812963,106.647772,nguyenminhhuong522@gmail.com,41440c1f40330d6bc21b004662e11b5c13252b82113245417fc91a950d904ce1
523,Vu Van Anh,0324000102,660 Cach Mang Thang Tam Street - District 1,10.761713,106.715574,vuvananh523@gmail.com,9be7b0b912a2a2dd3f84012a3ca8a0f3d4c8602030450736786855069fd311e1
524,Nguyen Hoang Anh,0930754715,540 Nguyen Thi Minh Khai Street - District 4,10.720499,106.689803,nguyenhoanganh524@gmail.com,fe5ee2b68b49f31212c74365a546a764a1f4e6c149faa66a0ac956a9045005b1
525,Pham Tuan Phuong,0908609736,579 Tran Hung Dao Street - District 11,10.750067,106.666137,phamtuanphuong525@gmail.com,36bd3df78d8b7f017cab7961ef8fc4d13d45f4c3bc9bef700299615823b2abdc
526,Pham Tuan Hai,0982221959,666 Nam Ky Khoi Nghia Street - District 5,10.771180,106.710733,phamtuanhai526@gmail.com,1671609d025e65e7285ccfc82cee0460d195d9326f01c1ad686f7eda5a6ea40b
527,Huynh Duy Phuong,0357737780,611 Nam Ky Khoi Nghia Street - District 4,10.799586,106.678085,huynhduyphuong527@gmail.com,0bca7017c38224fa13a20ebb81cf3980c58587010c7a9c5181a608522f43d694
528,Vu Van Lan,0909775135,586 Nam Ky Khoi Nghia Street - District 4,10.769640,106.646143,vuvanlan528@gmail.com,dda1d87c61b7e345842352ca22066053e54f8c3038552e8de13477403ac16c8a
529,Hoang Duy Phuong,0988480362,701 Le Loi Street - District 2,10.825504,106.663163,hoangduyphuong529@gmail.com,44cd52c6cd346a277edcb30242ff6e653ddc5bd2c58a6beda46e6d2109a6b3e4
530,Phan Minh Anh,0779492214,682 Le Loi Street - District 9,10.815708,106.723256,phanminhanh530@gmail.com,675791e9aa074b740e19f3cacab0d71114d64659c72c6c65f46e406bd4ea485c
531,Le Duy Hung,0903596543,575 Le Loi Street - District 4,10.818603,106.642733,leduyhung531@gmail.com,9d8dde6c480f7bd8c5a54bd2dcc86c7df9c2a7c05991f151e88f6a10dc2071db
532,Le Tuan Hung,0320382287,755 Pasteur Street - District 1,10.844221,106.681454,letuanhung532@gmail.com,929339d55f9d390ae75c1ae330e8c4f333bd0f343babf52324fbcfebb48ff039
533,Phan Anh Long,0983439384,826 Nguyen Thi Minh Khai Street - District 2,10.749774,106.614702,phananhlong533@gmail.com,8faac3e18533189a39551fe85f5f95da970db4732de44be841d7f3dbd23d1e20
534,Tran Tuan Phuong,0904613347,655 Hai Ba Trung Street - District 11,10.727515,106.609929,trantuanphuong534@gmail.com,4ad304f27a8afcfab2e938806ab85b720ccc639c2d47b3323e39058982270629
535,Hoang Duc Hai,0909946285,710 Cach Mang Thang Tam Street - District 2,10.752126,106.660502,hoangduchai535@gmail.com,19f39ea26b0265f6a3b5006a6073b2ab9b685da1e269fd8c63387b9f05577954
536,Le Duy Hung,0777745561,637 Tran Hung Dao Street - District 7,10.780924,106.687570,leduyhung536@gmail.com,a655097691424c997b45464719bfa5f3363d2562f301625539abd9faf05874ff
537,Dang Minh Hung,0354199496,788 Hai Ba Trung Street - District 11,10.760869,106.691882,dangminhhung537@gmail.com,af46e333e11ec3557276fe3978c47ab26ca490cd10f6b883f48807d9a47ba6aa
538,Nguyen Duy Long,0982749004,695 Nam Ky Khoi Nghia Street - District 4,10.836978,106.696209,nguyenduylong538@gmail.com,6ff80f745c705a86e8bf2371eed1d59f6ce28405d0fd520ce94d6bd2fc444044
539,Vu Khanh Anh,0984327876,749 Nam Ky Khoi Nghia Street - District 10,10.843946,106.655453,vukhanhanh539@gmail.com,4281ae78aa207e7d607596cb8848fa32c41ac7e3b9c792095c754ad9ad9385f9
540,Bui Thi Hung,0980649353,664 Dien Bien Phu Street - District 6,10.826570,106.666062,buithihung540@gmail.com,d194d5e048c163593a1fd78292b60f325943954fba07181abd4a2a74b2303c4f
541,Bui Anh Lan,0772057743,831 Nam Ky Khoi Nghia Street - District 8,10.841230,106.707557,buianhlan541@gmail.com,b2204ad5b12e3d1514d65f798149d6df83decbf4256dfd010a33ea741c40cb69
542,Dang Duy Phuong,0777865807,674 Nguyen Thi Minh Khai Street - District 7,10.775045,106.651351,dangduyphuong542@gmail.com,0408b871d8211e844af621f7beb040880940a1ce15564289a1d9a1a1b55ef354
543,Dang Ngoc Linh,0901290601,819 Le Loi Street - District 9,10.787220,106.743284,dangngoclinh543@gmail.com,7ab01526818193fc4ec0b13ddbca6a22da0f08df6478839efad5258c660582f2
544,Vu Duy Minh,0986794319,722 Tran Hung Dao Street - District 12,10.838139,106.624900,vuduyminh544@gmail.com,c35d2f75404163115cb72c9f60a6aea3a7b80970b862721c5f4b578abe5715d8
545,Pham Hoang Minh,0987191203,754 Dien Bien Phu Street - District 2,10.741426,106.611284,phamhoangminh545@gmail.com,44765913401fdd7ead5c9c07aea67099816043ffcb0de1d9c596e765ba87a403
546,Phan Duy Long,0931488298,814 Tran Hung Dao Street - District 8,10.766780,106.622828,phanduylong546@gmail.com,bbf6b5e838a54ff6c7b457b80f4a49368972f5bd54bedc3a3f44e6791c2efb6c
547,Le Van Lan,0916109537,556 Pasteur Street - District 1,10.752085,106.670346,levanlan547@gmail.com,a0830ecd590dcefb75b78ca573e2dc1371946619f7066c1876c0dd56cbbda930
548,Hoang Minh Linh,0911620278,607 Dien Bien Phu Street - District 10,10.801068,106.614345,hoangminhlinh548@gmail.com,9ad2fde3cfc7b12cc22c70bb65f45abdd88793fce30f61b62d2860e8fb26ad56
549,Pham Ngoc Linh,0352164441,823 Dien Bien Phu Street - District 10,10.802492,106.644684,phamngoclinh549@gmail.com,0209aac77125f13d9e81c81bea124c4a5f93fd8f93e1310d630f6d967673a522
550,Vu Tuan Anh,0358507449,550 Hai Ba Trung Street - District 6,10.752233,106.617121,vutuananh550@gmail.com,b99acf422597bb2585688d79783c1bb7853b6599d8d469382bd9f39ed84afb93
551,Huynh Thi Hai,0776235027,646 Tran Hung Dao Street - District 11,10.765066,106.662347,huynhthihai551@gmail.com,5aed0ebb2cb4cc59261ecaf52b2cc82900d9843078826d45171bba5bba731d9e
552,Bui Thi Tuan,0981033900,831 Pasteur Street - District 11,10.827061,106.725732,buithituan552@gmail.com,3aa68feb66fe73906b24fe63d09132b46ec1511eccee25faa05f12b28cd21c4e
553,Vu Hoang Hung,0775642024,693 Nam Ky Khoi Nghia Street - District 9,10.836284,106.615191,vuhoanghung553@gmail.com,6fa292c9d200d118aeba89c9202129aaea3f73ebd2a4932656f29f1e00864892
554,Bui Minh Long,0909580794,795 Nguyen Hue Street - District 8,10.842106,106.669257,buiminhlong554@gmail.com,684f503662fa4cc180fc3e4e49ae944467b78c85e2ca64e55cc0524a6c905c26
555,Bui Khanh Linh,0913379715,830 Pasteur Street - District 8,10.785826,106.609531,buikhanhlinh555@gmail.com,9bec8e76b1d964f068500938786816e45322ba480e8e8a9faba970e7c121e1c7
556,Vu Tuan Lan,0776080064,776 Le Loi Street - District 2,10.775102,106.614245,vutuanlan556@gmail.com,e4d13ac9fc171ab371a12f69cf877b0f0ad1526162f9de56dc22646bee69d216
557,Phan Van Linh,0935588515,634 Nguyen Hue Street - District 10,10.725662,106.633706,phanvanlinh557@gmail.com,e6203e119d4be4e1ee8c9b4cd55447cb6f32c1cb741e1f73d06ea3526b95fb75
558,Hoang Ngoc Lan,0918264587,598 Cach Mang Thang Tam Street - District 3,10.798170,106.630996,hoangngoclan558@gmail.com,f9d87b26306c7cdd73f54dc1b87f328732b9111092bdb809533efbd8500eb1f3
559,Vu Duy Linh,0989386200,680 Le Duan Street - District 6,10.739381,106.702561,vuduylinh559@gmail.com,4975c3b39f555f0196207cdb8638476ecbd5bb2f4406cf4a6566b15a259a04b4
560,Huynh Thi Hai,0358518302,767 Pasteur Street - District 11,10.841893,106.694348,huynhthihai560@gmail.com,87f1b23b03ff1a178d3059115557632719391848f091985d0dfcedd9948dd692
561,Phan Khanh Tuan,0770691074,661 Le Duan Street - District 10,10.848868,106.749161,phankhanhtuan561@gmail.com,133d34bfcce43bb9adb5865bb8ac510142adf21435679b8205314028b7e3b178
562,Tran Tuan Linh,0901190570,711 Cach Mang Thang Tam Street - District 10,10.810899,106.695027,trantuanlinh562@gmail.com,55b40b56ab8f2a8c024739156d489d3f58e21e2407aa7adc8f7176a185644026
563,Nguyen Thi Lan,0320137046,669 Hai Ba Trung Street - District 4,10.834334,106.670882,nguyenthilan563@gmail.com,f49c0ab8ac8f0609b9728a7d5e71fbf1e5a4e6a2769ea23c8e80fe65af3d9091
564,Bui Van Hung,0779019668,840 Nguyen Thi Minh Khai Street - District 6,10.730423,106.743978,buivanhung564@gmail.com,a0b6d8745fe4c4d131a74ee80eaf9877ed86d61329dae8ee56d3ab1eb6776cc2
565,Le Ngoc Lan,0327930777,831 Cach Mang Thang Tam Street - District 6,10.724902,106.700497,lengoclan565@gmail.com,d7f335601b338213cfc3dd80e0f0b8999f676f3bf58e508c0f757bee61818ee1
566,Huynh Duc Hung,0325685939,769 Pasteur Street - District 3,10.809282,106.660076,huynhduchung566@gmail.com,c74bb28976fb3a9e614bab8993d7e69ce258cd92a1ea0d27170dc8ade0e41b15
567,Dang Van Hai,0329424739,792 Nguyen Thi Minh Khai Street - District 8,10.840238,106.662819,dangvanhai567@gmail.com,f58eebdb9742f5a2d148dfcdc4c8c9164aa28ba8309be06599aedd23bd96db6d
568,Bui Ngoc Minh,0906046992,701 Nguyen Thi Minh Khai Street - District 10,10.757887,106.691150,buingocminh568@gmail.com,7a2702a981d4cbc4bccc315938fbf6b8639cd2e704c956fb1d59c942231d4834
569,Nguyen Thi Minh,0774008542,733 Pasteur Street - District 3,10.809259,106.744064,nguyenthiminh569@gmail.com,32dd9e2ede7c42e50e54bff380c365ac8721d1658d46b6d91c88753e39224fab
570,Bui Duc Anh,0911792804,712 Hai Ba Trung Street - District 3,10.770269,106.629288,buiducanh570@gmail.com,c6d16654698ebf2966d3f6fc12781cb1672e173651cdc4b205ec9c1397f0d81a
571,Huynh Ngoc Minh,0970654341,599 Nguyen Hue Street - District 7,10.799657,106.694161,huynhngocminh571@gmail.com,5422833dff25238d0c830558d473e7fde81fcd69e0b3d5064b858e68d6c277da
572,Vu Tuan Phuong,0982999582,812 Pasteur Street - District 9,10.756649,106.744103,vutuanphuong572@gmail.com,9eedb73c2775e88ccd528e84bf7eb04cf77087174ce16a0a06c775f8047efedc
573,Tran Minh Phuong,0914482918,684 Dien Bien Phu Street - District 9,10.831843,106.651959,tranminhphuong573@gmail.com,050f16b059958bd1afb9c05b30e87965304c77416c58790bfc4bb78e396cb39a
574,Bui Hoang Anh,0354376604,811 Nguyen Thi Minh Khai Street - District 10,10.757813,106.621789,buihoanganh574@gmail.com,360fe178e104a6aea09dcd6f38ad27676709de36341d0660d32a89fc78a16158
575,Nguyen Ngoc Lan,0352103649,592 Nam Ky Khoi Nghia Street - District 8,10.743028,106.729497,nguyenngoclan575@gmail.com,17684816423479edfd41957e2df70ecac57c67258b0f8826a371d4a9dc6fc82d
576,Vu Ngoc Anh,0973107053,747 Nguyen Hue Street - District 9,10.844481,106.613615,vungocanh576@gmail.com,69723abd6c5447f00c10982bcefab4f053c2ea6f85e4ff8336b796ab0dd020bd
577,Pham Khanh Phuong,0902329063,829 Nguyen Thi Minh Khai Street - District 2,10.841410,106.614299,phamkhanhphuong577@gmail.com,d1c82a1612bc0bff02b3a7948dd176753d26b1b22926d2d5d5307ca925418e33
578,Nguyen Anh Lan,0978668758,807 Dien Bien Phu Street - District 10,10.753974,106.664795,nguyenanhlan578@gmail.com,be330d2a38c7417271b2b8269366d7183bb36462882fc40d9555be0cb9949ee1
579,Dang Tuan Tuan,0779937212,759 Le Loi Street - District 7,10.776886,106.648058,dangtuantuan579@gmail.com,4bbb7799022874957c087d25b058a8cab2399a18c39138bccdc72abcd104ddc6
580,Dang Duc Anh,0938427851,586 Nguyen Hue Street - District 5,10.762772,106.613622,dangducanh580@gmail.com,80837dbeb909b5592342292bda486e7bb5f390fb382b3788d0cb476c76de9e62
581,Huynh Duc Hung,0358550711,668 Cach Mang Thang Tam Street - District 11,10.753363,106.615942,huynhduchung581@gmail.com,075be627fce110fc53123e7fc9a14b8018a4dbac1d0b4a7bdd9b05ba7b9df75a
582,Bui Tuan Tuan,0981060401,700 Nam Ky Khoi Nghia Street - District 3,10.767046,106.721149,buituantuan582@gmail.com,6e39f1b37bb56ffc91f85e39ec9f924f2180f1e267fd80ae75bfb935173edb6b
583,Phan Duc Lan,0358375421,748 Cach Mang Thang Tam Street - District 10,10.738565,106.733318,phanduclan583@gmail.com,3fb38e79b1b66fca04f010bb3ddddb4ffe764b877bdf1974f9bc27766f1c7c82
584,Dang Ngoc Tuan,0356178979,708 Cach Mang Thang Tam Street - District 7,10.753932,106.713780,dangngoctuan584@gmail.com,14b1eeb819d972c9815b8138693800328361486acde26d5677444456957470a5
585,Huynh Hoang Hung,0352485578,795 Pasteur Street - District 6,10.730247,106.745664,huynhhoanghung585@gmail.com,d5776d070bf6baf8e01fc91b10d7648b44ee034c912f07e01bfb4e0700df1077
586,Bui Minh Hung,0937136171,690 Nam Ky Khoi Nghia Street - District 9,10.824154,106.744684,buiminhhung586@gmail.com,898dda3a980917bcf69e49626fc2cca5524e360ea5ce60f8eff489f3926e59dc
587,Vu Minh Minh,0355022249,698 Le Loi Street - District 2,10.722943,106.663127,vuminhminh587@gmail.com,16e181fa3d9e3e5b6e1c354db62074fc421a8571bce137671e56a57c20645c6d
588,Pham Ngoc Phuong,0974879877,597 Nam Ky Khoi Nghia Street - District 11,10.741682,106.705094,phamngocphuong588@gmail.com,e80f516bbde2efbda985d62005730d32e03af4bd191ac79b9564865a60898b2a
589,Hoang Thi Minh,0356053943,821 Pasteur Street - District 8,10.726762,106.733304,hoangthiminh589@gmail.com,320a0676976dfdfa147c2faa973d7187e48c07a0af9a779ca4d8a6a54fef0175
590,Phan Ngoc Tuan,0357735648,772 Nam Ky Khoi Nghia Street - District 3,10.748303,106.743282,phanngoctuan590@gmail.com,a0505cbf552c3a8b9eb39f3f156abfb1a0e2ef9237d55bca6db74f9b5ecb5acc
591,Vu Minh Tuan,0329265764,771 Nam Ky Khoi Nghia Street - District 7,10.829318,106.714611,vuminhtuan591@gmail.com,2a0a97e21976c1d3ad12afff3d2a8f17f474da08c83e4d6044f0a6d50ed5648d
592,Dang Minh Lan,0329860509,631 Hai Ba Trung Street - District 10,10.720469,106.627248,dangminhlan592@gmail.com,19671457bc0ab097c5a7bc84265224b19110110403e1636c3a3c2e0b344b26b8
593,Phan Duc Hai,0975718194,668 Le Duan Street - District 8,10.813657,106.647869,phanduchai593@gmail.com,6d8761a583ca45fef01f31ec99fe59572c1274c7c96eb3516e523f245e1a911a
594,Bui Tuan Huong,0353675151,856 Le Loi Street - District 9,10.822324,106.617012,buituanhuong594@gmail.com,015defdba0d0a888336a8bbb9efd53435a378a30e834db08293ddeba7003d807
595,Tran Van Tuan,0938471029,801 Nam Ky Khoi Nghia Street - District 2,10.849010,106.685622,tranvantuan595@gmail.com,658f75f704ecd7adda1d687635fb4df3b15676797bd1fbda8e81428839bd246f
596,Bui Anh Minh,0329587385,710 Tran Hung Dao Street - District 10,10.742688,106.643780,buianhminh596@gmail.com,0abca416566099ea3203d4991bc4bb4e88485502c388ed261d0d706ed5bca601
597,Nguyen Tuan Anh,0324981394,874 Cach Mang Thang Tam Street - District 8,10.807308,106.677132,nguyentuananh597@gmail.com,c56858d43d47d54360676d505a5556f5660cb04348f36e2b4888208195c2e6d5
598,Dang Van Lan,0326241044,625 Le Loi Street - District 6,10.834686,106.626237,dangvanlan598@gmail.com,4b5b3398d3d4824e715f5740a6e653a1ea9f975e915e295b77ac5a67718de624
599,Vu Minh Hai,0973228865,850 Le Loi Street - District 1,10.776770,106.621972,vuminhhai599@gmail.com,a87ea0552f9a740df740948e7e1f3fdb469b4d4bb7bbf9294af837640c4fce76
600,Bui Minh Huong,0913190599,644 Dien Bien Phu Street - District 2,10.744947,106.638714,buiminhhuong600@gmail.com,2c5da44f990f0f7d516eca19a2ef30fcfab6cf0d430a4b65ae6ff2dfb41b14c3
601,Le Khanh Tuan,0935196108,619 Nguyen Hue Street - District 10,10.754352,106.646703,lekhanhtuan601@gmail.com,2fda104b51f18bf82b45222c20f59676f4cf1f1cd346f6c02f6e284d03190d8b
602,Huynh Van Phuong,0937502061,657 Nguyen Hue Street - District 6,10.754627,106.682072,huynhvanphuong602@gmail.com,f3d86ee8afe01e93d4d0a92a8a347dd45ce7da45a43c01c02c250db3b507fcb7
603,Hoang Hoang Minh,0902703694,702 Dien Bien Phu Street - District 6,10.721580,106.727228,hoanghoangminh603@gmail.com,cfe416ffdc9c394da5f306a5359c4772258d506eb930a7744040e42a11b3931b
604,Huynh Van Tuan,0324649044,859 Dien Bien Phu Street - District 8,10.747060,106.745807,huynhvantuan604@gmail.com,7add3e5522edd07971f160ff8e263519140c290556eea143e8cf7ea0a7ce5040
605,Huynh Duc Hai,0771122550,678 Cach Mang Thang Tam Street - District 4,10.733173,106.724104,huynhduchai605@gmail.com,db8f913f7808511fece3b1956cc61a130e48911a66fe2768a6c71079c4a2642e
606,Nguyen Duy Anh,0909365945,897 Nam Ky Khoi Nghia Street - District 11,10.726581,106.739062,nguyenduyanh606@gmail.com,6a799cc2292a2406d77c2b6eb6fb82f75a965d863c512f08a4c38467e139bef3
607,Bui Duy Huong,0772765633,882 Nguyen Thi Minh Khai Street - District 6,10.774927,106.719317,buiduyhuong607@gmail.com,66fc7aa878222d0095328533bcfeeb7e3224aaa2532be7dcfccd174f2922e9ca
608,Bui Anh Linh,0352856845,861 Dien Bien Phu Street - District 5,10.820009,106.609019,buianhlinh608@gmail.com,758e1a3bdab8aea5a4b3c5b2d9b24108e079fa76fa74f7d2d14e971e8a22185e
609,Tran Anh Anh,0902749124,640 Nguyen Hue Street - District 2,10.806621,106.740845,trananhanh609@gmail.com,f4a216eecdd9aa137addccbead36df28d0f1a0d17e69ff9f7fc46a3b8e3a6f3c
610,Hoang Duc Minh,0906326323,668 Nam Ky Khoi Nghia Street - District 7,10.836340,106.707485,hoangducminh610@gmail.com,d98105fc07ca11b2786e2491936a30f12e9be876d4a6ed4e4c4391290f66b6dc
611,Bui Tuan Huong,0911495648,737 Tran Hung Dao Street - District 7,10.777152,106.735693,buituanhuong611@gmail.com,67d4083c10d5a0994e61fa1a77e99a44a9cbd0cc544eb788c41a24f4838e81cb
612,Hoang Duc Lan,0976442944,629 Le Loi Street - District 5,10.771561,106.610359,hoangduclan612@gmail.com,7de6d129b87378e39062163b68e5c7d9cde3d9e1f202fea624382742a7d824e5
613,Bui Hoang Hung,0986203404,697 Cach Mang Thang Tam Street - District 7,10.822750,106.703003,buihoanghung613@gmail.com,14e8381339efd19148999e6ea4691239a92efa45a5cdeddcd461aac9841c3288
614,Bui Minh Huong,0774436154,815 Hai Ba Trung Street - District 7,10.743928,106.740149,buiminhhuong614@gmail.com,2d1df784f04657e014780e0558d6f158ab6b5f92b425bf8f0b194676f5b952d8
615,Nguyen Duc Tuan,0981137936,769 Tran Hung Dao Street - District 9,10.734940,106.676341,nguyenductuan615@gmail.com,d19e21fe30bd597f75f098b8a85ed468261f91188750b890a28d2530b37dd02d
616,Vu Thi Tuan,0916701147,734 Nam Ky Khoi Nghia Street - District 9,10.830759,106.688726,vuthituan616@gmail.com,87a835c5a40a7a00e078051d61d8bac958c2b323bf4662a93a52604262994e24
617,Pham Hoang Huong,0901263173,697 Pasteur Street - District 6,10.832962,106.748328,phamhoanghuong617@gmail.com,26e0a34b0c5c11ef83e17878cf7ef8b2ee85af3f2e05d11036dc8c1c23dfa18c
618,Tran Thi Linh,0910620620,790 Nam Ky Khoi Nghia Street - District 9,10.740644,106.686062,tranthilinh618@gmail.com,b3f61e8fe3daf9f9d76e7674694eafa3267fed29a00257908d65839d0a53c657
619,Le Minh Lan,0989797462,876 Nguyen Thi Minh Khai Street - District 7,10.725550,106.611357,leminhlan619@gmail.com,6aed6f11a930fd06eeaa2003ccc152921887dc6b900f4b9dff927809c57f0e5e
620,Tran Tuan Phuong,0986015466,740 Le Loi Street - District 3,10.745007,106.660887,trantuanphuong620@gmail.com,04ef1764f6cf7894d07026224b15c2cbc399adbbc2add84ef02578a10625b3cb
621,Hoang Duc Long,0779782659,886 Cach Mang Thang Tam Street - District 12,10.849350,106.645372,hoangduclong621@gmail.com,983a30685caf22f98c5c34ea46aa369f168b10e4de48fd430fc451a75f6ca6ba
622,Hoang Tuan Lan,0988280581,696 Pasteur Street - District 2,10.750233,106.690869,hoangtuanlan622@gmail.com,64b57da382f5942db77f754704acf03ea32b5bc253fee3a7e43262de377e4002
623,Hoang Duy Phuong,0320665945,626 Dien Bien Phu Street - District 10,10.845871,106.717373,hoangduyphuong623@gmail.com,f29c828a77213d18db71c551a03787dd07057a16f7ff0b69cf112bb6d0ca9842
624,Bui Duc Anh,0323912605,848 Pasteur Street - District 11,10.845941,106.743218,buiducanh624@gmail.com,bdeb8a43958f815df1e9d6227cfa02943c97ad93bacd726e557feb207e5b95ec
625,Nguyen Hoang Hung,0971252731,741 Tran Hung Dao Street - District 8,10.775600,106.617648,nguyenhoanghung625@gmail.com,5944d4a78c815e0fbd5988a5c4f0be4ed402887e563b34d34c01e299b3467ae8
626,Bui Tuan Huong,0772204836,709 Tran Hung Dao Street - District 11,10.846646,106.611436,buituanhuong626@gmail.com,e647caeae3a9ba829cafb466ec6c925e3b3ef9e462cee461760193617f5f589e
627,Nguyen Khanh Long,0918332381,722 Le Duan Street - District 4,10.756879,106.744583,nguyenkhanhlong627@gmail.com,8ab0f19278dca90ce4c349e97f233b5c8e299faa995885b837be5059175d69da
628,Pham Ngoc Hai,0321933631,650 Pasteur Street - District 12,10.742818,106.710346,phamngochai628@gmail.com,60f07fa9841b97c935df52c0e65e6715c1dd1681895153563774ec98c7d410d4
629,Dang Khanh Hai,0910970244,902 Tran Hung Dao Street - District 1,10.728287,106.663333,dangkhanhhai629@gmail.com,bfe5435a80eed262cfbcd2f9ec2d798ff7faaf0b4d9aa0533e85878d95ad7db1
630,Bui Duc Hai,0774869637,777 Dien Bien Phu Street - District 7,10.783352,106.749460,buiduchai630@gmail.com,d4f427b9c6a6f725afab920218c246961c137137f4f08698b68b115f0dcab0e1
631,Phan Duy Linh,0981317705,798 Nam Ky Khoi Nghia Street - District 9,10.746594,106.703625,phanduylinh631@gmail.com,80b2f3169692ffce5b87426a9797fd9b1d828c158644927196684c4d8beef586
632,Vu Van Huong,0900682175,923 Cach Mang Thang Tam Street - District 10,10.824621,106.664321,vuvanhuong632@gmail.com,9800c2e82b9d4185fd34998f87e6fcc02770c549e4cc9e91db92880657c4bb01
633,Dang Van Hung,0935744403,907 Cach Mang Thang Tam Street - District 3,10.827883,106.678521,dangvanhung633@gmail.com,93288f9551129fdd07af9de5dba258fa98f075a60a25dfe1226d57a9d4b079c4
634,Nguyen Duc Hung,0323598119,749 Le Duan Street - District 6,10.741663,106.746481,nguyenduchung634@gmail.com,99fd2f93e6406dc8b209ef11d70eecbcc5ad90413558b6a51b2670ff6fbce559
635,Tran Khanh Minh,0986451617,664 Le Loi Street - District 8,10.807115,106.749080,trankhanhminh635@gmail.com,4cc1de77809c179cd8e249ebed00843f8d20d82eb3a73bb1d76e6da99806b1d7
636,Bui Ngoc Huong,0321532073,667 Le Duan Street - District 4,10.734587,106.725455,buingochuong636@gmail.com,09a060297e6bba408c166e5878fb58d26eee577cee30626a16356c88b04fe415
637,Hoang Anh Phuong,0906553406,766 Le Duan Street - District 1,10.741341,106.729534,hoanganhphuong637@gmail.com,3fca89ec841faee15ebeb9f06a5ee073578be96c3c2c685cceb802ec2c7edf26
638,Le Ngoc Tuan,0906720038,777 Le Loi Street - District 7,10.728027,106.720204,lengoctuan638@gmail.com,7a5701bc074669b585ea96225e80006a4e8c3b94fd77cb5243a1d3ca5b820111
639,Dang Thi Anh,0935718283,692 Dien Bien Phu Street - District 2,10.753819,106.673844,dangthianh639@gmail.com,08defc4b00a68db644cd2d6668de0d738eb453d06d9a09ed48e077421548c636
640,Le Tuan Phuong,0904995501,831 Cach Mang Thang Tam Street - District 3,10.843388,106.743452,letuanphuong640@gmail.com,743111cd4a60d5d6370077ece0bb5db8a235198ba006c336781f96535e5b8ec1
641,Phan Duy Huong,0976755641,855 Nguyen Thi Minh Khai Street - District 11,10.720563,106.707292,phanduyhuong641@gmail.com,3f94d28990cc2cb8cca64e795116fe4cd8219d01176406d8b8d4e559f6379dcb
642,Huynh Khanh Phuong,0909429952,745 Cach Mang Thang Tam Street - District 10,10.762762,106.659484,huynhkhanhphuong642@gmail.com,1871cd9c02ed54827e0e521e332f194d7b1d8a061f2b0cc52d79be56c849e506
643,Dang Tuan Hai,0327185484,794 Le Duan Street - District 1,10.807321,106.666131,dangtuanhai643@gmail.com,b8f7799589b80c4bb5ca4521076cd5cdc5d1a295306fef12edefc25c6c4c1f19
644,Bui Ngoc Hung,0984558102,655 Pasteur Street - District 5,10.819653,106.714979,buingochung644@gmail.com,363c27bcbef94f2dc2dcd389fa0273310d7121ab2a6889053dfb4e7b3b0b058d
645,Phan Minh Anh,0976363355,923 Le Loi Street - District 9,10.843608,106.734263,phanminhanh645@gmail.com,e43eaed4685862982c6d0779190024507d76db0143e45b86545c82fc1e496d4d
646,Le Duc Anh,0988971348,870 Nguyen Hue Street - District 10,10.785178,106.732874,leducanh646@gmail.com,a2f3dd3b74d1a16c70fdb0f9b3924b90d3efe81dc0132fcb738bf02b76e2e24e
647,Nguyen Hoang Tuan,0359549259,874 Dien Bien Phu Street - District 1,10.791258,106.668365,nguyenhoangtuan647@gmail.com,74796b7e5cf076d9aba9b50decbd36929ca8c42fd6035129dcc24cf216d6a81e
648,Huynh Van Anh,0986822099,810 Tran Hung Dao Street - District 6,10.739055,106.681287,huynhvananh648@gmail.com,3bbb1aef1893561f9040373fa9d47a9ae1ae215d6c6b32348542016a81f7b463
649,Dang Khanh Phuong,0902470168,944 Pasteur Street - District 1,10.787965,106.731988,dangkhanhphuong649@gmail.com,fec737a4f98bbd1498262ba42b2e3890188c315c1d1f22edab7a8f9d7b391478
650,Phan Duc Anh,0915906781,718 Dien Bien Phu Street - District 2,10.792558,106.703112,phanducanh650@gmail.com,39b394568377af7c5fcc0499cad9a6dc66fbdacc6b18472a4864837373d2f3ce
651,Le Ngoc Tuan,0978166797,685 Le Loi Street - District 2,10.811508,106.664716,lengoctuan651@gmail.com,900768cb6e9e258ef3bdfc00549f0f5ca039ccdab8156952340cd15ee2cd84e8
652,Phan Thi Tuan,0985276784,839 Le Duan Street - District 5,10.845678,106.717036,phanthituan652@gmail.com,6a40a6128a9b81344b26106a2478449af3853c0613de3e4cca58db42c599486e
653,Huynh Hoang Minh,0989951367,902 Nguyen Hue Street - District 7,10.807729,106.744697,huynhhoangminh653@gmail.com,273bda35efb7281b8be7a8453873446181ce394d52ffe409c3bc1e2d724a9b31
654,Hoang Minh Anh,0357294331,941 Pasteur Street - District 11,10.722955,106.727443,hoangminhanh654@gmail.com,a5ca67e9eedbd6ce9b53d07d73003e7bbad258cfb35c017ad8b714c81e3c3fc3
655,Hoang Duy Tuan,0918302390,856 Dien Bien Phu Street - District 7,10.724916,106.661552,hoangduytuan655@gmail.com,311d69b6c6715b2c339c6b5831fd901c36a4138795e1135a1fbe27729b6cf655
656,Pham Duy Phuong,0917508125,770 Hai Ba Trung Street - District 6,10.791863,106.608950,phamduyphuong656@gmail.com,4127322ff57c7eecb70bd57bd56cbf8ef2ac1fe72dec9b20e131b2b6212da877
657,Huynh Duy Linh,0986270173,793 Nguyen Thi Minh Khai Street - District 7,10.849026,106.652022,huynhduylinh657@gmail.com,3a3ca692c30d464e6b29e3deb9dd5315fbc9219ca9daab477a63f6a72db567f0
658,Hoang Khanh Phuong,0354984809,769 Le Loi Street - District 4,10.794268,106.611134,hoangkhanhphuong658@gmail.com,b7fd1d1802ba411a2770a0779188777d3c504e18db4a8383ed8341fefacca137
659,Huynh Ngoc Hai,0939717390,916 Le Duan Street - District 3,10.808115,106.662534,huynhngochai659@gmail.com,a01014f22c8ebc22a3bad4b46323357fbfa1686f9d92f6e6ba10cd316987c3ac
660,Dang Thi Tuan,0776908709,805 Pasteur Street - District 8,10.775245,106.660426,dangthituan660@gmail.com,9a577d1f0e0a4560626125c0e50611a599ce3fd411408eda82abbb812cd010bd
661,Phan Minh Phuong,0350767087,715 Dien Bien Phu Street - District 9,10.750502,106.641309,phanminhphuong661@gmail.com,a309abe279ad5e18b44550c26a96f40bb0f65c8e064d2ca9d72ce9594446cba5
662,Tran Duy Huong,0900921991,936 Hai Ba Trung Street - District 11,10.834551,106.619088,tranduyhuong662@gmail.com,235e8b115798d1db3c982f7cc45376a7c1b05a72fc463c93b2845d8eaa339fa9
663,Bui Ngoc Long,0939489016,709 Nguyen Thi Minh Khai Street - District 11,10.739525,106.677650,buingoclong663@gmail.com,a21210d12c6bba51a84fe3b10513d18f07720ca4ecb53f8fd51c5477201d2b91
664,Huynh Van Anh,0774630903,867 Dien Bien Phu Street - District 4,10.784208,106.745739,huynhvananh664@gmail.com,cffe42881baaf731f063689de4e3bee8369e3f1d01ca7c830d689c5bacd0db75
665,Hoang Tuan Tuan,0933687219,880 Le Duan Street - District 7,10.738234,106.697549,hoangtuantuan665@gmail.com,c956ccd71c7d5be8ca510558b572c365a406414c97bccc148ff15787e30a9047
666,Huynh Duc Minh,0984082000,903 Tran Hung Dao Street - District 1,10.811028,106.687930,huynhducminh666@gmail.com,f7075fcd54be87251ba3895030d7df1d50c91527490bb4989f36ad3c32b0a5c3
667,Nguyen Khanh Huong,0931257851,845 Tran Hung Dao Street - District 5,10.800130,106.692920,nguyenkhanhhuong667@gmail.com,77194f32bc038f40ca1c40d698a017936528479c61f866291ca64eb52304d341
668,Phan Duy Long,0972142240,938 Cach Mang Thang Tam Street - District 8,10.825445,106.624982,phanduylong668@gmail.com,cecb27f947f5de50df55a2e1a2eb8072e1eb3fcc32bee82d69abf004826e9c8c
669,Bui Minh Tuan,0938868286,768 Dien Bien Phu Street - District 1,10.806883,106.706418,buiminhtuan669@gmail.com,85b67575b791b03714f84134f97831896870882f3de7ba398326115fa8d204e4
670,Hoang Duy Hung,0772028772,771 Dien Bien Phu Street - District 2,10.767765,106.618445,hoangduyhung670@gmail.com,0ddccdd6eee121c2b7495623de3e5a37a3ee7dd464c8b129b37ca0e4d1d770ed
671,Vu Khanh Long,0983654588,768 Dien Bien Phu Street - District 5,10.781098,106.715030,vukhanhlong671@gmail.com,ad9278569e02e98d2f8955d18a185aaaae8ccbcda35e75d9bd6faa2897b5771b
672,Le Minh Linh,0320893517,747 Le Loi Street - District 12,10.749859,106.668354,leminhlinh672@gmail.com,25e2225423579d777bd9bb372d9b965989e2627bc46ff0f032c38224380b5982
673,Pham Thi Hung,0913922503,952 Le Duan Street - District 8,10.731434,106.703459,phamthihung673@gmail.com,24e0fa537a3318fcb8521e72b5297b477a63c440be4736f2107aa9168ba72c3f
674,Dang Duc Hai,0932947198,877 Tran Hung Dao Street - District 12,10.754462,106.715763,dangduchai674@gmail.com,d2acc38fa6e25a175021c5a26e0cb8218d015852a917b15f5ea4701dce056ef6
675,Phan Tuan Huong,0972494849,848 Dien Bien Phu Street - District 6,10.828846,106.742671,phantuanhuong675@gmail.com,05be3f0a55b1fc3fa34cc22e29f5be9c6d3de3b97b452618daa0bf663fcded74
676,Phan Duc Long,0775913036,789 Le Duan Street - District 7,10.795490,106.675951,phanduclong676@gmail.com,0ad1ecef1f2c1ba996e7d5edf8203966c03eb0292254b69380a097368ebcf792
677,Huynh Thi Phuong,0978747297,827 Cach Mang Thang Tam Street - District 9,10.796359,106.689886,huynhthiphuong677@gmail.com,9acfcf5552794f3aafa780ba60d4d9ba1608933ce5ecdd14ffdfc3912c17b06a
678,Hoang Minh Hai,0322683390,740 Le Duan Street - District 3,10.841331,106.732153,hoangminhhai678@gmail.com,9c00e6002f9149bac57b6199df443c607f69840d3ae31b42224581c0c7ea1b01
679,Tran Ngoc Lan,0350848943,770 Nguyen Thi Minh Khai Street - District 9,10.820628,106.703825,tranngoclan679@gmail.com,5fd650fb36142fe1d6fc475ff03e37648e4cbe09e81b18e0c75d4c9e35211211
680,Vu Ngoc Huong,0916095627,778 Nguyen Thi Minh Khai Street - District 1,10.748699,106.666672,vungochuong680@gmail.com,340eea44e4b65c51a6fa72bfdf6b1136f50cdb5849f49cea5dc27015fdb2d7ee
681,Vu Anh Huong,0904187716,708 Le Duan Street - District 2,10.761527,106.673036,vuanhhuong681@gmail.com,d60ed2187e497cfa29398e5dc3b58d8df50a407e2d8c424c88210e669c284da0
682,Huynh Hoang Anh,0351035743,873 Pasteur Street - District 7,10.827512,106.704835,huynhhoanganh682@gmail.com,c09f122263cd408814980189d5cc1627b5a71d6c83ea371f510fa6d58dce9bcf
683,Pham Duy Anh,0902800844,712 Nam Ky Khoi Nghia Street - District 4,10.746240,106.735758,phamduyanh683@gmail.com,4c652c65f26e1f2875fea2ecc6543261fe40958154108504428afb742f452ab7
684,Pham Hoang Hai,0936709015,864 Pasteur Street - District 5,10.727317,106.647392,phamhoanghai684@gmail.com,3657e744cb56d19a3f13df59adb48f71167c4f2e10e4bd400a2abff70e3a6174
685,Huynh Minh Tuan,0323303364,833 Nguyen Hue Street - District 4,10.726716,106.726971,huynhminhtuan685@gmail.com,74a0184af52c024890ccb173c53d3f048b28c56ec0ce27e9f30777d8eab5a98c
686,Hoang Van Lan,0320731585,939 Nguyen Thi Minh Khai Street - District 3,10.843000,106.718665,hoangvanlan686@gmail.com,d00de4fb545915ffeb756ca41044a5e6d46d3e11ea5b68059092e5ae8486303a
687,Huynh Duy Hai,0770999804,972 Tran Hung Dao Street - District 7,10.833912,106.721982,huynhduyhai687@gmail.com,fa8aafcd6992447b39f22cd6fe81f0dabe7f5eb5b4a1b70bf3965eafb6bccb62
688,Bui Thi Lan,0983144349,818 Nguyen Hue Street - District 4,10.771958,106.611023,buithilan688@gmail.com,c690b3c14924d4f9ac027c02993e5a517fb699ff9bed0e8a2a8817541e337d80
689,Bui Hoang Huong,0351000791,921 Le Duan Street - District 1,10.829045,106.606244,buihoanghuong689@gmail.com,107385e3d8d24f338cae4d2961e726e6c5f9ce1a9c1423ac59e3561b9a5754c2
690,Pham Duy Huong,0974623967,869 Le Loi Street - District 11,10.826526,106.711105,phamduyhuong690@gmail.com,698c0a17807e27873e13c25d833e3e91280b1bb6caa3635b6f4095760374f817
691,Tran Duc Hai,0982920455,824 Dien Bien Phu Street - District 9,10.840995,106.737943,tranduchai691@gmail.com,7e51e459bc3c91dcd4a8078204c4e5f9815a7cc3331e20f4ec01bc7f94ef470a
692,Hoang Minh Hai,0905175276,934 Nam Ky Khoi Nghia Street - District 8,10.754219,106.699597,hoangminhhai692@gmail.com,e416918281950dbd75c8ac7803afd740b5ac0102f6294dfc893465c4cee2e7fd
693,Bui Duc Long,0352735442,826 Nam Ky Khoi Nghia Street - District 2,10.770178,106.733320,buiduclong693@gmail.com,8f339a826e63fa0902925cc87d690ae9cf3e08a5ac717653d8feb123567dcb39
694,Nguyen Khanh Linh,0970736153,862 Dien Bien Phu Street - District 5,10.794380,106.724332,nguyenkhanhlinh694@gmail.com,e5ad4680d227b17359fa5b80c42edce23456ef2f7dd437b04d9df7548fce2556
695,Le Thi Anh,0357029456,942 Dien Bien Phu Street - District 7,10.822509,106.644691,lethianh695@gmail.com,1091871546dbac0ca247fc321273dc9539c5874fd4133cb8ad56106bc36e3e5a
696,Pham Khanh Phuong,0917075952,760 Nguyen Hue Street - District 4,10.842970,106.606008,phamkhanhphuong696@gmail.com,ddc4df800d18bbe803e22c26378b0cf3766602ab09cf0c6101cfbe9c142e8e01
697,Vu Thi Hai,0989661995,825 Dien Bien Phu Street - District 1,10.722617,106.717682,vuthihai697@gmail.com,129e03147fe7517d84362c19c5ef0c0dd1227cb1fd1799083f35665f50d97b4a
698,Hoang Ngoc Phuong,0771979243,927 Nam Ky Khoi Nghia Street - District 7,10.727601,106.696892,hoangngocphuong698@gmail.com,67d8907536be43d65dcc7ea55e50dad0fdfb9e69d2f30b35b1fa48735ca466bf
699,Pham Tuan Long,0354934622,785 Nguyen Thi Minh Khai Street - District 7,10.783150,106.707292,phamtuanlong699@gmail.com,833b3c8677e2c88771a23627525614a3c213c4a450f93596a9c97cbf159cf7a8
700,Nguyen Duy Huong,0938858934,755 Nam Ky Khoi Nghia Street - District 1,10.722461,106.625541,nguyenduyhuong700@gmail.com,e84e449b95f1846e87c706c42e007f089738503533f3d5f426f17e281fc673be
701,Phan Van Tuan,0909646328,914 Nguyen Hue Street - District 4,10.776940,106.602114,phanvantuan701@gmail.com,f7343632ec0789b7cf3c560fea6ed50582e927844eae6a50efc3ee0eb2af95f2
702,Nguyen Hoang Huong,0358814194,806 Cach Mang Thang Tam Street - District 7,10.757535,106.724765,nguyenhoanghuong702@gmail.com,b251a6565a9cb02d1c673748bf6dca81657071f41c601f5aa0d648bca050d643
703,Nguyen Minh Long,0907103575,968 Cach Mang Thang Tam Street - District 10,10.810835,106.652234,nguyenminhlong703@gmail.com,5c69145d4f040a7161de636a3a714e52951460c651b91c33fee12efa1879ab1a
704,Vu Van Hai,0900699374,751 Le Duan Street - District 7,10.728425,106.655828,vuvanhai704@gmail.com,9a4236001f65724315b63e701504c61e4bba23504051ca3ac707688495da91f5
705,Huynh Tuan Tuan,0935259757,740 Dien Bien Phu Street - District 2,10.804307,106.619175,huynhtuantuan705@gmail.com,4010acd6703b9156275aa8037791611a627a0f94acc17ce0930fab52dd39525c
706,Bui Van Linh,0918072685,918 Le Loi Street - District 8,10.802187,106.659240,buivanlinh706@gmail.com,89edc0d9444a1278d2e7184a6c60df3e9bf8ef4469300be7a6f40794dbde4f1d
707,Le Anh Hai,0776936959,986 Cach Mang Thang Tam Street - District 1,10.722380,106.615593,leanhhai707@gmail.com,6a333b222bfb95702b5332cfba33ce5d682aaa030e2ec25915394ef737b07855
708,Nguyen Hoang Huong,0914057699,884 Nguyen Thi Minh Khai Street - District 7,10.820926,106.681352,nguyenhoanghuong708@gmail.com,6bb8e30aa13c885d6a39d0610a810251c448413e978917cb7e29fc1b2a0c354d
709,Bui Hoang Hai,0931648993,909 Nguyen Hue Street - District 12,10.821074,106.678366,buihoanghai709@gmail.com,ea32306bd195809c6ff5b4ee31c3b3de346a167acc91497cb7e8a35a8f2b348d
710,Huynh Hoang Hung,0989949880,720 Nam Ky Khoi Nghia Street - District 10,10.788346,106.646464,huynhhoanghung710@gmail.com,747e1edd422025e80485eb8a481fce423f15042f6d3355b3437d5a9ac6e59d3c
711,Phan Khanh Anh,0774525116,823 Nguyen Hue Street - District 2,10.754385,106.721213,phankhanhanh711@gmail.com,a96eb7627931219ae6bdcaca817a759b8d56b50dc3f944b2aca2ed825d25fff7
712,Le Anh Huong,0778152452,958 Tran Hung Dao Street - District 10,10.755135,106.616145,leanhhuong712@gmail.com,7ece0aea5d146a929867ae8c02327e107eb6ccc2f6287b2eaebd35cc738dd84e
713,Pham Duy Hung,0327085768,978 Pasteur Street - District 1,10.804847,106.692015,phamduyhung713@gmail.com,173485a1a00b15b1bb22e2bdbcae90315d364619a178aac4cedcfdbe52479e5d
714,Vu Duc Huong,0937478226,829 Le Duan Street - District 2,10.806947,106.651067,vuduchuong714@gmail.com,9ee8d6da8a7256eec93cd7f3eb31b94a17d2a10fe12ee85cf313788ab7e1c684
715,Le Ngoc Hung,0328549651,805 Tran Hung Dao Street - District 12,10.834918,106.715658,lengochung715@gmail.com,600012429dbad3b69e40339d50a6bdb534b8ce62e27c3f8551af2d29cfc942db
716,Huynh Van Huong,0918906462,927 Tran Hung Dao Street - District 12,10.813754,106.715802,huynhvanhuong716@gmail.com,27cce47682d9c2bfe4a9c993b0aa46f8007df37530d785081ece1384db64eb3e
717,Tran Tuan Lan,0987602489,857 Le Duan Street - District 4,10.763824,106.635358,trantuanlan717@gmail.com,cb5d022315bf00fa201b50f59be5b819163cf35a56b77e13b355c824cc8a5794
718,Huynh Duc Minh,0779400663,899 Le Loi Street - District 9,10.841616,106.643727,huynhducminh718@gmail.com,99626101f76151036a8d3e6949eb7614fe79382df7c23f75b0fa832d1c5f9dea
719,Le Duc Hai,0771662251,735 Nguyen Thi Minh Khai Street - District 5,10.814091,106.674191,leduchai719@gmail.com,7310fc661695e83a9a3b8756622724e50f78fb1cf191c0a8e52efdf82e75b3c9
720,Dang Thi Long,0902694430,877 Cach Mang Thang Tam Street - District 8,10.807307,106.657456,dangthilong720@gmail.com,6babc88b3514c60d236fc4d72070bb1818c0c08adf36cdf8351b299bb8c160c0
721,Huynh Minh Tuan,0777161577,966 Pasteur Street - District 1,10.723741,106.623856,huynhminhtuan721@gmail.com,e5e096fc0e60a46c5ec61b81ec47dcb0ae68059f466ad02e573390ba7ea5b1bf
722,Tran Thi Tuan,0901912454,1005 Hai Ba Trung Street - District 8,10.782876,106.620078,tranthituan722@gmail.com,459db8d4595e5b1fe344ca8a1280b142df31b734a3175b20017a5e8bb6fe08b9
723,Huynh Minh Lan,0778635208,734 Pasteur Street - District 10,10.814098,106.679542,huynhminhlan723@gmail.com,deb7b61c8b5fe5a614ca4eb3999bef9d7112fc860ce33f030ac5be230bb4b114
724,Hoang Duy Hai,0778600339,940 Tran Hung Dao Street - District 9,10.800994,106.673828,hoangduyhai724@gmail.com,5ff5b77add9da0239a1f5f4956f9fc2286275219ee61989dfef5c2d4fe115bf6
725,Bui Van Minh,0981350062,1019 Nguyen Hue Street - District 11,10.849282,106.728232,buivanminh725@gmail.com,12621f0f8e10fcac6c79c8a02242cdafb5634c57fb130e67d44173b17d25cbe8
726,Huynh Ngoc Lan,0906513596,950 Le Duan Street - District 10,10.822954,106.705825,huynhngoclan726@gmail.com,6b9590d206b0eb551ba186b1efb0e14d8cb081bf8e27889ba5658e97dd1da51c
727,Phan Thi Long,0916750289,869 Nguyen Thi Minh Khai Street - District 6,10.761815,106.712724,phanthilong727@gmail.com,26717908639b06ac2a6853840efdbf100416afd1cca976bd131a75d2a3f31987
728,Dang Anh Huong,0777313065,810 Le Loi Street - District 3,10.819326,106.665005,danganhhuong728@gmail.com,62119927b404c7b7b4176aac4784f457b6f425d00c7e33fa2b8f665450aac608
729,Tran Ngoc Huong,0971912828,991 Nguyen Thi Minh Khai Street - District 2,10.779262,106.735250,tranngochuong729@gmail.com,5c7cdfa5d3b663c6448a8b69da84d55baa221eaf4803a043544a370c7f9883a9
730,Le Hoang Anh,0905699189,746 Nguyen Hue Street - District 7,10.798677,106.740461,lehoanganh730@gmail.com,eedbf667944cc12fda63686edb1ea37871e82d83ba5e2ae24096873fa231cef7
731,Bui Hoang Linh,0771331402,760 Pasteur Street - District 5,10.799541,106.682645,buihoanglinh731@gmail.com,4bdae39959eb1219539b26b2c3d309b6df9f2b39f2ab67eeca7d72de5a8ec53a
732,Dang Khanh Lan,0901855726,823 Tran Hung Dao Street - District 2,10.842263,106.749068,dangkhanhlan732@gmail.com,41534fea39e4ba335204c987724d522a6127acbc2b659d64212b5b1b11b5e958
733,Bui Hoang Lan,0989152233,755 Le Duan Street - District 9,10.797446,106.699732,buihoanglan733@gmail.com,74092e89d61a74fdcae3bda4613c3e98314d3176442ec93760d4e0237620f6f1
734,Bui Ngoc Long,0939922513,869 Nam Ky Khoi Nghia Street - District 2,10.722394,106.719461,buingoclong734@gmail.com,2836a7ad0b6d8f0bf8273f856505341b77a5012eb1d01f904c76acd5297f795a
735,Dang Minh Hung,0357047769,816 Le Duan Street - District 1,10.791969,106.708792,dangminhhung735@gmail.com,23283ca1e68b854371bbae6d4eee3118deef36100febe9b2fe0a9cd5ef028e5c
736,Dang Anh Huong,0907117071,993 Cach Mang Thang Tam Street - District 8,10.749038,106.600204,danganhhuong736@gmail.com,93683103137f7108443e45d74f85d38660f231fcc0077cb257d1d4546731e2c3
737,Vu Van Hai,0905634860,912 Pasteur Street - District 12,10.733322,106.620837,vuvanhai737@gmail.com,91a4a679ec9307ae1dc320344597b8245431c07e9d4510836fe75167669867ff
738,Vu Thi Hai,0773620108,1027 Cach Mang Thang Tam Street - District 11,10.743394,106.662346,vuthihai738@gmail.com,858a2a462ea92436d8742e04eefe174b765cc2c00be2f351e673570c39d4dc21
739,Vu Duc Phuong,0931765700,888 Tran Hung Dao Street - District 11,10.819969,106.608720,vuducphuong739@gmail.com,2fa2faef7e61ac9a1b5db2366dbf0b7ed8c2b74ccfc3873487d23aad45a46974
740,Nguyen Ngoc Lan,0779442395,845 Pasteur Street - District 2,10.808415,106.660431,nguyenngoclan740@gmail.com,5a087e7ae58e9b3775559269afa0773491976a24ab357fa09c232d7272431a2d
741,Vu Khanh Long,0987007641,826 Nam Ky Khoi Nghia Street - District 6,10.839664,106.613088,vukhanhlong741@gmail.com,d459e036f8bcf503c1e1cce21bfa580703df5e7804bfe29107d23b97f19dd1e5
742,Dang Duy Hung,0932966019,762 Hai Ba Trung Street - District 4,10.764790,106.611489,dangduyhung742@gmail.com,17bc28254bf25dd7a131ac8941ae72662ab57520052c66222f3ce76fd51425d9
743,Bui Khanh Anh,0907317488,993 Dien Bien Phu Street - District 3,10.814274,106.729631,buikhanhanh743@gmail.com,ea63b758623c298bd594b748a2e3b5dd875430c09a5d2a6cd572e8e1facc5f4c
744,Huynh Thi Huong,0904543166,901 Hai Ba Trung Street - District 11,10.746551,106.698585,huynhthihuong744@gmail.com,f0786a615f97483530bcaf7dce901c431056297335689a5d156ce697b053ce7c
745,Tran Hoang Hung,0974589605,828 Cach Mang Thang Tam Street - District 3,10.736235,106.730181,tranhoanghung745@gmail.com,42106d3c2f5ef6a3144db81356ff7c1104a9d1b32f2b11303230a46f7798acbc
746,Huynh Khanh Linh,0351591989,784 Pasteur Street - District 7,10.753307,106.604049,huynhkhanhlinh746@gmail.com,f9ae17bb885e37173648cc587195084d68da7d70560642a86ed91165227214c6
747,Pham Duy Hai,0900158307,960 Hai Ba Trung Street - District 6,10.764650,106.600778,phamduyhai747@gmail.com,a6e1e3d19b837ee1c75db9cdd981381ba37cb7ac547405a21f0eac1f84dd47dc
748,Vu Duc Long,0933888198,787 Nam Ky Khoi Nghia Street - District 10,10.786214,106.677678,vuduclong748@gmail.com,d71a244626faeedaf54da489bcea6bd3f9fa5c4d9a247dc47a9ac35386a4301f
749,Pham Thi Long,0771799655,860 Nam Ky Khoi Nghia Street - District 6,10.731453,106.687054,phamthilong749@gmail.com,93a0ffef63049abbce5ec066fa22f6309b20d7175941ed4d3d1b94d2a6b03429
750,Le Khanh Linh,0775388222,1040 Tran Hung Dao Street - District 10,10.731961,106.646920,lekhanhlinh750@gmail.com,5716c938b610bafe5882047990b719c365e4b2586efadb08663935dee8302f0c
751,Pham Anh Phuong,0977439682,751 Cach Mang Thang Tam Street - District 10,10.762644,106.620963,phamanhphuong751@gmail.com,5cdcd80e96061ec3b4f4b5c547c7c4af66f72c363ad92cb93b85a64d98910342
752,Hoang Thi Hai,0908799392,986 Le Loi Street - District 7,10.803534,106.679278,hoangthihai752@gmail.com,cc977ef5cbaad888ae3a97d90f18c96d587740f92231bc813f5116b2b53b06e1
753,Huynh Khanh Hung,0982893844,803 Nam Ky Khoi Nghia Street - District 7,10.766357,106.663255,huynhkhanhhung753@gmail.com,301d2ff8fe9dd4cb8196910b1470700c01822169cd4026edb1b4980119d57b99
754,Nguyen Tuan Lan,0324631901,1024 Nam Ky Khoi Nghia Street - District 4,10.778075,106.612075,nguyentuanlan754@gmail.com,2ec8aa0eae3c437ce29a67397d9d661c4c119dcbfa300131b4a920108701c39f
755,Le Hoang Anh,0938055634,1007 Pasteur Street - District 1,10.818482,106.632891,lehoanganh755@gmail.com,1c156610c9de4e7d3b7fdf59ae669a4a4e9babb0c2ce8adac88ec6ed9693e19d
756,Le Minh Hung,0916483739,989 Nguyen Hue Street - District 1,10.801018,106.721038,leminhhung756@gmail.com,0c05397f655766a80acc42e5c2c1cc346ae10ae66aa9d950070e31077641044e
757,Dang Tuan Tuan,0354781698,875 Dien Bien Phu Street - District 2,10.837714,106.658089,dangtuantuan757@gmail.com,a007defb1037d2d618996a94392aae0b5ab3b453f36824fca3c17a0a492069fe
758,Phan Van Lan,0350096751,893 Dien Bien Phu Street - District 1,10.731592,106.607189,phanvanlan758@gmail.com,5fbfcf78d97b26b96e3ff522fe0a4b9d2202f330ac7626cafd1f441b7349767c
759,Pham Minh Linh,0930055802,990 Cach Mang Thang Tam Street - District 12,10.815215,106.673621,phamminhlinh759@gmail.com,07b7b9805b306af8bd9a0e2fb53a708c9cbdce73ceb2528dc69f2bc544ce7465
760,Nguyen Duy Long,0325737507,1033 Dien Bien Phu Street - District 5,10.728033,106.741004,nguyenduylong760@gmail.com,c14b07de0e0128f0db0c6a08c1d6dc4b68ea2a04b9eb5bc65e784eb6792d9d42
761,Hoang Duy Phuong,0986522405,891 Le Loi Street - District 9,10.809605,106.705574,hoangduyphuong761@gmail.com,b5a982e9379006bc5993276f50b118398e60cdd20b87039a64d2161749fafdd5
762,Tran Duc Linh,0977910641,1057 Le Loi Street - District 2,10.781152,106.613913,tranduclinh762@gmail.com,1c5a9f0dfe62be9cda91717bef706fbf80e5f7fb06b068bebfc06b42465ceebe
763,Nguyen Duc Long,0930436030,779 Dien Bien Phu Street - District 5,10.735701,106.677894,nguyenduclong763@gmail.com,e96b74a8a0d1b0069f8175ca4a5ddf7d56dfa9bbb7339ea77b137e8950470381
764,Dang Van Anh,0987845190,842 Cach Mang Thang Tam Street - District 1,10.832470,106.609840,dangvananh764@gmail.com,56da776daee0e91e997257af09a3208c921b58ca2411f70a127a63bd105ac958
765,Huynh Duy Huong,0323790228,832 Cach Mang Thang Tam Street - District 12,10.805314,106.694695,huynhduyhuong765@gmail.com,0b05253c561cd5f45a2f356e419015a5abfa4613b539b34edf601ecd47eddc6a
766,Huynh Duy Long,0776334336,799 Hai Ba Trung Street - District 4,10.747895,106.623708,huynhduylong766@gmail.com,d3d48bd77f5db023b9de481094f85c9437e572f50cf871004b1b565e6c891b03
767,Vu Hoang Minh,0939926213,1058 Nguyen Thi Minh Khai Street - District 7,10.810493,106.748576,vuhoangminh767@gmail.com,29ceb8313d08fbd86f482df1d332a5e43c6f5889c93d5a8c476a1bc382ab1f08
768,Vu Minh Linh,0909314481,793 Nguyen Thi Minh Khai Street - District 8,10.769791,106.669598,vuminhlinh768@gmail.com,34386a04f223446850622ba6d7c35fefc7d3a2481288fd2619d65c5ff221c578
769,Dang Minh Huong,0971488259,912 Hai Ba Trung Street - District 3,10.803870,106.677979,dangminhhuong769@gmail.com,08503cea724517c378ecc4e5c137c8dcaf9c7ebcda9fe38d7f412804fe07d2b2
770,Le Duy Linh,0934832475,993 Tran Hung Dao Street - District 4,10.729443,106.738586,leduylinh770@gmail.com,f53625e91ba18edbef110a9202bdd9095136703f6fe67c63e6887ddc58c5bd79
771,Nguyen Tuan Huong,0774978643,853 Tran Hung Dao Street - District 4,10.747234,106.645986,nguyentuanhuong771@gmail.com,9a912d9a44a08b521692b277317305e33e250f72116ca1ea91359bf82d81e621
772,Phan Khanh Linh,0358097203,1023 Nguyen Hue Street - District 11,10.798194,106.635170,phankhanhlinh772@gmail.com,8ed6c202e684a6159317e31e7101f913989b7574a5dfe93a6cded084d2eafe6f
773,Le Hoang Hung,0972959945,872 Le Duan Street - District 10,10.828066,106.638891,lehoanghung773@gmail.com,c7e83dbba1de9bad512ecc40fa49a9f323160d710ad029440d78306e885cfc07
774,Hoang Minh Minh,0903005791,990 Le Duan Street - District 5,10.729031,106.741679,hoangminhminh774@gmail.com,004755918efcc07461184f4cfcb6f3f8a47e0ea8570cb036d43c6a37293941e2
775,Dang Khanh Huong,0983449294,887 Hai Ba Trung Street - District 1,10.744643,106.635362,dangkhanhhuong775@gmail.com,f6a0f732b52c09893e2981e8ac22129208b9f7d2e3e9beac88e2cc4de6e1dffd
776,Vu Hoang Phuong,0918581176,814 Cach Mang Thang Tam Street - District 5,10.751071,106.732052,vuhoangphuong776@gmail.com,950e6d1a4bb256635098e93d737cb90eb8cf1e25f3dc982304de7c55d2001030
777,Phan Anh Minh,0357882843,826 Pasteur Street - District 11,10.803301,106.676062,phananhminh777@gmail.com,1a98c891439eb1df8cb8c26b100287faaa3ff614153214a52f487289c919f5bf
778,Nguyen Khanh Hung,0908268552,1058 Cach Mang Thang Tam Street - District 11,10.827237,106.629984,nguyenkhanhhung778@gmail.com,a93d211e32f0a37bbfa797ab43377c8925d4f0bb080e38c1a5763dbe8b3704cd
779,Nguyen Khanh Hung,0772237243,920 Tran Hung Dao Street - District 11,10.786670,106.619226,nguyenkhanhhung779@gmail.com,df3b96d2455ae28d36ff8c5d1757bbacaf04e61266316e3c9a3f667b1915d691
780,Dang Ngoc Linh,0903391950,1036 Le Duan Street - District 2,10.830504,106.731555,dangngoclinh780@gmail.com,0420d9fcfddeb32ddb42ddc195911ec8f1e16b27340a1c91ef73cd67d6f06512
781,Nguyen Hoang Hung,0986068558,957 Hai Ba Trung Street - District 3,10.759077,106.649850,nguyenhoanghung781@gmail.com,e5dcfb30a683e5ef691166e3be945c9cca4744b9a25e6dc28745f4b1bec9c4a4
782,Nguyen Ngoc Huong,0900804086,1079 Nam Ky Khoi Nghia Street - District 5,10.756286,106.639193,nguyenngochuong782@gmail.com,d0147a48703c14ea87ca06a857f3dd7d6f7e5c880fb89a907263f316aa6b4883
783,Phan Duy Huong,0352280001,998 Tran Hung Dao Street - District 1,10.724912,106.668899,phanduyhuong783@gmail.com,89a0fadaeb4abadff2ddd9e86db42eef169e86f95552796f847271ccb475186c
784,Huynh Ngoc Long,0911227426,797 Hai Ba Trung Street - District 12,10.757992,106.682088,huynhngoclong784@gmail.com,556cf95bbda58184cd603d460bdd74103b8dfa3ff8a23ef19c6351deccc3647b
785,Le Anh Anh,0902929752,930 Tran Hung Dao Street - District 4,10.777481,106.624251,leanhanh785@gmail.com,60f8f00edfcbf0fbce73360a71aadb244289c2e5eba40e77fa40bcf6fb6560c4
786,Hoang Khanh Lan,0936431077,1015 Nam Ky Khoi Nghia Street - District 10,10.759379,106.677974,hoangkhanhlan786@gmail.com,d397295db042a586db228cdaa00f5a28095368f61a258db9cdf862f6a432743e
787,Hoang Hoang Huong,0907879077,872 Cach Mang Thang Tam Street - District 7,10.829877,106.706934,hoanghoanghuong787@gmail.com,3f08cc8f163b5f5f36b1bf9dd1214803bcbad7d65d1dabc4415f353b46bffd5f
788,Pham Tuan Tuan,0931982851,871 Nguyen Hue Street - District 8,10.741118,106.722664,phamtuantuan788@gmail.com,dea7744f0ae7c61bc5a872f15a6bdf5e74a0269459284c7f3f14bde9a99835eb
789,Pham Duy Huong,0912416462,1061 Cach Mang Thang Tam Street - District 3,10.775496,106.624669,phamduyhuong789@gmail.com,7941e339881be8f6cb6997710794f948cd3d4632b51eee35e63725cfd60838b1
790,Hoang Minh Tuan,0986877362,871 Pasteur Street - District 7,10.840005,106.626595,hoangminhtuan790@gmail.com,bf7077baba16764028ad500f309fef102521e559793a812c2a7c21295b0c2f8e
791,Tran Hoang Minh,0917044428,1005 Le Loi Street - District 12,10.834178,106.729713,tranhoangminh791@gmail.com,46482e5ecf5ae3ce77a1702a12fc7809aa33a221d9f4582fee11ddc10a4d84d7
792,Nguyen Duy Hung,0352654301,917 Tran Hung Dao Street - District 1,10.727378,106.702240,nguyenduyhung792@gmail.com,fb11fffd74319080a21c73881b5a0d5a4b50bbb51f40f3a39bbd6d4b5c3b577a
793,Tran Ngoc Hung,0919833255,1048 Dien Bien Phu Street - District 6,10.760478,106.669533,tranngochung793@gmail.com,1be2307e713e16947bfbba15c4c55ca25b989d89cc8bdbbcf8ad6d02436caea6
794,Phan Anh Long,0936803036,827 Cach Mang Thang Tam Street - District 7,10.738713,106.742272,phananhlong794@gmail.com,799a01697caf25db54a57728b88276d568fffba3996347c8b3f148a338b527ba
795,Dang Khanh Hai,0918410427,936 Cach Mang Thang Tam Street - District 7,10.723245,106.746981,dangkhanhhai795@gmail.com,59b564155b82b0deffc03b25f0295564748d2b56b0a0163b86f91a52a8430aef
796,Vu Tuan Tuan,0351405502,1056 Le Duan Street - District 10,10.818877,106.666040,vutuantuan796@gmail.com,00e519ad42bc0ec70a153992ce57bf22aef1140350d447e0aa331cb11c77d378
797,Phan Hoang Hai,0906270582,1059 Tran Hung Dao Street - District 2,10.800625,106.721302,phanhoanghai797@gmail.com,924d59bf932ec061ddadd6a37bcb71f4444ad84840e04145aab307f25486825f
798,Vu Tuan Minh,0908491264,981 Le Loi Street - District 8,10.797283,106.701121,vutuanminh798@gmail.com,d5d9ca8254e8e7e2fb5af0248dea30046f7e4ce64d9258c3bce64662c00b191e
799,Huynh Ngoc Long,0357800984,1059 Pasteur Street - District 12,10.841639,106.702556,huynhngoclong799@gmail.com,f9b161d1d89132f05c228015ea9494f547a923895546de0491c16f96e55a80b9
800,Huynh Khanh Huong,0906700883,857 Tran Hung Dao Street - District 3,10.814100,106.607480,huynhkhanhhuong800@gmail.com,fd455b25a70a3c1e52226cd7c60e0c20c254c5b7314b6158d0d92b20995f6f2d
801,Pham Tuan Huong,0970869107,889 Nam Ky Khoi Nghia Street - District 6,10.764785,106.689831,phamtuanhuong801@gmail.com,96418ffb5ef0eb06d16e83d86cec687f8c48f2d01857199326573e008b1dc541
802,Tran Duy Tuan,0352192347,1096 Nguyen Thi Minh Khai Street - District 12,10.782779,106.644099,tranduytuan802@gmail.com,e7ae233d75dd7a2f2068e224634ec3347d25592bd978b591ff4023184d252df3
803,Nguyen Anh Long,0931418153,959 Nguyen Hue Street - District 3,10.735561,106.677990,nguyenanhlong803@gmail.com,4da3283032bb74011660df9b84abddb6aa146817d372a3ce32569eba2a393b97
804,Pham Tuan Minh,0323089387,972 Cach Mang Thang Tam Street - District 3,10.775477,106.621848,phamtuanminh804@gmail.com,9f6dfae5c7bc70ca512f0a8b4adff2986a0a781c249ee6f9213222a8f00c4ea7
805,Vu Tuan Huong,0326457586,943 Tran Hung Dao Street - District 5,10.828431,106.658632,vutuanhuong805@gmail.com,8e876f8d11cb1af7dfa18127eec88e055bae8aa224a9a8ae0179697fb26e9029
806,Le Hoang Hai,0984264907,833 Pasteur Street - District 12,10.796421,106.731816,lehoanghai806@gmail.com,a1ca20d6d5e38aa0005101424fa75bc5b83b5dc04fe3af21e8b7e37b135bd550
807,Le Anh Long,0779564884,814 Le Loi Street - District 3,10.734628,106.668426,leanhlong807@gmail.com,85c366d3c01c9ddb6858cdeedd934dd8a7f5e78efe5ef05dc647ea71eb622509
808,Huynh Duy Minh,0321636594,983 Hai Ba Trung Street - District 7,10.783941,106.685347,huynhduyminh808@gmail.com,1d4f9594a57eb42352bba038f6dd0e779a1002673ff60a7ba6eabb8d8ce31d3e
809,Hoang Minh Long,0901041257,1044 Nguyen Thi Minh Khai Street - District 6,10.785143,106.642027,hoangminhlong809@gmail.com,ac0e5a28f5be9b296cd55265c7e0643e256f2764336c2f80a862d06caede5a27
810,Vu Thi Hung,0909939660,952 Dien Bien Phu Street - District 1,10.754764,106.700605,vuthihung810@gmail.com,239d31c6f7d5a61a30c51986a5a9d6a6f7340a57c2d6436646f2ef8338787e42
811,Le Hoang Hai,0934396060,925 Le Loi Street - District 3,10.818521,106.607421,lehoanghai811@gmail.com,879a3d16bd9a45feae8b6177c1eee807d0f91399e559686b8b61c2f457b36782
812,Vu Hoang Anh,0977749750,1030 Tran Hung Dao Street - District 12,10.804206,106.670653,vuhoanganh812@gmail.com,26ae8188771a72cfae4aaeb1c30e5a4f94c54caf72b6edcc6ef3d4b0af10b797
813,Huynh Thi Lan,0934423149,1021 Nam Ky Khoi Nghia Street - District 2,10.785430,106.718694,huynhthilan813@gmail.com,6ef1ec52bbf0971a3b6ef1c5da33511208cbd63eee411e5d690ef8e7d0a0ec59
814,Phan Thi Anh,0321624190,1091 Nguyen Hue Street - District 10,10.813125,106.649720,phanthianh814@gmail.com,f56f311abdd085f09d58b26fc74907fa60ccc812877b54566f49126f7236badd
815,Le Thi Huong,0904448425,818 Pasteur Street - District 11,10.836568,106.604980,lethihuong815@gmail.com,5110d8c2decd4868b17a4dfe01a3d1c7ded122bc051156d6e90152a31baf30b1
816,Dang Duc Lan,0930586021,1065 Nguyen Hue Street - District 12,10.836959,106.647614,dangduclan816@gmail.com,efa52ccc0cda18750eca23a6636aec8c7c68c817d8c02e8b99c7750a59f0c889
817,Dang Van Long,0356111668,867 Le Duan Street - District 8,10.827237,106.624635,dangvanlong817@gmail.com,d1f7416dc7d079629cf1791fe9de8902aa505d229644dabcdea69fe52203b088
818,Nguyen Thi Anh,0770603421,838 Tran Hung Dao Street - District 3,10.843720,106.727068,nguyenthianh818@gmail.com,92aabcf0d629f51029ab4cec530a829debd5fa546e618ee26bc6fe774701328e
819,Dang Thi Huong,0770472768,1011 Tran Hung Dao Street - District 3,10.720873,106.650567,dangthihuong819@gmail.com,14f1ad13bd7c620c9e02fb02e7db33cd94bb736f3616fd285d2d7d1f83fd377a
820,Phan Anh Minh,0988341067,861 Nguyen Hue Street - District 1,10.786689,106.655217,phananhminh820@gmail.com,3ec94ad3e595e3359720d5ccac3619db9abd70a6d8013fed1d171d97bae16480
821,Phan Anh Lan,0775022355,856 Le Loi Street - District 11,10.774956,106.626047,phananhlan821@gmail.com,9c50c20386a55adf98de659a0f7c91b49f2469598040866d635bf912aa69eca1
822,Le Ngoc Linh,0977057671,847 Le Duan Street - District 4,10.753483,106.718327,lengoclinh822@gmail.com,617e1dd368e0239b400a2bdb2616e5e405ab840226e3ab0944f44215030decd8
823,Pham Ngoc Hung,0939060806,993 Le Duan Street - District 2,10.796054,106.720352,phamngochung823@gmail.com,35a4ce99d21b01d2912f15d57d2a4d850a55e9b4c5651fcc4e52a3a8932bd372
824,Nguyen Anh Minh,0932121176,907 Tran Hung Dao Street - District 7,10.806363,106.668470,nguyenanhminh824@gmail.com,55aac1a4ffd181daedddde52477d116e9dca359bc9ac50adbbdad652c57178c2
825,Hoang Hoang Tuan,0323646977,965 Nguyen Hue Street - District 3,10.766291,106.730124,hoanghoangtuan825@gmail.com,7e811ac0766b95dddfac64c381ea9f79913dba85ecff4655cd5dd0c762d8850a
826,Tran Duc Huong,0919929401,1078 Tran Hung Dao Street - District 2,10.729025,106.731866,tranduchuong826@gmail.com,826ad8f49d526f4288a65f9dc56518f94c36b6befeae6abc4f1cc1b63b869fb2
827,Dang Thi Hai,0935175360,1040 Le Loi Street - District 8,10.761193,106.615441,dangthihai827@gmail.com,7f0b04eaf8797c4292e5781fc86af877e4e02247487caad970d47066d6f78251
828,Vu Khanh Long,0931405143,882 Pasteur Street - District 2,10.832644,106.621318,vukhanhlong828@gmail.com,2ee1997fba5d3d5771335ddd6afe9ea2b3df73de3af2a8c3e218c26968ca7cd9
829,Hoang Duc Huong,0900678033,924 Dien Bien Phu Street - District 11,10.728813,106.729293,hoangduchuong829@gmail.com,cd5c6515244463d0338d09e6df9dfbd4cdce4f2a8f02fb4c431ea2b1c44862d3
830,Vu Minh Lan,0982655184,902 Cach Mang Thang Tam Street - District 11,10.788680,106.609320,vuminhlan830@gmail.com,1ffe42bf01612be05c7da48450721cedeae350ba210653ea29a8114df9d3e6e5
831,Tran Thi Hai,0903360213,992 Hai Ba Trung Street - District 7,10.762071,106.695366,tranthihai831@gmail.com,7897723f86e4b2d9bdb034c1fc23a3880c0135ccba848b176afda25b895bc1fa
832,Hoang Duc Lan,0357737206,913 Tran Hung Dao Street - District 4,10.787894,106.684232,hoangduclan832@gmail.com,bec9c7e4530f732c931705d4a532d3f9581f02efef267f6b20110b730f0d9e06
833,Le Duc Huong,0970954619,919 Nguyen Hue Street - District 11,10.750529,106.611883,leduchuong833@gmail.com,b3881b5275d19c856403e71ff58da237ea1234a65211edf0eac2172732854f4f
834,Tran Duc Long,0327781131,1031 Pasteur Street - District 6,10.744120,106.679224,tranduclong834@gmail.com,5ea1397f7d1979debfda18f8b6be11fbbe5f2f57398f89dc9d37eda00ef5dacb
835,Hoang Duy Minh,0985323465,854 Tran Hung Dao Street - District 8,10.724288,106.658565,hoangduyminh835@gmail.com,4ed7303c5eb29dffd4e673914a2db3ce8e667ddd5010e842bd4996f7b80d0ebb
836,Vu Duy Tuan,0988235524,1009 Le Loi Street - District 6,10.747637,106.682602,vuduytuan836@gmail.com,6eeefd458ce0a59360f872f7a29a2cc2eb17fb77e7513ce4e83488f87d6f4d69
837,Bui Khanh Anh,0915819283,1059 Nguyen Thi Minh Khai Street - District 2,10.831314,106.609747,buikhanhanh837@gmail.com,2a99909763371971ef26e7227cc60c9e00176294bfd320d8dbd02fc75cab4739
838,Pham Khanh Huong,0980154695,973 Pasteur Street - District 6,10.796483,106.658578,phamkhanhhuong838@gmail.com,8c4c933ba28998ee93a58135d973e8a4a1ca0a04f04b1ed0d942a9f3a74175b6
839,Phan Hoang Tuan,0937347202,950 Pasteur Street - District 2,10.780341,106.609146,phanhoangtuan839@gmail.com,9794f2a4964eb42ffd659e16e9b042372c816938ccfb3e40ecc9e32a1701e3fc
840,Huynh Thi Lan,0324528237,1038 Nam Ky Khoi Nghia Street - District 6,10.794716,106.729573,huynhthilan840@gmail.com,dc0bb1f18d1e243258e897eba257f903e30d06a4e0065eceac26d5d8333e1da8
841,Vu Ngoc Long,0901068495,866 Hai Ba Trung Street - District 8,10.784532,106.640841,vungoclong841@gmail.com,d6d3aecb200b5665d1473a2a3b1f7f4af7f8e79e71c5c8f1c04824ff04b57187
842,Huynh Thi Hai,0900289409,1069 Dien Bien Phu Street - District 6,10.814488,106.744730,huynhthihai842@gmail.com,0c8458f6171e09d57a72725d6d0b935354ccbc49bb54d5fccb39762ea89364d2
843,Nguyen Khanh Minh,0353795590,872 Le Duan Street - District 1,10.846247,106.736653,nguyenkhanhminh843@gmail.com,bb91084b42aa3a51a0d62e260e841d799fdeab1cdbe0585f7d34e4ef9bcf9d5f
844,Tran Tuan Linh,0322116415,938 Hai Ba Trung Street - District 9,10.833854,106.684446,trantuanlinh844@gmail.com,cd8e7be59f1a8c0b079fab32705e3563cb09e7bb05a5c722b837397942cf9a47
845,Huynh Van Hung,0917269700,971 Le Loi Street - District 8,10.830695,106.742256,huynhvanhung845@gmail.com,e2cbd876b66efb94f13c778615e9c873e3505ac7ba07fbe55d03ccd0da2f33ef
846,Vu Thi Linh,0931533527,998 Hai Ba Trung Street - District 7,10.794482,106.727457,vuthilinh846@gmail.com,406b89042cd4b6bfa04c78ff9a543fd14f08c825b572da0755e8f25e369cf974
847,Pham Khanh Long,0771726714,1001 Nguyen Hue Street - District 12,10.815811,106.623129,phamkhanhlong847@gmail.com,bfaeb8f588b42ea071c0db70d1e5036380a4600e497d27d244403ad7354c617d
848,Le Thi Anh,0322295720,1111 Nguyen Hue Street - District 6,10.802813,106.735282,lethianh848@gmail.com,f5aeb6b0f3a5a45a19b334283f4530300fc15d8480c669caf03b42986165355f
849,Tran Khanh Lan,0328009640,1073 Nam Ky Khoi Nghia Street - District 10,10.727472,106.676736,trankhanhlan849@gmail.com,7320d819e3c0d54e6a382016ad9a90ecb56ab8c0ad0268506e3c1479bd90d898
850,Dang Anh Anh,0936446342,1042 Hai Ba Trung Street - District 7,10.744900,106.638631,danganhanh850@gmail.com,926c712eae73f2e45c772f6c7671137e74b38cedcc38036a82518b69b07082dc
851,Dang Anh Tuan,0906360483,858 Pasteur Street - District 2,10.793106,106.729201,danganhtuan851@gmail.com,3fb2c24d3ca4ca897e59288dd6c9dc5a1e1a32bc46f2858d5ea8c72d3994d26f
852,Hoang Duc Hai,0917828853,1040 Le Loi Street - District 1,10.838882,106.641850,hoangduchai852@gmail.com,5dc24e79abfea5f1d5aab5f4415b861e2d163db2c612b959094797999bd7b033
853,Hoang Minh Hai,0779752273,1111 Le Loi Street - District 1,10.772918,106.683160,hoangminhhai853@gmail.com,59b5abae5ab7c8ee568e97472cf2db2e3abde42b7eb9bf0c198fc64db90414fb
854,Bui Duy Anh,0354526059,952 Nam Ky Khoi Nghia Street - District 2,10.740083,106.644346,buiduyanh854@gmail.com,2c33d43e028a4367e23c3499d612261829dfd0aea3b454875a2a118672b3463b
855,Vu Hoang Linh,0911313256,1014 Le Loi Street - District 7,10.816263,106.698472,vuhoanglinh855@gmail.com,8f5c6a8183874ea0f6ae640b3a6ea550925e105a60e65d7c1e87b880e2bbe1da
856,Huynh Hoang Huong,0353275155,1135 Cach Mang Thang Tam Street - District 12,10.731893,106.612536,huynhhoanghuong856@gmail.com,5b3646fdabff63596117e8f01118967d813f48c8474e4c053b61646c300627b7
857,Bui Ngoc Tuan,0987710899,1003 Tran Hung Dao Street - District 1,10.771225,106.729023,buingoctuan857@gmail.com,d78bad5fa946fb0d7ec6be98de5787397d1d5f85a113756e7c990963f250c8cf
858,Pham Tuan Tuan,0913081989,1084 Cach Mang Thang Tam Street - District 4,10.750918,106.621897,phamtuantuan858@gmail.com,c61e99732c688ea8f86b85f9302a5aae5354fd99e6fd7bde029f3b433eb09a47
859,Vu Duc Hai,0357027918,906 Dien Bien Phu Street - District 11,10.728158,106.706963,vuduchai859@gmail.com,be1a5afeb36e5ecc755ddc17566be6687c306f294666cab22a487509b3972c88
860,Huynh Duy Hai,0984715024,1101 Le Duan Street - District 4,10.757483,106.676358,huynhduyhai860@gmail.com,d7964b01e1225f60aadc4cee0c47a92103923766f8925867c221e06a3b53d610
861,Hoang Minh Tuan,0989991141,1002 Tran Hung Dao Street - District 10,10.752855,106.610406,hoangminhtuan861@gmail.com,7248d7e04be3e35f0e7ac145393ccf6244d5b7a11e6b518da8ac95c8abf7ac5a
862,Dang Duy Minh,0909653105,1076 Nguyen Hue Street - District 1,10.802268,106.651490,dangduyminh862@gmail.com,7e1b08967f0e637a4c78ca558d63ca771458c9d6aeb1f42870b61af503ed080e
863,Le Thi Anh,0915051897,1091 Le Duan Street - District 5,10.752067,106.721860,lethianh863@gmail.com,3e6b75b0c51341faa1c855cf968bc78fc554ae6e0b5b5a661e75f70b0ea60bc5
864,Huynh Duc Long,0778811674,995 Le Loi Street - District 11,10.816803,106.698712,huynhduclong864@gmail.com,767cc1a57fa411f32561a27afefea428839c968d466ac6d404a50460ad1f6134
865,Pham Anh Phuong,0910732956,1135 Nam Ky Khoi Nghia Street - District 2,10.773377,106.732444,phamanhphuong865@gmail.com,8a0439102cc1038b66d002be95eb6f757d4b742751cd31e5033888f79fb29851
866,Pham Thi Hung,0354089324,1064 Le Duan Street - District 11,10.739648,106.690061,phamthihung866@gmail.com,281c0c7b6f75a905ced932fc97bc2d32167033569c05270675478638ab0a94af
867,Tran Khanh Hung,0775464496,1044 Pasteur Street - District 12,10.762896,106.671338,trankhanhhung867@gmail.com,ba22c3d40601b4dc894f90b48894bb2255b842b8abdd0f19d0fafc7867647681
868,Bui Hoang Long,0979558909,1103 Nguyen Hue Street - District 3,10.821396,106.676992,buihoanglong868@gmail.com,04a4c110ce1f2fe40b6c8909052ddb4bdda40889c755084f3a51c1bc7625b76f
869,Huynh Hoang Minh,0778315565,925 Nguyen Thi Minh Khai Street - District 5,10.787854,106.740815,huynhhoangminh869@gmail.com,e661238cac992a3fd6562f17c843aa168f84048d84bc66b9127b76b6ca31a8c7
870,Nguyen Anh Long,0327210452,983 Le Loi Street - District 6,10.740104,106.732097,nguyenanhlong870@gmail.com,daf6cf40320e8e98942687d98ea1402ff3b9884610d40fb52bc797b89da25048
871,Bui Van Phuong,0988651609,893 Pasteur Street - District 5,10.827056,106.664709,buivanphuong871@gmail.com,e23f7b2fa0507cd3244c393b50bfafdd5edec5d2f566985c4f5d259120735a1b
872,Pham Tuan Minh,0931301161,1170 Pasteur Street - District 9,10.744450,106.689703,phamtuanminh872@gmail.com,cfbd46470b626e94fcf1a6ef77605c687dbb68836c6fd0c448f7cd53105f5039
873,Dang Ngoc Hung,0350513550,893 Cach Mang Thang Tam Street - District 8,10.720105,106.712234,dangngochung873@gmail.com,ee516a6f864f4c8d3cb73571c89fbb3880369e423662250ad1457b98a7f7b6a3
874,Vu Duc Minh,0930613542,876 Tran Hung Dao Street - District 9,10.744765,106.699832,vuducminh874@gmail.com,f85853110710849862319ce132431baeab0c8c015cde3e550956486bf31e8d6a
875,Bui Hoang Lan,0355249016,1078 Tran Hung Dao Street - District 10,10.806579,106.739650,buihoanglan875@gmail.com,5ae31c43fecb4f652890207add4ca9f42a7e052cd36c6edc2977dcae1f3cebd8
876,Bui Thi Tuan,0320443305,1172 Cach Mang Thang Tam Street - District 5,10.742134,106.660215,buithituan876@gmail.com,df6607df800b459faa96f20d3c205800ee74d45e59c2b6442199c3ef962efa15
877,Huynh Ngoc Minh,0321442516,969 Cach Mang Thang Tam Street - District 4,10.748688,106.649488,huynhngocminh877@gmail.com,5777a9faf8edb3f663b388d3617a8c5e91d6213767cccc0d3e97f5ff707fd5a6
878,Le Thi Anh,0775769088,1163 Pasteur Street - District 1,10.793017,106.692708,lethianh878@gmail.com,69526acefc06f4d203efcef9bd34520e4330c0c466fdf2b99518b99b095216ea
879,Hoang Anh Anh,0328867123,1121 Le Duan Street - District 7,10.755547,106.700776,hoanganhanh879@gmail.com,dd01e9cddfd19567d24ff15f292ee51419fda14de06d8b64727632c39f0f4aa2
880,Nguyen Thi Linh,0350302252,1174 Le Duan Street - District 3,10.741231,106.733774,nguyenthilinh880@gmail.com,771c494ae8635ef4dc88fc8ce43e84ba30a184df5062d8075c733a5ab43a4bd5
881,Hoang Khanh Lan,0978506165,1046 Nam Ky Khoi Nghia Street - District 2,10.823939,106.663986,hoangkhanhlan881@gmail.com,7786a72434b22228a6bbe69b32cb46be7d8bb8095cfcbba01fb060891088b790
882,Nguyen Hoang Long,0903104159,1001 Le Loi Street - District 5,10.760779,106.613480,nguyenhoanglong882@gmail.com,d7946d84ea881f323f23c537c5a9d8b05eddf56b0a1ea3c95390ce746faeec2d
883,Tran Ngoc Long,0976905424,1119 Hai Ba Trung Street - District 7,10.749442,106.651319,tranngoclong883@gmail.com,a66561c4a68f2b56304e551ca7b6507d677adc97d7ca822247cda2c7b051377c
884,Le Van Linh,0770488574,1022 Nguyen Hue Street - District 11,10.741787,106.703919,levanlinh884@gmail.com,b6b288474360cc3200a86f116c0ec800c0a5be0a4127a66d433a9962f6c88a4d
885,Bui Anh Long,0982761479,975 Le Loi Street - District 10,10.802888,106.666368,buianhlong885@gmail.com,1b61b7ff062df56f1ae716e249cd6bda453228a7cd2ea3507834ce5059060007
886,Bui Duy Hai,0983150945,983 Nam Ky Khoi Nghia Street - District 12,10.767816,106.625848,buiduyhai886@gmail.com,a99d82e07d22c5f4f12ca2eab0eac633a573f46151baacf01e1fd8482f752636
887,Hoang Thi Linh,0775425843,1061 Le Duan Street - District 3,10.770482,106.607155,hoangthilinh887@gmail.com,bba1594e1380d6ed19eeb58b3ebde6e8417ea4227dd0697ce1906734d35a0248
888,Phan Van Hai,0974110095,914 Cach Mang Thang Tam Street - District 4,10.775965,106.711930,phanvanhai888@gmail.com,94f511787296ee31c47700dc48b102969dcfbddb35ba73742f5fbc7ed8205b77
889,Huynh Thi Hung,0329884606,953 Tran Hung Dao Street - District 6,10.801416,106.673153,huynhthihung889@gmail.com,6a4034b05787ac0972075c49e2ffc67626425cb904bcb836033181d4baf39729
890,Vu Thi Hung,0779037123,960 Dien Bien Phu Street - District 5,10.821574,106.635999,vuthihung890@gmail.com,21bf8c6f082983c1c12b4cb77de6a6414e548ba488cb9a8e5b940eb417374fcc
891,Le Van Huong,0351709924,1107 Le Duan Street - District 9,10.784535,106.619949,levanhuong891@gmail.com,c2c635396cd13c44f8c7ceb0614df6e731b5f0ea9cd23b0c7b97db6fbe222189
892,Pham Khanh Hai,0907600490,984 Pasteur Street - District 5,10.796844,106.680434,phamkhanhhai892@gmail.com,44986cb4afa40ddb26009045092f7d60316528d59ab0622c60e4b3ef0f725ce6
893,Pham Khanh Huong,0771216113,993 Dien Bien Phu Street - District 7,10.745458,106.624945,phamkhanhhuong893@gmail.com,4b437fafd1aa44e07d0771f2d9b50de9f55d645ca4ea2c227ef5684e7354cbcf
894,Hoang Anh Huong,0351301858,1139 Hai Ba Trung Street - District 5,10.767483,106.627944,hoanganhhuong894@gmail.com,c160847b59557cfa916535f9bb57b876e7a646869d4e5075703965ac922f3b8f
895,Bui Minh Lan,0917119622,1121 Le Duan Street - District 9,10.787710,106.623681,buiminhlan895@gmail.com,48cb93837f46bea963cc199c5334b7073b03f5cd1497b1fe0f218c1ba5d048d8
896,Bui Van Long,0913050046,939 Hai Ba Trung Street - District 2,10.803344,106.629817,buivanlong896@gmail.com,faa80950418073b2d2dfdb1838d797c29bd0d0da821ece1083b7e55b41096579
897,Vu Van Lan,0913489877,953 Hai Ba Trung Street - District 12,10.735611,106.749211,vuvanlan897@gmail.com,6ae9bc232b6e38f36b4bab8f57766dc4cf439584d0a3f6327a30044fc9212c8e
898,Pham Van Long,0932826750,1193 Dien Bien Phu Street - District 10,10.738196,106.720034,phamvanlong898@gmail.com,f8a883f0ffb566fda8ec4185ed7885a493f54593e4425f93644c92e938bb6342
899,Nguyen Khanh Tuan,0907628513,956 Hai Ba Trung Street - District 7,10.763188,106.606293,nguyenkhanhtuan899@gmail.com,438ab9371361f7427d972862a1b44e27e00f0bc81bf74ed4aa501b978225abaa
900,Le Hoang Hai,0903968983,935 Nam Ky Khoi Nghia Street - District 2,10.760015,106.613559,lehoanghai900@gmail.com,b04c2c816efacfe308b69ee46430b73032a1ddd5f352c809afa50b298e130a1b
901,Phan Anh Hung,0987753535,1118 Tran Hung Dao Street - District 3,10.751971,106.688116,phananhhung901@gmail.com,607ecf87b81e5beca622c851500628b9083265e56d4edc87b849ee7768edf42c
902,Le Minh Minh,0776352625,906 Dien Bien Phu Street - District 12,10.766718,106.747526,leminhminh902@gmail.com,e601e55941f4a705924fc60aab01f566b795f1dfeef98a703210a7ebb2571a38
903,Dang Van Tuan,0933025240,1055 Cach Mang Thang Tam Street - District 9,10.781399,106.695731,dangvantuan903@gmail.com,0ab250ec0be3c4d8991895a3a924333d0de2e9a22bb88cba751127af53fd958c
904,Phan Khanh Huong,0988036901,1198 Dien Bien Phu Street - District 9,10.812881,106.696136,phankhanhhuong904@gmail.com,d819a6231ff8a2fe6f1bc0f74485d318fef3be57fcb7d7d93c717d6f798007a0
905,Pham Duc Linh,0930022821,1059 Cach Mang Thang Tam Street - District 6,10.728545,106.749461,phamduclinh905@gmail.com,c6f488e7c7c4f952da924064ca9acb6b778d911435d306fb055269e8dd0dc6bb
906,Le Thi Long,0988695099,990 Le Loi Street - District 11,10.730899,106.713597,lethilong906@gmail.com,39b6727dc9677edaaacd0235e92cccb010ffd815c161fd8bdadbb36cb50e2d58
907,Hoang Anh Anh,0321257586,1102 Pasteur Street - District 1,10.729119,106.637132,hoanganhanh907@gmail.com,9c80f373b40cf7a9a3f3dc92e2524406b7af8b75e8a44b5183ee8e6594fd4c23
908,Dang Van Hai,0934157747,918 Nguyen Thi Minh Khai Street - District 7,10.775059,106.684618,dangvanhai908@gmail.com,3bb94ba7c42f5856ad90c3c9a2717240a05b9ee07d86dd7a2f1a10cd17df960b
909,Nguyen Duy Hung,0352886813,1106 Hai Ba Trung Street - District 3,10.759054,106.726185,nguyenduyhung909@gmail.com,d486ea1edac2440d460cb2765f4ab3c1df13498f7f453e16c663bdfb27a4c52f
910,Phan Van Phuong,0909930105,917 Le Duan Street - District 7,10.789237,106.638686,phanvanphuong910@gmail.com,1b5f475071ab43b003a74d4f494d7a6f8a9e5e77e5cc77904dbc8ba0a24fb4ca
911,Tran Tuan Tuan,0322726228,1053 Nam Ky Khoi Nghia Street - District 12,10.745581,106.725418,trantuantuan911@gmail.com,6dbca1aba2546f071ae81eedd814f237a051d40f27be160b3561998021c64f6c
912,Dang Minh Anh,0905952176,1175 Cach Mang Thang Tam Street - District 7,10.748369,106.712591,dangminhanh912@gmail.com,f28bcd85725927d9182bbdf6c00aad893fe1aee027a116813badee65b5ab12bd
913,Tran Ngoc Linh,0984348251,1039 Hai Ba Trung Street - District 9,10.838490,106.617483,tranngoclinh913@gmail.com,9b8cf89bed84d89109cc2e809a270e5823691ad34f3a7f0c610e5540e91cc333
914,Pham Van Hung,0970829288,1193 Nguyen Thi Minh Khai Street - District 1,10.810456,106.625537,phamvanhung914@gmail.com,5f1bcca1a0375e5f9ed0bc34ee6928baf1f3263591b8a290bf2b6092d0922413
915,Huynh Hoang Tuan,0356796868,964 Hai Ba Trung Street - District 3,10.746173,106.745046,huynhhoangtuan915@gmail.com,3a5f138945dc0f5628be46378c1c2e8661a54cd6f8ba463d8e368ba37ef42316
916,Bui Hoang Phuong,0323010152,1143 Hai Ba Trung Street - District 12,10.749627,106.662544,buihoangphuong916@gmail.com,ebf321c06adacbdb8f1b629597444daf1db5f2bc34fc09043f9b0ea2e94f1fe0
917,Phan Khanh Huong,0774276022,1145 Cach Mang Thang Tam Street - District 5,10.747245,106.722017,phankhanhhuong917@gmail.com,e9ad37ed2a25c2c2e870204c93e02c553782be4aee169d71c141092bc60e3640
918,Huynh Duc Anh,0905591014,1091 Le Loi Street - District 3,10.841834,106.644830,huynhducanh918@gmail.com,c2408238d112659c3b9384e87b01caf5672826827c42a4b0cab45c46ea8c49e0
919,Phan Hoang Tuan,0971990439,956 Nguyen Hue Street - District 1,10.826830,106.706189,phanhoangtuan919@gmail.com,06b53a87eeb7e2bea0f87388aba87c8ee189980554012fe609e17afd9c3b93c5
920,Phan Van Long,0900417739,1152 Nam Ky Khoi Nghia Street - District 9,10.752856,106.650351,phanvanlong920@gmail.com,af2961c8a803a6d6ef775c1c7151f48ce8ca63ab65373c73feb393f8b63afab4
921,Dang Duy Lan,0916110242,1052 Nguyen Hue Street - District 6,10.847145,106.711239,dangduylan921@gmail.com,bc673c6a85063d23161542e5616c7b5ce9333872d1395cecf6ca64026db73e3a
922,Phan Tuan Anh,0986496240,1086 Hai Ba Trung Street - District 8,10.793716,106.633799,phantuananh922@gmail.com,031d2be5baf1662534c893f687b4450e0d608dffde64b1f4afa990f7ef3a4b33
923,Vu Khanh Phuong,0913410947,975 Cach Mang Thang Tam Street - District 9,10.734685,106.604084,vukhanhphuong923@gmail.com,8892b933211417e9e4a8a4df8210648722be05329c9d9542e721483a553981dc
924,Phan Van Linh,0987047908,1045 Tran Hung Dao Street - District 8,10.771106,106.632977,phanvanlinh924@gmail.com,9b68afad7f46d3ef7480178b1122c576b9a92c77ccee93e50d982f9b94059b96
925,Le Thi Tuan,0972971574,1103 Nguyen Thi Minh Khai Street - District 3,10.821246,106.628342,lethituan925@gmail.com,79e41b9ea73f8b6f7d748bc4a572357aaf6eb5c176e7a6b8a433de0cd9663c37
926,Phan Tuan Phuong,0984185636,1102 Le Loi Street - District 3,10.800199,106.637687,phantuanphuong926@gmail.com,e8120061e31aa7a3adc8309b3da1850860154986e2cef7e16882b35b879d0c25
927,Vu Anh Minh,0902220028,1061 Nguyen Thi Minh Khai Street - District 4,10.783073,106.665823,vuanhminh927@gmail.com,b63e55f53060e27951698c22e0895abab1cdfbca8f5688a6d1bd20cdddefb0ce
928,Bui Anh Huong,0909125858,972 Tran Hung Dao Street - District 10,10.764111,106.688044,buianhhuong928@gmail.com,1e7f97edb7766e5cb6a44e2ece2b6076b7411c6b8ecb757f2b63ba49f7acd03e
929,Huynh Van Lan,0359426215,1155 Pasteur Street - District 4,10.831699,106.645824,huynhvanlan929@gmail.com,96c3459dc6992925120cc645350c79f5a302f450af8e0ff4c0a80aa60b789d73
930,Dang Khanh Lan,0901281855,1104 Nguyen Thi Minh Khai Street - District 4,10.758430,106.611453,dangkhanhlan930@gmail.com,5c0e0104ed2a0f21a84d8c52f8fcbc8b5723187e1fbf9263df37c97e77b4dd5b
931,Nguyen Hoang Phuong,0977303002,1096 Hai Ba Trung Street - District 4,10.771485,106.736333,nguyenhoangphuong931@gmail.com,783c078d8baa9205684da0001df85dbc9f80b4975c813f5cf2dec5f6b06b47ac
932,Vu Van Minh,0980718738,1189 Tran Hung Dao Street - District 4,10.840475,106.701392,vuvanminh932@gmail.com,2139873736a1c681c36848becabb26ce2bcb5a97c78954a3f5f940111171b15e
933,Bui Duy Hai,0329545290,1153 Le Duan Street - District 8,10.762547,106.652202,buiduyhai933@gmail.com,64d8a67a4a8aaa23e139a27f4406efb520f00d35b5923fb81285c3c1158e6d36
934,Nguyen Hoang Linh,0939246111,1188 Cach Mang Thang Tam Street - District 9,10.831492,106.736597,nguyenhoanglinh934@gmail.com,84ea36a1490689b9f05c65115dc5eb19ecfbda84f674576a242b55d732dafcb2
935,Dang Van Linh,0902775424,1186 Nam Ky Khoi Nghia Street - District 9,10.783533,106.642816,dangvanlinh935@gmail.com,3976496673ad23a7e4370233cd1cb63d9206ab45ad693d0faed410d00b5eb7a4
936,Tran Ngoc Long,0351729121,1086 Hai Ba Trung Street - District 4,10.825617,106.636265,tranngoclong936@gmail.com,0c9b01d6d6824d80b76d60816d796517d386bdd9a0c5bb5bbcc225e3b266b644
937,Le Hoang Anh,0910892181,1128 Pasteur Street - District 3,10.786775,106.625860,lehoanganh937@gmail.com,11ebcce39a3fa99267b8808033344eb0d59927c85e92c7b4eca9754d47713a85
938,Bui Duy Hung,0977549250,1210 Nguyen Hue Street - District 8,10.832330,106.745487,buiduyhung938@gmail.com,f7bdbb698dcf082b7d5fc326f9c220a8c323cae97c0f1a851fc9fef3c9b41227
939,Le Ngoc Minh,0322177141,1071 Tran Hung Dao Street - District 6,10.748536,106.714385,lengocminh939@gmail.com,46cda82bacb9651cb215700e836da3b9a2c7180ac8af640e0229a5c67c322548
940,Vu Anh Lan,0938587741,1079 Nguyen Hue Street - District 3,10.769168,106.645251,vuanhlan940@gmail.com,ab9b7270b63eacc87a46cccb7ee1a9b299b1968e1859fbf24865cb8890a7b9e7
941,Phan Duy Anh,0909145374,1028 Nguyen Hue Street - District 12,10.809443,106.691551,phanduyanh941@gmail.com,4b7010fa09dd6be28bc4146e44dde58413374cc1a2c6e2ade83042162f945091
942,Hoang Minh Hai,0918788291,1175 Le Loi Street - District 2,10.728679,106.683077,hoangminhhai942@gmail.com,c6b731c93095026861eee40ff52cc8faa6ccbcfc6ffd5a6b5dddd8045ebe99cc
943,Bui Khanh Tuan,0917398750,1067 Cach Mang Thang Tam Street - District 4,10.754803,106.621182,buikhanhtuan943@gmail.com,6bc6a931f5335556641e480100ed8ecaed8fc3d765cba197f50a19caf3d26113
944,Dang Hoang Hung,0916868532,1170 Hai Ba Trung Street - District 12,10.748054,106.623618,danghoanghung944@gmail.com,2defa21aa57a7b8b75f47cc4fc30df69bb87da4e7a89788f7528e333fbb0cf7f
945,Le Duc Lan,0916732185,990 Tran Hung Dao Street - District 3,10.791262,106.692553,leduclan945@gmail.com,72c9a25c4782ff85934c1c08996316506b656f988fbb02981688b55f0311b571
946,Dang Khanh Lan,0357406947,1170 Cach Mang Thang Tam Street - District 12,10.771464,106.623388,dangkhanhlan946@gmail.com,68ba8c5220447ad46479febe1aa43847596f09e1d80f03026ae931e6360dcabd
947,Pham Tuan Long,0356667649,1023 Cach Mang Thang Tam Street - District 9,10.755196,106.734705,phamtuanlong947@gmail.com,e3a6c7c976b653e94b688e6c03cc1659375bf557a6c847e86d8ac0953e279577
948,Vu Tuan Linh,0989992243,1194 Cach Mang Thang Tam Street - District 3,10.823943,106.640173,vutuanlinh948@gmail.com,7f97a3721e217c35d8e9aeb2e8db931f9226c2085a56d1acfe18de37b3fd50e4
949,Vu Minh Minh,0326177501,971 Le Duan Street - District 3,10.739421,106.649000,vuminhminh949@gmail.com,189c7eda4aff583828d0ae9c235d695a1e645840ec55397a1254df1ca72e94ed
950,Tran Thi Hung,0934687229,1007 Hai Ba Trung Street - District 2,10.821619,106.645654,tranthihung950@gmail.com,b31d8256dd30a289d8d34b5282b744af27e2296345867c4100e8696b2b09c26f
951,Nguyen Khanh Anh,0978216899,1234 Nguyen Hue Street - District 5,10.808063,106.648636,nguyenkhanhanh951@gmail.com,0ff4ad2ce150c9f666dc45b73caf191b181c9168102d1a40cb8f212e3d7ecd17
952,Bui Hoang Tuan,0329499847,1058 Le Duan Street - District 10,10.746305,106.719274,buihoangtuan952@gmail.com,3433eb163fb47323064acafa6bb6f6f8117728418f6ca98baa39d9d7ef25e9e3
953,Hoang Minh Hung,0913095390,1113 Nguyen Thi Minh Khai Street - District 8,10.745023,106.660379,hoangminhhung953@gmail.com,f1f91042e99d79189639ad868c19619c96b4826ddbba6f2363d02932f479fb90
954,Nguyen Khanh Huong,0911281679,968 Nguyen Hue Street - District 2,10.822794,106.612486,nguyenkhanhhuong954@gmail.com,33f5a4bacbba806039cfcbd4d205be5eecf758847d998bb72066943e5a3b8abf
955,Vu Ngoc Long,0775451178,1120 Le Duan Street - District 8,10.819125,106.636892,vungoclong955@gmail.com,35897990932c19d88d7e89bf089115aa349aece772578ab03ae2203c6e1bd675
956,Phan Van Long,0907058559,1109 Tran Hung Dao Street - District 6,10.844761,106.735135,phanvanlong956@gmail.com,05ddfc0521e87110ef86e543c4405ee3c03b1c6bd5ebe8ff23799afe42911d78
957,Nguyen Thi Lan,0970491571,1111 Nam Ky Khoi Nghia Street - District 2,10.828946,106.647713,nguyenthilan957@gmail.com,e65d8acd018d142a7aa94c0d26daf3e14de563abfca025de6261da4444c73c44
958,Hoang Duc Huong,0358466231,1213 Nam Ky Khoi Nghia Street - District 4,10.759914,106.679975,hoangduchuong958@gmail.com,8d6c3e86e639464c1051bf5a6e9c318da44b403410f793518e96a90d405a6d47
959,Tran Van Huong,0326425818,995 Hai Ba Trung Street - District 1,10.732411,106.613186,tranvanhuong959@gmail.com,f0792f83ef7a6eb704bde9c60e029ce3258e378f8827a3f4b6899ca98fea2ea4
960,Bui Thi Linh,0905103367,1169 Nam Ky Khoi Nghia Street - District 9,10.776959,106.617054,buithilinh960@gmail.com,a0951f76c26f5ebcba27705be12438f9ddbd9266bea8a5756a6b267ecab79417
961,Le Ngoc Anh,0905758993,1061 Pasteur Street - District 3,10.780490,106.668434,lengocanh961@gmail.com,711aaca230ac344bd10048dc11488b77dd506d710706c4e6e23d11d734b56251
962,Nguyen Thi Huong,0981131954,1131 Cach Mang Thang Tam Street - District 12,10.816044,106.657075,nguyenthihuong962@gmail.com,a9ab8bd9f179917c9dac49088aeaf5b87881f04bbc209ed08929c1daaa0143e0
963,Hoang Duc Minh,0909711387,1038 Nguyen Hue Street - District 11,10.720811,106.643842,hoangducminh963@gmail.com,cb69834c65fd8047f57d4db4b7f255a61b8e40fe125d5416c95b032a8922baea
964,Bui Minh Hai,0350149549,1113 Nguyen Hue Street - District 4,10.760671,106.651689,buiminhhai964@gmail.com,ff4f845915c0b92a6a763e0216803afcbcbf650e189cc0d6929bf6ec1bbbb412
965,Bui Thi Linh,0770809037,1000 Le Loi Street - District 7,10.725616,106.624451,buithilinh965@gmail.com,8e302b1b2770500a0edf659fc433be5410d012e7a16a65ea2ccbefb33055548d
966,Phan Ngoc Huong,0979561438,1003 Nguyen Thi Minh Khai Street - District 9,10.782519,106.719188,phanngochuong966@gmail.com,da305e5945eac330e53393f1c225343b4cd0c63161c6b2f12419a0e071224a36
967,Le Khanh Long,0358103504,971 Nam Ky Khoi Nghia Street - District 2,10.829347,106.653120,lekhanhlong967@gmail.com,4930222a4a560d486bd7c7f0bdde4c729c8d0357b90cf32b489220e6e6894773
968,Pham Anh Huong,0354126558,1136 Dien Bien Phu Street - District 6,10.721328,106.656035,phamanhhuong968@gmail.com,0dbf662db11f5e03afe1360a5ffc6a9b4fbd042a27cb59739df082f4bea4b881
969,Hoang Khanh Hai,0777749853,1185 Nguyen Hue Street - District 10,10.724141,106.621425,hoangkhanhhai969@gmail.com,9d5a79b0696619a221ddeed26179579e488358c26a34974473be350e1903edba
970,Huynh Tuan Long,0906815288,1141 Nam Ky Khoi Nghia Street - District 3,10.799816,106.618305,huynhtuanlong970@gmail.com,806c1ed5b162559f74949943d3061dee07b654b1cea4c838f5941801b68e5afa
971,Vu Tuan Huong,0973672064,1202 Dien Bien Phu Street - District 2,10.726743,106.747814,vutuanhuong971@gmail.com,01a053e12c3822e9c10b8a0c3b1f7393eae8b750a4593f5b27947e2dd483ad7f
972,Huynh Tuan Hung,0931772200,1218 Tran Hung Dao Street - District 10,10.748705,106.732206,huynhtuanhung972@gmail.com,117e2632246bc4354de3ced7b3df613b68eb6cd4d41a0679b11cef76bfdb7c8c
973,Le Duc Huong,0329459671,997 Le Duan Street - District 4,10.847707,106.724761,leduchuong973@gmail.com,af4ed11280702af8baab2b44705848cb933c9104e83257c5585b6a9bfbdadad3
974,Bui Minh Huong,0977614430,975 Nguyen Thi Minh Khai Street - District 4,10.729103,106.719599,buiminhhuong974@gmail.com,594a34b80d6899ad3234e81cefd2178b721726be35a7415c937e8b24a8fd5d5a
975,Pham Minh Phuong,0989155153,1023 Le Duan Street - District 10,10.773376,106.625387,phamminhphuong975@gmail.com,8e5d3b54a83b4529b0444b1fde6264430f01f14c471d8ac43d4540616acfa65b
976,Tran Hoang Minh,0918146617,1213 Tran Hung Dao Street - District 1,10.828967,106.652684,tranhoangminh976@gmail.com,a8c290043118f32e02bd7000c4f9614e3216adfddc24f44def80cfdd67e28c4f
977,Hoang Duy Hung,0353855599,1017 Cach Mang Thang Tam Street - District 3,10.752861,106.695313,hoangduyhung977@gmail.com,5526a3777713df1adb321e5792ba6641fdeb943224cf2d3ec54438ce221b50ac
978,Dang Tuan Anh,0904383629,1274 Dien Bien Phu Street - District 6,10.816954,106.731854,dangtuananh978@gmail.com,052131f4b5a99aff2c36a349f28f81a0172cd62be88236e82a753202e261a9e3
979,Pham Tuan Hung,0913195271,1268 Nam Ky Khoi Nghia Street - District 6,10.836206,106.617382,phamtuanhung979@gmail.com,52db599a1afe146187d82a5f0ba53181a23338085f45485336277130e1a363ca
980,Tran Hoang Huong,0327850590,1202 Pasteur Street - District 12,10.840779,106.662144,tranhoanghuong980@gmail.com,0ff92e377ccfff73d59e1433936891d33d7435717254caa199de50e42fcb811a
981,Bui Anh Lan,0354555132,1068 Dien Bien Phu Street - District 8,10.786097,106.625323,buianhlan981@gmail.com,d6dadbddb8983d620d69fc68ec5f2d158bdd37e9cb42ad09f6d3724909ca15cf
982,Nguyen Khanh Minh,0939756707,1033 Tran Hung Dao Street - District 7,10.758170,106.736603,nguyenkhanhminh982@gmail.com,de3e3c0cd1eb9b01e323c0fbd458444f208271db9d9e3b77165b1386c1594eb8
983,Hoang Ngoc Lan,0902936072,1012 Tran Hung Dao Street - District 12,10.723751,106.657388,hoangngoclan983@gmail.com,619d30ad9bedbedaf3c6a3ff57299d2d1d004f79a3670bd58df1b1caac82819a
984,Nguyen Thi Hung,0931560197,1190 Nguyen Thi Minh Khai Street - District 9,10.796707,106.669508,nguyenthihung984@gmail.com,162161ac085ce8382644767d3a623d12353a28390c6a56809b63acf9b83977e8
985,Le Tuan Hai,0908348787,1246 Hai Ba Trung Street - District 5,10.840178,106.732598,letuanhai985@gmail.com,27278b954ed28131b60c41a8275df913f8d9abc8e7a292f5d7f3074d7b8d81ea
986,Hoang Hoang Long,0325277725,1194 Nguyen Hue Street - District 10,10.794173,106.608367,hoanghoanglong986@gmail.com,9753b0ceba084c5403c286df703df20bf41c23f5412df3020ab52665e666dc7a
987,Hoang Hoang Long,0900317145,1224 Le Loi Street - District 5,10.816715,106.700299,hoanghoanglong987@gmail.com,88507b6cf65358ced769bcc3af9196f5fadc45accf7175b0a7de1b4fdc26a61d
988,Phan Thi Huong,0915007930,994 Nam Ky Khoi Nghia Street - District 6,10.823602,106.691339,phanthihuong988@gmail.com,e57311df1216be53756f562cde14a5a9dc2e59c3d5289848c4fc3c3ec1001f9d
989,Dang Ngoc Hai,0910824809,1284 Le Duan Street - District 7,10.753580,106.708430,dangngochai989@gmail.com,4384e2b5992f6faa1841b5212710de584bc5085fd0372b2f9f7587d1f6fa86de
990,Tran Anh Huong,0981791385,1051 Tran Hung Dao Street - District 7,10.846944,106.705881,trananhhuong990@gmail.com,7b7cfa4fec0c9273b47fa87bc01d3998482e2eab1d5e07ea907a3b7139e381e1
991,Phan Khanh Lan,0904424993,1276 Le Loi Street - District 12,10.722341,106.607150,phankhanhlan991@gmail.com,e70de29b17cae62c6173b2085e777bc7bba481c45432cfddb120706b07bb9b99
992,Nguyen Minh Tuan,0322280492,1153 Hai Ba Trung Street - District 11,10.798194,106.645234,nguyenminhtuan992@gmail.com,1779b70eee294823694cfa51039da58a63eefe233664cb84b1ef77118109c4b5
993,Hoang Van Lan,0934240788,1038 Cach Mang Thang Tam Street - District 12,10.747398,106.702264,hoangvanlan993@gmail.com,6f39a8d1f3b96d379839517f6870b2aadec74df6ead1e413d600b86091c00edc
994,Le Van Hung,0977318869,1183 Le Loi Street - District 7,10.740942,106.601669,levanhung994@gmail.com,26f21bca0565e4cca49514f9ae8a167095c66f3cb100c0a2105fa9672c7fac9a
995,Bui Duy Huong,0777332389,1248 Le Duan Street - District 5,10.833077,106.697251,buiduyhuong995@gmail.com,7f1a9b08c7b463e53f64515da2f1cd728f40afd0b868d3a6a8b81a155656e60b
996,Vu Duc Phuong,0970050472,1205 Le Loi Street - District 7,10.756594,106.629319,vuducphuong996@gmail.com,ba22914b92b5c6dd67c84dff2a85fcb8e732f2291ca19b15777a7e2f68dfe5c5
997,Tran Van Phuong,0320404809,1143 Pasteur Street - District 9,10.816550,106.663633,tranvanphuong997@gmail.com,5e7253e989119ede2c181b54afd2111b1cbeb7ebc42616b169c08ed38a56824a
998,Phan Hoang Tuan,0326948525,1238 Le Loi Street - District 11,10.828002,106.604882,phanhoangtuan998@gmail.com,6c2a200d7e5ef1c3ed840df9382be10b2cf86259f31dc2d764b9390434cb3d4a
999,Vu Thi Hung,0939656905,1209 Tran Hung Dao Street - District 11,10.782644,106.606914,vuthihung999@gmail.com,90b2cd6464e45c9e7439811c768445ffadc06310932157a6a050ea248fb58ded
1000,Hoang Duy Hung,0987961500,1252 Nguyen Thi Minh Khai Street - District 2,10.758930,106.611509,hoangduyhung1000@gmail.com,b80920af1c702867ae234d834b7b3b68722796c309fb37c456e3dfb88e4953df
1001,Dang Duc Hung,0770977662,1056 Tran Hung Dao Street - District 8,10.754605,106.649358,dangduchung1001@gmail.com,0eabf8d6652d4802bb1cdd20fbad8038298075c667105c5d30d19291ff1f1e9d
1002,Huynh Khanh Linh,0906534175,1212 Dien Bien Phu Street - District 8,10.802625,106.669754,huynhkhanhlinh1002@gmail.com,f04b88602e90b5aad67c9d3e80b001e11010472955bccf6995b0fb5d75a2fb04
1003,Le Anh Huong,0329398164,1130 Le Loi Street - District 5,10.785092,106.731509,leanhhuong1003@gmail.com,11db0a8f8d82a8675a387f86e2bfccd199e4458ddf8aa6ae7ee246215341b444
1004,Tran Anh Tuan,0970754836,1270 Nguyen Hue Street - District 4,10.742810,106.739640,trananhtuan1004@gmail.com,0b6f3178a8d3cfb592d5976c2addeb1013f1f9e60e26ffca13738ad5cd7e3252
1005,Le Hoang Lan,0907387337,1016 Tran Hung Dao Street - District 10,10.834082,106.691522,lehoanglan1005@gmail.com,c0a0146eb39b2b514e4d8dc3acfe4e8533d0c544c1849b6b003ebc66371f5772
1006,Phan Duc Long,0906086729,1123 Nguyen Hue Street - District 5,10.767673,106.619571,phanduclong1006@gmail.com,b19860149a08145add462867a581d1efbf33ab6fdf3ef42d14b5cac56084a00d
1007,Le Van Hung,0906673580,1155 Le Loi Street - District 3,10.824923,106.665110,levanhung1007@gmail.com,20b0452b8fe19d5f87a7282bd0ef928c1eb0add12c973de75bbac4a0c5b2c3f0
1008,Le Duc Lan,0358844095,1079 Le Duan Street - District 4,10.801834,106.671123,leduclan1008@gmail.com,e17382dee924230569378046925c0ac2f5052ccd9b892170fdfd74965c596baa
1009,Vu Van Linh,0901083998,1034 Nguyen Thi Minh Khai Street - District 2,10.726555,106.659231,vuvanlinh1009@gmail.com,e6b64601ece4f81fa108458f57137f5cbe42597c14263924a2f1db8c7686e044
1010,Phan Hoang Long,0328459112,1099 Tran Hung Dao Street - District 10,10.842881,106.703545,phanhoanglong1010@gmail.com,0174b28dd26ccaf6e4abfba2320196fefb60db24cc3af72f4f32c458ca3dbe6b
1011,Dang Anh Minh,0906621269,1187 Le Duan Street - District 5,10.758880,106.639490,danganhminh1011@gmail.com,a792012f24313d6b991f9237e27024db2294ba82753bd1e7f704356a2b60c54d
1012,Tran Hoang Minh,0323628266,1227 Le Loi Street - District 8,10.797872,106.708247,tranhoangminh1012@gmail.com,c9bb25250afecc0e6744c539c7e94b959e026dd86e3b9689731a6f3e8450c713
1013,Hoang Khanh Minh,0772323220,1117 Hai Ba Trung Street - District 6,10.779386,106.734662,hoangkhanhminh1013@gmail.com,807667919de8c4f8bd36885cc7419e9fa9914adcbcefb9efe05ef43c1a0e9179
1014,Pham Hoang Tuan,0905402970,1268 Nguyen Hue Street - District 2,10.841190,106.641451,phamhoangtuan1014@gmail.com,cdddcd04121f2ac85dba5e9002bceb2045a2333bf8e2d769d682d074bc7938b9
1015,Dang Minh Phuong,0919217269,1106 Nguyen Thi Minh Khai Street - District 10,10.782474,106.601734,dangminhphuong1015@gmail.com,9e9e365b287a16115142be41795fa4f96e3eba880d16ced57df50edea038f886
1016,Pham Tuan Long,0321031170,1283 Tran Hung Dao Street - District 2,10.848298,106.662758,phamtuanlong1016@gmail.com,3d2353711a03647759e11e5af85b191b4efda9022da50a101bcc5218a1fb3e36
1017,Nguyen Thi Minh,0917699680,1155 Hai Ba Trung Street - District 12,10.828449,106.611418,nguyenthiminh1017@gmail.com,6c067010815ff4c3b8268893be099339a78aca9b17b60424fb1686aedfc9ce87
1018,Dang Van Tuan,0905175453,1196 Tran Hung Dao Street - District 4,10.790323,106.748433,dangvantuan1018@gmail.com,82679fa8b7d607e4ffee46e12a447e92d8c94d5287155b5d97e698ab37f58a81
1019,Pham Hoang Long,0919697425,1034 Le Duan Street - District 1,10.836845,106.607201,phamhoanglong1019@gmail.com,bfb429db012ad1e9c681583605baacc0b26d6cc26b63f47bf5e54dcc52df97bc
1020,Dang Hoang Hung,0770455958,1042 Nam Ky Khoi Nghia Street - District 1,10.751914,106.660861,danghoanghung1020@gmail.com,6d7eaa544d229053f1f6221d271eb1b3063347a453bb7ab7cafa76f684263c36
1021,Dang Hoang Lan,0917772247,1083 Nam Ky Khoi Nghia Street - District 2,10.728647,106.660676,danghoanglan1021@gmail.com,44d9ba5de37a91cae46c52d50f20c212fc036a43998eb1e7d32ce691e37152e0
1022,Vu Thi Tuan,0913006925,1045 Nguyen Hue Street - District 9,10.769601,106.669857,vuthituan1022@gmail.com,158151d8bf1975ab5321fe6a68508db5f9da5ca2f7fa551f483cd7aa042e8b54
1023,Huynh Tuan Anh,0329491152,1151 Pasteur Street - District 2,10.814037,106.692127,huynhtuananh1023@gmail.com,681346766c5a30ad57b6f580477bd810571563bfdba8241b5e9d6bce1914c023
1024,Le Thi Anh,0353999058,1043 Dien Bien Phu Street - District 7,10.739759,106.637259,lethianh1024@gmail.com,a75a167fcf6f433dfcc49cc344d05d831316f7f846cc11f56d84fce2c7ffd238
1025,Bui Tuan Linh,0356293551,1105 Pasteur Street - District 4,10.836591,106.698170,buituanlinh1025@gmail.com,2b3f45a32efb94ddf0b37b1e3aee9eb63a37d56e1fcdd4c0568c1b7f783825f1
1026,Tran Ngoc Long,0911761064,1163 Nguyen Thi Minh Khai Street - District 4,10.774430,106.743580,tranngoclong1026@gmail.com,aa03e26655c11ab9a63e8ec6317573f9b0358eef5555164ff94a2648057bbf7b
1027,Phan Minh Hung,0972582903,1182 Nguyen Thi Minh Khai Street - District 9,10.721274,106.677593,phanminhhung1027@gmail.com,32564b90e15dab541cdfe1ec8e17d5bc565382a70a0e5da34d09f9617eab462c
1028,Vu Duy Hung,0934533892,1045 Le Duan Street - District 8,10.769524,106.704384,vuduyhung1028@gmail.com,eae2e208b81dfaa8fee261a6a23988f87b362deb4d779f6c7d9795eef55ee8a7
1029,Dang Tuan Tuan,0356519229,1282 Cach Mang Thang Tam Street - District 9,10.842249,106.722475,dangtuantuan1029@gmail.com,3f0c424bacf958799e02eb884d70717fb0cc317ba46fdbcd3e4ad7cf6b36b955
1030,Bui Tuan Tuan,0773199756,1094 Nguyen Hue Street - District 11,10.833439,106.694533,buituantuan1030@gmail.com,7f63f0ea0f74e60995761ab4acfae99064b590a17d7969f70f5fc0b998051c6b
1031,Dang Thi Anh,0351081194,1191 Nguyen Thi Minh Khai Street - District 1,10.777328,106.694147,dangthianh1031@gmail.com,b49d69eb5d5912b8a8695079b32f5162420f1f6735e2ca93178c7e01da7a8bc2
1032,Phan Hoang Linh,0358407194,1094 Nguyen Thi Minh Khai Street - District 1,10.814776,106.720428,phanhoanglinh1032@gmail.com,cddb38e0cd479fcb01dcb199275f6af610cde03cc99e28b866d7203ebb12d734
1033,Pham Khanh Lan,0914426616,1239 Hai Ba Trung Street - District 5,10.838924,106.682637,phamkhanhlan1033@gmail.com,04bec4f2892c352651eee766b9af0c31dfed258fc45f17aa342c9df227fedc25
1034,Le Anh Hung,0328540535,1242 Cach Mang Thang Tam Street - District 8,10.725723,106.604002,leanhhung1034@gmail.com,850dd756ee4b1024f0bc46d0c70873bd992486d4f3d380e8d32dc11556b409f7
1035,Huynh Khanh Minh,0778522033,1233 Cach Mang Thang Tam Street - District 6,10.796559,106.703809,huynhkhanhminh1035@gmail.com,69de94d51814edd6b34ddedbf6fee5cae35b714ce2d304407126ff1b33f4d89c
1036,Phan Thi Lan,0770459808,1040 Le Duan Street - District 4,10.732706,106.717332,phanthilan1036@gmail.com,d9699e2022cb7f890957cca8473d93735bf839a3b297d47f240f757764894e8b
1037,Pham Hoang Huong,0970837875,1051 Nguyen Hue Street - District 3,10.753380,106.720635,phamhoanghuong1037@gmail.com,c1fdc266c2df5769b2b2b328da0001b38b077eaffc1bc323cd240cca8dd676c8
1038,Nguyen Tuan Lan,0982002949,1260 Nguyen Hue Street - District 12,10.758150,106.733469,nguyentuanlan1038@gmail.com,d0b73db7e58194e7cd553831e20903f7cb711ba1de7a0dc20eda0aed09202f13
1039,Phan Anh Lan,0978493807,1173 Nguyen Thi Minh Khai Street - District 2,10.848713,106.633742,phananhlan1039@gmail.com,f54b98b0102bfdc1b409cad005bc2186d8132c5b45faa9c107659ddccd0d1cb7
1040,Le Van Phuong,0910660421,1121 Cach Mang Thang Tam Street - District 9,10.796615,106.737342,levanphuong1040@gmail.com,2e3b0999dc62b83ddaa9a5a60376ef9c8dd48c49960fc3d00dae1ba5ccf05d06
1041,Nguyen Duc Lan,0988404710,1149 Nguyen Hue Street - District 7,10.790457,106.671692,nguyenduclan1041@gmail.com,920632c24322e2a903382c95b2c888bba7d245eabe85dfc4d8ce64758d1db871
1042,Tran Duy Minh,0905329396,1050 Cach Mang Thang Tam Street - District 4,10.805196,106.720427,tranduyminh1042@gmail.com,ea128aec52b907aa2ffe78b60511290fd24576265ac84d36aa7572f509f70a5c
1043,Dang Ngoc Minh,0983368683,1192 Nguyen Thi Minh Khai Street - District 7,10.795067,106.673329,dangngocminh1043@gmail.com,93a3661c1a1b0484be139c1e06140bac1e58f0d946c392711902e9b53c53f4b2
1044,Nguyen Hoang Linh,0358773206,1154 Cach Mang Thang Tam Street - District 3,10.761840,106.614287,nguyenhoanglinh1044@gmail.com,37b01cb07c7ef8cbd8b9ce6942610bcc2d7fa9321ecea18310ab2e5790520daf
1045,Bui Thi Phuong,0909256869,1219 Dien Bien Phu Street - District 12,10.769020,106.642933,buithiphuong1045@gmail.com,f0a402aade69c03550facb13ccdbdbcbf7824186632c01889e3e72d86c46018a
1046,Pham Tuan Minh,0912842530,1267 Pasteur Street - District 8,10.826273,106.651020,phamtuanminh1046@gmail.com,33b8ded35cc09b5535c01a4b8feb807e581412e1484f1fbb9b60aae71e507e38
1047,Vu Tuan Linh,0974469386,1325 Hai Ba Trung Street - District 2,10.754007,106.723923,vutuanlinh1047@gmail.com,0597108d3fb70f5ce7f2feaaac5aaa0d2f507631139df321f46a536673fe3bf2
1048,Bui Thi Hai,0770351297,1209 Dien Bien Phu Street - District 6,10.826342,106.723193,buithihai1048@gmail.com,4049c7a7486450a8c995a6a04df60ca41bac5c38bec17fafdbaa1f9f1d0ca94d
1049,Le Van Long,0903013414,1321 Le Duan Street - District 6,10.808564,106.628413,levanlong1049@gmail.com,24dd43dbbd62cbb0fcfb998f3e13e39abbacca5291f907ae2a203077b2b1b167
1050,Pham Khanh Lan,0358897421,1303 Nam Ky Khoi Nghia Street - District 6,10.778000,106.701919,phamkhanhlan1050@gmail.com,61ee307db1b2593739f3104c740ff8006b0dfa370dbe113ac81fe004fab8c0cc
1051,Tran Minh Lan,0774649170,1180 Nam Ky Khoi Nghia Street - District 7,10.811625,106.728020,tranminhlan1051@gmail.com,4448fcf417c5aca21e110f79b45ef5053c2795295b8bc11fb284fdec2dba4b10
1052,Bui Van Lan,0771506322,1174 Le Loi Street - District 2,10.729657,106.709379,buivanlan1052@gmail.com,4d07ddbe1dbc2be2afca063355c13fe2fc5e45a5396846965b08b0180f24c283
1053,Dang Anh Long,0989602686,1301 Tran Hung Dao Street - District 8,10.788315,106.606013,danganhlong1053@gmail.com,a83c3826e8c6e31d01c96b2a70cd3e108f2f29927dcf83b9819644d61f99cb67
1054,Pham Thi Anh,0981097809,1199 Nguyen Thi Minh Khai Street - District 6,10.731389,106.731296,phamthianh1054@gmail.com,0c06a0725529ca7a6762b42a90189ec4daa3f6b1276224da768154abf1ace73b
1055,Pham Minh Linh,0938617320,1308 Nguyen Thi Minh Khai Street - District 3,10.795413,106.642130,phamminhlinh1055@gmail.com,bb6ea9249dd74dd6f50f809e6ed0fc67ca9e3547775ad2bd1a16364822919b24
1056,Hoang Ngoc Phuong,0974455032,1313 Pasteur Street - District 1,10.806425,106.745657,hoangngocphuong1056@gmail.com,ca7c0946e2cf73bc20fb205b9aad670d0c171a5cf465363fc0a8cfc9e7e0d809
1057,Phan Duy Lan,0915560675,1318 Tran Hung Dao Street - District 10,10.843175,106.649206,phanduylan1057@gmail.com,024eb74902c83e058afa5f303083ccac9e61ce27c73da2cbe4f048f33e8cfb9c
1058,Le Thi Hai,0934811052,1200 Le Loi Street - District 4,10.736398,106.636285,lethihai1058@gmail.com,aadff55ad79572f2aea5f42a84f4b987e4fbac00448846538f7ade0eb9e05de6
1059,Nguyen Khanh Hai,0320304658,1172 Tran Hung Dao Street - District 8,10.831656,106.655076,nguyenkhanhhai1059@gmail.com,241808ada19086f4ae0f5e96fbdfcf796b7e1dfce7d0bb97298d3c60e6c3ecea
1060,Phan Anh Hai,0327747648,1146 Le Duan Street - District 4,10.783214,106.603783,phananhhai1060@gmail.com,1ac891e0552cc5c75230f575541fee07458c29815523106d2f728cb6149a12c2
1061,Vu Anh Anh,0984315690,1276 Dien Bien Phu Street - District 3,10.773326,106.624218,vuanhanh1061@gmail.com,ee30bc745895c7fff6c5dd55e7acc80379a0fd4d44f32efcabf3c8298b8de47e
1062,Bui Duy Phuong,0321191036,1335 Pasteur Street - District 6,10.788818,106.681825,buiduyphuong1062@gmail.com,9e6f2f85c6fa1d5266e33159500a9c1cd3fdd9fcbfc10389eb75c25c0a1a3073
1063,Le Minh Hai,0979121204,1103 Cach Mang Thang Tam Street - District 3,10.839590,106.641006,leminhhai1063@gmail.com,df9a1184f37ba4e0137af2826b0566262d94af1d0aed59a1702e2ec4060ed462
1064,Nguyen Anh Lan,0909306328,1067 Hai Ba Trung Street - District 10,10.849838,106.713777,nguyenanhlan1064@gmail.com,ab4a0845c8c1e08cec06ae9500f0350f122dc06991b7a02e055b4c498c0f3eb5
1065,Le Tuan Hai,0932936266,1128 Nguyen Thi Minh Khai Street - District 3,10.826847,106.730577,letuanhai1065@gmail.com,f4a972f02969c71af0858df79c88c88f02ed38f64e1439675489a34da5e8ebbe
1066,Bui Thi Anh,0350240191,1163 Le Duan Street - District 6,10.766958,106.743244,buithianh1066@gmail.com,8a15507e23dca1b0eee8db002ccf29bce0ccb9a78e84c1ec64b155fee27cdc27
1067,Bui Khanh Huong,0328338518,1090 Dien Bien Phu Street - District 1,10.787932,106.723861,buikhanhhuong1067@gmail.com,94babe6ce24ec56321d1f43b075be9714228d58e6fefafa02cff1af7da92b6f6
1068,Vu Van Hai,0919985613,1287 Nam Ky Khoi Nghia Street - District 10,10.728889,106.722250,vuvanhai1068@gmail.com,cc01359ba9304e28202d170e6e336dea5618bdbe5ad16b69acf806d7f25a1282
1069,Dang Minh Hai,0914624726,1123 Hai Ba Trung Street - District 10,10.757170,106.730561,dangminhhai1069@gmail.com,b9b3d222e9e694533ccaa4f3c1336be2ad9009418ae5362efab217968a46a86c
1070,Nguyen Hoang Long,0325188753,1318 Nguyen Hue Street - District 2,10.758076,106.742492,nguyenhoanglong1070@gmail.com,48ff59205f10b3c60e7b36f8164b1c1979795eeb4836c14738bf74cce95b57df
1071,Phan Hoang Anh,0355700123,1144 Le Duan Street - District 8,10.841852,106.667557,phanhoanganh1071@gmail.com,431c644ac9edda3e7153d08e66d4a19526d4a276d9effabf0f72330e0aa0d61d
1072,Le Thi Huong,0906877900,1298 Nguyen Hue Street - District 5,10.819686,106.698378,lethihuong1072@gmail.com,6856b7807fac0834ef612f7a29b3f2f6704b3ffbc4719ba2dec13761dc11df20
1073,Bui Hoang Phuong,0913109766,1324 Hai Ba Trung Street - District 6,10.849716,106.700559,buihoangphuong1073@gmail.com,9a3645e2d4fdef532df7a1a2c8a0b7a4da776db072320085fc8e95619a779044
1074,Tran Duc Linh,0910947888,1099 Nguyen Thi Minh Khai Street - District 5,10.797027,106.695382,tranduclinh1074@gmail.com,a69e02c2f293a6290bb9ca9f3ca4de4628c6f98068c74b34199aa787c71c1396
1075,Phan Duc Phuong,0326143178,1255 Dien Bien Phu Street - District 7,10.820973,106.643650,phanducphuong1075@gmail.com,de4b0a2be9fa37daa9f8d053d4e1a5278ab4dfcda7dd86192d2be8178ddaecd9
1076,Vu Ngoc Tuan,0355497507,1251 Dien Bien Phu Street - District 12,10.815368,106.723648,vungoctuan1076@gmail.com,dc22a8e5cddfc09a26531d78b3ed2e25e4fa74803565f31df29071e196d41492
1077,Nguyen Ngoc Huong,0327125806,1287 Hai Ba Trung Street - District 12,10.844541,106.624845,nguyenngochuong1077@gmail.com,a012440773acc68c3c0c4506eb49cfa4026945d09e0885240cf3de1a9f117e18
1078,Hoang Duc Lan,0971296890,1131 Nguyen Hue Street - District 8,10.762093,106.624747,hoangduclan1078@gmail.com,d7e24be6420b1b7ea7dfe681c84bf540f60f07ac3c8e3b27897eacf6394f8940
1079,Vu Tuan Long,0352927560,1099 Cach Mang Thang Tam Street - District 12,10.761505,106.715722,vutuanlong1079@gmail.com,ac0e2b87c23cf4cb37d7eebee724f2b18fd8356885ddd7b8cca70a39b3418e9e
1080,Le Tuan Lan,0981357247,1135 Nguyen Hue Street - District 5,10.844319,106.639003,letuanlan1080@gmail.com,ecbde90cbc0bc0781ddbdf0d32f4d73b52cabff44e57e2df13df09ca77a04e68
1081,Tran Khanh Phuong,0917129028,1302 Tran Hung Dao Street - District 6,10.774334,106.689780,trankhanhphuong1081@gmail.com,b5180095ebff4568f81664efa5250688949a8cd2aad8ce16863989c692913ea5
1082,Pham Ngoc Phuong,0936793453,1303 Dien Bien Phu Street - District 9,10.815442,106.631870,phamngocphuong1082@gmail.com,c5cd49a9083749379332f51c5b761ff71ae0a45833f54efc74b44e928d3dafbf
1083,Vu Thi Huong,0320601115,1310 Dien Bien Phu Street - District 12,10.768067,106.617270,vuthihuong1083@gmail.com,65764c0b4db84abcdf644cbeb586962ff7e788a4cc4ee1418fc3c5ec701ecfca
1084,Tran Hoang Hai,0931100335,1087 Nguyen Thi Minh Khai Street - District 2,10.729655,106.710539,tranhoanghai1084@gmail.com,a74fe4ea16c063c24ebe55b5cdf1811746527a53e6b1040c42d6662024f23b27
1085,Vu Ngoc Lan,0979023069,1379 Dien Bien Phu Street - District 12,10.749605,106.723938,vungoclan1085@gmail.com,65de1b675bfe7e06872336bfe14f193af424f21441398429420f9f764287d835
1086,Dang Hoang Hung,0933932965,1094 Nguyen Hue Street - District 5,10.728188,106.706092,danghoanghung1086@gmail.com,b5df6f4b1c61c5ab8a03001375fd4a7f154b828ee531de512d2702e530c2f916
1087,Pham Tuan Linh,0905068008,1385 Tran Hung Dao Street - District 2,10.843313,106.687334,phamtuanlinh1087@gmail.com,1fbca4be769612f2df61a347e774bada3554f7e265ec0da068d9d8c231bc190a
1088,Tran Ngoc Hung,0935057823,1263 Dien Bien Phu Street - District 11,10.792972,106.712366,tranngochung1088@gmail.com,f79a62cd5a9958c1fe976e342132d912198e50d4073d9e1a45760d73866d7086
1089,Nguyen Khanh Lan,0326361786,1206 Nguyen Hue Street - District 7,10.833775,106.687539,nguyenkhanhlan1089@gmail.com,e2aedce7cc5e73439d92e9f2b7c717f47355874db165d32c6f8a79d7bf777dd7
1090,Dang Tuan Hai,0974488386,1246 Le Loi Street - District 6,10.749322,106.638800,dangtuanhai1090@gmail.com,6b5e8ebafaf42753b9266debf260fdd76b2affc569b2555fab336ddf80b74156
1091,Le Anh Tuan,0903294965,1104 Le Duan Street - District 3,10.847320,106.643004,leanhtuan1091@gmail.com,f4bd35cec3914492de8ae2e5f4aeac9752230a3c9761c534310c7041819d6ddd
1092,Tran Van Lan,0989637819,1225 Tran Hung Dao Street - District 8,10.784631,106.612497,tranvanlan1092@gmail.com,2b4c380a2c349ebe363ef6ea2b4aced1910f51ecbcb919cfb164cd252e6f72c1
1093,Vu Duc Lan,0776528364,1129 Pasteur Street - District 8,10.723552,106.685356,vuduclan1093@gmail.com,3daa1eb2ad91608aa32e48c9a3939de240ee4139bf868ee65a4a78dcfba1baed
1094,Bui Tuan Linh,0354071179,1326 Nguyen Thi Minh Khai Street - District 9,10.822473,106.626651,buituanlinh1094@gmail.com,15258161d003c6b329647ab952a5467bce2857e2d1db28f5131cee899ddc6772
1095,Bui Hoang Huong,0970588966,1332 Le Loi Street - District 4,10.788702,106.722789,buihoanghuong1095@gmail.com,28eb6bae44187b0333499eab4e5f50b477fe6cde99c070c5697f93a2fed29659
1096,Huynh Khanh Lan,0938112212,1312 Le Loi Street - District 2,10.760884,106.733810,huynhkhanhlan1096@gmail.com,e78b33d52c80525966277471074b81d4a7b88f66e4a94e2ece37460d9c0bed7c
1097,Tran Duy Linh,0985778770,1356 Tran Hung Dao Street - District 4,10.773020,106.691942,tranduylinh1097@gmail.com,6fb61b32beddb99aae9d1c8b8b055a994308141641182bb36770302c491aa07d
1098,Huynh Duy Phuong,0900789954,1228 Tran Hung Dao Street - District 9,10.834127,106.665766,huynhduyphuong1098@gmail.com,9d970a97d4f3015dd4a2df3b891d99f18c1b919aebe0f2f48b253af13fb76564
1099,Phan Khanh Phuong,0325525642,1242 Cach Mang Thang Tam Street - District 11,10.726460,106.676877,phankhanhphuong1099@gmail.com,924fdfc3a818954c8fd874c627dbb5d9a3af50e9dadb60d4a5fa611cf3349eec
1100,Hoang Duy Lan,0351805902,1101 Hai Ba Trung Street - District 4,10.832495,106.623975,hoangduylan1100@gmail.com,1857135e88bbe59ce9d97dcdceed46f9281f69bef0971e64928ec6f84d331541
1101,Vu Ngoc Huong,0937379474,1198 Nguyen Thi Minh Khai Street - District 6,10.811900,106.674545,vungochuong1101@gmail.com,bde9a7f04ae1a2d614404fbd2c375da92722d1271a7b0e4b391134e428422824
1102,Nguyen Ngoc Hung,0938266231,1259 Le Duan Street - District 6,10.786947,106.723478,nguyenngochung1102@gmail.com,ca3b40c6f57566136dcb7eb03149370ad5f37c2d9d94ff931e9b317c819e0354
1103,Tran Khanh Anh,0916596377,1205 Tran Hung Dao Street - District 7,10.729635,106.635709,trankhanhanh1103@gmail.com,e7f6cf40d0930f59bd4c0abcad7ff32227ac2e2ddbbf2c186c5c32fdedcfed3e
1104,Hoang Khanh Long,0903595786,1187 Hai Ba Trung Street - District 10,10.839437,106.715757,hoangkhanhlong1104@gmail.com,f664e3666c680dd4c6c0ff2e1dcc657e5911c49d026160cd848e74b75e9d5fce
1105,Bui Tuan Minh,0937872757,1342 Pasteur Street - District 11,10.764501,106.683274,buituanminh1105@gmail.com,3cf3b85f0105504f9bfeb2a107d7a6eae6390598fa5a2239b20835c43a083707
1106,Phan Minh Anh,0913796826,1200 Nam Ky Khoi Nghia Street - District 3,10.815459,106.642841,phanminhanh1106@gmail.com,25027daf5dc1a5ee8e6251358c5a3d2ae59d9896ada4ab1996ddbbd4c07a457b
1107,Le Duy Lan,0356470121,1126 Nguyen Hue Street - District 9,10.823134,106.678296,leduylan1107@gmail.com,c8ec48de4503c8c388bc37678f80fc09e1a8776114e4ed0e6a6de745a22ec75b
1108,Nguyen Thi Long,0354312582,1392 Pasteur Street - District 11,10.824363,106.672208,nguyenthilong1108@gmail.com,ea14edf21716c3d28ec7c8c809071f7ef1dc39d92c414446970f88438164590b
1109,Nguyen Tuan Hung,0981278177,1262 Le Duan Street - District 9,10.843386,106.717578,nguyentuanhung1109@gmail.com,39012725d65f469afc7378b8905c61f432c22548ed1e2b69a6c381358e9b0535
1110,Le Duy Huong,0779495864,1147 Nguyen Hue Street - District 8,10.825546,106.679562,leduyhuong1110@gmail.com,1599d895bab409b88468baf96da774028d186a7ccd2e59bb115d7eac90f7d0ee
1111,Tran Van Minh,0354723507,1163 Cach Mang Thang Tam Street - District 10,10.780902,106.705664,tranvanminh1111@gmail.com,12e83a233aae09f28e1172d84fc9115fd43bb42a21be9a6a908c8eec1739a373
1112,Hoang Duy Long,0984696547,1329 Le Loi Street - District 11,10.824551,106.734396,hoangduylong1112@gmail.com,a5fa3f5268dadda7a0701eade5edd1fe1dadc27a687d80e071792b5a2e7f743f
1113,Le Minh Hung,0320425439,1378 Hai Ba Trung Street - District 8,10.769282,106.748322,leminhhung1113@gmail.com,7de59a90dd59a7cfd1af92a5477f6530109f39d57da62e9903834de48bfc7811
1114,Dang Hoang Minh,0986991363,1213 Tran Hung Dao Street - District 4,10.812477,106.701411,danghoangminh1114@gmail.com,1c1a31ffcb514d2c005d1c555680c09852ee78e7c1a2ec5365b43e253b1a9cd7
1115,Phan Ngoc Minh,0909260622,1152 Nam Ky Khoi Nghia Street - District 3,10.830099,106.664155,phanngocminh1115@gmail.com,fe4567851b3f651ed5b47b1373f6eaf46291375c5b9e9cfb8800f873db6d172f
1116,Tran Ngoc Anh,0322561120,1329 Dien Bien Phu Street - District 4,10.744961,106.749320,tranngocanh1116@gmail.com,c09aa0ebc592d8acb74cf54990cd99a2f1f33359dfa96c2b9951aa4753985028
1117,Vu Van Lan,0971878549,1334 Nam Ky Khoi Nghia Street - District 3,10.787350,106.655836,vuvanlan1117@gmail.com,9f4fa839a9cd36191a517a3163b84b936a0025d30093885fb8bd29f9f9690771
1118,Vu Tuan Linh,0902391882,1135 Nguyen Thi Minh Khai Street - District 4,10.833222,106.707370,vutuanlinh1118@gmail.com,c8f27c3d0b2a4e3dd9fa45320b428429fcdffd760180f37133f5f9f2e36b03d0
1119,Bui Duc Lan,0775321266,1343 Le Loi Street - District 3,10.787621,106.672686,buiduclan1119@gmail.com,27bfe1457f0df3dbdf4a7d7446b72d559e8761089153d3cef864104449c2838b
1120,Tran Van Minh,0918959196,1321 Le Duan Street - District 12,10.799369,106.678964,tranvanminh1120@gmail.com,ba672d6943985a5a4fb7dca6041fa2cc63190bdb685b8ad0677e00476b156d06
1121,Bui Van Minh,0938566988,1299 Le Loi Street - District 7,10.782439,106.631774,buivanminh1121@gmail.com,6c748d005c96155322d0b6c6b952b5b4c9fd537b53b9041ebbaba2a0024ee69a
1122,Huynh Khanh Anh,0777626043,1230 Le Duan Street - District 9,10.811298,106.711222,huynhkhanhanh1122@gmail.com,bc16ae122ab4e9b39fba16693042862114aaaae57ef5da0c3976b45112bbd764
1123,Tran Hoang Linh,0900494582,1333 Dien Bien Phu Street - District 7,10.772864,106.645551,tranhoanglinh1123@gmail.com,19ade07e9f02d23d223732f2be7d20f5d12bb171d75ef8de63bb41236ed034e2
1124,Tran Anh Lan,0329246551,1151 Le Duan Street - District 7,10.829098,106.728982,trananhlan1124@gmail.com,2b0744224fed7ac69891040e5bf2703ee7921d208b13b6aec460bde0cecbd705
1125,Hoang Duc Hung,0938136298,1135 Dien Bien Phu Street - District 6,10.848439,106.680146,hoangduchung1125@gmail.com,c8e500ba34a1b355e0c245a670da8e77d154b5220bf5837af2a9394f664d1117
1126,Hoang Hoang Long,0906226728,1203 Le Loi Street - District 5,10.774869,106.621822,hoanghoanglong1126@gmail.com,0219e685601c9a84a17f3951640bde473d738a371b771e2e277892523bd6dac8
1127,Pham Hoang Hai,0906451025,1212 Tran Hung Dao Street - District 3,10.823068,106.689887,phamhoanghai1127@gmail.com,01cda59cbc757693b5b22b5de9d6d657e435218b3dcf066b4af669bfcc4f2288
1128,Tran Hoang Phuong,0989160688,1168 Nguyen Thi Minh Khai Street - District 9,10.741315,106.622986,tranhoangphuong1128@gmail.com,629dc2230add187e20b6997358ddc15a6a483b48c0e7658dd03255a5f13e01f5
1129,Nguyen Tuan Hai,0327130360,1146 Tran Hung Dao Street - District 12,10.849338,106.740362,nguyentuanhai1129@gmail.com,5f83da49206b653de75f5b44b4818c099317f2d350bfe4a9f8fcfd93d89de657
1130,Bui Khanh Long,0908502654,1375 Dien Bien Phu Street - District 1,10.731368,106.639773,buikhanhlong1130@gmail.com,ad7d3f3393a0e62534d04594c9731deebc708af3e44e1f4829fee36b6361d502
1131,Nguyen Minh Huong,0359224347,1223 Le Loi Street - District 11,10.800124,106.744389,nguyenminhhuong1131@gmail.com,ee3b8272e011232abc608f9012bd45398c9b5c005ba8a4413434c9c39d21d973
1132,Phan Ngoc Linh,0903231335,1427 Nam Ky Khoi Nghia Street - District 6,10.831400,106.735911,phanngoclinh1132@gmail.com,7c39de4d9686c72b754789c660228b4f92ef0725fc6aee183739c64fb4b87d97
1133,Hoang Van Huong,0937923100,1188 Le Loi Street - District 12,10.832126,106.742648,hoangvanhuong1133@gmail.com,e826a53f0a3f3fbe2f5575ba343f16eb492b18a64356ac7fb117f94df36e97b1
1134,Vu Anh Lan,0320165710,1403 Cach Mang Thang Tam Street - District 4,10.844362,106.627720,vuanhlan1134@gmail.com,59cd31f7df8c448e90d391f4d269e63a266b858d5bfd92d726c373a20c208732
1135,Dang Duc Anh,0982432971,1267 Le Duan Street - District 3,10.840218,106.663392,dangducanh1135@gmail.com,d71e2dbb59849068be990d05e857258c0e3d100ae3d100564597214bd356c903
1136,Le Ngoc Phuong,0981571996,1422 Pasteur Street - District 7,10.786374,106.637436,lengocphuong1136@gmail.com,93bd8abfde108fee842ff2a25eca5ed79f8e9394a39371d3fb674091b6b7760b
1137,Hoang Duy Hai,0932122911,1162 Hai Ba Trung Street - District 11,10.804136,106.693687,hoangduyhai1137@gmail.com,41ad6a972139b1cf125edd815f731e0cc9818c15290cb48973e41d11b79fe6f2
1138,Phan Van Hung,0915811143,1205 Nguyen Hue Street - District 1,10.790918,106.699018,phanvanhung1138@gmail.com,d82d8cdfec08df92100283b2acf74e2cb48bdf5a7928308358339ff1d220be4d
1139,Phan Van Tuan,0979210490,1177 Tran Hung Dao Street - District 9,10.810157,106.637904,phanvantuan1139@gmail.com,6a1f0311604a6400268d2a90799af98ca84a0ea0790e7efc41fc40e37cd8680b
1140,Dang Duc Lan,0981274125,1263 Le Duan Street - District 2,10.748883,106.683934,dangduclan1140@gmail.com,6d4d41c335b01648ba44b7a40e66c906ab089dc544dfa8b7cac8ddad39ed2284
1141,Tran Hoang Linh,0981305575,1439 Cach Mang Thang Tam Street - District 7,10.759952,106.627830,tranhoanglinh1141@gmail.com,ebd67c47c895a4b2c615f91ab4b2d46227b9836c0e932f2ed84bb39675e3023a
1142,Le Thi Tuan,0352675256,1433 Le Loi Street - District 4,10.720196,106.656968,lethituan1142@gmail.com,daa2d6a615819de4775bbc97c20f7cb151a01a736cce7b4ccc687cccc898116b
1143,Le Van Tuan,0976074589,1297 Tran Hung Dao Street - District 9,10.776766,106.682706,levantuan1143@gmail.com,9ada42bd9dcb082a96207bc49f76dd79f34d2902aa89dbd9ea25f916e9c77c0c
1144,Phan Duy Long,0357424091,1206 Nguyen Hue Street - District 1,10.833722,106.634939,phanduylong1144@gmail.com,dc995784e70e89d4f0cae5412e53abf019b0abbab85779acafd65ed406b63aa8
1145,Dang Thi Huong,0939893629,1220 Dien Bien Phu Street - District 5,10.835513,106.746728,dangthihuong1145@gmail.com,8770c56bdce629aa95121d618c717ad31187af7304dda4c7694c3f98760313b4
1146,Nguyen Ngoc Lan,0354863898,1288 Nam Ky Khoi Nghia Street - District 10,10.808190,106.710418,nguyenngoclan1146@gmail.com,615b58687b12d7dccc50f52078bfc539cb48e0d56834bd5e368d5e8ff371d34c
1147,Bui Anh Hung,0909669147,1225 Nam Ky Khoi Nghia Street - District 11,10.849090,106.690491,buianhhung1147@gmail.com,000b176c4a35af7158fe4cece0f1772f82f4434075548887d1afbb9e82448337
1148,Pham Ngoc Minh,0903561463,1183 Le Loi Street - District 11,10.732643,106.708561,phamngocminh1148@gmail.com,aa0a16318a816ce037c6b0db31896b5e6fb20f86f9fa70b569ee9f1e00752dc7
1149,Huynh Anh Hai,0776272677,1291 Nguyen Thi Minh Khai Street - District 8,10.758672,106.623565,huynhanhhai1149@gmail.com,86c0570e62f2e758be7e17ac87635d22a64c0710768556dffd39d4b915baf951
1150,Vu Tuan Long,0326436396,1158 Le Duan Street - District 7,10.764400,106.740323,vutuanlong1150@gmail.com,5eed93aec25bdc0163764614acbc7f6196833f80b1493262fc4a28e2eb866fa2
1151,Pham Anh Minh,0775571751,1415 Tran Hung Dao Street - District 3,10.784326,106.658428,phamanhminh1151@gmail.com,45df5db6cf7a4884182096b127e53683061f6e71cbe78eb618dd730b647e7497
1152,Phan Hoang Phuong,0356090224,1338 Le Loi Street - District 12,10.845598,106.703039,phanhoangphuong1152@gmail.com,268d576b3ec51ff43badaf49e72c4167ec181080154831b777f458aa8ab4e8f1
1153,Bui Duy Anh,0902377442,1407 Nguyen Thi Minh Khai Street - District 9,10.723799,106.692544,buiduyanh1153@gmail.com,395809405d7086717b4067393d8781ca6f9bb1a1f70506bff88d36c9e5e26df7
1154,Phan Hoang Huong,0328790207,1303 Pasteur Street - District 11,10.731973,106.614634,phanhoanghuong1154@gmail.com,88fc15b36cdf9a061b0582ac00ea56dd7f3dbaf1710fddbf67159764c275a703
1155,Vu Tuan Huong,0328660281,1356 Nguyen Hue Street - District 9,10.735400,106.667256,vutuanhuong1155@gmail.com,1ccf44de75fae81968c836e0b14bb222e371d887f4c45d400a7498ff707ee578
1156,Le Anh Long,0931810452,1173 Tran Hung Dao Street - District 9,10.808166,106.720540,leanhlong1156@gmail.com,57032b6e3207f49f9c86bd82636fa7b631d5bdd6c3c6229a6a39069f2bb23778
1157,Dang Thi Minh,0909439857,1229 Le Duan Street - District 7,10.836867,106.685824,dangthiminh1157@gmail.com,914f84c16ae26f9268c85cdaaeaf3cd2ae891e4b52cfbf48b30269d566ca9e83
1158,Le Ngoc Anh,0320428462,1209 Cach Mang Thang Tam Street - District 10,10.756110,106.611142,lengocanh1158@gmail.com,793f40569b93db8c467962b83b706347c646a9f09357bd4ae60b84ba4d5a8db8
1159,Dang Thi Anh,0775664626,1227 Dien Bien Phu Street - District 12,10.808944,106.626387,dangthianh1159@gmail.com,9f35e3eaca3c1774b53e023d862b05325a5805d228a14e127a3092579ac6baf5
1160,Bui Tuan Lan,0354620493,1219 Le Duan Street - District 11,10.799442,106.635070,buituanlan1160@gmail.com,9f0b507c83030511fc6bd3b3a057eab829ddcc9bef8fb6737c2354dd33079bfc
1161,Nguyen Van Tuan,0931913092,1251 Nam Ky Khoi Nghia Street - District 10,10.770603,106.612184,nguyenvantuan1161@gmail.com,8e2757bd3d95c3f3b0fead2f82610b81e019a28ac68f7449327fbf8cfac4479f
1162,Vu Anh Minh,0916350322,1426 Le Loi Street - District 2,10.777283,106.644981,vuanhminh1162@gmail.com,053b1b63a8bc61d224b07d8930d329ba8af7559c1c05cc44f32748258b13143a
1163,Tran Ngoc Hung,0323711251,1299 Tran Hung Dao Street - District 3,10.834376,106.615997,tranngochung1163@gmail.com,92eaa2c17b6dbb1d6a2f62146d5ccdc11c01192114dc9fb6ecf5424ecb90cffe
1164,Bui Khanh Anh,0930386211,1258 Le Loi Street - District 7,10.815891,106.727870,buikhanhanh1164@gmail.com,d89d2610a1260cdd56839d627e3d6f46925740978775d84112bc0b8ef4aa1c97
1165,Huynh Hoang Linh,0351024876,1276 Tran Hung Dao Street - District 10,10.791482,106.629445,huynhhoanglinh1165@gmail.com,aa2a27083918a057658e259a558b7060d011d1b5d1237722d9ca7ff1dc2f723c
1166,Nguyen Minh Minh,0356049061,1442 Nguyen Thi Minh Khai Street - District 11,10.846476,106.651370,nguyenminhminh1166@gmail.com,54fa28c5db7150c0d8db854aa408eea66775d47e355942dda4f76d60ce22d2d7
1167,Huynh Van Linh,0773465342,1355 Cach Mang Thang Tam Street - District 11,10.827336,106.670442,huynhvanlinh1167@gmail.com,407aba93affbfa78dc7bad8f51e5bf5a8cc80106b1dac2674b479fae2b6f7eb4
1168,Dang Tuan Anh,0353082817,1269 Le Loi Street - District 4,10.791989,106.651023,dangtuananh1168@gmail.com,cb65c219de9efbef4aaf9b779a648bcf59a2e94bf746fdff7030f29062ff2a18
1169,Bui Anh Hung,0970121498,1388 Le Loi Street - District 5,10.788638,106.683979,buianhhung1169@gmail.com,1a841a5106d709988e163b05257f84c8aa7c3a09456dc81f5935d05c535bc66b
1170,Phan Thi Tuan,0913642880,1215 Le Loi Street - District 5,10.844881,106.691071,phanthituan1170@gmail.com,9b57e3022fce1eeff1ce947bbb61fe537ed30065336af1780ebb70cdff511470
1171,Hoang Hoang Linh,0915606452,1253 Cach Mang Thang Tam Street - District 2,10.733506,106.662180,hoanghoanglinh1171@gmail.com,ecae44561c49d7c76bd744baf9709fb8ddb819113b4543a3a05652700a82f825
1172,Huynh Van Tuan,0771672559,1353 Hai Ba Trung Street - District 1,10.721695,106.652933,huynhvantuan1172@gmail.com,c142aa3f843ea6e37388d08c2f053a13f084b1a48fe942874bef7c3295eb2689
1173,Vu Ngoc Linh,0912120993,1258 Nguyen Thi Minh Khai Street - District 4,10.806095,106.619551,vungoclinh1173@gmail.com,61e035e0cedde0065bd673644e98417185b81c0c5673aaf9129119765a6b2c47
1174,Dang Hoang Phuong,0908915292,1459 Dien Bien Phu Street - District 11,10.838935,106.691252,danghoangphuong1174@gmail.com,997e142edf05d8d2d9979b8e5c298e3381106298213c5df14665494a090a8ad8
1175,Dang Thi Tuan,0932537560,1324 Le Loi Street - District 8,10.786820,106.658255,dangthituan1175@gmail.com,5d022358acd6ee8be5923686d1d791c438c813f517ddf98456b37c6f76ee59a0
1176,Bui Anh Hai,0902414232,1459 Hai Ba Trung Street - District 6,10.757900,106.647123,buianhhai1176@gmail.com,a91ab13eab502033034bd3ffcdf11b13ea924a1e23fe159e81371cd5be0655e3
1177,Nguyen Minh Anh,0324508977,1235 Cach Mang Thang Tam Street - District 6,10.788593,106.696342,nguyenminhanh1177@gmail.com,cc1cf7094d8e92c76c897eb34058f33d6c2fb6a149146303c924f02d30f9ba2b
1178,Bui Tuan Long,0350141747,1235 Pasteur Street - District 1,10.764100,106.671958,buituanlong1178@gmail.com,725bedbc8cb740ea4716d2b7e5238e72143131fad08692238d02449ae883d6d6
1179,Hoang Duc Tuan,0906549290,1238 Pasteur Street - District 5,10.728601,106.658922,hoangductuan1179@gmail.com,f6c4270fef192192a763c9c8fd1ba7c38e3b2a12c551b8d6efe09b5531130e10
1180,Dang Anh Tuan,0906047428,1281 Le Duan Street - District 7,10.779517,106.693302,danganhtuan1180@gmail.com,f3dd2fbf2c118b79e3a9463de7a03ac14b52aefedf67cbe1c9ef95dd3185cf8a
1181,Vu Duy Minh,0321534365,1196 Hai Ba Trung Street - District 10,10.793784,106.698444,vuduyminh1181@gmail.com,05c4c889c3338b660a993801d2b7aa53aee44481e12d36dbe8e6208b84ffa907
1182,Dang Duc Anh,0778966431,1189 Nguyen Thi Minh Khai Street - District 3,10.763285,106.695879,dangducanh1182@gmail.com,c92e6ac75dc4beeb4d32884d028b1e81e0135ec64a5f97b10ceda406b9c4cb8c
1183,Dang Duc Phuong,0352662795,1329 Hai Ba Trung Street - District 8,10.846642,106.615479,dangducphuong1183@gmail.com,87bbc05f9819acdeaf6fb07cca4c1572f6a7bd93de0a9f3c4c8e906b02658e75
1184,Nguyen Anh Anh,0355772958,1309 Dien Bien Phu Street - District 11,10.768338,106.647134,nguyenanhanh1184@gmail.com,df2fe000115d6af533d10569510fca15c76efca64e57cb480d4af6ba55c51766
1185,Pham Van Huong,0772649430,1410 Nguyen Hue Street - District 3,10.746077,106.645670,phamvanhuong1185@gmail.com,94f95ac881e0c254ea01e45ba474912ec61710d1e590c7893babc27fd8e39f61
1186,Bui Khanh Anh,0974071641,1200 Tran Hung Dao Street - District 11,10.808313,106.716617,buikhanhanh1186@gmail.com,2dcb545f13127fd9717dc1618dc9d530bb4c1b9ca62b4a4056f7addd7bf6db9e
1187,Huynh Khanh Lan,0976016767,1472 Nguyen Hue Street - District 1,10.805746,106.611882,huynhkhanhlan1187@gmail.com,4ad9230e55a6e08d40d1a74d58bbde5609c6811ca10fe03ad44a8162866b18d1
1188,Phan Van Anh,0776501614,1242 Dien Bien Phu Street - District 9,10.770324,106.672677,phanvananh1188@gmail.com,c3c5192e2bdccc4ffea65e1bd60991b058e0c936dd10fefd3cf0bb07f51e319f
1189,Huynh Khanh Long,0350658668,1387 Tran Hung Dao Street - District 7,10.789894,106.612987,huynhkhanhlong1189@gmail.com,efbe7205e15a4536d2981c6615b12b313191fa74b4e17bbbb42a546558b58041
1190,Hoang Van Huong,0987972539,1236 Tran Hung Dao Street - District 5,10.735318,106.688144,hoangvanhuong1190@gmail.com,3fd78ba32c191a58cd32c4a3ebed6d9b1235d2ca2737cb363b93dfa7306ba589
1191,Phan Hoang Hung,0980927397,1450 Le Loi Street - District 10,10.723771,106.682198,phanhoanghung1191@gmail.com,40e73614cd9df65c89db2e71c92b91d10b7cb4fb1bf26a1fbf7b596b17b38045
1192,Tran Anh Long,0320394271,1384 Le Loi Street - District 5,10.808468,106.748906,trananhlong1192@gmail.com,514b3a5505101f26920275dbbd56be194e641569d7b61bd3224e2e9a515e95b1
1193,Tran Khanh Minh,0777395474,1415 Pasteur Street - District 3,10.732618,106.648394,trankhanhminh1193@gmail.com,b546217d77a23db22c2d3c5f290542d1f608617763c3fcd7e715ba92092e7a3b
1194,Pham Thi Lan,0987290686,1324 Le Loi Street - District 1,10.817486,106.735640,phamthilan1194@gmail.com,c0f2bf8f61e17a245035b5e5542f20b6d45508e305af4da498ed9b1099b3e04f
1195,Le Anh Linh,0935032384,1352 Le Loi Street - District 9,10.789680,106.673491,leanhlinh1195@gmail.com,80d99cf6cfd5a597acdf75fa4c4b57a5c5aa41a0f91f213e8bde5e0c9c4c2931
1196,Nguyen Van Lan,0977809210,1477 Dien Bien Phu Street - District 2,10.756885,106.639295,nguyenvanlan1196@gmail.com,aebcc74b18116d867d51225f221d97d68042ebdc1ee2c34dd470565fc3073ddd
1197,Tran Anh Huong,0939231002,1217 Dien Bien Phu Street - District 7,10.740008,106.617571,trananhhuong1197@gmail.com,0ab2491086996405a811282ec49bd58d102f23d08046a7ae9419d8e3877accac
1198,Dang Ngoc Lan,0937031931,1370 Nguyen Thi Minh Khai Street - District 6,10.821026,106.625420,dangngoclan1198@gmail.com,3c5d310fb64e181251bce98e3b70ece2e4ab4ed392b5b4bba406378e4cc3d79b
1199,Vu Khanh Phuong,0939455024,1393 Dien Bien Phu Street - District 3,10.822631,106.601190,vukhanhphuong1199@gmail.com,5f81be7a46f97ba9b1eb272f52bfb52807b6c56818aaf9a9d50c837d0f55c023
1200,Hoang Minh Anh,0779643496,1487 Nguyen Thi Minh Khai Street - District 9,10.738269,106.630884,hoangminhanh1200@gmail.com,ed14ea1ac99c8ad9274f67f6d786027f187a1a110cc77bad0fc19539abcbd80c
1201,Bui Hoang Huong,0328747124,1283 Nguyen Hue Street - District 3,10.799350,106.741113,buihoanghuong1201@gmail.com,4ebfde9b075c7c8a908d142a98176811095791fd70d26aa4eef8e3070c861aa1
1202,Huynh Khanh Tuan,0905741868,1312 Dien Bien Phu Street - District 8,10.722781,106.659137,huynhkhanhtuan1202@gmail.com,eba94ce6ba4a69ff42182815a34e67af187ea26c974f4ff4a28af39b4f2c544a
1203,Nguyen Thi Hung,0327435640,1456 Pasteur Street - District 5,10.813634,106.631516,nguyenthihung1203@gmail.com,5fe1f66054caac91e9ec7d8b6b9303a0e8ebd34f6cf1d117f3c545393abdf927
1204,Le Duc Huong,0981867635,1477 Tran Hung Dao Street - District 12,10.819376,106.686786,leduchuong1204@gmail.com,ae039773e70dc236a839aab496ff2b980d4b51350d1d23653054ccb5e6b98a89
1205,Dang Ngoc Long,0918750514,1314 Hai Ba Trung Street - District 7,10.788113,106.627670,dangngoclong1205@gmail.com,812039d3d8b8089fd2a566f8b1ca28867da9ec75415d1ac16c88351dab1f366b
1206,Tran Duy Lan,0972897451,1438 Cach Mang Thang Tam Street - District 2,10.840369,106.604946,tranduylan1206@gmail.com,2e9b9f4706d964f83e480730259f55662965efed4f9d09d59ae63091b03f9427
1207,Tran Duy Linh,0910617657,1269 Hai Ba Trung Street - District 2,10.793783,106.613042,tranduylinh1207@gmail.com,02819fb046e0f1bebce30f353fb72bed61c1717c8c12c04af1334bbe3c44cab1
1208,Le Thi Anh,0329204164,1357 Le Duan Street - District 7,10.761670,106.643575,lethianh1208@gmail.com,2847d2b39c49cfef2d7b876e271950d08eddfd463306322dd61e888ee6415be3
1209,Pham Duy Hai,0358832390,1426 Nam Ky Khoi Nghia Street - District 9,10.808403,106.643819,phamduyhai1209@gmail.com,347edc170be51d9cb4004277a355693204863b28ea65687cd5bcf6e1163f9511
1210,Vu Ngoc Hung,0939476849,1395 Le Loi Street - District 4,10.848250,106.665854,vungochung1210@gmail.com,3f0bdd13b8be69e43885f9e6b6d8c3b43ddba76b303b4834dc0ddf9b1b4c7706
1211,Huynh Tuan Anh,0917053493,1331 Le Loi Street - District 6,10.745609,106.616954,huynhtuananh1211@gmail.com,a1f42817ee241bdb4b593a903875a7044ea547606069dca05796d39f769fce84
1212,Hoang Khanh Hai,0987589350,1343 Nguyen Hue Street - District 2,10.746796,106.672502,hoangkhanhhai1212@gmail.com,a8d7a71ad1b89b4f91cc7f6a76cf1f7dbcbd1677bb83558ad2be24c3a1a4ec8e
1213,Bui Duc Anh,0939229250,1223 Dien Bien Phu Street - District 6,10.829957,106.648980,buiducanh1213@gmail.com,7ea689a4f558633a096014faadc792cfeecf36f4e89a4906b28acc20f6045a04
1214,Dang Duc Hai,0971775256,1425 Cach Mang Thang Tam Street - District 1,10.825629,106.722916,dangduchai1214@gmail.com,02e7ae257572ae84234b6ca71ab74585d1e424bcfae4a6818a003b90d451847b
1215,Nguyen Van Lan,0326310348,1272 Tran Hung Dao Street - District 4,10.786552,106.683084,nguyenvanlan1215@gmail.com,0ce54926d64d46767e37a665967bfc96a101e5c4c36634c4cab0dce0ea3586c1
1216,Huynh Thi Linh,0936110464,1353 Pasteur Street - District 11,10.779007,106.660981,huynhthilinh1216@gmail.com,dc6e7287b2c9f77a83d578a7a529e1464ed3da71ae514aad7ca1a5a53fabafe6
1217,Le Van Hung,0915996374,1223 Pasteur Street - District 9,10.796984,106.611204,levanhung1217@gmail.com,adb3e45a4850b416766d02b4cc6d6f7e592e607fd3e3e78c7bba00cadca427c3
1218,Le Hoang Long,0983085144,1453 Hai Ba Trung Street - District 5,10.754584,106.728499,lehoanglong1218@gmail.com,d6cc6f27994268c02e754feba515f09a193dfb7250b470996860d48f30de3a66
1219,Phan Minh Anh,0971803009,1234 Le Loi Street - District 11,10.846100,106.706275,phanminhanh1219@gmail.com,26ff4620c332601363400629ea2985b86b5d8e457b18834df187a532090a7451
1220,Dang Hoang Minh,0919348701,1264 Hai Ba Trung Street - District 7,10.789214,106.658300,danghoangminh1220@gmail.com,e094271b716a75b0400d18ea4179bfd9401c434007bd33773dee066881c6f180
1221,Nguyen Duy Linh,0775991252,1270 Hai Ba Trung Street - District 1,10.826601,106.607145,nguyenduylinh1221@gmail.com,d900544f327d45b64ae311b1331fae27042b956a54094427d58e4f131f5ef208
1222,Huynh Thi Long,0974468748,1335 Le Loi Street - District 7,10.769317,106.662294,huynhthilong1222@gmail.com,a73004b10b282fcee7319b8659e69e0b594fc0773ea3b4b4e2d3b04eca7589cd
1223,Huynh Tuan Anh,0352318965,1291 Nam Ky Khoi Nghia Street - District 4,10.780600,106.685173,huynhtuananh1223@gmail.com,3bb6ae4a531640a3f738c09cb4e9dcfcf953cac8aa86080f81e5d03765e97e62
1224,Huynh Duy Phuong,0321914855,1264 Dien Bien Phu Street - District 1,10.767797,106.666986,huynhduyphuong1224@gmail.com,6c16ffc7e70ba96bd8b6ec15163b5eeb26c6296be7e2e2ed131fbc6582df883b
1225,Pham Duc Minh,0772002286,1331 Dien Bien Phu Street - District 6,10.769152,106.747050,phamducminh1225@gmail.com,a02e502e404cc511d98cb2c0ba691fa1f973385ef97b0f63382ea810c83afcf0
1226,Vu Thi Minh,0933244718,1276 Dien Bien Phu Street - District 2,10.849937,106.600279,vuthiminh1226@gmail.com,b944ae5bc9035eb8992eef59cf930f6d31adb14ae7c68bca99bbd024ea3d82de
1227,Phan Duc Phuong,0908728681,1511 Tran Hung Dao Street - District 1,10.732269,106.692987,phanducphuong1227@gmail.com,ed23135aff5231b025d7c2517b9875cc51f5bce650fb1c00b2b85885be257324
1228,Phan Van Hai,0350111270,1385 Hai Ba Trung Street - District 1,10.805824,106.648789,phanvanhai1228@gmail.com,f7e9068f8188d50f576ff86daf7e343a8586584c2de1528e276ebdd8315500a2
1229,Dang Ngoc Phuong,0322581877,1262 Le Loi Street - District 3,10.773173,106.703068,dangngocphuong1229@gmail.com,80c1f6199f4b719e1b589e180df748cf9dbebefc8a8a0d35ca49f01d6457e91d
1230,Bui Van Hung,0326478678,1350 Tran Hung Dao Street - District 3,10.766659,106.734326,buivanhung1230@gmail.com,f6eb951a669d2e55f44dd8ede03fb8683e4fddc7c4e3d4d37663905b4de30a31
1231,Pham Anh Minh,0931784383,1233 Cach Mang Thang Tam Street - District 2,10.791441,106.717307,phamanhminh1231@gmail.com,238cea2b5daab37e44f88db81f3b49571c3a293042fc37093ce05fb757afb844
1232,Vu Duc Tuan,0351085509,1425 Le Duan Street - District 9,10.826835,106.601710,vuductuan1232@gmail.com,78a70536647411f6fb4b090fddb6c454802e1ab21a876365bd21e16470a5cdd4
1233,Nguyen Tuan Hai,0905955418,1413 Nam Ky Khoi Nghia Street - District 4,10.760292,106.656715,nguyentuanhai1233@gmail.com,defb9ec78e776701e95007cf1ec142c0053206cc401787549fffa717cf238a49
1234,Hoang Anh Phuong,0901841469,1239 Dien Bien Phu Street - District 5,10.722826,106.617646,hoanganhphuong1234@gmail.com,d958e9719ced901a66d47eac6a618b18184d26ad0deed8eda6f6e9be9fd38ef5
1235,Bui Khanh Long,0915970937,1422 Nam Ky Khoi Nghia Street - District 3,10.743553,106.703547,buikhanhlong1235@gmail.com,44cc5afc7224aca3f75badf0f75fa87866fa01b24b52356a423466d7594faf3d
1236,Nguyen Duy Minh,0975569292,1247 Cach Mang Thang Tam Street - District 2,10.733830,106.602037,nguyenduyminh1236@gmail.com,0e078658b37e4d7e46e91156bbf41dc81fb7a1744591d349031c8e8968205d8f
1237,Vu Hoang Huong,0938496432,1363 Hai Ba Trung Street - District 12,10.777812,106.718808,vuhoanghuong1237@gmail.com,c8ce31d392f64f91168cbe46d1c27d9ffb978afab665a334f0906935a7f26c11
1238,Dang Tuan Hung,0971964735,1447 Le Loi Street - District 7,10.837655,106.698771,dangtuanhung1238@gmail.com,995d75d434626bfc93b4f2bf45950d4472b6e889e64c3a603fe3dae1783de097
1239,Phan Minh Tuan,0981112503,1395 Le Loi Street - District 7,10.844907,106.724072,phanminhtuan1239@gmail.com,bb4e2f3f2f5286b4951c81cb37774535fa495241db0c9663c7a7e7b0626495da
1240,Pham Anh Anh,0906120678,1534 Nguyen Hue Street - District 7,10.818614,106.742820,phamanhanh1240@gmail.com,ffff28859f98f9256cf44df4afc0d39c0158d3318c87520d2bcce55bf0fa0037
1241,Pham Hoang Tuan,0976175528,1518 Cach Mang Thang Tam Street - District 4,10.849282,106.712692,phamhoangtuan1241@gmail.com,f110683bbf6ff4da3f5f54ad69386611cd1f162ccf014510d94c07f31a389e86
1242,Vu Duy Lan,0935948499,1516 Pasteur Street - District 9,10.762094,106.694260,vuduylan1242@gmail.com,b41c3aa7f05d4d0cbf66d460e8fcfef5ad0b1112e754284f2bdf0dec696c1cb0
1243,Pham Duy Long,0900702012,1312 Nguyen Thi Minh Khai Street - District 9,10.833731,106.632602,phamduylong1243@gmail.com,2cd3bb9d35da0c8727c2777b12f100019aa720c27bbed00dde0541440441a32e
1244,Vu Khanh Long,0905410523,1297 Dien Bien Phu Street - District 11,10.753148,106.637739,vukhanhlong1244@gmail.com,038d886d026b193b7c09163992a45ee40f78c7a783944800bc30446471521d37
1245,Huynh Anh Tuan,0905535379,1459 Pasteur Street - District 9,10.795804,106.749067,huynhanhtuan1245@gmail.com,9b2cf5c58b69971e6809a72a8fea6670d7bad3ce1e29a2b5ee8feebe5360c623
1246,Le Van Linh,0932663316,1434 Le Loi Street - District 10,10.753703,106.637839,levanlinh1246@gmail.com,4e7bfa677f73d552d6254d9e483fee7496e2e735b2f69efc387671033b3d5dc6
1247,Vu Duy Hai,0982529769,1454 Nguyen Thi Minh Khai Street - District 2,10.785553,106.700932,vuduyhai1247@gmail.com,944a96a79187233234a2ac1da899298caf9ad670fc0c9190874945fda19ed500
1248,Bui Van Hung,0320409238,1295 Nguyen Thi Minh Khai Street - District 2,10.845055,106.746805,buivanhung1248@gmail.com,87f5b3369df9e97372b0bf66d9275c14a0a58379e5186ccb264ab9a61e1bd293
1249,Bui Hoang Minh,0938857570,1507 Le Duan Street - District 9,10.793359,106.658263,buihoangminh1249@gmail.com,38e91c738affce44be77bc7541e6bbeb887ed8412a94ad6981b40a60c263bef8
1250,Dang Khanh Phuong,0988537788,1269 Le Loi Street - District 1,10.758945,106.731154,dangkhanhphuong1250@gmail.com,5531ad78ff950e7c8524bf6417bc82f6aa2ff51970d4a40946d53a48191b8f90
1251,Vu Anh Hung,0973993024,1303 Pasteur Street - District 12,10.824425,106.722571,vuanhhung1251@gmail.com,442a2223e407eb3e403344da11f873a1406bfd08d098b9d2b1c1cf00e27287b5
1252,Huynh Duc Hai,0775658592,1456 Dien Bien Phu Street - District 4,10.821926,106.617845,huynhduchai1252@gmail.com,54b65760a92ed5338af3cf8059267e6a1572f2f9872276b4ec8196eb5210a531
1253,Dang Thi Minh,0981560616,1266 Hai Ba Trung Street - District 2,10.733925,106.733253,dangthiminh1253@gmail.com,fc6c0023e6f003b860d3076ec5c7d2c8047b9d89f3a0740af07299897943ab86
1254,Le Thi Minh,0770601378,1328 Dien Bien Phu Street - District 7,10.843792,106.658844,lethiminh1254@gmail.com,be668d1246952146af674d439a40c8a6d53097b62537c201c384323b829592ad
1255,Hoang Ngoc Lan,0771731681,1318 Cach Mang Thang Tam Street - District 11,10.764009,106.655348,hoangngoclan1255@gmail.com,2ccfefe842f38e78b6814e127c09eece32133da8ec0b5c0ac8232f9164389fa0
1256,Vu Tuan Huong,0902775458,1471 Le Loi Street - District 4,10.801573,106.725210,vutuanhuong1256@gmail.com,3a27c89ffa5f505016771d9f59ded87747e3887d415623ee6f4bbd67984c21e7
1257,Pham Ngoc Huong,0932295317,1503 Nguyen Thi Minh Khai Street - District 11,10.780670,106.724241,phamngochuong1257@gmail.com,e4edc76453fb19b16bd6539d1567e01c43a63bb8af114ea23f370d0f328ff62d
1258,Nguyen Duc Hai,0771084354,1292 Cach Mang Thang Tam Street - District 3,10.756049,106.718121,nguyenduchai1258@gmail.com,3dd0e1ab80de6022a4b522f41fbc62a6141975ff39095e42b24e634142fb7762
1259,Le Thi Phuong,0916550287,1542 Cach Mang Thang Tam Street - District 11,10.785054,106.662558,lethiphuong1259@gmail.com,55d7d7cfd8fd2cfaef6cee1b1e816c371759eb6c84d958f022ba0651da434e5d
1260,Hoang Duy Linh,0328146790,1404 Nguyen Hue Street - District 1,10.817888,106.674653,hoangduylinh1260@gmail.com,a155dc00303a4686e802d3a5022fdbb4e198c52016039bb5412c7d4be662707e
1261,Le Tuan Linh,0900427388,1267 Pasteur Street - District 5,10.729967,106.663143,letuanlinh1261@gmail.com,4c58f472ae78c63678c7282bbe31261c4c95640a40a7c59575b226ec4a09d5c7
1262,Nguyen Duy Tuan,0983380917,1558 Nguyen Hue Street - District 11,10.725274,106.700563,nguyenduytuan1262@gmail.com,80b92addc221c7da3229e6aa34554de2186729afdfec7348bb48e36ec11395e6
1263,Hoang Duc Hai,0971980587,1372 Nguyen Hue Street - District 11,10.778284,106.699736,hoangduchai1263@gmail.com,f20fbbc3cc1c5c1fdf7be4485a12e2268642b81aa570d14abe65535e27c666d0
1264,Tran Anh Phuong,0352220885,1275 Nguyen Hue Street - District 3,10.764445,106.680831,trananhphuong1264@gmail.com,ce6b7d9dd78d75b7c521532f02ad86c92e6549fea57227b4e0259ee28802a645
1265,Huynh Tuan Tuan,0327631693,1388 Le Loi Street - District 7,10.765535,106.683783,huynhtuantuan1265@gmail.com,754e22cf1e1e7aa5cc4be288a4b091361cface19ad385e00d888a8f38a834bdd
1266,Hoang Duy Tuan,0774255667,1529 Nam Ky Khoi Nghia Street - District 9,10.828723,106.601300,hoangduytuan1266@gmail.com,37e51b01e0e8f79914ab21c09112c675eefdbfc5212d3910f93afad476f86bf6
1267,Phan Minh Long,0903964598,1424 Cach Mang Thang Tam Street - District 3,10.824228,106.731602,phanminhlong1267@gmail.com,7a34e39d04b08bb5ac30fc728e12db7cb700ac5b214180742feb8172bd51659a
1268,Tran Anh Anh,0900997945,1548 Pasteur Street - District 6,10.830497,106.661356,trananhanh1268@gmail.com,9c7183e89348205de5d138f65e1d2035ad0dca40e08f45482d1a8dacb0c9661d
1269,Tran Tuan Anh,0981637403,1519 Nam Ky Khoi Nghia Street - District 8,10.762462,106.641116,trantuananh1269@gmail.com,34f5c47635991e044ce017bb72c065fe598c1ceff996a33671cff83684fab861
1270,Bui Duy Linh,0320743191,1320 Pasteur Street - District 3,10.834194,106.668307,buiduylinh1270@gmail.com,2666513076cf4b57b5bab40f9466fe127a75133df627866a637f606a869f5a7a
1271,Dang Thi Tuan,0325878226,1540 Le Duan Street - District 5,10.764004,106.601267,dangthituan1271@gmail.com,a8c2329d36c6e57c2a5016b4d7ef3b5432c127d3e1c37bb461a2e2066efb5d6a
1272,Huynh Van Phuong,0971964924,1475 Le Duan Street - District 1,10.846518,106.628870,huynhvanphuong1272@gmail.com,90fb493b324c19b5933164a60e1016e37ccfc718f7956ace856e2338326e19e1
1273,Hoang Tuan Hai,0932917270,1518 Cach Mang Thang Tam Street - District 9,10.791387,106.670309,hoangtuanhai1273@gmail.com,e741ea9cf9792f08bdea6c177cbe2676da14dba233d7346d14a56cdfa413755a
1274,Le Ngoc Hai,0908107994,1502 Cach Mang Thang Tam Street - District 4,10.773175,106.741982,lengochai1274@gmail.com,56f66d49b88d29e0fd8fcfbbdfcfc5ed92cbaa8612b808cf2641880782baf30d
1275,Vu Duy Huong,0972895169,1509 Pasteur Street - District 7,10.747591,106.711266,vuduyhuong1275@gmail.com,988f469fddf11073d9e9891f8d4061830dd31dbbf4df1634e1fc1c04bd0c0d4b
1276,Hoang Duc Phuong,0901335846,1304 Le Duan Street - District 7,10.758938,106.700055,hoangducphuong1276@gmail.com,1831d59513d03d2e5fffa34765839261510e84987123120e0fe145eddff40185
1277,Dang Duc Hai,0776232976,1436 Nam Ky Khoi Nghia Street - District 11,10.825612,106.713989,dangduchai1277@gmail.com,5677f04667cdfcab536230e606672d024aaf57ef021971606098e4d8330ebc15
1278,Vu Ngoc Hung,0936023702,1572 Le Duan Street - District 5,10.840203,106.672711,vungochung1278@gmail.com,b70633d9ee5a7c7bb0d92eb17e536ea684b893df9f9277669baf0a227667f17e
1279,Dang Thi Phuong,0983587555,1568 Dien Bien Phu Street - District 10,10.778605,106.663487,dangthiphuong1279@gmail.com,916996f1ca10c9984c3c10a54c7bdf082ca2a2597888ca7dcb70c440bc9acc3f
1280,Hoang Anh Huong,0903617121,1497 Tran Hung Dao Street - District 12,10.846219,106.728056,hoanganhhuong1280@gmail.com,e2508d46bc9d8d195ea4ecacad5b1c94581244a0efaf7e6fa70ef7573a0eddb6
1281,Pham Duy Hai,0931179131,1395 Cach Mang Thang Tam Street - District 3,10.806424,106.683492,phamduyhai1281@gmail.com,2b929807c30a7b832925acce033628f87c785f78e05f8948d4d214802539b29b
1282,Phan Duy Hung,0775335299,1488 Cach Mang Thang Tam Street - District 4,10.806820,106.641623,phanduyhung1282@gmail.com,ca713951b2daed58b111891fe97d96bdfee1710b760243b54f3765d7f17f87b1
1283,Nguyen Minh Hai,0909086651,1475 Dien Bien Phu Street - District 7,10.817108,106.692560,nguyenminhhai1283@gmail.com,a5396c267fc192334ed7434c404536655475deb2b75663d977e8461afae4fc6b
1284,Bui Hoang Long,0978937336,1312 Le Duan Street - District 11,10.840919,106.652234,buihoanglong1284@gmail.com,c02c2509bff5263197dae0731f6bf2c0d11337ed8a9f8fee6c37d86569a38f7e
1285,Phan Duy Tuan,0935124968,1485 Le Loi Street - District 1,10.824397,106.707422,phanduytuan1285@gmail.com,9a17b4cf88e0fac451b60d1bb1f241cbe0c806fad14a42a366f4e919ffc0d225
1286,Nguyen Duy Linh,0776632189,1367 Dien Bien Phu Street - District 2,10.731032,106.697219,nguyenduylinh1286@gmail.com,0979e9b4a5ea85d7813d3a808207efef24803e3b0eedb414a4b5121f96b0aeba
1287,Nguyen Anh Hai,0978729322,1580 Cach Mang Thang Tam Street - District 5,10.824466,106.714791,nguyenanhhai1287@gmail.com,05b2c0779020d2fe5ad4a5ed2dccf63495351ec1e4d482b7644bf7fb43d9bfc0
1288,Dang Khanh Anh,0320582738,1468 Tran Hung Dao Street - District 1,10.794897,106.746719,dangkhanhanh1288@gmail.com,1c648ffe7342bb3743fcacd59874b200d2b9e8ca5ae8da11e02b695ea026d807
1289,Nguyen Ngoc Long,0984052617,1579 Nam Ky Khoi Nghia Street - District 3,10.816942,106.658342,nguyenngoclong1289@gmail.com,0d9a781bb0ed40cdae541a965fc1cb6cb644aa1b166e68bc4bd062988880abee
1290,Phan Minh Hai,0934025083,1346 Le Duan Street - District 1,10.745669,106.658071,phanminhhai1290@gmail.com,4a70460a96fd8e068b1e84c81d90ddaec2f4ed689730ddbe6b8f17d82946d09b
1291,Phan Khanh Tuan,0328967986,1448 Nam Ky Khoi Nghia Street - District 12,10.816793,106.702198,phankhanhtuan1291@gmail.com,c77f08c23274617fe8181794593cbd5e0c08fbeac39280ba349acef47c95186c
1292,Pham Minh Linh,0919534203,1408 Hai Ba Trung Street - District 8,10.837299,106.686690,phamminhlinh1292@gmail.com,2ce49528afccfd3873ca9817276f3e4ca2d0a877fee83ce746a09855cbac90b2
1293,Phan Van Anh,0325785648,1308 Nguyen Hue Street - District 2,10.774892,106.735923,phanvananh1293@gmail.com,4c81156eb58d0091aa7065ae84eb2a7114794f528679d06ed72b6d5dfc3f6269
1294,Vu Ngoc Long,0321808920,1579 Cach Mang Thang Tam Street - District 6,10.731540,106.669296,vungoclong1294@gmail.com,40e56ef1d1104dc40731611979952011b443bb222b1a98b87d49ea1cfea27418
1295,Pham Duy Hung,0353244275,1401 Hai Ba Trung Street - District 11,10.765986,106.728723,phamduyhung1295@gmail.com,04e3605134cef3cb4cf32b1d8f1cb2c463ee98d1b14b74c1b29abef036359fb2
1296,Pham Thi Minh,0906763547,1573 Pasteur Street - District 4,10.777484,106.738832,phamthiminh1296@gmail.com,a4ee96d0f364f57521b656f4b16e32b3edc37eb574bcbc24787d7af24673f53e
1297,Tran Tuan Phuong,0777234124,1394 Pasteur Street - District 9,10.793375,106.722369,trantuanphuong1297@gmail.com,79c0721a51c31f2b84ecedcab6b01c076266bba85f3839bb51f7852ebc6d0035
1298,Vu Thi Long,0770950413,1466 Le Duan Street - District 3,10.843786,106.637995,vuthilong1298@gmail.com,7bf696b644794ddbb88fd91ef333281165275b86da57b6f2f24c7f6bfef0624d
1299,Pham Van Long,0988117040,1586 Tran Hung Dao Street - District 9,10.739893,106.723195,phamvanlong1299@gmail.com,c3980b2cbbd22c25c0f4b327edc978d946de78c9f90945cdc6ecbca217b56c00
1300,Huynh Ngoc Lan,0901768315,1416 Nguyen Thi Minh Khai Street - District 5,10.797529,106.619929,huynhngoclan1300@gmail.com,326829b53ab25fb6f7e7e49605ed37a7ad21564ad5434fe0dc931d428d54b543
1301,Hoang Minh Anh,0986669681,1392 Dien Bien Phu Street - District 3,10.724774,106.663430,hoangminhanh1301@gmail.com,58e432759ab66b1dd923d350bd3f2a40cdb12bc3ba96eceb458ffc48c7f5a2c2
1302,Tran Anh Minh,0904373300,1302 Le Duan Street - District 5,10.772330,106.710341,trananhminh1302@gmail.com,71b335e5861d35ceb2a3c4846e589befd79e82601a6979bc8d16f11495a7cbd3
1303,Nguyen Hoang Huong,0984897417,1345 Pasteur Street - District 11,10.795617,106.601110,nguyenhoanghuong1303@gmail.com,21bc585b1b4c872eae0df9cd7dddf27227f636f1160f3fb97148f96cccb23fc4
1304,Dang Duy Anh,0976812038,1453 Hai Ba Trung Street - District 9,10.741470,106.605011,dangduyanh1304@gmail.com,548ebb5042f9e887a61f30feae3365cf0b547d773fe7f7f73d03997dd04a2fb3
1305,Tran Ngoc Anh,0933816912,1448 Nguyen Thi Minh Khai Street - District 8,10.784022,106.665840,tranngocanh1305@gmail.com,f46209c31690852111f4fe41afbacd20084c29ba8ad363198ae13b592777f7ec
1306,Phan Minh Anh,0326885253,1507 Le Duan Street - District 2,10.849817,106.640539,phanminhanh1306@gmail.com,890e0bbab913188a9f5ebb39f46d8360b47cb734c283c16ad2813746d0335673
1307,Phan Van Long,0350594497,1372 Le Loi Street - District 11,10.822506,106.734796,phanvanlong1307@gmail.com,c21890b0ce10e2c5a2449cf0b4bb782b7e910d4b5339a80cd1a17faf33230ec8
1308,Vu Minh Long,0976182085,1320 Dien Bien Phu Street - District 9,10.740917,106.654025,vuminhlong1308@gmail.com,bc66b195ab2929481528bbec003d5f5ef8e9bb39441b0c3a4b30bb1b1c7b88c2
1309,Phan Van Long,0917418298,1487 Le Duan Street - District 3,10.849024,106.689483,phanvanlong1309@gmail.com,60cfd9dd514dbcc10d55b72dd9e189f62a50593dd7f900c249b90cd388fceb10
1310,Le Hoang Anh,0912330523,1452 Le Loi Street - District 6,10.742943,106.739316,lehoanganh1310@gmail.com,350e4d2d64266d9e023510c52642c7f950f81812fd1a8179ec5965f81af9539f
1311,Bui Duy Tuan,0973747898,1379 Nam Ky Khoi Nghia Street - District 1,10.823824,106.659040,buiduytuan1311@gmail.com,7fbb72fb5a8e428414717ef722d4c8f5616648147f42b2423c5457bd7010e919
1312,Pham Duc Long,0351811681,1385 Le Duan Street - District 4,10.749204,106.713471,phamduclong1312@gmail.com,7a8b950fbc725a71893a83973ac78c5090e208663e33d31dfa83a2c22bfea0a6
1313,Tran Tuan Long,0779447969,1436 Pasteur Street - District 8,10.781472,106.650118,trantuanlong1313@gmail.com,3560e565d434d7cc68a06d11328a909276fcdcd7ea8e17e8ed723bf0dc12688e
1314,Tran Thi Hung,0772521392,1570 Le Duan Street - District 10,10.725586,106.677176,tranthihung1314@gmail.com,9a03ba3ce4d9b902bc3d7dbf566ac3af677313fdc9dbf7c73e25beedd57d8b16
1315,Le Anh Lan,0982823411,1439 Cach Mang Thang Tam Street - District 5,10.728651,106.696743,leanhlan1315@gmail.com,73d33ac3bc54d14eefa23d4c5ed03d8ddb26bdabf0107757bd3e0761b1c56e8f
1316,Tran Tuan Lan,0982764068,1385 Tran Hung Dao Street - District 5,10.748711,106.736931,trantuanlan1316@gmail.com,a012b097734e3f2e675c43242ed0aa9bf64caca02b3ef7340498e1763d1fa571
1317,Vu Ngoc Hai,0356726166,1381 Tran Hung Dao Street - District 7,10.745825,106.735980,vungochai1317@gmail.com,e946447b5fc4dc443ea8a263eab1da1085cfe0688aff5a4a72541d868ecf6cfe
1318,Phan Ngoc Tuan,0981888796,1562 Le Duan Street - District 11,10.814610,106.705081,phanngoctuan1318@gmail.com,93cc68c8fd646643883836d9ff1cdcf9ed840a34e4fe613145707820e13ff0b0
1319,Huynh Khanh Hung,0976293648,1348 Le Loi Street - District 6,10.808011,106.726671,huynhkhanhhung1319@gmail.com,483e68b1376d35bea04c9c0f6853829193ca74f4914ca8f9f15355dd1147e61a
1320,Phan Hoang Lan,0931477879,1612 Tran Hung Dao Street - District 5,10.828515,106.655958,phanhoanglan1320@gmail.com,81bab33d5a8adb000f8183316a5d9577d1950616b1e4cc24789039be0a54f4c1
1321,Tran Tuan Huong,0978015050,1365 Le Duan Street - District 10,10.796729,106.679082,trantuanhuong1321@gmail.com,fba40871e61f54a977a1afa04f607177f1e5236b716d449ce4430753e394ee87
1322,Vu Khanh Huong,0973696089,1574 Nam Ky Khoi Nghia Street - District 10,10.751768,106.742776,vukhanhhuong1322@gmail.com,5d479660afd29da22cb58563d2b118c0e861d4ffdfa1b1839690e0e0f81f7098
1323,Pham Khanh Hai,0905887056,1565 Le Loi Street - District 3,10.811780,106.702879,phamkhanhhai1323@gmail.com,397d7bd2b8524d6dce88ff49506d3032a4ac56464660dbb63e95ed28747705af
1324,Nguyen Duc Long,0325628004,1475 Pasteur Street - District 10,10.752009,106.720259,nguyenduclong1324@gmail.com,d93b7d22d078cdc69b0d7f2d04d50981e32dc18dfadf2f869c663d4473191f35
1325,Dang Anh Lan,0778573200,1386 Nguyen Thi Minh Khai Street - District 6,10.727656,106.659522,danganhlan1325@gmail.com,e60d864344e54b2a4bf26151b63714b3cee76252ad81e4330d90195c874748bc
1326,Hoang Tuan Huong,0985367296,1523 Le Duan Street - District 3,10.727584,106.622445,hoangtuanhuong1326@gmail.com,a50018500814287ae233efaefc13c242218b06bfaf4a5916b56582104e31ffc4
1327,Phan Khanh Hai,0986065303,1462 Le Duan Street - District 9,10.785372,106.672874,phankhanhhai1327@gmail.com,ed4b696a3d54b40fc95889fb2cef3b919b0d9cee1ec08c4aee1115255b2c8bc2
1328,Dang Ngoc Long,0916752276,1406 Hai Ba Trung Street - District 11,10.746651,106.713620,dangngoclong1328@gmail.com,af30ded2bc25ea79395156d0bd949d13af12eec5cf26711ac10aaab99c7282c3
1329,Le Tuan Phuong,0353925848,1555 Pasteur Street - District 9,10.816024,106.708643,letuanphuong1329@gmail.com,ec30a7de887ca01920e9136419c74299e9b0cb4a15fc98cab85731cec9f3cb5a
1330,Phan Khanh Huong,0912515660,1431 Le Loi Street - District 4,10.825623,106.612887,phankhanhhuong1330@gmail.com,1570de3376e89873ca05f32ebd25c4d4d9a3f451bd0c4ca69a64ce19f2ceacb0
1331,Le Duy Tuan,0932176230,1433 Le Duan Street - District 2,10.837739,106.629085,leduytuan1331@gmail.com,1eb3d627bb9ff9e4b8f851e20e9efa3fbc305236cfee012597a9704378caf665
1332,Pham Thi Minh,0978828754,1369 Tran Hung Dao Street - District 6,10.730479,106.639518,phamthiminh1332@gmail.com,f1dedae76485adbd3054fa957c3acd50449f36d9fcc535da6b48fd4e024b7d7d
1333,Vu Khanh Minh,0776053685,1483 Le Duan Street - District 4,10.752582,106.614338,vukhanhminh1333@gmail.com,bd0cbdc2db8d17630df32a8b685b1168e385e23b48acad37472fe059be9d0f8b
1334,Dang Van Phuong,0323096469,1576 Nam Ky Khoi Nghia Street - District 9,10.838039,106.636926,dangvanphuong1334@gmail.com,5250a01ab013ae9657749d9a7e7cbf4d517ce47377c2c65f30abf031aaf40b46
1335,Bui Khanh Huong,0324345821,1437 Nam Ky Khoi Nghia Street - District 11,10.804706,106.715717,buikhanhhuong1335@gmail.com,c1b94839aa78acc1e535890ef5f0d1cc0bddba9b298ebd5ee090f3a53dfd6ed5
1336,Hoang Duy Hung,0988917765,1556 Nguyen Hue Street - District 12,10.812542,106.707861,hoangduyhung1336@gmail.com,fd6cf7a5e3f3d47024db8155d3c64e7a0c9c67a80ff5fc8dc2cc73794e281f21
1337,Nguyen Khanh Anh,0982597207,1474 Dien Bien Phu Street - District 10,10.835327,106.719340,nguyenkhanhanh1337@gmail.com,82ad37841b2fb47cdb0e261503e1f6ce71c06c799b0f98cd84e0e7a5f33917ff
1338,Le Anh Huong,0917593557,1359 Nguyen Thi Minh Khai Street - District 6,10.835808,106.682225,leanhhuong1338@gmail.com,cbbbe969ebb2c7f07d8742df9afc1bc9fef93ec3357f39078eea41a2f1508024
1339,Vu Ngoc Anh,0355552959,1628 Hai Ba Trung Street - District 2,10.784168,106.700554,vungocanh1339@gmail.com,d6ca883df4f546e389e2112ca19b49904f6d46a952892feb09e9d05c8446341b
1340,Phan Khanh Hung,0971697208,1450 Nam Ky Khoi Nghia Street - District 6,10.736906,106.741814,phankhanhhung1340@gmail.com,b4b09e22a1dd27700b4db980cdc30157e33b664c07cac14f1003ba41c9b20878
1341,Phan Tuan Lan,0916152081,1343 Nguyen Hue Street - District 10,10.830733,106.740804,phantuanlan1341@gmail.com,1a52075fa588f1558d5bea4b25bb8be6415705a7619d7da2ba068e549b93910b
1342,Tran Duc Minh,0775110950,1595 Nguyen Hue Street - District 11,10.829538,106.743222,tranducminh1342@gmail.com,7a6eabed525f57b63bf2a8ffb0d1d3f5b2d9da98d6b263ed066f847b9c9b7558
1343,Vu Hoang Lan,0352437484,1544 Dien Bien Phu Street - District 11,10.822164,106.658782,vuhoanglan1343@gmail.com,75f6b1e6901d9d048b9e2a7d200ab329d8a6b9f64927b76f81defa37b431c97f
1344,Le Anh Phuong,0351623189,1469 Pasteur Street - District 3,10.782374,106.661139,leanhphuong1344@gmail.com,0d123462d70175ebf2d57445b05966e12ff5244d2bafb90a1f32095677eca7ee
1345,Huynh Duc Hai,0770052819,1367 Nguyen Thi Minh Khai Street - District 4,10.777555,106.677018,huynhduchai1345@gmail.com,d0a0ee8603e0d606c3495f032100bd589751baea68e913073e09fdee2c0a5e93
1346,Dang Duy Minh,0970184385,1495 Pasteur Street - District 6,10.749257,106.619372,dangduyminh1346@gmail.com,02477f4bff7a0c993899aac0d3b05b5a058ad396205a5dac43eb6b78a4104bec
1347,Le Ngoc Huong,0978445415,1564 Le Duan Street - District 9,10.791357,106.653403,lengochuong1347@gmail.com,0d66c2fa981374d2a61f4b04c676d7be18328033c8d32161a76dc096234d31b2
1348,Tran Anh Long,0322795748,1392 Le Loi Street - District 2,10.812561,106.736010,trananhlong1348@gmail.com,4391da3de1cbf0d5a9b25a01776477badf2e7f2305381cfda8fdded1ead3cc1f
1349,Le Ngoc Linh,0937018031,1372 Nguyen Hue Street - District 7,10.760991,106.704541,lengoclinh1349@gmail.com,e369ac38324b002c2e9d689efad95059f2c1d86b563cd523a3f41c18f8209f91
1350,Vu Anh Linh,0329220351,1611 Hai Ba Trung Street - District 11,10.834075,106.682390,vuanhlinh1350@gmail.com,3f1ce66a95856b97f43e97f76e5b346c1cd3cf42f23c136a3edde88363821eee
1351,Phan Thi Hai,0976505553,1383 Hai Ba Trung Street - District 5,10.755947,106.684316,phanthihai1351@gmail.com,1f115aa599daa3767f712e4ed3be0de8d680c3e544f36bca6ed021e2cb5a68d2
1352,Dang Duc Hung,0919494160,1493 Cach Mang Thang Tam Street - District 7,10.833498,106.642736,dangduchung1352@gmail.com,38a8b191739a3ac5e0e3442bba916afd880fbd6cfa2fdcc749ab7e5df086b088
1353,Huynh Ngoc Huong,0975502039,1391 Nam Ky Khoi Nghia Street - District 11,10.747474,106.606605,huynhngochuong1353@gmail.com,d09a427d2162feb2fd6e805d1cd250451c4859ddf1c2c6be67f68bb9fd4ac71f
1354,Dang Ngoc Hai,0937046874,1470 Tran Hung Dao Street - District 10,10.735128,106.712694,dangngochai1354@gmail.com,497a35baea2594f8c4014f669a73bd949da3e0933b56ad0a9cf7885a558586a6
1355,Vu Anh Phuong,0932328428,1483 Hai Ba Trung Street - District 5,10.849532,106.715620,vuanhphuong1355@gmail.com,91cd7775c47db7274fb4717180136f10d5805c27b1e843ff21312f630f00eb82
1356,Bui Hoang Lan,0933458082,1577 Nguyen Hue Street - District 2,10.728383,106.740346,buihoanglan1356@gmail.com,2a13899af9d373197122fbafb0b7fffe39b12a6c5d621e44ba629637422bf327
1357,Hoang Tuan Anh,0903802525,1435 Dien Bien Phu Street - District 11,10.822859,106.661100,hoangtuananh1357@gmail.com,90fdba76c47f595166dbe010b2dbeb40cb708eeb256eabbc918d90159db83502
1358,Phan Hoang Phuong,0329199725,1496 Cach Mang Thang Tam Street - District 10,10.737683,106.692742,phanhoangphuong1358@gmail.com,4cfb70234a19f02b52d2ee62f2af572cd566b05719edd5eace59bfe96cd033d4
1359,Hoang Duc Huong,0321452952,1508 Nguyen Hue Street - District 10,10.764947,106.628226,hoangduchuong1359@gmail.com,6949cd398dafeaa2f258012e11b832e6cc5d61414b9a651084a34617ad384e88
1360,Bui Duc Phuong,0912039107,1520 Nguyen Thi Minh Khai Street - District 9,10.771648,106.624480,buiducphuong1360@gmail.com,1eaacd0599b8c8bca55fa7ee482134b3cf7803273d2b8897d87d970ee34eddac
1361,Hoang Khanh Phuong,0935805169,1425 Nam Ky Khoi Nghia Street - District 4,10.779294,106.703956,hoangkhanhphuong1361@gmail.com,f22d042e9cc8796d98254dc0c82d231238d67b51b4956e3bb81244f8d569e2da
1362,Huynh Ngoc Tuan,0939071983,1499 Le Duan Street - District 3,10.740826,106.732459,huynhngoctuan1362@gmail.com,e074b92f314516083f87032d22b98e0ce594f2afad4b928986b1a69a6e97ab4c
1363,Hoang Van Phuong,0917716952,1488 Cach Mang Thang Tam Street - District 2,10.807601,106.732342,hoangvanphuong1363@gmail.com,869f47ad1b619bee8f1e53874735bf1ff8c575f2af4a2d64b6d809ddb2432ef0
1364,Dang Duc Hung,0902400572,1657 Le Duan Street - District 1,10.786986,106.702522,dangduchung1364@gmail.com,c11bbe4dce25be80647f1217919f0760a224181dcbeba1dd0a0474154905da7f
1365,Hoang Khanh Linh,0359378789,1539 Pasteur Street - District 3,10.758533,106.721241,hoangkhanhlinh1365@gmail.com,37fbdf3a9fda32880e304f261a51d32cf64e37d0b3b978d03d21bc40a649f395
1366,Vu Duc Long,0354128954,1658 Nguyen Thi Minh Khai Street - District 4,10.725614,106.639446,vuduclong1366@gmail.com,73e7d6d2d222387b51746dad296e737abb42f54f9fb302ffcbf5b3e57fcae97d
1367,Phan Ngoc Phuong,0774855245,1496 Hai Ba Trung Street - District 9,10.776338,106.661896,phanngocphuong1367@gmail.com,43feab9b74f26b807bf8346ddf1ba2bbf29686d05f4f04f024919968af0bfd55
1368,Nguyen Thi Anh,0934206841,1478 Cach Mang Thang Tam Street - District 2,10.786481,106.721438,nguyenthianh1368@gmail.com,f1cf74144b9ac57d26c1e9561742d8e1d6ebf2a0414f93c893c9268e2350e18d
1369,Nguyen Hoang Long,0772789035,1464 Le Duan Street - District 6,10.791967,106.660805,nguyenhoanglong1369@gmail.com,8a45ad3a550af1fc69699ee25b55c442e5ec5f93637147525e97f16e1c7d858e
1370,Phan Tuan Lan,0771803465,1516 Le Loi Street - District 5,10.755095,106.734173,phantuanlan1370@gmail.com,88b5b7ffb41be112575a883f00d8266e9a91053186eb2d7d32dbb49d7365ce8a
1371,Pham Tuan Lan,0919996088,1607 Tran Hung Dao Street - District 7,10.768340,106.660478,phamtuanlan1371@gmail.com,34305b1d97fc1f600c54d5deb103a929887544ca37bad4b824d22c1c3434055d
1372,Dang Tuan Huong,0350048768,1510 Hai Ba Trung Street - District 1,10.760490,106.617242,dangtuanhuong1372@gmail.com,3bdba0ad23c755f127aa6a7d552490cf9264ef792531fb90838ccfcf1f918f43
1373,Huynh Van Minh,0771173396,1621 Tran Hung Dao Street - District 7,10.750166,106.641784,huynhvanminh1373@gmail.com,d671451e474bae5d6d84e245431b7833c25b4b76ba7756275c6a2cb42c0a4d73
1374,Vu Khanh Lan,0910302772,1560 Cach Mang Thang Tam Street - District 1,10.792094,106.747843,vukhanhlan1374@gmail.com,9ef30d9b4eddffa46568fb4663af02a82d805349f9882b00fb6f359df0795083
1375,Tran Anh Anh,0772443004,1480 Cach Mang Thang Tam Street - District 7,10.757105,106.605857,trananhanh1375@gmail.com,5863103a8a16f5473e470da5b00ed554eed5c5a534f67657a919b08526c6cf17
1376,Huynh Anh Anh,0939723006,1541 Nam Ky Khoi Nghia Street - District 4,10.830440,106.692560,huynhanhanh1376@gmail.com,43248ac656345cb7e97e578b664a07cfe3d96cc903fe2b62ed4b489375cf7681
1377,Vu Thi Phuong,0939867281,1527 Pasteur Street - District 6,10.817168,106.677782,vuthiphuong1377@gmail.com,a209e7251c0e771e5684782e2b592f323170fa01127e8b7bd0ec73aced509c21
1378,Pham Tuan Tuan,0326494646,1538 Pasteur Street - District 8,10.783172,106.728127,phamtuantuan1378@gmail.com,3e1915dd91fc47385c30e0dccc0c2fef8767667fc6071720d701be651f469f09
1379,Vu Hoang Hung,0917280408,1564 Hai Ba Trung Street - District 4,10.765017,106.707662,vuhoanghung1379@gmail.com,4dbcce8a1180bab8ce305c9f342fff0205238b2bf66d790e3c3dea06933bf2da
1380,Dang Anh Lan,0773739194,1661 Nam Ky Khoi Nghia Street - District 5,10.799163,106.716215,danganhlan1380@gmail.com,9e82dae8c3eab2ca102f99aa7564d60d38f1af4466de40fc42b3ae3318d66d95
1381,Phan Khanh Tuan,0980365749,1640 Nguyen Hue Street - District 6,10.817331,106.717058,phankhanhtuan1381@gmail.com,57be52874b6351bb2fcfbdec2e201de1eb18e9b162d7243f16e81d59e829d119
1382,Phan Minh Long,0326936871,1484 Nguyen Hue Street - District 9,10.839638,106.715470,phanminhlong1382@gmail.com,8c17e911f33be25d6077a1c6eb426958ebd340a278dc608df7540dd1120daa3f
1383,Huynh Anh Lan,0351258928,1584 Nam Ky Khoi Nghia Street - District 7,10.754526,106.650278,huynhanhlan1383@gmail.com,7997c8f422761eb868673ba2f18fef56a3753524f351781cc7c46f3ad0648312
1384,Nguyen Van Lan,0918561694,1449 Cach Mang Thang Tam Street - District 4,10.765940,106.726291,nguyenvanlan1384@gmail.com,83f0df4a245dcb070ac67209dddce7d1a70839c7f255280ed2be883ae49ed5ca
1385,Huynh Hoang Phuong,0904223537,1568 Dien Bien Phu Street - District 3,10.784984,106.640530,huynhhoangphuong1385@gmail.com,030b95f95e096758cdb2af1f1805a85cc399fd8502bdda1dd5c6d7b7736c582a
1386,Le Van Tuan,0938286593,1569 Pasteur Street - District 12,10.729027,106.640149,levantuan1386@gmail.com,d2322333fc502623c0340b1c29e1103025368817302eee421e7105ad26bf439e
1387,Huynh Duc Phuong,0909142532,1510 Nam Ky Khoi Nghia Street - District 6,10.824475,106.740541,huynhducphuong1387@gmail.com,e3b9cbf0cbb080584782a9d1bab63e75f346311596fa20bcb840c455d3df81af
1388,Bui Anh Minh,0900185396,1676 Le Loi Street - District 12,10.735892,106.655623,buianhminh1388@gmail.com,68b4ab52be2b56929850cad5da36822500783f328b4f9b2a1946845190c08b66
1389,Vu Duy Hung,0902295894,1494 Dien Bien Phu Street - District 8,10.779676,106.645928,vuduyhung1389@gmail.com,be55beec279037684a9bf6a993469bb141a57e111ce2bb235d44bbb40872c2d1
1390,Nguyen Minh Long,0974379230,1450 Nguyen Hue Street - District 8,10.782944,106.727798,nguyenminhlong1390@gmail.com,8513e8530ffcdc7743ae8283e66e81d8d1727e68918b0c2424f7301a48dbc9f6
1391,Huynh Duc Tuan,0329198838,1490 Hai Ba Trung Street - District 5,10.770590,106.707300,huynhductuan1391@gmail.com,d819a1fbd1bb7e3b70aab29f930e451da5e8a4cd841c090d758818626b808a3a
1392,Phan Duy Long,0354744998,1652 Dien Bien Phu Street - District 2,10.825865,106.736142,phanduylong1392@gmail.com,d38d59ccd72e13a748964daaf82fe1c0aec203f68f2ec70f774ab9f80a936cd7
1393,Nguyen Hoang Hung,0930619413,1606 Le Loi Street - District 5,10.842288,106.683901,nguyenhoanghung1393@gmail.com,3bfbbca5b69fe0b8d92a90dd7b7c04ecaa93fbc961aaff31e2866492456f93bf
1394,Bui Ngoc Hung,0934791670,1630 Tran Hung Dao Street - District 9,10.769657,106.638573,buingochung1394@gmail.com,ad5b8739cf417435fe23ee379e48c8d7b2210f1e347b0573653ef2268ed33a78
1395,Huynh Minh Phuong,0772338311,1626 Cach Mang Thang Tam Street - District 8,10.831650,106.687404,huynhminhphuong1395@gmail.com,ff9ae56cc82dc22b72168ef27f2d01a7765eb362fa7ba47f6cfda79bd711926e
1396,Pham Thi Long,0916499132,1662 Dien Bien Phu Street - District 4,10.841468,106.626045,phamthilong1396@gmail.com,524eb1abe37c38e639629141bcda5103497b0a0f332596cbd95bbe014bb0a125
1397,Le Thi Minh,0321626241,1645 Le Loi Street - District 5,10.849774,106.649415,lethiminh1397@gmail.com,bbf85256236ff1c2c245be3b93501abf6340a65cf6e224fa1af7e743f2a06ce7
1398,Le Khanh Linh,0908633893,1648 Le Loi Street - District 10,10.722356,106.702678,lekhanhlinh1398@gmail.com,92a140c2f1dae41f753171f682526d5002cf6fd7841f37f47e2cf7c412e0635b
1399,Le Duc Hai,0904743770,1574 Cach Mang Thang Tam Street - District 2,10.795373,106.720208,leduchai1399@gmail.com,a7e8a6a70e6734964a99e3dffcf808244e6ce394615f4e2feb7ce3f7f5411f75
1400,Tran Hoang Minh,0973245024,1577 Le Loi Street - District 10,10.762395,106.641216,tranhoangminh1400@gmail.com,32eda43276a28482d9ff72ead03e3d0afc50099700d6cf91fb6de7b8e558fe1e
1401,Pham Khanh Phuong,0323281739,1408 Nguyen Thi Minh Khai Street - District 5,10.838818,106.669245,phamkhanhphuong1401@gmail.com,8adb8205ee9ee6d48ccbcfd4fc2a3cfde162be99796d51687f9321eeb4ad789d
1402,Vu Duy Long,0976831202,1633 Nam Ky Khoi Nghia Street - District 3,10.726463,106.702417,vuduylong1402@gmail.com,7a6d79da97d3f7dbb15c28e44234b8f5b78b2da06ac5317ef3329c5bbd624952
1403,Vu Anh Lan,0329852207,1499 Nguyen Hue Street - District 3,10.780535,106.660141,vuanhlan1403@gmail.com,47c13a16a359a4d898b49a755d8457501f34aab71d97b99a01bb1d7119e4b4c2
1404,Phan Duy Anh,0355763229,1416 Le Loi Street - District 3,10.845698,106.709846,phanduyanh1404@gmail.com,ab38d95de08abd516e189a16ae72199c86c3b1bca480d9a3260b4dc45d2e9ef0
1405,Le Duy Phuong,0778646211,1485 Le Duan Street - District 6,10.841170,106.713897,leduyphuong1405@gmail.com,76303b99d56db716a5614ffbe5d1845dc5abddb6147a87f92dda2c1450f6607d
1406,Dang Van Minh,0905873608,1467 Nguyen Hue Street - District 11,10.731895,106.688501,dangvanminh1406@gmail.com,e17451dd96e01ba11b75f3dee48fd3348595be35c458e273679c5610850aa315
1407,Le Duy Lan,0978174055,1516 Hai Ba Trung Street - District 1,10.804345,106.654432,leduylan1407@gmail.com,deaa1039de2039d18035457b8edd7d5bc488d07878cdf799140a5bb0ef4d8c3b
1408,Pham Thi Hung,0974762907,1662 Dien Bien Phu Street - District 11,10.739146,106.656708,phamthihung1408@gmail.com,f546f8339764a142aefa474d90e4b45ba75c6be42698c047dd1064150f4b3bed
1409,Nguyen Thi Anh,0939545436,1526 Dien Bien Phu Street - District 6,10.735941,106.749772,nguyenthianh1409@gmail.com,d2764adb411f89d5c2ac8b748b6a7c362e97f402b351050463ca3d6e11637727
1410,Phan Minh Linh,0329578512,1548 Nguyen Hue Street - District 9,10.838688,106.705772,phanminhlinh1410@gmail.com,d8c43c2979a59363e644c669435a7fac8b8d168754513fac13958eba030304dc
1411,Huynh Ngoc Hung,0939586438,1685 Nam Ky Khoi Nghia Street - District 10,10.826598,106.720543,huynhngochung1411@gmail.com,6233163d5342b0484317ca31ae8bda60b1a3b127b67713101eb3ffe7e8a6a6c6
1412,Vu Hoang Tuan,0938708643,1430 Hai Ba Trung Street - District 2,10.799328,106.661021,vuhoangtuan1412@gmail.com,d136d266d9de6b93eea5d474acd7534e2630185933f35dcc52ba38c299cfa43b
1413,Phan Hoang Phuong,0930592424,1417 Cach Mang Thang Tam Street - District 3,10.786625,106.734894,phanhoangphuong1413@gmail.com,733edb8becdb696ef2e0ad19fedaad2ff4cd6526bf272b8f95f264ce0f36300e
1414,Dang Thi Long,0915781267,1620 Cach Mang Thang Tam Street - District 6,10.846859,106.691067,dangthilong1414@gmail.com,a12b6248cf149e477c151179d95e28650d1e9e7e34983d1ca475a08c37114497
1415,Pham Anh Lan,0937941803,1699 Tran Hung Dao Street - District 7,10.784637,106.695392,phamanhlan1415@gmail.com,37a249786734e59744e68d3d6877bce793ca97d8a3921a73ce08a71cbbdd8d9e
1416,Bui Duy Lan,0911930400,1696 Pasteur Street - District 7,10.781637,106.619353,buiduylan1416@gmail.com,8cf56a04145ecafe62fb98acf9aafb8da26fd5c66e1b2a3f8aac09c389c0d4bf
1417,Phan Ngoc Hung,0323895767,1442 Le Loi Street - District 1,10.833123,106.699017,phanngochung1417@gmail.com,1a7e87e14abc7fa1d4e5ccc133e2cb610fc83ae42603e62149236306b7d2fb9f
1418,Hoang Minh Lan,0913339724,1611 Cach Mang Thang Tam Street - District 1,10.753932,106.643399,hoangminhlan1418@gmail.com,7d31e52e35a3810f802c2046b5b4778bac0251557db1e985c90fdd6753022ffe
1419,Huynh Thi Hai,0776239512,1624 Hai Ba Trung Street - District 9,10.815635,106.665935,huynhthihai1419@gmail.com,131ffba5f0121c242fb851f863fdce9a30119bd9ffe97a3ed2e41f1eea7cdecd
1420,Le Van Minh,0327557659,1651 Pasteur Street - District 1,10.721797,106.632508,levanminh1420@gmail.com,95555f02b774e494db6ddf8bf403b62de76f5b1bbe0032190ced9bf254cdde12
1421,Phan Van Linh,0913850172,1688 Nguyen Hue Street - District 3,10.821549,106.736446,phanvanlinh1421@gmail.com,82b77c325a90400c2d774091ba1a066df19b8bd1435e7d31bc9f72de7ef348dd
1422,Vu Khanh Hai,0324880211,1709 Nam Ky Khoi Nghia Street - District 9,10.795999,106.604162,vukhanhhai1422@gmail.com,ed4a97139fbb1c2579bfa8f009278963d758c00473c8ea00e0aaa59fbd5c1150
1423,Hoang Duy Minh,0930976304,1519 Nguyen Hue Street - District 11,10.725237,106.678171,hoangduyminh1423@gmail.com,50bda23cb22e8139f77d826ef0e0c21838fdcb7487e7ffe2725f629a042edd54
1424,Hoang Duc Anh,0321133757,1563 Nam Ky Khoi Nghia Street - District 5,10.801071,106.672841,hoangducanh1424@gmail.com,f849c3007680a3d38392494773a37d5279dd4cb4a06eecd99ce54cabac2cfb04
1425,Phan Khanh Long,0911446087,1481 Nam Ky Khoi Nghia Street - District 9,10.837083,106.627376,phankhanhlong1425@gmail.com,ea5bbaa6f741f6ab597bf8bb0cf403ec098adcb6472fbe0676b97738d4962fd7
1426,Tran Thi Long,0989772642,1493 Le Duan Street - District 1,10.830735,106.622544,tranthilong1426@gmail.com,197e2fa33ee448d772c79634a69dc3f847bf60a1d5a135dff4ee18b29239f90a
1427,Bui Khanh Hai,0770312179,1704 Pasteur Street - District 5,10.784070,106.659147,buikhanhhai1427@gmail.com,58bf0bd5e2e584f80217cdd704affa34891cc9fedb0a05662b57e1f60554ebf2
1428,Bui Ngoc Hai,0353258704,1517 Nguyen Thi Minh Khai Street - District 8,10.789803,106.675952,buingochai1428@gmail.com,53b6a5aedc155c475aaf3fcd9bac06415b2d03940b9fe28426fbf3fb8a255c4d
1429,Bui Hoang Anh,0323752202,1621 Cach Mang Thang Tam Street - District 6,10.787640,106.641073,buihoanganh1429@gmail.com,bebe2d4a4bad60b4443c101037c5fabb1ae29ecd4d104227fba64e3314c05cfc
1430,Nguyen Duy Linh,0358627923,1528 Dien Bien Phu Street - District 6,10.843258,106.618854,nguyenduylinh1430@gmail.com,2dad0f46dc859489cb9038ebfa04dc29e3813ea0dd9af0e26a591cd0213d1eef
1431,Nguyen Tuan Hung,0980664195,1490 Cach Mang Thang Tam Street - District 5,10.766150,106.624030,nguyentuanhung1431@gmail.com,8a166cfea6948b45725c676b1bc07157f32fad001ae21a21879222adecae455f
1432,Phan Thi Huong,0978145725,1633 Hai Ba Trung Street - District 12,10.736442,106.688193,phanthihuong1432@gmail.com,52761f55a2ee2bccd0824c39d39e44c9dcf97a7d9d4b3cc4be1b81f05da48468
1433,Le Duy Phuong,0321684151,1617 Nguyen Hue Street - District 10,10.828652,106.611735,leduyphuong1433@gmail.com,0b82301c09275b90d8a0f0d2259337cf7a9cde16e14b5b4d48e734834702e2b8
1434,Vu Khanh Huong,0915227039,1576 Cach Mang Thang Tam Street - District 2,10.748228,106.695954,vukhanhhuong1434@gmail.com,03de2898f6d86b31ae2d6c29d177e86ea7e4d2312068d1b7bc6a4de2dd0f9b5a
1435,Hoang Duc Huong,0985400865,1578 Tran Hung Dao Street - District 9,10.805710,106.677817,hoangduchuong1435@gmail.com,339d83f3b5a05b99e1f10ab89c249de7462fb2ed49be9c940b45230dd78734f9
1436,Tran Khanh Hung,0905148942,1608 Hai Ba Trung Street - District 3,10.831694,106.738943,trankhanhhung1436@gmail.com,4b45ad525ae9792fc50d4c1c7c4358eb007f2a35b3904eff00aa6f1374e6ffdd
1437,Tran Thi Hung,0320356895,1567 Nguyen Hue Street - District 5,10.791704,106.715318,tranthihung1437@gmail.com,91ff630a004982cefc3b5b103f8f577709aa6e739185910f8b53a7fe9bc3691d
1438,Pham Khanh Phuong,0778596704,1719 Cach Mang Thang Tam Street - District 2,10.814090,106.686490,phamkhanhphuong1438@gmail.com,3d35ca663f448ce507ef5e1fa2e811237512c481f98a0a5efc8150baa10e14e2
1439,Pham Anh Linh,0913795248,1554 Nguyen Thi Minh Khai Street - District 10,10.791482,106.658755,phamanhlinh1439@gmail.com,89eb5066c5d254cd7d101ebdc9166770aaf4cf9aed0c8ab749253e91adce812f
1440,Bui Van Linh,0979314412,1556 Nguyen Hue Street - District 5,10.749956,106.744097,buivanlinh1440@gmail.com,89890d70d05b751acb3988dbc8f22759248f4e01a38ec603affc38aad222cbbf
1441,Dang Duy Long,0939137588,1624 Nam Ky Khoi Nghia Street - District 5,10.812323,106.663187,dangduylong1441@gmail.com,7dce57fd05e838c0fa260e44124f9b8ca5b8d163173146fa1408eab8c887a726
1442,Le Duc Tuan,0932039374,1690 Nam Ky Khoi Nghia Street - District 1,10.817858,106.611117,leductuan1442@gmail.com,fcbf21659c6e2ae180b2e0efb386f354ff73a8b9eb84fa358d808d3be9d47861
1443,Huynh Minh Tuan,0975134895,1467 Dien Bien Phu Street - District 1,10.769931,106.658036,huynhminhtuan1443@gmail.com,cec4ab318ae568a316af9bbf22cc4a15494c792e41894da09bb1f5183dd39923
1444,Tran Thi Huong,0913812257,1534 Le Duan Street - District 10,10.752674,106.634701,tranthihuong1444@gmail.com,1006b89c10aeae2830a7bdab21d39515c7ef6f01c972b43c7413c11d220f2ea0
1445,Hoang Tuan Anh,0939176583,1610 Dien Bien Phu Street - District 3,10.834684,106.665880,hoangtuananh1445@gmail.com,777cf32914924ff805a46b29d3841d702c3abb78bd571e994ef6f4ea395da2aa
1446,Phan Duy Anh,0900868676,1448 Tran Hung Dao Street - District 1,10.751337,106.610415,phanduyanh1446@gmail.com,3ce607816c9f69966dc2b07443629237ec493f4fd83ebd7d11f567fe60ad8b53
1447,Le Duc Huong,0320150210,1524 Tran Hung Dao Street - District 2,10.831493,106.687845,leduchuong1447@gmail.com,e69d68027cb0470767aae81c4c95d0ec9e63f86a87bbbbf8103c35254cda8e97
1448,Huynh Thi Hung,0359207447,1623 Le Duan Street - District 9,10.760778,106.642203,huynhthihung1448@gmail.com,3a66d0c8d490c722007bacc38533b8182803c04232e8b8200337ef5d20a91fb5
1449,Huynh Anh Hai,0911987786,1492 Le Duan Street - District 1,10.733497,106.657828,huynhanhhai1449@gmail.com,8bf59ad097c8576119d2275b6459f93761d388b826591167a6e795cc2f2a0e3e
1450,Tran Khanh Lan,0321850811,1598 Nguyen Thi Minh Khai Street - District 12,10.732181,106.600696,trankhanhlan1450@gmail.com,ff976424c922f3f3d962295a14be01f01b66b2f9ddd7c82c0431d47a67edeab1
1451,Hoang Duc Minh,0323237673,1636 Le Loi Street - District 10,10.806321,106.657323,hoangducminh1451@gmail.com,bae9c4ee35e673b447f0f41daee92aa5937c14dd902ab26288a8f9c9f277c7b9
1452,Pham Duc Minh,0981332310,1549 Nam Ky Khoi Nghia Street - District 9,10.785839,106.659231,phamducminh1452@gmail.com,e9c53d50cc1ba074d17836d629f300dee3cce6531a35e5740804f889f4105192
1453,Nguyen Thi Long,0325499726,1599 Nguyen Thi Minh Khai Street - District 4,10.745875,106.611333,nguyenthilong1453@gmail.com,a5ac806fd21d58c6fe821e4cdd644cb0c582ab18ccc12e2128cb3518e514f113
1454,Phan Duc Long,0359583181,1466 Nguyen Hue Street - District 4,10.795686,106.691388,phanduclong1454@gmail.com,21a623a5fafce750795ea1e91939fd42281027f790821c5348a79e9ebb55835e
1455,Phan Anh Linh,0931119686,1727 Nguyen Thi Minh Khai Street - District 7,10.778573,106.653528,phananhlinh1455@gmail.com,9d17dedd13f0ca81d4731bbfe51c5d2a852120a67a483f4b36abf4184489f8ee
1456,Vu Minh Lan,0986198537,1615 Tran Hung Dao Street - District 10,10.812098,106.632383,vuminhlan1456@gmail.com,1554125c66f7666ac7b2b239084948f3fcfb1478d329ae0063452e1399fb0ce8
1457,Phan Duc Long,0984890372,1733 Dien Bien Phu Street - District 7,10.768422,106.605645,phanduclong1457@gmail.com,4e01e221c54673063cda04dad89f1a62c745338b4eab6b039936bf4da3c13002
1458,Hoang Minh Huong,0904559539,1527 Le Duan Street - District 8,10.755724,106.739193,hoangminhhuong1458@gmail.com,1b6f772c0c30578618e115a6aab7d71d36fe46fb60ded684a02a11df511dafd8
1459,Vu Ngoc Phuong,0320846107,1515 Dien Bien Phu Street - District 8,10.730759,106.661941,vungocphuong1459@gmail.com,e7f3c8fc58b7e3c74eacb6f00c1e5dca1254e117d7fd912aae327b5ec37477a3
1460,Vu Minh Tuan,0982551672,1598 Tran Hung Dao Street - District 7,10.724021,106.680937,vuminhtuan1460@gmail.com,35ec9143899b68e5bc4f33712ce9c964d6457fd0120f4f0f05f3ef58f4e81300
1461,Bui Van Minh,0976048767,1473 Le Loi Street - District 5,10.747342,106.704430,buivanminh1461@gmail.com,a9ad2b56f13c5aba8139178e05d768da46d976a702f9ee41e1371963dcb31186
1462,Vu Van Phuong,0909051334,1648 Hai Ba Trung Street - District 5,10.745695,106.601725,vuvanphuong1462@gmail.com,b6da5d4d0f3c2a3c1cd6ed74ed83bccffb758d964f2565bd99f76c7bb902125d
1463,Huynh Thi Hung,0983350601,1652 Le Duan Street - District 11,10.782177,106.698620,huynhthihung1463@gmail.com,e40626e6edc6a580d1ed3b0137a99dfe881f611f74381568bd0141fe53ea702d
1464,Le Ngoc Huong,0917025678,1709 Tran Hung Dao Street - District 5,10.776515,106.722951,lengochuong1464@gmail.com,0ab39f7d8f804e651bb83b56ae69b01010ddcf79a3b5845c648f99ac57c4d70d
1465,Vu Van Phuong,0777358576,1543 Dien Bien Phu Street - District 2,10.781830,106.732487,vuvanphuong1465@gmail.com,aa00cac252ac47166a246702e07e449af5b776baf5a022ab76cc396d2b266d7b
1466,Huynh Duc Long,0934198273,1686 Le Loi Street - District 9,10.742924,106.740807,huynhduclong1466@gmail.com,be1bafbe511977bc71f28080275f1af2999a59568972dc86a4f828af06b5e6e9
1467,Le Hoang Minh,0902052112,1663 Dien Bien Phu Street - District 2,10.787951,106.713542,lehoangminh1467@gmail.com,edc036f6897220f58462a2f41997f06315fc3a62112f0d3926f3412d9655b931
1468,Hoang Ngoc Lan,0910817235,1715 Pasteur Street - District 6,10.797465,106.627693,hoangngoclan1468@gmail.com,a62c50aefb2a642fd931f083200f175c54d5f279442f033b3881cc66184aee14
1469,Tran Hoang Minh,0774362664,1729 Le Duan Street - District 9,10.763523,106.679991,tranhoangminh1469@gmail.com,df96513c60b82fb5a6730d0bf1e076bec5830cf3d665f5928777a08dc8021d6b
1470,Tran Duy Minh,0903604732,1566 Le Duan Street - District 12,10.792382,106.613138,tranduyminh1470@gmail.com,5d2a9ddec7f85bbc5d5e2ae8c9bd86f691a0551810a2ff6653444e5415d169ca
1471,Huynh Duy Lan,0358972756,1691 Tran Hung Dao Street - District 10,10.827706,106.712219,huynhduylan1471@gmail.com,d0b59f6ff4f6dbb86c68cd9b46458695813ce95a6d6d2a7d255ea271176e6269
1472,Le Ngoc Hung,0324324466,1768 Hai Ba Trung Street - District 2,10.764742,106.600838,lengochung1472@gmail.com,ae021c5d46d85926efa0dab679a19c1ed6b38bca7f732c40e054f65e29f65139
1473,Bui Duy Long,0356353176,1637 Cach Mang Thang Tam Street - District 6,10.837273,106.700124,buiduylong1473@gmail.com,56c2cd8e81a63ca704a70bab332eace92b0ad01c86ec537f29e0a4a6fedec7bf
1474,Tran Minh Phuong,0322831601,1681 Hai Ba Trung Street - District 3,10.818129,106.723512,tranminhphuong1474@gmail.com,2000bb143ec625ec2938d78edbacdb02060b01207d3de30e269bca9b05f2a036
1475,Vu Khanh Anh,0321473430,1560 Nguyen Hue Street - District 12,10.765397,106.680159,vukhanhanh1475@gmail.com,330c02c83b92454906088f03ad4bcd5a1334fb568bd0ad6ebf436991f9b3838c
1476,Nguyen Tuan Long,0909960628,1665 Hai Ba Trung Street - District 4,10.752314,106.646384,nguyentuanlong1476@gmail.com,43304ae9c7d7051ff642204f6011f5434f7adc83e54f15493e850e70390d75b7
1477,Le Minh Lan,0355966035,1568 Dien Bien Phu Street - District 5,10.751038,106.603379,leminhlan1477@gmail.com,b71a69e21c0b65cac2dfe07502e5fb2ae6c13908ea85232b835985cad2031817
1478,Tran Thi Hai,0976142138,1682 Le Duan Street - District 3,10.763394,106.603296,tranthihai1478@gmail.com,c9b924a825a59ec2c27b05bbae71a05ac740fa32c1da51804f88cb921881b580
1479,Bui Anh Phuong,0933434742,1587 Pasteur Street - District 3,10.734319,106.682231,buianhphuong1479@gmail.com,79d4797d2f80e61a62d7c3ce84b8fbbc01e4313ba1f5022512125a2e976a36b9
1480,Tran Duy Phuong,0970682114,1770 Dien Bien Phu Street - District 9,10.742633,106.686737,tranduyphuong1480@gmail.com,3c7a9b5ee196b47f2a4e49974c17cee5c94e9428cb6469fe21cfa0dd967febe6
1481,Bui Minh Anh,0776886281,1485 Nguyen Hue Street - District 8,10.745143,106.739387,buiminhanh1481@gmail.com,9a14aef2d5f33343ae09fae14e1648df09abded72e68e424c02c964cb7360109
1482,Le Van Phuong,0939058383,1752 Nguyen Hue Street - District 5,10.792672,106.614349,levanphuong1482@gmail.com,dff9992d50ca1c3793b645e52c2c6e373196f016c7159a3e6ae45977586975cd
1483,Dang Khanh Hai,0932693687,1614 Hai Ba Trung Street - District 2,10.793815,106.646521,dangkhanhhai1483@gmail.com,1f4d47e5c821f22c2fa87bcb0054bbbd434951de609f8028da96da6c82206c38
1484,Dang Minh Hai,0778313958,1644 Nguyen Thi Minh Khai Street - District 11,10.834923,106.709897,dangminhhai1484@gmail.com,f112cf708f085f11c8e2f2eece8c56bdd0ba858a5ccfc39649f4fec81836c5d6
1485,Nguyen Ngoc Lan,0989648525,1677 Le Loi Street - District 12,10.813689,106.644563,nguyenngoclan1485@gmail.com,0cfe149227efb34cdd3b53a7d072c5fbcb4b40b0388cd454d7e4daf6c658560a
1486,Phan Duy Huong,0771632332,1731 Dien Bien Phu Street - District 5,10.801744,106.666093,phanduyhuong1486@gmail.com,2fce89ee4e65e59e9083e00a080cde062bb6a33cc53af9b0508a4e808e556924
1487,Nguyen Tuan Linh,0934821817,1554 Nam Ky Khoi Nghia Street - District 6,10.766712,106.729733,nguyentuanlinh1487@gmail.com,ac976e63846a2251e4d2b2b0ce3dc869a80d987b5dd04b0ec9553b6ad7557821
1488,Le Duy Huong,0987986697,1738 Cach Mang Thang Tam Street - District 10,10.721531,106.650204,leduyhuong1488@gmail.com,2a6feef26ae5b06a9c4af06d2a020b778212f46329c2dbd527b1037b3b696bf5
1489,Pham Thi Huong,0904315343,1612 Dien Bien Phu Street - District 11,10.793399,106.721404,phamthihuong1489@gmail.com,ff33fec587411e03ab8aa594a23be375a3ce58b05262a15bfc3e34e02e142a13
1490,Le Tuan Linh,0919566696,1662 Le Loi Street - District 9,10.724021,106.670917,letuanlinh1490@gmail.com,7468482df0f1960c63e30a54590ec8d5a20a8b64e2f289d76f8cf99ee2bce44d
1491,Hoang Minh Huong,0903764480,1515 Nguyen Thi Minh Khai Street - District 1,10.779005,106.648715,hoangminhhuong1491@gmail.com,f9ec4b56b41ad0837100e7590bc6e00390a5bc2c280157c8a7ba84fade9cd08d
1492,Nguyen Ngoc Hung,0911280693,1620 Le Duan Street - District 5,10.846990,106.646580,nguyenngochung1492@gmail.com,0f7eda4f59efdf3ed443258dccfd86955be339946e769d1769041f2b33d58f4e
1493,Huynh Ngoc Hung,0913694305,1752 Le Duan Street - District 10,10.777651,106.702763,huynhngochung1493@gmail.com,5beb62ea8fd935266aeee80ff9fcc4af6a214de0d1caef2e4cf4ef9752f459b0
1494,Hoang Duy Long,0902092926,1593 Pasteur Street - District 6,10.814108,106.700621,hoangduylong1494@gmail.com,a5a03d9b0249a655981556596a736ddbe1a30aa962ece1f7aeb2d27f8260f97a
1495,Le Minh Hai,0355815851,1687 Tran Hung Dao Street - District 12,10.845820,106.600177,leminhhai1495@gmail.com,c7e411e98b8cc3b218e951e48dbadb5d1e75406c6ad8affa885782f66f53071c
1496,Phan Khanh Anh,0970976979,1542 Tran Hung Dao Street - District 12,10.806932,106.709717,phankhanhanh1496@gmail.com,455d1f3b85826bd49b3f981be118842b6c2a259b5adeec12b79bd05682452085
1497,Bui Hoang Hai,0777298165,1604 Le Duan Street - District 8,10.735986,106.691907,buihoanghai1497@gmail.com,672ed26da1c0c141175ea60706b478c1ee0aaf9a9566862967b38b8046cd0df8
1498,Vu Minh Lan,0915032199,1775 Cach Mang Thang Tam Street - District 6,10.731988,106.644085,vuminhlan1498@gmail.com,429e8ad38a41a87c4a25731051e29d352017b7f7cc52481720732f1971232618
1499,Vu Anh Phuong,0355962236,1511 Le Duan Street - District 9,10.740159,106.728176,vuanhphuong1499@gmail.com,945443e6a1ef10201231d0c882213653cc5775837962cb391f96e151c68017d9
1500,Nguyen Hoang Anh,0778589037,1604 Nam Ky Khoi Nghia Street - District 7,10.846510,106.667159,nguyenhoanganh1500@gmail.com,4006d7146f90df918ce82ef8bc565c0bc2332576a80aea47a64fdf27a692f500
1501,Dang Duy Phuong,0350738141,1522 Pasteur Street - District 4,10.721865,106.706688,dangduyphuong1501@gmail.com,79b495522811cedd3a616020797f049546d424dc4c9aa80f014a0951e848c59b
1502,Tran Hoang Huong,0901361821,1558 Tran Hung Dao Street - District 5,10.833711,106.703866,tranhoanghuong1502@gmail.com,8087a1078d48d671593f82719902c5c4fa9d6d55e224d9312d249faf77461a8d
1503,Dang Hoang Hung,0329588182,1714 Le Loi Street - District 8,10.763482,106.636425,danghoanghung1503@gmail.com,196a281cdb93fe333dd7fdeb7a21ae187a49b3bfbb2fab46ff3eb0bf60b3a1fc
1504,Bui Duy Tuan,0918603821,1523 Nguyen Hue Street - District 5,10.780473,106.692707,buiduytuan1504@gmail.com,e918a89a434d0fcabcad71626688d71edc4e01176bbfb29c764b4c23e29cdfe2
1505,Phan Thi Minh,0907274633,1516 Tran Hung Dao Street - District 6,10.743942,106.693642,phanthiminh1505@gmail.com,b88cc93891e86c5341971abf4bd10be89284a5c71e3fe1808256f492899d585b
1506,Tran Minh Huong,0971781624,1672 Cach Mang Thang Tam Street - District 3,10.787020,106.656915,tranminhhuong1506@gmail.com,f427acbf140823a892fde2967cbcead5486e1061aa4065c337b3fc3808a8a7e7
1507,Dang Hoang Hai,0322123449,1632 Nam Ky Khoi Nghia Street - District 9,10.819615,106.630018,danghoanghai1507@gmail.com,b4a2dc56853ee65b87c851e84b532937c6337da36f474c25a6f1a0f1e6014715
1508,Bui Anh Hai,0979969627,1534 Le Loi Street - District 1,10.829543,106.664120,buianhhai1508@gmail.com,fa82d9e76543fcf05bc2f5f4cfc472036b3a75789de37d70af94a957ea3489bb
1509,Pham Van Phuong,0979826315,1689 Dien Bien Phu Street - District 6,10.838625,106.615348,phamvanphuong1509@gmail.com,60bdd8d5142d2f06b83c3617a37adb1a6208a8704b46dbfd95309663ef6283a8
1510,Le Khanh Phuong,0933795571,1545 Nguyen Thi Minh Khai Street - District 12,10.802766,106.642106,lekhanhphuong1510@gmail.com,3e6df586a6b3d0c203d6a375a8766a27cd84cca82731dcf03c72c5510a844b28
1511,Hoang Tuan Hung,0973432646,1782 Le Duan Street - District 10,10.816041,106.708619,hoangtuanhung1511@gmail.com,ba885081fdb87670fc3d2a70a2f152e734140eee28c2b4e997378aa3333ae490
1512,Vu Anh Long,0981846882,1541 Nguyen Thi Minh Khai Street - District 4,10.840240,106.680532,vuanhlong1512@gmail.com,21a9d6f0baf9d22b57dc36d0beae4278050329cb692d0b3994059f69b4e3719a
1513,Bui Ngoc Phuong,0353642133,1762 Tran Hung Dao Street - District 10,10.744212,106.701849,buingocphuong1513@gmail.com,17746b69fbe8289f770e1878cb507f89376e78206f4a9c8135acc901369a83ca
1514,Le Ngoc Hung,0350316040,1674 Nam Ky Khoi Nghia Street - District 10,10.795554,106.724787,lengochung1514@gmail.com,36d6586f5232777de75816f8f92cb2a743017031e259ed26f4ef74f23dc8244b
1515,Phan Tuan Hai,0985849153,1707 Le Duan Street - District 5,10.769062,106.720699,phantuanhai1515@gmail.com,26cb419d82205835c773cdfefa1b6606bb5ba337122e630482d851b9cd6596b0
1516,Hoang Duy Long,0985711946,1539 Le Duan Street - District 7,10.757809,106.608545,hoangduylong1516@gmail.com,7c23bb56cad8cfa98e0db06cb68814259f792b3f47096491c4e86739ec3b4fec
1517,Vu Anh Phuong,0979816696,1642 Dien Bien Phu Street - District 2,10.819356,106.644469,vuanhphuong1517@gmail.com,d16110cdc23bba83baa206124afe4532204741c267390717cd9ce14440800021
1518,Vu Duy Minh,0907989327,1736 Le Loi Street - District 9,10.749491,106.726021,vuduyminh1518@gmail.com,fcc55d03f71eb7db0f05e3c4a05aac3ebb578222b6a0cfdf905410e2e5f2115f
1519,Dang Thi Anh,0901298825,1706 Hai Ba Trung Street - District 7,10.841893,106.625890,dangthianh1519@gmail.com,293d8f240c9519bb4dcdaba7f86127adaa43b359b02db8a43dd90a4085f60e80
1520,Le Van Huong,0984637246,1725 Le Loi Street - District 4,10.834394,106.613432,levanhuong1520@gmail.com,375ff7eb3b58bda1d36a7d7b31c8b95c692ba34bfe5e3e8438cc1549bf743e2d
1521,Hoang Duy Linh,0358039462,1547 Le Duan Street - District 3,10.811149,106.747842,hoangduylinh1521@gmail.com,e4ddb28b5da8a8f3cb6482110fd2d87806cc55e4c138195f3f5afe527c40dc9b
1522,Dang Anh Hai,0774501122,1747 Cach Mang Thang Tam Street - District 9,10.787442,106.641745,danganhhai1522@gmail.com,b6889397093b5119302cc50f649ba792dc64b2a0339c5cd573a6dd0c29f955f8
1523,Huynh Duc Anh,0930222369,1581 Nam Ky Khoi Nghia Street - District 5,10.797181,106.600020,huynhducanh1523@gmail.com,fb98920e5fe9c91d9917134e6593cea00cfcfdde5e3d79cce1c3208f932191c1
1524,Vu Hoang Anh,0977965190,1791 Nguyen Thi Minh Khai Street - District 9,10.737103,106.619415,vuhoanganh1524@gmail.com,147bf614fc41e065641ea55735f81ae4e1075f48c93730c8ae625d64b10e69ab
1525,Pham Anh Hai,0357598128,1757 Le Loi Street - District 10,10.780591,106.743474,phamanhhai1525@gmail.com,91d7dfb7eb68a19b35ffa89440f5f8aabc44798ac6330b2c84cc9268cf1fbfbb
1526,Pham Anh Tuan,0936743802,1664 Dien Bien Phu Street - District 9,10.774698,106.664516,phamanhtuan1526@gmail.com,734a74f8c9a4ab5626427c2e00259d73381b7c63fd8f854a3add2ecf3ccb0e88
1527,Phan Duy Tuan,0974000041,1593 Nam Ky Khoi Nghia Street - District 3,10.847984,106.604905,phanduytuan1527@gmail.com,326038ce6f992cdca482fa15004fbbd5e604bbaf8cf6d63a611b4224c352a60c
1528,Vu Minh Lan,0976071821,1761 Nguyen Thi Minh Khai Street - District 6,10.783122,106.730431,vuminhlan1528@gmail.com,f5d03d446a639b3f5caa0723b45839fe383dfe1dddd495e6f9609f743884388d
1529,Le Duc Minh,0774193607,1648 Hai Ba Trung Street - District 5,10.725713,106.705661,leducminh1529@gmail.com,4df5283533f801907bb4ef159bfc79c0f4ab507599b276d89c991f75e8642286
1530,Bui Duc Anh,0975100850,1539 Dien Bien Phu Street - District 5,10.750448,106.608052,buiducanh1530@gmail.com,7f973a6f7008c152d7e9616b08f069080509dd900ce4bb6b8b9cf42f39bf72b2
1531,Nguyen Duc Phuong,0774813028,1668 Pasteur Street - District 10,10.723740,106.732466,nguyenducphuong1531@gmail.com,7a941a175d11b61aa275812fda0b8f5da78ae29bf77a63a178d530af595a75d7
1532,Le Duc Hung,0916917852,1645 Tran Hung Dao Street - District 11,10.761522,106.630372,leduchung1532@gmail.com,552b835dd686606047b4e3370d717e064f211f6726d8593b7307e19da5fbe9ca
1533,Bui Minh Lan,0357256510,1539 Nguyen Thi Minh Khai Street - District 6,10.805144,106.748069,buiminhlan1533@gmail.com,3a9868de1963818012af9697c96e8129a63270f7aa8850d220e5841f9c6a2abc
1534,Vu Minh Phuong,0937021122,1775 Nguyen Hue Street - District 8,10.782950,106.672258,vuminhphuong1534@gmail.com,aa99401030b091673e862dc6f5e6bba521fb0fd2305becce191be23176d7f1b5
1535,Le Van Tuan,0915870643,1559 Dien Bien Phu Street - District 8,10.820241,106.670243,levantuan1535@gmail.com,b259c8027c25c440e1b07449e9b8e1c70b81024cd3f6f09bdf3369d2696f39f9
1536,Vu Thi Minh,0983217308,1713 Pasteur Street - District 11,10.803901,106.669203,vuthiminh1536@gmail.com,a027325520294a8d381d85eda83e4087f229dc7faaaa7497a84f013af8db9565
1537,Phan Duc Long,0917005830,1810 Tran Hung Dao Street - District 5,10.847367,106.716824,phanduclong1537@gmail.com,d83c1770512077ac43311b1d4a073c07be37d5d79dc72370df37facaeaf4c663
1538,Pham Thi Tuan,0981527268,1783 Nguyen Thi Minh Khai Street - District 6,10.826816,106.723945,phamthituan1538@gmail.com,a798c0b454874b80ec670d1a4141e5281f297a95240897b78c804ee4263ec496
1539,Huynh Duy Anh,0912261272,1811 Nam Ky Khoi Nghia Street - District 4,10.755132,106.722874,huynhduyanh1539@gmail.com,67730cd017ea4b7b0effd6ee8ca769b8d78c8dda84c109f45a3e18379cc93f3f
1540,Le Hoang Anh,0912885271,1754 Le Duan Street - District 5,10.738524,106.628940,lehoanganh1540@gmail.com,9b4f536bd39b2d94c22af7283f1870b6f68e03f378faeabac8903ce5b68968eb
1541,Phan Khanh Tuan,0989419951,1567 Nam Ky Khoi Nghia Street - District 9,10.723475,106.683401,phankhanhtuan1541@gmail.com,95cc85e5242685d4165eea84cc44a8400d77277b8b9730db1af6f2bacc8893cc
1542,Huynh Tuan Phuong,0976278514,1759 Dien Bien Phu Street - District 2,10.803286,106.705913,huynhtuanphuong1542@gmail.com,4e3570bcc841e7a734e1de27911218210894268bcca6b8358d397fef08621ab4
1543,Phan Duy Linh,0909098035,1587 Dien Bien Phu Street - District 8,10.822968,106.711612,phanduylinh1543@gmail.com,6fd393ec58af3c04536248f81ed094eb32a9579beea6a2960598b04a4923cce3
1544,Phan Khanh Anh,0775402166,1670 Nam Ky Khoi Nghia Street - District 5,10.765090,106.600903,phankhanhanh1544@gmail.com,4d1bfddec5ca9f4e34111e38d8d9c1886418768dfe5d85c7a2d37b738a96aa45
1545,Le Khanh Phuong,0917200621,1579 Dien Bien Phu Street - District 2,10.723663,106.678155,lekhanhphuong1545@gmail.com,a82a9d15889e3759399e23f2d86126bc4a1bdfc853c453e57ea4d030a2cf0657
1546,Nguyen Anh Long,0320515429,1633 Le Loi Street - District 12,10.766909,106.624619,nguyenanhlong1546@gmail.com,a524bb6e09103486f6229c9cbe15810b20596d1ace92336b2339610270f81ab3
1547,Nguyen Tuan Hai,0778246343,1769 Nam Ky Khoi Nghia Street - District 2,10.826351,106.611446,nguyentuanhai1547@gmail.com,98fb9ceb774a9fb9a6a6b0077856b1d2df4453fc1021db697a9472ca28b853d9
1548,Bui Khanh Hai,0910628739,1712 Le Loi Street - District 2,10.729799,106.643212,buikhanhhai1548@gmail.com,34fb6fe7b8772f1c206d036fe7c779961aa46dc8a8b74ffba8f897acbc84e237
1549,Phan Minh Phuong,0326387088,1571 Cach Mang Thang Tam Street - District 3,10.720256,106.692808,phanminhphuong1549@gmail.com,e89bc2a5e5466553bd7bb0c48caea5947b0bcd90f5eaebc8bc70e43ac0381d3f
1550,Bui Van Tuan,0988790870,1848 Le Duan Street - District 7,10.794519,106.704107,buivantuan1550@gmail.com,6c4e17ec953b49ba6c47a3aded912e7f565267d20d6f3491e68d9616abc916ff
1551,Vu Hoang Anh,0357020341,1717 Nguyen Hue Street - District 7,10.802164,106.672902,vuhoanganh1551@gmail.com,d37cf2c43f4903ae9e89306790ca3ac892d0c5b8a52658705f118fcd0071a568
1552,Phan Van Hung,0771287463,1579 Nam Ky Khoi Nghia Street - District 9,10.772839,106.724955,phanvanhung1552@gmail.com,fdf7245f3b415b5783bca9c8812c1731beb080ba72f0e7d3deac508b56ac61f9
1553,Phan Anh Minh,0325017737,1714 Tran Hung Dao Street - District 8,10.832531,106.667701,phananhminh1553@gmail.com,d11723872bf37e3e707a5bb2b34efe8bf3eb4376ed40a103ff574d3bf8a3f9eb
1554,Dang Tuan Linh,0775399936,1708 Le Loi Street - District 7,10.784912,106.681407,dangtuanlinh1554@gmail.com,a4172c0a23eb36c788d4a69ae9de36b473d63ca234c58a4d73f652bdf6e863ee
1555,Vu Duc Lan,0355870334,1834 Le Duan Street - District 12,10.784427,106.613092,vuduclan1555@gmail.com,c9c485a266ea09bde10baeb1e03af1cf8469d0be16afccfe4f446bc1bc901bd7
1556,Vu Van Long,0779582572,1608 Le Loi Street - District 12,10.822965,106.700989,vuvanlong1556@gmail.com,e1a440224d19da0261baa05cedf3d38e4f9ee73eab7f12af7729c58a109abb0c
1557,Pham Ngoc Lan,0322467178,1609 Cach Mang Thang Tam Street - District 5,10.751121,106.667154,phamngoclan1557@gmail.com,339664e284f0055063e05bd94a5791e9491f58dcd3e1a6056d2ef1b67396266a
1558,Tran Minh Long,0325638587,1775 Nguyen Thi Minh Khai Street - District 11,10.780106,106.706091,tranminhlong1558@gmail.com,d8690ed745b7cc79a8570aeacf151e6ca17bb30149f1f349c8ae18b1a400fedc
1559,Phan Van Minh,0320066116,1635 Dien Bien Phu Street - District 4,10.807806,106.648073,phanvanminh1559@gmail.com,478833ccc34de4ede61a07b0f625038b4a53455f0eff9d7b10457cd6eed96ade
1560,Hoang Khanh Phuong,0985171004,1791 Hai Ba Trung Street - District 3,10.736313,106.698802,hoangkhanhphuong1560@gmail.com,a918d2662bfb6b54860a9fe7c05e50b10784a178be38ff54062614cd39694724
1561,Pham Ngoc Minh,0354696038,1766 Dien Bien Phu Street - District 8,10.762256,106.733733,phamngocminh1561@gmail.com,dda565bc8925612e2eb66dda55ef1a538be57857113cf4fb95d62bfead3b5454
1562,Le Anh Hai,0907283969,1726 Tran Hung Dao Street - District 11,10.761613,106.644181,leanhhai1562@gmail.com,e1a503a391e07c374d53fcf8f93c5e1a036745eb61b9d2499cd00976d3d4e3a4
1563,Le Ngoc Long,0350976585,1769 Nguyen Thi Minh Khai Street - District 11,10.828292,106.726109,lengoclong1563@gmail.com,2e21e9a28899aea46eca39a8d9f276d15acb77a8e0dc7a038c664554fac9a46d
1564,Pham Thi Anh,0973927199,1667 Nguyen Hue Street - District 5,10.829080,106.686392,phamthianh1564@gmail.com,f683a9a77bc3f60a5c4b4ea8553d371981ea211deee6d2ea92e74a1da2e6f203
1565,Huynh Minh Anh,0977652428,1645 Nguyen Hue Street - District 10,10.784628,106.699753,huynhminhanh1565@gmail.com,e9f217547fe64c0d4a95ef1580f451bbc4e5073a2a1bfe4a9b858c0c94cc694f
1566,Le Duy Phuong,0777462252,1848 Cach Mang Thang Tam Street - District 6,10.727584,106.624115,leduyphuong1566@gmail.com,99c77f74a30c49e777925ec806db49dc1f6ac3819397e223593feddb236e7686
1567,Hoang Khanh Phuong,0775692398,1830 Nguyen Hue Street - District 3,10.790069,106.658875,hoangkhanhphuong1567@gmail.com,94a7379cc181184e48d2a8220bd82ed96dab84b56f5746ed49f06b87c9f4bb78
1568,Le Khanh Lan,0916004927,1697 Pasteur Street - District 3,10.766249,106.727615,lekhanhlan1568@gmail.com,94c711c38fe23ac6d29195e89c8dc51f510c30f61aae564bcd4f66c223238c20
1569,Nguyen Tuan Hung,0905418639,1597 Nguyen Thi Minh Khai Street - District 2,10.784155,106.721840,nguyentuanhung1569@gmail.com,7c721cbff5a36eab82fda74e7ef87f879366855483fc446facca545c59a0d39a
1570,Dang Duy Minh,0906940724,1851 Nguyen Thi Minh Khai Street - District 12,10.849254,106.749953,dangduyminh1570@gmail.com,d6f998413f37c2f43fb5067a430cebe347b8bdb7e2c32755426cea4778e1221f
1571,Bui Tuan Tuan,0359497396,1820 Nguyen Hue Street - District 10,10.840105,106.735202,buituantuan1571@gmail.com,2dac32461cd4f50364770a28ffdccb3932a114e5461143a43219e8555761f205
1572,Phan Ngoc Hung,0351021159,1674 Cach Mang Thang Tam Street - District 11,10.780978,106.618924,phanngochung1572@gmail.com,766277a81d5e5c6b1b111b1e71943f6cb6da7f4b6b720fde92233e366a23dd8e
1573,Dang Minh Hai,0356371265,1632 Dien Bien Phu Street - District 11,10.764400,106.641870,dangminhhai1573@gmail.com,f0dfa21ee09985d617a4109d5523b7759ab45f5961627de0203efe401990ce67
1574,Le Ngoc Long,0353268149,1641 Pasteur Street - District 4,10.757577,106.644521,lengoclong1574@gmail.com,3845fe460518d76779fbb00142bfa7dc64838fb95dba192358b74bec0f49f7c4
1575,Tran Minh Phuong,0983415741,1661 Tran Hung Dao Street - District 1,10.814486,106.639413,tranminhphuong1575@gmail.com,23618745828769d37e463532d057991b042d0cdf0f1440fb783c2eb291b0fa2f
1576,Hoang Ngoc Lan,0325581182,1837 Hai Ba Trung Street - District 5,10.781821,106.638970,hoangngoclan1576@gmail.com,68afea6f1392bd2d0c5fc1ff792ae778cc9ce247ebfec91713f13edcc46ace1b
1577,Bui Minh Tuan,0902984466,1845 Tran Hung Dao Street - District 8,10.772947,106.665100,buiminhtuan1577@gmail.com,5fd37dd3db36a989267d09d51318d31d93e08d0a045df1a308f730dd5d016734
1578,Pham Thi Hai,0973509222,1630 Le Duan Street - District 9,10.813443,106.722700,phamthihai1578@gmail.com,82be0a40e5495478dc69b411a183698454cc907bf63550fb589e51aa5c9c0cf1
1579,Dang Duy Lan,0773023818,1785 Tran Hung Dao Street - District 5,10.753009,106.683833,dangduylan1579@gmail.com,72fd17516632cedb52f6012e2a42b4ac5dc32ce9f8e547ed86d7bd982759096d
1580,Le Van Hai,0934515600,1682 Dien Bien Phu Street - District 4,10.737422,106.679998,levanhai1580@gmail.com,48cb9f99b471e9b327bc8eaa8df16f1b4a696d5d85e3e194d5abcf6e723e4406
1581,Hoang Thi Long,0937188308,1755 Le Loi Street - District 7,10.746472,106.633820,hoangthilong1581@gmail.com,29cf674ef3fbba814b38374608b87deea0dc60bb0d1650f832ca2cc7da88eb39
1582,Tran Tuan Tuan,0771869794,1636 Hai Ba Trung Street - District 4,10.837381,106.682537,trantuantuan1582@gmail.com,0f49c3cd1ae61c91eea7fa7a917a2add52ff91c431c6508b938311727d98ca01
1583,Vu Tuan Hung,0911390654,1705 Le Duan Street - District 5,10.721066,106.702538,vutuanhung1583@gmail.com,eb3adf62b2b6d44960f59210984a8b85add10ccd0816314ffb35d8e9d4cb4271
1584,Bui Minh Phuong,0979561285,1848 Cach Mang Thang Tam Street - District 4,10.820831,106.617477,buiminhphuong1584@gmail.com,92903110068ef805c32777a801a6d409e40cd5a5f2e0ac825088712113389266
1585,Vu Duc Linh,0978071929,1628 Nguyen Thi Minh Khai Street - District 1,10.829820,106.612342,vuduclinh1585@gmail.com,6f6e4bbf4ee3299f655965cec6aadc5e5b880c0900b1326d0f00e6db4c304d9c
1586,Huynh Minh Phuong,0983987938,1739 Tran Hung Dao Street - District 8,10.777150,106.639390,huynhminhphuong1586@gmail.com,9a19295bafed49b9929c7f0358b33d7998e726a3c9a6e4fa4a95546bf6919238
1587,Vu Ngoc Hung,0919117336,1806 Nguyen Hue Street - District 9,10.720342,106.690911,vungochung1587@gmail.com,c3f08e745c5ab2623f417ebff29ef08050a59777017c42b1183574ccea87345b
1588,Bui Duc Linh,0988605670,1710 Hai Ba Trung Street - District 1,10.738085,106.611927,buiduclinh1588@gmail.com,c5ab16d0510d4244b40dd978d0717167834b0fb79351be2cef3b4ebd35bdb75c
1589,Nguyen Tuan Hung,0972618002,1755 Tran Hung Dao Street - District 10,10.756828,106.736643,nguyentuanhung1589@gmail.com,d246ffb5d0cf48281ac5479a20822313acc1fb8b71b29a955617d8bd8c151e44
1590,Nguyen Duy Minh,0352158272,1818 Hai Ba Trung Street - District 12,10.804106,106.615790,nguyenduyminh1590@gmail.com,f3755c4b89af717e98f13ca98c1033fa6baab7e349ffd9cd3f45465f7a3ddc94
1591,Vu Minh Lan,0328015612,1734 Nguyen Thi Minh Khai Street - District 4,10.722344,106.713081,vuminhlan1591@gmail.com,d476959abb7d6b57425ead09be10cad6437fcba8c0bf91dd7c54f481276c26fc
1592,Le Thi Long,0987543134,1735 Hai Ba Trung Street - District 6,10.818219,106.674373,lethilong1592@gmail.com,7ed06c44d0ce6430e01f848e643ff947aaed98f6dc9d4dc1b6fd534b61d8aae9
1593,Dang Minh Lan,0327614545,1767 Cach Mang Thang Tam Street - District 2,10.813193,106.719492,dangminhlan1593@gmail.com,a3df6ad932112c3e3df61f757e6db4bb6f694aedef0c27905552abd918f19c93
1594,Hoang Minh Anh,0909457397,1761 Nguyen Hue Street - District 7,10.831760,106.737223,hoangminhanh1594@gmail.com,9e78e5dcd863fe379a5da0e494870fab96439d56d5931fa45f249725598d55e3
1595,Phan Minh Tuan,0937261866,1661 Tran Hung Dao Street - District 1,10.761292,106.636814,phanminhtuan1595@gmail.com,64104695f13b52514d28b3396139fdc3e3a1a7f0a98683b7caf4194be41ff0ad
1596,Le Minh Tuan,0354317238,1883 Le Loi Street - District 2,10.844337,106.664373,leminhtuan1596@gmail.com,44a05af2a617a5a8bf93b513971f8994b1adcf281df272071fd9e39fd25213e6
1597,Huynh Thi Phuong,0904721415,1802 Nam Ky Khoi Nghia Street - District 1,10.824138,106.639369,huynhthiphuong1597@gmail.com,92042550615868e51296991ade1d5917881d79e54678b1a65d9c82349fd72056
1598,Phan Thi Phuong,0353230618,1787 Dien Bien Phu Street - District 6,10.782400,106.621525,phanthiphuong1598@gmail.com,6453de2a2fa59c613fa67ca9933e5a0802a5a0f5ba7002c66a958bd5ff8dd72d
1599,Nguyen Ngoc Phuong,0775217285,1831 Pasteur Street - District 9,10.795388,106.742920,nguyenngocphuong1599@gmail.com,04a9d29272a2086e5898378e47d6cd64427210db34cde2413bd68d5e2d401c0e
1600,Vu Minh Hai,0355972119,1651 Le Loi Street - District 9,10.827897,106.727080,vuminhhai1600@gmail.com,d0206c9ca0967593d8c26e46390210ffc3e5f65b8933c623e97a751006a37566
1601,Tran Duy Long,0917801381,1665 Nguyen Thi Minh Khai Street - District 5,10.792169,106.629006,tranduylong1601@gmail.com,94024f1306ae09dee93ab7c8bb253908ab3189705a8026d70cdeb062ee26f7fa
1602,Bui Thi Long,0904616937,1632 Tran Hung Dao Street - District 4,10.750207,106.687082,buithilong1602@gmail.com,8aa446eec53a95455bb593c58675f997a6579cf6926712d4bf6073a3d55418c0
1603,Dang Anh Long,0359426828,1732 Nguyen Thi Minh Khai Street - District 10,10.727996,106.693756,danganhlong1603@gmail.com,26084fd6f3db6a8f55a28e8b83551976ee1c90b5c85af5684a9136fc4235ff57
1604,Vu Hoang Lan,0934348747,1797 Hai Ba Trung Street - District 3,10.810869,106.713256,vuhoanglan1604@gmail.com,a7b5e1e42f2f84732132d05d9e6135fef5ac4e7968018c7a70ff498ce26ae423
1605,Huynh Thi Huong,0323463870,1851 Cach Mang Thang Tam Street - District 7,10.732681,106.716869,huynhthihuong1605@gmail.com,0b16c6a5355602caf1c00b6808f3dc85a320bb9e27922e2faaa11118ae27b257
1606,Le Thi Minh,0985994172,1789 Nguyen Hue Street - District 4,10.761736,106.642537,lethiminh1606@gmail.com,712729c76019b681f80739a1f91612128f7a39524d652e3e52213566e0591339
1607,Le Duy Tuan,0986631523,1627 Le Duan Street - District 12,10.752744,106.682884,leduytuan1607@gmail.com,6407be4135bd9e922145b1dae7f14a843e559e8f8e68164921ab2b32743793a5
1608,Le Ngoc Long,0982736444,1846 Nguyen Hue Street - District 11,10.842896,106.613718,lengoclong1608@gmail.com,6a36fc83d268c5ea3278d10eec097383ff2edec17ec106cd76aef1e7c6d61c7a
1609,Pham Khanh Phuong,0972705795,1699 Hai Ba Trung Street - District 9,10.797692,106.612391,phamkhanhphuong1609@gmail.com,3c0e7bf99be0cd95eb10f5fad1655378d073f82afa9e683619dee322ada1a6f3
1610,Dang Hoang Hai,0779148556,1816 Dien Bien Phu Street - District 5,10.777174,106.658194,danghoanghai1610@gmail.com,d62aaf493a84df511ecc8bedbe7f7c6d1aff18738ded21325d3bcb60cae095d7
1611,Pham Tuan Tuan,0914015818,1635 Nguyen Hue Street - District 11,10.789084,106.675474,phamtuantuan1611@gmail.com,8ee5c9c6b552727e592145e08fe6d0be677d6d233720adeaf2b64a58bc609023
1612,Le Minh Minh,0982660978,1730 Le Loi Street - District 8,10.753124,106.627125,leminhminh1612@gmail.com,f5639bfc4259dd5f6aec0d2ff10e437d8169416c17863dee51168ab0e642ca35
1613,Nguyen Ngoc Long,0935823045,1632 Le Duan Street - District 4,10.730480,106.613294,nguyenngoclong1613@gmail.com,134d952e758d31264fb5cbae8c310b3a7699155954c3523025a2b6f9c407b02b
1614,Tran Minh Long,0357210739,1887 Dien Bien Phu Street - District 8,10.828274,106.706814,tranminhlong1614@gmail.com,7e9063fc995523e16b86debb7439494ff32c19b3f76f1b423740cde8c5a2b4c7
1615,Vu Duy Hai,0909978915,1632 Nguyen Hue Street - District 10,10.797326,106.736490,vuduyhai1615@gmail.com,c378ba16b9f929c53aff37112750062c66f4f1c9a653f56d827e198298986dcc
1616,Hoang Duc Anh,0989508631,1746 Nam Ky Khoi Nghia Street - District 2,10.798838,106.717583,hoangducanh1616@gmail.com,b995f7843698eb2f8808d705ba50bfc6779c238add6e67ae1d72b74cd24cab42
1617,Dang Duy Minh,0329571701,1627 Nguyen Thi Minh Khai Street - District 3,10.846392,106.650806,dangduyminh1617@gmail.com,db29bc39b08ef7dcdeded28f26c1b2134d137e33ad3ba8c8283f3c35298f901c
1618,Hoang Thi Huong,0774715049,1726 Dien Bien Phu Street - District 7,10.831358,106.649006,hoangthihuong1618@gmail.com,6e70b428358150670d88c5a853018410fc8952fbeac816877e15212c632939be
1619,Le Khanh Phuong,0909262831,1816 Le Duan Street - District 9,10.804669,106.681268,lekhanhphuong1619@gmail.com,ca03427968a7c838c71f0ba4458f0420d9f73d68b1ec3c9621a593d6997cd86e
1620,Huynh Tuan Hai,0979909365,1640 Nguyen Thi Minh Khai Street - District 9,10.795556,106.605992,huynhtuanhai1620@gmail.com,800837391c3703ece3524f26a54c37f69aa0ce1530202051bc0464776014985d
1621,Phan Tuan Tuan,0900108838,1691 Pasteur Street - District 5,10.787610,106.676094,phantuantuan1621@gmail.com,e0eea885a7adb3ebf99b39a62ca84208b37efe86aa9f4a89e3b17a2812f3fb9f
1622,Nguyen Hoang Phuong,0939722377,1905 Dien Bien Phu Street - District 11,10.816290,106.675893,nguyenhoangphuong1622@gmail.com,5f2cc4c0831bed1837dd49e5d3056ba31b1991f5aedab1701086892bb2a8f0aa
1623,Le Thi Hung,0771951568,1697 Pasteur Street - District 10,10.806257,106.620520,lethihung1623@gmail.com,d212af295f5476f0bcfa1fdc5eb2b1d6f0cbfb148f43b65b8ccf54fdcedf741a
1624,Nguyen Duc Lan,0975705846,1668 Tran Hung Dao Street - District 11,10.825730,106.726586,nguyenduclan1624@gmail.com,55f61e88e55c1005079aea7bf916f393814a736cfdcb70fc537b5b1317437bf3
1625,Nguyen Ngoc Minh,0324630024,1754 Cach Mang Thang Tam Street - District 2,10.782126,106.678752,nguyenngocminh1625@gmail.com,862005f764379c3287d2005c2afdfd123690b828bff1d5690baebe00aef185b5
1626,Tran Khanh Linh,0911399693,1864 Nguyen Hue Street - District 10,10.784817,106.709268,trankhanhlinh1626@gmail.com,0631e3bef20c69e2e5cfa40bda7c957992d45198f4cdf22f7040ca2070deef87
1627,Dang Hoang Linh,0350014088,1920 Dien Bien Phu Street - District 7,10.737781,106.709366,danghoanglinh1627@gmail.com,e2ed42988264bea3689bae6e1b21e8b183c1864d0d855f5b8fd0d4ad00525e40
1628,Phan Thi Anh,0983755042,1916 Nam Ky Khoi Nghia Street - District 1,10.805704,106.667622,phanthianh1628@gmail.com,632edf9ab3aa88ec732360cf5c0d439083c92d573bedd0a5f146ecc46efb268c
1629,Huynh Khanh Linh,0973615470,1790 Nam Ky Khoi Nghia Street - District 6,10.809724,106.615628,huynhkhanhlinh1629@gmail.com,7cea5562097f7010b8f773d9662779432363a6a4157aaa083dc55d0ea0a25a68
1630,Le Thi Anh,0975444045,1870 Nguyen Thi Minh Khai Street - District 5,10.744178,106.696919,lethianh1630@gmail.com,5fa2814bc3ddcf359945b2db2631fbce65d5e555eadbd1889ad5b00dc28b0b64
1631,Phan Khanh Huong,0934581880,1655 Tran Hung Dao Street - District 5,10.748650,106.697433,phankhanhhuong1631@gmail.com,db9ba5abd391c9e621bfb9d0cf0492760a346eac104adf8993159833b9f2c2df
1632,Phan Khanh Phuong,0935294500,1698 Dien Bien Phu Street - District 3,10.773074,106.652647,phankhanhphuong1632@gmail.com,47bd94fbd0774589c167fdb9385c694d58df81879e15ccfcae5f3ee720033047
1633,Hoang Ngoc Linh,0778154440,1679 Dien Bien Phu Street - District 11,10.780220,106.715853,hoangngoclinh1633@gmail.com,215777d3835f08f5a4b9e53998c5e97f3991f09b602b5f3591aff10bbf7bbd1c
1634,Bui Tuan Phuong,0987329282,1750 Le Duan Street - District 6,10.844377,106.628326,buituanphuong1634@gmail.com,d2e1bad714af511bfc120bad66ffb708164b73bb811ae6a277b39c58d248e831
1635,Pham Anh Long,0971506465,1726 Dien Bien Phu Street - District 9,10.737252,106.664628,phamanhlong1635@gmail.com,a6d59d8d1ec5c3cd5b30018d47032c2afd3660586fc9621644a56717ed5b7383
1636,Phan Duy Linh,0915018436,1746 Tran Hung Dao Street - District 6,10.799095,106.706293,phanduylinh1636@gmail.com,5ad37a3c6fcb420b74100785a0ec72b671b902e6d43a8b03d7a2f12bfdcbca45
1637,Tran Tuan Tuan,0915354536,1821 Pasteur Street - District 2,10.831755,106.715357,trantuantuan1637@gmail.com,d7f877d8e937b3654ab487425f2b18fcdba99e8c7e38d7621ec6cf0cc3a1f2cb
1638,Hoang Van Huong,0979374344,1644 Nam Ky Khoi Nghia Street - District 2,10.800020,106.633425,hoangvanhuong1638@gmail.com,6db25b69e191cf1d1e80d4d834c47d6b08573d5f4578e50c08b702a3ea57aa68
1639,Huynh Tuan Hai,0981867813,1712 Dien Bien Phu Street - District 10,10.742337,106.614611,huynhtuanhai1639@gmail.com,8515a8cb92c81ae021abce17955cd5e5ee7fe58c6a35c89e4f6ccc329fae24a0
1640,Le Khanh Linh,0912697325,1685 Hai Ba Trung Street - District 8,10.763300,106.736058,lekhanhlinh1640@gmail.com,54ec41ad7d861973c19f60c62a097f77af4834b6a24f7c22aacbc2c5aeaa9ccc
1641,Tran Thi Huong,0932563648,1753 Cach Mang Thang Tam Street - District 9,10.759397,106.661715,tranthihuong1641@gmail.com,e09b6b3748e4aa0a67ae5012b680c31ff3068b2a5e5e89d231d265c2e1c69e46
1642,Tran Duy Tuan,0772640599,1723 Nguyen Thi Minh Khai Street - District 11,10.800115,106.664630,tranduytuan1642@gmail.com,7faf3625cb3c5b2edfd0e4743cb9eec811759c6ccba34b8d72ae4d9af8fcf89a
1643,Pham Tuan Phuong,0914080582,1939 Nguyen Thi Minh Khai Street - District 8,10.827036,106.685587,phamtuanphuong1643@gmail.com,eded8cfe0bafddcd8cef98e1a97a992f84f9005219c9d1ccf1b38685bf9fc209
1644,Hoang Thi Linh,0916064424,1791 Nam Ky Khoi Nghia Street - District 3,10.779954,106.749001,hoangthilinh1644@gmail.com,43211f9e8a111fea09394888337b1760ff21d53e675a469bd53812656fc73250
1645,Pham Anh Huong,0937283810,1931 Pasteur Street - District 1,10.736830,106.717629,phamanhhuong1645@gmail.com,7471c6405f9e5ac11e0cd8ffc8890113c05ef1e87ef8e0c0c08c5efab6fd1913
1646,Vu Anh Lan,0901340424,1942 Pasteur Street - District 6,10.811728,106.649817,vuanhlan1646@gmail.com,987ebf45dbb16c61948105911398ef409244d815ea884d95b699f576bb53e548
1647,Hoang Van Minh,0777749348,1825 Nam Ky Khoi Nghia Street - District 1,10.814542,106.625441,hoangvanminh1647@gmail.com,05189299e47a72b9e803ee40d70dce616997680122d24d0f09a0afffa2bfd5ab
1648,Vu Duy Linh,0329028382,1713 Nguyen Hue Street - District 6,10.758518,106.609804,vuduylinh1648@gmail.com,6b96179eb0537f8fcc6e70c348bf0c3d362c82f97f1c15b4d4ef71e97a6c9038
1649,Bui Khanh Hai,0322148478,1936 Le Loi Street - District 12,10.846412,106.728875,buikhanhhai1649@gmail.com,fa9fe284317eef4a26e185cc4c4fe9e6eaa415b00dc40bbb704efd6f2e6588a5
1650,Le Anh Tuan,0324113877,1807 Le Duan Street - District 1,10.805908,106.691451,leanhtuan1650@gmail.com,25e40b5dda40bc6330989c09b29f88c6a7ed4e22918ff39e007bbe5f90fda60f
1651,Vu Duy Tuan,0327276034,1778 Pasteur Street - District 11,10.786983,106.665824,vuduytuan1651@gmail.com,1762e1cf58349da9c3fd821c1181ed9034d3d44168f4a281006a86ca7f21b44b
1652,Tran Tuan Tuan,0930258969,1768 Pasteur Street - District 3,10.732748,106.734147,trantuantuan1652@gmail.com,7a7398dffc80be3b860d2be7567fef9b73ea38fa60ad0c577a4b1b2784228311
1653,Le Van Hai,0975518886,1815 Cach Mang Thang Tam Street - District 3,10.735364,106.660037,levanhai1653@gmail.com,dedebcd58f6b05a96d37783b181614c441d19604123e1c18f65ee396bf0b31e9
1654,Phan Tuan Minh,0908891800,1779 Pasteur Street - District 4,10.826755,106.624570,phantuanminh1654@gmail.com,facdd6d5952b31d0eccd03d2cde949dc59c03470f78312921c2886e4abc27165
1655,Le Duc Tuan,0909243329,1736 Nguyen Thi Minh Khai Street - District 7,10.821500,106.717236,leductuan1655@gmail.com,3f53c9b1dcd5acb7e3d2486c0bd45f70b82e0a9a632b34f48d2da1a3fe6415b9
1656,Tran Duc Linh,0357430530,1798 Le Loi Street - District 3,10.765594,106.648841,tranduclinh1656@gmail.com,83ddb75e9d9c83ae36af05ec7d0af3614219268d801f63482280a77f7f954042
1657,Bui Duc Minh,0323459980,1924 Nam Ky Khoi Nghia Street - District 5,10.748370,106.638835,buiducminh1657@gmail.com,d19ba55b9de5d1607eead5087555fe85579238b4bb2f2d30440dc80fd2f26e47
1658,Dang Hoang Hai,0979247817,1951 Nguyen Thi Minh Khai Street - District 4,10.767057,106.683805,danghoanghai1658@gmail.com,833e7e1d78a3127ecd4fea4851aaa4b852995561b98aba35e223275c49a77f6b
1659,Nguyen Van Tuan,0934926690,1825 Dien Bien Phu Street - District 10,10.810058,106.694683,nguyenvantuan1659@gmail.com,1b33759391aa78d6510f6559e674c88b94f82cc3665b5f5837eb86c687c94d8b
1660,Le Duy Hung,0775977443,1724 Hai Ba Trung Street - District 11,10.829540,106.637664,leduyhung1660@gmail.com,44bb5ef1d6529ee9851e8c125ec98aa2ef774d8f727bcffe9bcb303b725b59d6
1661,Nguyen Anh Lan,0325007873,1835 Hai Ba Trung Street - District 9,10.849361,106.737382,nguyenanhlan1661@gmail.com,455375be4bf30b42b6b9497b435c63d3e1323cd9a8e7c389b2a98adc62d956ad
1662,Pham Khanh Minh,0987797508,1902 Le Duan Street - District 10,10.786375,106.717139,phamkhanhminh1662@gmail.com,a933eea02fe30110d9c0e55da7b2c999cb7545b611b9f9a92555d314a25bd861
1663,Tran Hoang Minh,0971191112,1804 Tran Hung Dao Street - District 7,10.722021,106.620989,tranhoangminh1663@gmail.com,9cd73379315c88261390cf9c66ee6efbf8ed5e7d43dfbb307defc2b2503de121
1664,Le Khanh Phuong,0978740837,1668 Tran Hung Dao Street - District 10,10.834537,106.629341,lekhanhphuong1664@gmail.com,fe27f3885d0b08eebecbd609a2f42859f7e6b0fa7f7ef17a604e15d6f6ba3e9b
1665,Vu Minh Hai,0907322359,1897 Nguyen Hue Street - District 3,10.827750,106.656183,vuminhhai1665@gmail.com,34726c590f08aff816a57e4893401a4662a4fec30677b78a17f2ed045e3d4be5
1666,Tran Duc Hung,0978419840,1963 Hai Ba Trung Street - District 3,10.739979,106.671599,tranduchung1666@gmail.com,9104532448c4b0f48bb4883592e724676b41afaffe5a3c3f133d17b2aa00748e
1667,Nguyen Khanh Phuong,0937121778,1915 Le Duan Street - District 2,10.790998,106.692314,nguyenkhanhphuong1667@gmail.com,b376a8f29319cc144419c9324f8f2f5dc97d249c4ff1a9e9ef967f82b163037d
1668,Pham Anh Long,0321749842,1780 Nguyen Hue Street - District 7,10.748171,106.721622,phamanhlong1668@gmail.com,50b57add15ebf941541e82025c92bc40b1ac69d385e04809a067a3b278ab6cdf
1669,Pham Ngoc Hai,0909287039,1919 Le Duan Street - District 3,10.766904,106.714199,phamngochai1669@gmail.com,9bcfc8edb1b1608a207496561255310fd244bfd7a51f881773d017d410c325a6
1670,Bui Hoang Linh,0908790296,1679 Tran Hung Dao Street - District 11,10.789540,106.613577,buihoanglinh1670@gmail.com,449e868fe7a314bfc7f77c0ef7dc24bd5f59a4dfa188fe96a47f940cce2ed4ab
1671,Vu Ngoc Linh,0930935684,1920 Le Loi Street - District 6,10.750000,106.627964,vungoclinh1671@gmail.com,8550de4c3348e5277e86ebafa43c7bb617744a3c5e9ddda44bf94b8937c7f4d6
1672,Vu Ngoc Linh,0326258451,1852 Tran Hung Dao Street - District 3,10.785220,106.722895,vungoclinh1672@gmail.com,2d573a5b5f77bc5e044f421e617ff655269deeafd90f30e4d339bc584265fe0a
1673,Hoang Tuan Linh,0911376075,1962 Pasteur Street - District 3,10.785114,106.635796,hoangtuanlinh1673@gmail.com,80c6b02a9e1f1a27c2268e3fda86520a8928c3d42d089ab3d90a9360d8571160
1674,Phan Thi Phuong,0986553285,1887 Hai Ba Trung Street - District 8,10.848968,106.683974,phanthiphuong1674@gmail.com,10f976511070f83caa3d5b8d4d1ee33f721e6084d8b14543dfea50aec6730324
1675,Le Hoang Linh,0983167038,1798 Tran Hung Dao Street - District 11,10.781421,106.664060,lehoanglinh1675@gmail.com,aab106c2c0c6c5b01f5b5058c66c158afd420b50f25ce265af2eea1c5a85074e
1676,Nguyen Van Minh,0778474035,1917 Nam Ky Khoi Nghia Street - District 12,10.766253,106.630283,nguyenvanminh1676@gmail.com,b925cb807aaa774fca9730100a1769ea8401a6c5f112c5149c270416c9a44a8c
1677,Bui Minh Long,0776215852,1749 Nguyen Hue Street - District 8,10.781842,106.612893,buiminhlong1677@gmail.com,ffd2975661891b01058c69e1cbf2839fbee938bca3140f3401da3ec0edb5d313
1678,Le Thi Huong,0779332385,1682 Nguyen Thi Minh Khai Street - District 2,10.841299,106.675863,lethihuong1678@gmail.com,1b91bdb45f112c97758bfa4f8b5f6c05d671f7b3cc4f37e56d10b513ba4f4d48
1679,Tran Khanh Minh,0322160642,1740 Cach Mang Thang Tam Street - District 3,10.770871,106.738124,trankhanhminh1679@gmail.com,a6e45c04bb699cbf4ac557ee0084becb178f5801160efbc2c4eb89b76c56520b
1680,Huynh Tuan Phuong,0353356761,1703 Nam Ky Khoi Nghia Street - District 5,10.767406,106.700675,huynhtuanphuong1680@gmail.com,d316152f924d20784f6c3450fffd264042af3888bd9a4604486c6692cb37a838
1681,Bui Duc Hai,0356892947,1930 Hai Ba Trung Street - District 12,10.824522,106.608139,buiduchai1681@gmail.com,20f0614b78c810b6a7998c477192b0c4f823836a26fef72e7e0741cd6e77a7db
1682,Tran Ngoc Lan,0772869861,1730 Nam Ky Khoi Nghia Street - District 1,10.785029,106.609867,tranngoclan1682@gmail.com,dfb0547b5161418c7f834aa1b0b1bae64079b618bd5f708cf6e97b7c6c6cfb98
1683,Le Hoang Long,0986444370,1912 Le Loi Street - District 3,10.726381,106.749177,lehoanglong1683@gmail.com,3357308d3124fd7c0816b82d30f2ae7fe6fb84e3858a1eed2101bcba6bd817f4
1684,Phan Hoang Hung,0352700497,1885 Pasteur Street - District 8,10.795996,106.708621,phanhoanghung1684@gmail.com,4d29ffbc230b12122f8579b46c499a46f7ca091e1d2a43dd78f50a9a88560c60
1685,Hoang Tuan Hai,0988531347,1728 Nguyen Thi Minh Khai Street - District 8,10.763677,106.652439,hoangtuanhai1685@gmail.com,66d297fa2e2d96ff89447f73cc7974023f8246091a775996e0096e69943d365a
1686,Nguyen Duy Long,0779177322,1953 Pasteur Street - District 8,10.800792,106.719946,nguyenduylong1686@gmail.com,75aa56816e04e3c64e7b99a104dcfa781644bd227327358ce474c5c39cac3cc7
1687,Dang Tuan Hung,0906273102,1793 Pasteur Street - District 11,10.837008,106.615390,dangtuanhung1687@gmail.com,30e0dab44e078a1728e22bdb40780db706dc4870bdab0f47599226482728301b
1688,Nguyen Khanh Phuong,0355165314,1756 Nam Ky Khoi Nghia Street - District 10,10.769111,106.722560,nguyenkhanhphuong1688@gmail.com,9261cf1537296fb13c69cd06592eae3ef48c5e6efcc84a24d56620d02c6f3b26
1689,Dang Minh Long,0933605084,1861 Nguyen Thi Minh Khai Street - District 10,10.816637,106.727635,dangminhlong1689@gmail.com,700a563509875551de1782cf408c2e71c475a7bfc07912d7a7931f21d0d1f9dc
1690,Vu Duy Long,0934985515,1716 Nam Ky Khoi Nghia Street - District 4,10.771781,106.649787,vuduylong1690@gmail.com,868b24441d251f404d1b2c3b39056297ab6bfaeec98dc3509fb275e696913b99
1691,Pham Tuan Phuong,0972722489,1934 Nam Ky Khoi Nghia Street - District 8,10.847361,106.688888,phamtuanphuong1691@gmail.com,d8f203c13378243dfc40fd2219498f9abba5b59382c9bfd656df6b3beb1ff4dd
1692,Tran Duc Hai,0984599544,1787 Tran Hung Dao Street - District 8,10.804840,106.668302,tranduchai1692@gmail.com,fa052a8a4905d17d1db0ef8eafa352824343711240d93dffc3a753347e55af8c
1693,Phan Anh Hai,0350774337,1969 Le Duan Street - District 11,10.732633,106.662685,phananhhai1693@gmail.com,182550b0d23233356d130be1f3d13c4cc7b8966785423d3c8b60b9f2a0a41b13
1694,Phan Thi Lan,0325986112,1707 Dien Bien Phu Street - District 2,10.723812,106.697497,phanthilan1694@gmail.com,a2a8112c04cfce235728cacb9cff1709470f707ac9eb97cd90fbf2c7973d4694
1695,Hoang Minh Linh,0930301300,1726 Le Duan Street - District 4,10.797069,106.724745,hoangminhlinh1695@gmail.com,3ffdd204e273ff770e042cafc1362de0ce18478a2f711ff95711cdfd1dc95e59
1696,Nguyen Duy Hung,0938128731,1815 Le Loi Street - District 8,10.828270,106.636226,nguyenduyhung1696@gmail.com,511f4d5aab33a8476eabaa2cab59f3bf929ee812fd47a3cf6015c279d838c17d
1697,Bui Duy Anh,0321191346,1877 Dien Bien Phu Street - District 6,10.774522,106.659135,buiduyanh1697@gmail.com,af8cad02ce61eba56e3bf8cdc45fbfb8c84248d0acda4fa8d0d17b5e6fd22cf6
1698,Vu Khanh Hung,0906320483,1850 Le Duan Street - District 11,10.813428,106.633791,vukhanhhung1698@gmail.com,1665773f997bb5b105efd7a83c27c5518148b4cbc8a9ee7da6dd5a97d96c1c38
1699,Le Duc Tuan,0975398784,1908 Nam Ky Khoi Nghia Street - District 10,10.786721,106.738776,leductuan1699@gmail.com,97212057473ab2ded191d56b3828c534efe78b1b505c91044847bf3dd50fa524
1700,Pham Hoang Linh,0329320180,1925 Cach Mang Thang Tam Street - District 3,10.736919,106.626129,phamhoanglinh1700@gmail.com,979ec40e81745021e3d006067cfc86a5df95ec913db6a2a894b1d2300c8a11e1
1701,Nguyen Duc Minh,0773289666,1768 Tran Hung Dao Street - District 3,10.764938,106.699229,nguyenducminh1701@gmail.com,c2d68355283ac6e76aa177b12d8de5dfb198769e6b9dd79a0833c98ab036625a
1702,Dang Anh Lan,0774674029,1963 Nguyen Hue Street - District 10,10.754940,106.656369,danganhlan1702@gmail.com,6afbb41b88fb0a2584bbcc3eeb0d2b9654126a4a99e12363d34106d1ad38fc92
1703,Phan Van Lan,0977434239,1975 Dien Bien Phu Street - District 5,10.844290,106.676164,phanvanlan1703@gmail.com,44e03f958495d4f470ac66f819a1f9e4d9282e5730db2f97defdcedf6902a365
1704,Tran Duc Hung,0916151726,1915 Le Loi Street - District 8,10.842738,106.711185,tranduchung1704@gmail.com,fa790a7a7ae64016a9e2278e82181cf82f71e4444a1864ccfee630163d11236a
1705,Pham Ngoc Linh,0908843041,1776 Hai Ba Trung Street - District 8,10.757136,106.727462,phamngoclinh1705@gmail.com,2a303058ef5d34efdb0195f6269461cb817c2454ac02c2b92a059b94b3dcbcd0
1706,Dang Tuan Tuan,0917787353,1803 Nam Ky Khoi Nghia Street - District 7,10.759807,106.680682,dangtuantuan1706@gmail.com,0c4854b496a1e7959c5102fa82d35ff690c7cdacddb4794522d2c8a04c6c04fb
1707,Huynh Minh Hai,0936643123,1772 Hai Ba Trung Street - District 12,10.828582,106.650512,huynhminhhai1707@gmail.com,a5b5aaa8565a658a8d6be176ac03314de678f36482f9ca3719fa51237b2a9bd0
1708,Pham Khanh Hung,0900776722,1930 Nguyen Thi Minh Khai Street - District 7,10.780340,106.689939,phamkhanhhung1708@gmail.com,aabafecf77ba38019f7c0ba9074df855aa1de8ed473125be81ace140c0346d7f
1709,Hoang Tuan Phuong,0325049250,1891 Le Loi Street - District 1,10.813288,106.683892,hoangtuanphuong1709@gmail.com,85ee1ca78740654a17dcaa92fb755bd397208261bdc9c99482cf7ab0f0fdf546
1710,Pham Khanh Hai,0916746303,1712 Nguyen Thi Minh Khai Street - District 9,10.764248,106.654774,phamkhanhhai1710@gmail.com,16284fb85cf8f4f64e8e9ad5ad8beb43b4f83a8e1571cbcc6294296488e25017
1711,Tran Duc Tuan,0778977917,1784 Le Duan Street - District 11,10.728715,106.700387,tranductuan1711@gmail.com,891f0c65c575a71f07b87ae195e5442c4db5ae716605a4f1bef709e595deb96e
1712,Hoang Thi Hung,0329523017,1880 Le Duan Street - District 3,10.823601,106.732800,hoangthihung1712@gmail.com,ffe6c42acc60afb84f4c96925cd8d43ee76c305fae59e86fae9d6bfa0a1e3260
1713,Pham Duy Long,0356585269,1814 Le Loi Street - District 6,10.785529,106.705053,phamduylong1713@gmail.com,37e613d0513eeeac084489d2c93167aa6445ad93298fc339a5f1a0026e427101
1714,Huynh Van Phuong,0775178841,1844 Cach Mang Thang Tam Street - District 8,10.733497,106.723410,huynhvanphuong1714@gmail.com,85a9e21494fcb952663c3ef1e528d586ba3df2ce3ecf5d20c10791e201715d15
1715,Bui Hoang Minh,0975603678,1816 Hai Ba Trung Street - District 10,10.841163,106.697917,buihoangminh1715@gmail.com,22d6e6c2d2c448d3a37ac51b578223af27839b59e70fbc0882b88d008d848833
1716,Vu Thi Huong,0356114461,1926 Tran Hung Dao Street - District 3,10.745282,106.666970,vuthihuong1716@gmail.com,05e137a05dd481848ce7b63f29956bdb2f30a52b40714d3a8c9d68831317d93b
1717,Huynh Ngoc Lan,0988778092,1880 Nguyen Hue Street - District 3,10.767509,106.645766,huynhngoclan1717@gmail.com,7e5f48932e7f22d0ca4a2219e2b5683fd7024e1ec769f9ce8def10dbad876abc
1718,Phan Khanh Hai,0353626113,1718 Cach Mang Thang Tam Street - District 3,10.833574,106.704166,phankhanhhai1718@gmail.com,275e2f5df04fe4f7011fef24939ebe2fabe4595e265f105cbc74a3b10098da36
1719,Huynh Ngoc Long,0779084408,1939 Nam Ky Khoi Nghia Street - District 4,10.818383,106.631525,huynhngoclong1719@gmail.com,46c08f976be1146c756c0b5d98fcddabda23b33bbd7d88c2b1ef64cdb85d9a34
1720,Hoang Ngoc Hung,0325523447,1953 Tran Hung Dao Street - District 11,10.746816,106.681250,hoangngochung1720@gmail.com,3b83ff94da870f3b007360813d5c8e511934f05262b36088e5cf2c1908ed08f6
1721,Nguyen Hoang Long,0352030329,1721 Pasteur Street - District 10,10.836726,106.662679,nguyenhoanglong1721@gmail.com,a44a4f0c71963b2dc42db27091932b56f6ea204eff77d529b7e61b0b6787558b
1722,Bui Duy Long,0320898992,1862 Nguyen Hue Street - District 6,10.814007,106.625693,buiduylong1722@gmail.com,b6d42b6fed894790b1183db853c4430f00c08b078669e8fb1d470f1aaf760160
1723,Hoang Khanh Hai,0972318476,1948 Dien Bien Phu Street - District 1,10.775557,106.622361,hoangkhanhhai1723@gmail.com,5b5e65dc3ffd8672ec59f767a2b5d1a2615ac0d6c13446467e367b931dc312e0
1724,Tran Thi Tuan,0355119457,1939 Le Duan Street - District 2,10.827918,106.719684,tranthituan1724@gmail.com,75a8ece276c27e39dc5c11fae6bf269ebbd4b0b30c050987b96a9dae2eead2af
1725,Phan Khanh Minh,0932255918,1951 Le Duan Street - District 4,10.820422,106.737858,phankhanhminh1725@gmail.com,c1e2413a8db23d238b01428aaedd61721e5e2ba9072693be0dec09c0bd4cc1ea
1726,Pham Tuan Hai,0917193472,1987 Hai Ba Trung Street - District 4,10.837365,106.665838,phamtuanhai1726@gmail.com,215707224b88e065e052bc029bdfa39c37ebd87a2debc37ef3ef1cf247039fbc
1727,Phan Khanh Phuong,0903348477,1792 Hai Ba Trung Street - District 4,10.784454,106.671503,phankhanhphuong1727@gmail.com,b14f0d4e5c5c1e8b21945697f4d594ba62ced204faaee6fdd891df2452703ec1
1728,Huynh Khanh Hai,0931812997,1917 Dien Bien Phu Street - District 1,10.848160,106.670462,huynhkhanhhai1728@gmail.com,4d3ed887553484a078adc2852ea7b3596e7b0803272ad8f98f4723fa985beb88
1729,Nguyen Ngoc Hai,0918952187,1849 Nguyen Hue Street - District 8,10.720307,106.658247,nguyenngochai1729@gmail.com,e21a885a2a1ea802cefc43e2bd369f2ae037aab01f06c5a1cf39b898c3675d97
1730,Bui Khanh Long,0909008553,1736 Le Loi Street - District 5,10.824030,106.664834,buikhanhlong1730@gmail.com,c18215499b167f014466ba6554d444c4bf8ecb455aa4f6f9cb63960715d21c23
1731,Hoang Khanh Lan,0986303434,1926 Dien Bien Phu Street - District 4,10.835959,106.622502,hoangkhanhlan1731@gmail.com,1e5c2b213c293b28927191fe45a29eac08124541686c1ea1c4b292a96165b512
1732,Vu Minh Anh,0773019947,1968 Dien Bien Phu Street - District 2,10.835156,106.644055,vuminhanh1732@gmail.com,9e30307d1bbf0a693f5c093f678ac9ed441d2d3e47c8e2608e516e5080417a32
1733,Huynh Thi Long,0976823666,1760 Nam Ky Khoi Nghia Street - District 9,10.773891,106.654313,huynhthilong1733@gmail.com,995888dd9430436a36166b3e03bb7b7507b8dd68208d98ef1e30be9a66097935
1734,Dang Duc Hung,0324381831,1946 Le Duan Street - District 4,10.743092,106.626228,dangduchung1734@gmail.com,afc383519ee3eb71c9aefc0ba47d49a1b6e4d2afb4c4bcfaff61a9a860e7189a
1735,Vu Tuan Anh,0917529879,1997 Nguyen Thi Minh Khai Street - District 6,10.785277,106.711338,vutuananh1735@gmail.com,f68cc7294f6a351b6d003cf6bd9cafdd3e89013d2fe8816af1aac967b49460a1
1736,Pham Van Tuan,0916469309,1903 Dien Bien Phu Street - District 5,10.736515,106.672000,phamvantuan1736@gmail.com,7c5f7360c8217525676f67a3fdb01f79dea20adfb39becc9e72cd73e9b005e6a
1737,Tran Duy Anh,0323743940,1797 Nguyen Hue Street - District 11,10.812688,106.688703,tranduyanh1737@gmail.com,8b4ca97e1d42ee59ed3a71b1114fdb9290e6b1a219a8c794653b2128d118166e
1738,Hoang Thi Minh,0934482961,1922 Nguyen Hue Street - District 1,10.802765,106.655769,hoangthiminh1738@gmail.com,a907521bcc8dfb760992e5c7612e8be74ed7e02e2eb09f51adda94a279b8eca4
1739,Hoang Duy Tuan,0903427877,1811 Dien Bien Phu Street - District 4,10.736333,106.713354,hoangduytuan1739@gmail.com,026fa71a6acb430bf728f722a469285c665058df509a607db6af63ea7dfdb14e
1740,Vu Minh Linh,0977970246,1780 Nguyen Hue Street - District 9,10.795200,106.695308,vuminhlinh1740@gmail.com,0ab40a18bf94b849204aceb6d72f4a1cf8a97efb47eb0d8663a7d41d0ee77695
1741,Vu Anh Phuong,0977294533,1974 Dien Bien Phu Street - District 5,10.820078,106.623228,vuanhphuong1741@gmail.com,7f29d65c7becdb4e93b78fee656e86774a790736e92c9985e6c93610a24ae174
1742,Tran Anh Minh,0989116386,1768 Le Loi Street - District 7,10.786235,106.625936,trananhminh1742@gmail.com,e989dc6ce53e44a17b22033b45fde04347a67abbb50c50a9b6a1ebfdd6b6c0c2
1743,Bui Hoang Lan,0322921172,1837 Hai Ba Trung Street - District 10,10.794410,106.684252,buihoanglan1743@gmail.com,efd513ba1320e701e1eb6d75d702cdd680c752147f0ca74e2026dd00451d8891
1744,Bui Khanh Tuan,0918288749,1909 Pasteur Street - District 3,10.770454,106.698916,buikhanhtuan1744@gmail.com,6dade786372e6795070ac8a822c8c15d62e7b4b4917d64cef65adb7fa0e44c3f
1745,Phan Duc Hung,0356343523,1921 Le Loi Street - District 7,10.724090,106.680004,phanduchung1745@gmail.com,66254061a3a68ce53a3a24a65a89c68aa167e0ad8be358e04724ba8a87ffbb79
1746,Vu Ngoc Anh,0935719091,1959 Tran Hung Dao Street - District 1,10.801317,106.641306,vungocanh1746@gmail.com,ea3fcd3b36ea9bdb21c5a70f70858f3b7643e56323a91e504e6c92c54a92fcae
1747,Huynh Duc Hai,0982303014,1780 Le Loi Street - District 4,10.838526,106.629695,huynhduchai1747@gmail.com,25457684c68f6bcd1fbd7b28dd0c3b5c4b3a402a1a47f53f22f39ebf0553caae
1748,Bui Minh Minh,0779540734,1831 Dien Bien Phu Street - District 4,10.808928,106.736136,buiminhminh1748@gmail.com,7545dfe97806a0d73bf661457b5461574b55ce5a9497ff88b3593b6b63c03d40
1749,Vu Tuan Tuan,0901455410,1776 Cach Mang Thang Tam Street - District 8,10.742884,106.600048,vutuantuan1749@gmail.com,b0198e858a4dc21eb759503a3b2234d01abaab32727f83eeb95355693c47ba3a
1750,Bui Khanh Linh,0930695645,1892 Pasteur Street - District 8,10.804842,106.717454,buikhanhlinh1750@gmail.com,4ce6400eef980d85e54c7082000363bfe02fe3714ade363100e5df52ba34048c
1751,Le Minh Minh,0359128638,1858 Nguyen Thi Minh Khai Street - District 9,10.737585,106.675623,leminhminh1751@gmail.com,a76c0c4213ccd9ec2bd932763cb46a558b51a8dcc137fdd8f12509c668ae663f
1752,Nguyen Minh Phuong,0986189921,2039 Cach Mang Thang Tam Street - District 10,10.823168,106.624564,nguyenminhphuong1752@gmail.com,b5d2a05716dfd14b684e0d7bffe44d839419e729c9881b922dd4759f24225636
1753,Phan Duy Linh,0351362531,2027 Le Loi Street - District 9,10.773207,106.740186,phanduylinh1753@gmail.com,c4f218dda23882ff3fd9e80cd5554dec9384f434ea6583a14d7aaf9febf84136
1754,Nguyen Tuan Linh,0326483547,1927 Nam Ky Khoi Nghia Street - District 7,10.845158,106.673589,nguyentuanlinh1754@gmail.com,b69191d37e6038bf77d4bb018d52076279404aba0b6aaf4654129db0f50a6dd8
1755,Hoang Khanh Huong,0939023324,1845 Cach Mang Thang Tam Street - District 12,10.816831,106.648811,hoangkhanhhuong1755@gmail.com,48ac7d0073be2096845e7cdd28aaeaa9a059241c6283673c335c78d936a68a11
1756,Hoang Minh Long,0986923039,1792 Le Loi Street - District 8,10.727102,106.632360,hoangminhlong1756@gmail.com,cfc404f90055c0d0b6de006b915400629f9a1d2823529bad5d6f85ce5780344a
1757,Bui Duy Anh,0908391111,2025 Le Loi Street - District 7,10.724592,106.736550,buiduyanh1757@gmail.com,aaadac603b2ff6f4e64db3af62a898ce1daa3f27b4f4c6bd22c5f08dfafd761e
1758,Phan Thi Anh,0976998341,2048 Nguyen Thi Minh Khai Street - District 1,10.748648,106.676605,phanthianh1758@gmail.com,1d13dc91bf5928811185039b5baec3b90a15073bb599497bdb976c76d08cef9a
1759,Hoang Duc Phuong,0326015074,1867 Dien Bien Phu Street - District 6,10.723611,106.714774,hoangducphuong1759@gmail.com,2c9f81fdb5637f00675af87ff765d63e5388d527336a80d56b7aa85335e7a76f
1760,Le Duc Long,0909075939,1831 Tran Hung Dao Street - District 8,10.790694,106.611376,leduclong1760@gmail.com,2b39cb9beb38e05af4ef31ffdd1617f86e37fc1ea67c7e56fefe849cbb9322ba
1761,Vu Tuan Tuan,0931232335,1990 Nguyen Hue Street - District 12,10.744572,106.700519,vutuantuan1761@gmail.com,fc67c7b594433b2bf7dae99e7535af9d17a0debf119174b0fa69f1aeb34afeed
1762,Dang Khanh Minh,0988397141,1920 Hai Ba Trung Street - District 5,10.738665,106.661766,dangkhanhminh1762@gmail.com,b4af1ceee1ca737819f90fd645e05762aac15c7a90980d6b5346fc3e5985a504
1763,Tran Duc Hung,0911420881,2034 Nguyen Hue Street - District 9,10.723991,106.707573,tranduchung1763@gmail.com,b7d68fca38db21c86e5f427d63c641a3f15a1cc993e0fcf4db2062c3c2325e75
1764,Hoang Khanh Tuan,0978075894,1903 Dien Bien Phu Street - District 3,10.758382,106.621061,hoangkhanhtuan1764@gmail.com,df0de9ff9b47fa956c10231fd06829ecc71c34f54dafb906ff256e8e1f424c62
1765,Vu Duy Long,0934078862,1878 Nam Ky Khoi Nghia Street - District 2,10.832700,106.650410,vuduylong1765@gmail.com,147883be1ffc1c2f9554607ba65bf8327980b3ad7f846bf7ae461430af565463
1766,Huynh Duc Linh,0974199013,1854 Pasteur Street - District 4,10.737777,106.642692,huynhduclinh1766@gmail.com,3b12c97f6ab0c50c0166ee49f9ef6d57302689bb39a66737bc0dcb63ab9d84dd
1767,Nguyen Thi Long,0328153804,1909 Cach Mang Thang Tam Street - District 2,10.784230,106.623590,nguyenthilong1767@gmail.com,cbd82b9f87eaf500d2a18a16523f02a593224c93cedec8492b2a7913d612c494
1768,Vu Anh Anh,0989635649,1895 Hai Ba Trung Street - District 11,10.828480,106.724590,vuanhanh1768@gmail.com,89c7c95528309a1d314a4c0843a26ccb5ed9fd067e454acb32f5e6f4423a9a8e
1769,Bui Khanh Long,0772135092,1978 Nguyen Hue Street - District 8,10.803612,106.669737,buikhanhlong1769@gmail.com,aea153a5b43ff630f28df6b2cecd624b6c9ea300e41ebe233aeb39928ecd329e
1770,Vu Khanh Anh,0900475373,1939 Dien Bien Phu Street - District 9,10.816727,106.660871,vukhanhanh1770@gmail.com,34de2c4d3f4cc8cdc5c68c66a6b8ad1ac354efc6f7b3754c54bf847b32b2bfda
1771,Hoang Hoang Minh,0934188946,1884 Le Duan Street - District 6,10.753650,106.738855,hoanghoangminh1771@gmail.com,adf7d73d846a187851dd65e5a5b52a83e641c80207ef63a69d8cddf58350eb71
1772,Bui Duy Huong,0358651598,1940 Nam Ky Khoi Nghia Street - District 2,10.733172,106.676169,buiduyhuong1772@gmail.com,b3c341a9e51ff0ce18e0683b6f022d650583f85d666c5df7570d7a8e32860362
1773,Phan Anh Hai,0983158420,1981 Nguyen Thi Minh Khai Street - District 11,10.811954,106.720364,phananhhai1773@gmail.com,735a45a0c13d1366f068ce35532749b19e91569ff40fc532189e0f3973d536ca
1774,Tran Duc Long,0773825289,2000 Nguyen Hue Street - District 2,10.736003,106.662363,tranduclong1774@gmail.com,ac1a74c03fabb5cd55d5452cfbbac257d4c8528eee06276e4bec63afcf5031c4
1775,Bui Hoang Hung,0900895495,1785 Nam Ky Khoi Nghia Street - District 7,10.837915,106.746981,buihoanghung1775@gmail.com,7b094245fcea68b74388c1901f239c5ede8f529df3eecc5208b30db9fca0bb49
1776,Bui Duy Lan,0326087238,1876 Tran Hung Dao Street - District 9,10.731256,106.705951,buiduylan1776@gmail.com,57da89980fec03457bde3acd68d6c8167a75981c04a0ae569a0a77132fb3d772
1777,Vu Duy Linh,0971886622,2039 Pasteur Street - District 2,10.734402,106.726368,vuduylinh1777@gmail.com,c7f42c67f8c9ec8f11670424d67810b73f7d386d185ee8a44c6446862f8ec71f
1778,Vu Tuan Tuan,0354172400,1902 Le Loi Street - District 1,10.848418,106.626916,vutuantuan1778@gmail.com,15d86371bd699d0d0b61ecc30bb1b6f8f8804869252a875b12a9ce700dab530d
1779,Le Thi Huong,0913583915,1813 Dien Bien Phu Street - District 8,10.804250,106.652286,lethihuong1779@gmail.com,2df4af8c8aca40d51b3f52051c2889537f7ac2e6918d4ab251ba0fdea2a2feba
1780,Le Ngoc Lan,0356765043,1996 Dien Bien Phu Street - District 1,10.818283,106.746517,lengoclan1780@gmail.com,8cf30669d06367082fca7979327e2bd580db5ebd79759ca5ad5c6e683c56e0e1
1781,Hoang Minh Phuong,0903005157,1920 Hai Ba Trung Street - District 8,10.766576,106.681942,hoangminhphuong1781@gmail.com,7a91f3a2d3d2486c40d276ae5ddc8ca4daa9e8eb4ebd34c050de103031628277
1782,Tran Minh Anh,0326193021,2080 Le Loi Street - District 8,10.813592,106.712178,tranminhanh1782@gmail.com,985cd7777bf6abd97b106dd8e6f606ca25504c25cddab1a2b43f3c79154c364e
1783,Hoang Tuan Hai,0978946209,1910 Le Duan Street - District 12,10.812615,106.640172,hoangtuanhai1783@gmail.com,7e7261e920a2ec249ecc8ad81b88a117b3fd5e24011a405edc8ab7de4b65f489
1784,Bui Minh Minh,0327926206,1896 Le Duan Street - District 8,10.731237,106.732365,buiminhminh1784@gmail.com,3eef5d3270c83f6e6d3e6e84ed95b7cd67f4cf132572b9449f56dde512ed9cc5
1785,Hoang Tuan Hai,0973120537,2031 Le Loi Street - District 9,10.815115,106.724139,hoangtuanhai1785@gmail.com,c935640ac32efe6ed107b8709b7d583c928b608ab76d4f7a2a9cbea831e101b4
1786,Huynh Anh Anh,0775415593,2038 Pasteur Street - District 10,10.797748,106.613193,huynhanhanh1786@gmail.com,a4f71569637855a092c9771fafac8d11b3e25cf96562bec64c53a7e15be21d9a
1787,Dang Van Hung,0355316648,1819 Tran Hung Dao Street - District 6,10.819371,106.634330,dangvanhung1787@gmail.com,2a40c103c47abc4442ab855d84cd5405df68fb265976bdc3c8cf456e8c1410d9
1788,Bui Minh Long,0935157810,1987 Le Loi Street - District 3,10.757416,106.741349,buiminhlong1788@gmail.com,d336e44c28bef2ff2603a06e8225ca1f57496b0a117370ddeeabce812898d5bf
1789,Le Hoang Lan,0936495116,2018 Pasteur Street - District 5,10.847681,106.698802,lehoanglan1789@gmail.com,b9a8e6fbee82889ea909babbcea9913f1b015d335c229b5bd2d08e74c2c2bdc7
1790,Hoang Duc Hung,0936346638,1956 Le Loi Street - District 12,10.764706,106.674897,hoangduchung1790@gmail.com,8308cb1cae6f52d6b1b414a86812a87c8bc8ec7f2f225d411c5e97f6a3c2c31f
1791,Tran Tuan Linh,0934041892,1796 Dien Bien Phu Street - District 7,10.732442,106.737836,trantuanlinh1791@gmail.com,cbf3c88c19c9c1ed7497a68b6e440034bb43e795fa505d5840b04585011bec2e
1792,Nguyen Khanh Huong,0989615734,2049 Dien Bien Phu Street - District 6,10.789639,106.684517,nguyenkhanhhuong1792@gmail.com,1807104315e984666a1048eaf97442b74cf226f2894765187fcca1a1f00777f3
1793,Huynh Minh Hung,0978358832,2071 Pasteur Street - District 10,10.756167,106.735474,huynhminhhung1793@gmail.com,f84b5a4ae914895480fea6327158253ef8949874286d2c6441721c4de254c00f
1794,Hoang Duy Linh,0354856165,1965 Le Loi Street - District 4,10.776479,106.732787,hoangduylinh1794@gmail.com,ea3293aaf8f4f75c29d1284f9044db77ea5a19356c6811a278abdf37cbe14f97
1795,Tran Ngoc Linh,0917120277,1964 Nam Ky Khoi Nghia Street - District 5,10.799518,106.642718,tranngoclinh1795@gmail.com,9a014e02c4ed3ab75f1321c4e513167c7132be8de76dcf4a29d853c5c18b13b8
1796,Phan Ngoc Tuan,0909139413,1908 Le Loi Street - District 6,10.822463,106.638293,phanngoctuan1796@gmail.com,e655236f7e172ec4d184db1660188223027fc3cd51ca43ed7638a5c167dd9d80
1797,Bui Ngoc Anh,0917138454,1926 Dien Bien Phu Street - District 5,10.790895,106.634638,buingocanh1797@gmail.com,5ef4392cb765f39c1d7349ce0b2888d27cd9fe795b45928a0a33998e33ecd21d
1798,Tran Minh Hai,0918762887,1846 Nguyen Thi Minh Khai Street - District 11,10.834379,106.644474,tranminhhai1798@gmail.com,9cd6999d7987be1ecf3d6d9fd2522ac99e425e93753fd88a379640a745bedf9c
1799,Le Ngoc Hung,0972617757,2078 Nguyen Hue Street - District 12,10.833306,106.630058,lengochung1799@gmail.com,bdd039ffdcb973f473df5189fdaecbd8bb22e68253d62b162986f126b97195ff
1800,Dang Minh Anh,0988346809,1881 Dien Bien Phu Street - District 5,10.786517,106.700447,dangminhanh1800@gmail.com,1517736c638be1c0ad88c38cb08316d2afd37fd254adefc2d93beb7dcdc39f06
1801,Le Thi Hai,0320514544,1974 Cach Mang Thang Tam Street - District 4,10.796054,106.708073,lethihai1801@gmail.com,2e5a3e39dec9912edcefd6eecb756ba5886ebaa3d48372d12fc602112b941374
1802,Nguyen Duc Long,0777299694,2087 Cach Mang Thang Tam Street - District 7,10.774009,106.662304,nguyenduclong1802@gmail.com,24ac6da4d76fc321976731bb08e446bea43edfe8e651458f9e5a9a7c0271a544
1803,Pham Tuan Huong,0357089149,2096 Le Duan Street - District 7,10.810356,106.670201,phamtuanhuong1803@gmail.com,e098b6faa82bcc07674a821e38950719bfe06aad0266fff1f0e053c04bc2657b
1804,Vu Hoang Hung,0936890923,1900 Nam Ky Khoi Nghia Street - District 5,10.770636,106.638797,vuhoanghung1804@gmail.com,8964f8de398aef4c7fc6ea276637e329d2944826dad07c720c3d5dfd79c571eb
1805,Vu Khanh Tuan,0320323087,1986 Nam Ky Khoi Nghia Street - District 12,10.799172,106.600682,vukhanhtuan1805@gmail.com,1291b7835051e4f71a6609054aafbbd0d9eb3463148cc1f23695dbf4045fbaff
1806,Dang Hoang Huong,0904625204,1995 Hai Ba Trung Street - District 1,10.760067,106.734756,danghoanghuong1806@gmail.com,a07b1697a61416354ef54e59bd8546781a67cf963471e269aaf6f31ee7dc847b
1807,Phan Anh Linh,0912639511,2002 Nguyen Thi Minh Khai Street - District 3,10.732496,106.620138,phananhlinh1807@gmail.com,a4e34a403933d0606b091b96bf2994716296ee96b02b1d7a5e291ea1ab9368e3
1808,Huynh Van Linh,0324511827,2055 Dien Bien Phu Street - District 10,10.763925,106.689092,huynhvanlinh1808@gmail.com,1a77ad5e1c606d34eb8730f35000fb970a7540f625a2a78d5166bb1e6bb2d098
1809,Tran Thi Tuan,0980182757,1835 Cach Mang Thang Tam Street - District 4,10.729889,106.609581,tranthituan1809@gmail.com,7a76f756e64d4d0c961bbc878d6cb580c1823d4520ae0701385d9b7fcb0d84ab
1810,Pham Thi Huong,0322065298,1845 Tran Hung Dao Street - District 3,10.749333,106.711800,phamthihuong1810@gmail.com,02ed67e9902efc6755bf4998581a541ef4aa20e8f584279f430926f5a33e7d4f
1811,Le Thi Phuong,0931596141,2008 Dien Bien Phu Street - District 11,10.792383,106.652644,lethiphuong1811@gmail.com,14fa55fc237c032e83ee94016bdf19d1b2ac588bd19fa4425ecb245a43588434
1812,Hoang Tuan Linh,0975676541,2042 Le Loi Street - District 7,10.772405,106.696022,hoangtuanlinh1812@gmail.com,db23869eb856a542e72d09d8baec0fdd3d347a3999dc48c4e842abd05c0d9715
1813,Bui Minh Tuan,0771894019,1951 Le Loi Street - District 11,10.845796,106.603789,buiminhtuan1813@gmail.com,1349f5801535dccc38ffb1a3122a735043c2926f6888761ff71dd7f7c8f87493
1814,Pham Minh Hung,0900312418,1871 Nguyen Thi Minh Khai Street - District 6,10.832765,106.616909,phamminhhung1814@gmail.com,a6e53a3225a676b01dfa7afd213382691e92a2f0b909e252e444f04f5f13038c
1815,Hoang Van Hai,0972880416,1850 Hai Ba Trung Street - District 1,10.837205,106.639227,hoangvanhai1815@gmail.com,2fe4706f725926c8ce59424d5d1d93076bd3c997c566a1c8400081a214fdea10
1816,Hoang Duc Minh,0351476881,1996 Hai Ba Trung Street - District 5,10.767395,106.678787,hoangducminh1816@gmail.com,88e2e2f7a8f5bbfbed3d2e7ea723b52561ac77b99f59d06fe14d9120a8ae5ca1
1817,Pham Duc Hung,0778363675,1900 Cach Mang Thang Tam Street - District 1,10.835631,106.685338,phamduchung1817@gmail.com,9972b3e81de90c9c618027d74a307596c647d13d8c5d1d8132b1b70befec774a
1818,Le Hoang Hung,0777557404,2038 Cach Mang Thang Tam Street - District 4,10.760072,106.635937,lehoanghung1818@gmail.com,1cf00a555e90b5844b25fb8991625e0c90e90ecd4318b45bc192dd018d2cfb87
1819,Tran Anh Minh,0986464753,1827 Nguyen Thi Minh Khai Street - District 6,10.757056,106.696464,trananhminh1819@gmail.com,b8d82360412391213284571731c9dfafb1bae074aef56d1f2bd569719662fe51
1820,Bui Duy Anh,0900221337,1962 Nguyen Thi Minh Khai Street - District 6,10.735266,106.690198,buiduyanh1820@gmail.com,aa22d9f71210a6b5e1f2de25c39cc0245fbaa4eca95727cbb7fbe591bda742e9
1821,Bui Hoang Lan,0357875582,1826 Tran Hung Dao Street - District 9,10.802585,106.720106,buihoanglan1821@gmail.com,4effa661d2337b416fe163d11f5b193aff8920a0f45a90d400e8366254aebe14
1822,Vu Ngoc Anh,0918523484,1828 Nguyen Hue Street - District 2,10.752696,106.660536,vungocanh1822@gmail.com,86bc1ac9e9d8f50d7d4e06cdbd913f3bcdebfbd40f8f10d7c7b28e649f316a9a
1823,Tran Duy Hung,0778909250,1958 Nam Ky Khoi Nghia Street - District 6,10.726999,106.642802,tranduyhung1823@gmail.com,c9f7a3b9518430fc3def3d4ac180c8092ae3eb169f1a221b5230ac5bc43a6ff0
1824,Tran Duy Long,0973034814,1861 Nguyen Hue Street - District 2,10.740736,106.725721,tranduylong1824@gmail.com,7c686097e5e0ad09893fabebf01aa84f5814d9cec7012ea11f463a35824d4d0c
1825,Pham Duy Anh,0986039454,2025 Hai Ba Trung Street - District 7,10.733011,106.704222,phamduyanh1825@gmail.com,b17c11d928c96157cf705ca551bfafe9ad5cb11978ad79b885e874ce884bfb8a
1826,Bui Anh Long,0901602649,2054 Nguyen Hue Street - District 10,10.803568,106.611331,buianhlong1826@gmail.com,53a1da158df8a0eb2a748a6e325d184aff00ab51b5c6f37f093cdefc5ed8de21
1827,Huynh Duc Phuong,0327784980,2005 Pasteur Street - District 2,10.784357,106.650386,huynhducphuong1827@gmail.com,5a18ca44c044af261bc17c0c97947a1a14c88d6ad9ffeee1b02276791cda6120
1828,Nguyen Hoang Anh,0939709514,1885 Le Duan Street - District 12,10.818325,106.726440,nguyenhoanganh1828@gmail.com,40ec7f07871c17808970c665500c053230ed959fb70393368e62be3c4ab86b57
1829,Phan Ngoc Lan,0909143820,1983 Nam Ky Khoi Nghia Street - District 6,10.808291,106.669331,phanngoclan1829@gmail.com,3e4e4c0e8a3a82ca54d9387088bd751b5e970106a34ae1cf640c40641bf26de8
1830,Pham Duc Hai,0933002094,2007 Le Duan Street - District 8,10.764566,106.703521,phamduchai1830@gmail.com,608e90326aaf971dd819b3b4fa2274d7f2c149a73ade46b4bad34609a8915f54
1831,Bui Van Hai,0911458698,2124 Dien Bien Phu Street - District 4,10.815234,106.613978,buivanhai1831@gmail.com,75a603fdaa5bf320c8c741da6c0da8917e0ce23f073f0b5e8b2c5be38dd1e116
1832,Hoang Thi Lan,0777509798,1887 Hai Ba Trung Street - District 8,10.799154,106.607363,hoangthilan1832@gmail.com,a3b45c8e386c7253c3e6a09f497a68184c3e4350aa522cd3bced361e42a2ec6b
1833,Bui Tuan Hung,0986601337,2071 Tran Hung Dao Street - District 3,10.790153,106.667570,buituanhung1833@gmail.com,980ec853d159a257bc09cf8b9ab1b60d2a788d965c17a38ba40d8853c74b52b5
1834,Nguyen Minh Hai,0988581140,2094 Le Duan Street - District 8,10.825054,106.705128,nguyenminhhai1834@gmail.com,29da2eae12535137fabc9f7fe6c779919bec29dd67695f47a54414a20e4f7349
1835,Hoang Duy Hung,0900951268,2019 Hai Ba Trung Street - District 7,10.756808,106.746557,hoangduyhung1835@gmail.com,366ee54f2021111be3ac3b26c659db55695a410be985270f445e3692e75049f3
1836,Bui Hoang Lan,0911785308,1983 Hai Ba Trung Street - District 6,10.732702,106.730027,buihoanglan1836@gmail.com,80222615f5ff938c04435150ec8d20edb9eed610b5db71f21bd9ae875e175317
1837,Tran Thi Hung,0914594616,1879 Pasteur Street - District 7,10.772192,106.664553,tranthihung1837@gmail.com,60f4fb023d3ba709f6cdc04c568ec58fa44d07a21de0aa8f8150b55d449a33a3
1838,Bui Khanh Huong,0988544484,2008 Le Loi Street - District 2,10.847400,106.725573,buikhanhhuong1838@gmail.com,d0eca0a443d755af7982785dc0f0de9a9c05fc28e4f7e24d1d25eae3173cff4a
1839,Hoang Khanh Lan,0328988292,2019 Le Duan Street - District 1,10.724415,106.698649,hoangkhanhlan1839@gmail.com,99fe6791cfce64ce6832b2d3e27b5e5733cc5d5320d1c4b3a133d8f140f150c2
1840,Phan Hoang Linh,0919738901,1858 Nguyen Thi Minh Khai Street - District 5,10.775694,106.725844,phanhoanglinh1840@gmail.com,c6f653e516846121204414e2160973079d39cd0d2620b1557a5273b0083294e2
1841,Le Van Phuong,0357712313,2042 Le Loi Street - District 4,10.812889,106.656192,levanphuong1841@gmail.com,6a38c7407045a8d776cac958e13965e04b328bc6c8927648df828a90e170e7ff
1842,Le Van Minh,0779806489,1890 Hai Ba Trung Street - District 4,10.827893,106.709777,levanminh1842@gmail.com,5e2145342d175eabd4f3a99cca8c7b4096ccb550b36128eed845258a2235b39f
1843,Le Van Long,0939344235,1960 Cach Mang Thang Tam Street - District 12,10.804930,106.685974,levanlong1843@gmail.com,221cc562aff3ab52dbe70e20cdd568946005666e825debba8e780db27d770468
1844,Dang Tuan Long,0905239835,1869 Cach Mang Thang Tam Street - District 8,10.752757,106.614136,dangtuanlong1844@gmail.com,2781ab998295f80b9578fced9e423e81bf3864f345865b1600e441d6b63be350
1845,Dang Ngoc Anh,0971778319,2130 Tran Hung Dao Street - District 12,10.767881,106.612684,dangngocanh1845@gmail.com,db9caa955825c6fdb1893f4a4f21073f10cdef3a3039cb53acf40a952449f9bc
1846,Vu Tuan Anh,0979509003,2019 Cach Mang Thang Tam Street - District 2,10.753931,106.650490,vutuananh1846@gmail.com,f5098808eb8085d98c247f8a3f6dafd0aa3e71ff7d81565ccdf5f68677a05615
1847,Bui Van Long,0905274939,2027 Le Duan Street - District 1,10.810505,106.647470,buivanlong1847@gmail.com,6bb073f6195e7b86acdf938d57429fb882fca771b4efbdf3adbb7f9899ae0547
1848,Le Tuan Anh,0327058008,1858 Tran Hung Dao Street - District 8,10.795996,106.696300,letuananh1848@gmail.com,f9cd9245b3f154e5d6b76ab5e46df1fa6a4d36678e27599ce70df14e8181f478
1849,Bui Ngoc Hung,0350987370,2112 Dien Bien Phu Street - District 3,10.761772,106.640466,buingochung1849@gmail.com,87cee97450a03f6ca08f2067a19be570bf41f909264de5f848591c453e85a7cf
1850,Dang Ngoc Hung,0908314676,1979 Hai Ba Trung Street - District 8,10.760890,106.719026,dangngochung1850@gmail.com,4adccf26444156c5882f97fce0e83b888553b061bf609c9ccf931dce5275d071
1851,Hoang Hoang Anh,0918783542,1994 Hai Ba Trung Street - District 5,10.839145,106.693266,hoanghoanganh1851@gmail.com,6e02b9d6b8a984cd24c592129a85e00cc0a088136ec099907ca51e0528464530
1852,Bui Duc Linh,0774733268,1871 Nguyen Hue Street - District 2,10.733136,106.645048,buiduclinh1852@gmail.com,caa01df57547a1004f3e50689c06cd3da911370a13eca85aa4bf9182d03424c7
1853,Tran Anh Tuan,0771128221,1871 Hai Ba Trung Street - District 8,10.822250,106.740474,trananhtuan1853@gmail.com,a67ce5767868f71fa1928add53db3e3cb4a6c3cdbc24f1584544864a3efc6fa9
1854,Huynh Thi Hai,0916059822,1926 Nguyen Hue Street - District 2,10.834579,106.702128,huynhthihai1854@gmail.com,446296e9b9ab4f63d8335fd3bc103bb5b4b193b0913d3c4fee0046032e90998e
1855,Hoang Minh Tuan,0771001789,1869 Dien Bien Phu Street - District 11,10.791177,106.739679,hoangminhtuan1855@gmail.com,fd6eef3ba666f67eeda052896b4fc63ff19cb2fc026186dc887794dcff433486
1856,Hoang Khanh Lan,0918197434,1911 Cach Mang Thang Tam Street - District 8,10.736380,106.645177,hoangkhanhlan1856@gmail.com,73ae75ccec5344597418292bc586bb307d554faa3554ecd2943dfecbd868beb8
1857,Hoang Tuan Anh,0328527512,2061 Dien Bien Phu Street - District 10,10.831782,106.628520,hoangtuananh1857@gmail.com,dcd06dd06a3c2f884e67768fec54f811e9acfba0a36aa2cd8ae5b2df901a32a7
1858,Phan Tuan Lan,0989221810,2121 Nguyen Hue Street - District 10,10.767666,106.720120,phantuanlan1858@gmail.com,84a36b5b95e9af78049765774fc34e33aa86b7f09e74fac7f3b864a21b49f334
1859,Huynh Duc Tuan,0911493713,1996 Nam Ky Khoi Nghia Street - District 3,10.793125,106.715802,huynhductuan1859@gmail.com,3010dc855889dec6fefe092ff7abdf74c6a21896ec05928a08cb3090e106aad5
1860,Nguyen Hoang Minh,0359104850,2062 Nguyen Hue Street - District 12,10.836636,106.729801,nguyenhoangminh1860@gmail.com,a54599115f6e4dd065ebdb3067339b4ec9235d8efd1236cf27f3e3250cf7e422
1861,Huynh Minh Long,0930041069,1864 Le Duan Street - District 7,10.814669,106.721106,huynhminhlong1861@gmail.com,c3977f075f4d64b7c27413899e7c28871efd68edc75de998f5b656bf9d69cede
1862,Dang Van Phuong,0984141337,2138 Hai Ba Trung Street - District 8,10.720985,106.739082,dangvanphuong1862@gmail.com,2b7b8776d7dc4bfbd0dd2ab0731f3a99eeaa1d3b0e9314cb5e9d709d4322c1da
1863,Dang Thi Huong,0325538196,2097 Tran Hung Dao Street - District 7,10.743006,106.663747,dangthihuong1863@gmail.com,58adbb1e3fa86d4a918ab14ca0b404da2c28dd5aaf2d9fcd8dcf061ed8087c7c
1864,Le Anh Hai,0778763655,1898 Hai Ba Trung Street - District 7,10.840247,106.643499,leanhhai1864@gmail.com,435e6edd47bc3e6f371640687e50f169b8acc1a522fb25c50530f5b9369b3f60
1865,Huynh Minh Anh,0984951246,1910 Le Duan Street - District 8,10.829726,106.627502,huynhminhanh1865@gmail.com,52dbb68e99b12cf484ebfd14f562b46d0b59aecefaa6e617111b545680b27279
1866,Phan Ngoc Tuan,0979523422,2139 Le Duan Street - District 12,10.823113,106.627212,phanngoctuan1866@gmail.com,63983183bb7df576ed856e02d655276850cd1bd9c65f6903bc36830c88bd29f3
1867,Vu Duc Hai,0328488263,2013 Pasteur Street - District 5,10.733589,106.692134,vuduchai1867@gmail.com,10b002ef9ca1b4a6cb2cd3688ec910d742dc1d46791ecea90640903bb9c2cb6e
1868,Dang Duc Huong,0979332706,2111 Dien Bien Phu Street - District 10,10.787893,106.651319,dangduchuong1868@gmail.com,5f3f43e216df4dca4d3aa905e6d9d5e4d209c64627990b13064b955c7a9fa694
1869,Tran Thi Linh,0320616844,2023 Le Duan Street - District 9,10.811363,106.676391,tranthilinh1869@gmail.com,8aaa577611e69fa44ef5cb481913e2981b64447db856e9ed17f786ea4f60d563
1870,Huynh Ngoc Hung,0357892377,2015 Nguyen Hue Street - District 1,10.744123,106.743082,huynhngochung1870@gmail.com,a0c88af8aea54e773f4f97691bb674ce451c9ba8febad8d619e6cd564612a9c7
1871,Le Van Hung,0352587213,2071 Dien Bien Phu Street - District 2,10.762618,106.629866,levanhung1871@gmail.com,49679ef64890230a9913ed8ea84af1ee1d0a8c496ccc3611623ff9da99048eb7
1872,Tran Tuan Linh,0932016267,1897 Le Loi Street - District 11,10.827796,106.600091,trantuanlinh1872@gmail.com,db5520c25edd769587aabbafafb098c66b33ebd7a7867ccc5b1be1e71f61fb04
1873,Tran Thi Minh,0988599961,2122 Nguyen Thi Minh Khai Street - District 11,10.734341,106.642934,tranthiminh1873@gmail.com,352baf9e9eae672fe3fd2bd2cc5b34529206adc950a76456c5c1c113bc3635da
1874,Bui Duy Tuan,0988626180,2103 Tran Hung Dao Street - District 11,10.731910,106.680989,buiduytuan1874@gmail.com,da1c8d4d2e02df4cafd4b494df084c22360195f060a3301816422352490d1efc
1875,Pham Anh Long,0323917734,2126 Nguyen Hue Street - District 3,10.771543,106.614787,phamanhlong1875@gmail.com,16202b5fea297079ea63c7a88bd7bf623bb316fc6622518d8a1ffad80695d55f
1876,Tran Van Phuong,0987499726,2139 Nguyen Thi Minh Khai Street - District 8,10.837886,106.725985,tranvanphuong1876@gmail.com,a1362d87a343bbf1157f3756629032f45c9971bc2bd567d9b59d25b26be0f31b
1877,Pham Hoang Hung,0984734215,1932 Nam Ky Khoi Nghia Street - District 7,10.729979,106.679533,phamhoanghung1877@gmail.com,98c498f685a7c5998e34ddc051fa25410532618dc711cb6a61392b44d52119b9
1878,Hoang Tuan Lan,0773470969,2079 Le Loi Street - District 5,10.821981,106.736090,hoangtuanlan1878@gmail.com,c4b9080bf5316e3b70af7eb2f52ec196545bb14a8d367bdbc1c89da3b5b03214
1879,Hoang Tuan Huong,0778671348,2173 Cach Mang Thang Tam Street - District 7,10.786772,106.739278,hoangtuanhuong1879@gmail.com,1cfe82131bb2b8d942e119154a8c7128a4278c5aed4c5cff96f78293c8f1020d
1880,Phan Khanh Minh,0776296467,2173 Nam Ky Khoi Nghia Street - District 1,10.814070,106.689768,phankhanhminh1880@gmail.com,7b297aed175096fb87ea8492fb6d0f1723b8d9803bcc322e7d8caa2c5a5265e5
1881,Pham Thi Anh,0978306181,2009 Le Loi Street - District 3,10.814080,106.641153,phamthianh1881@gmail.com,bb07f0b1f6cae5f41f6aaf9182524e4b8426fc5161c429cf004fab2790a5d4d1
1882,Tran Duy Linh,0355673968,2010 Nguyen Thi Minh Khai Street - District 3,10.814118,106.639507,tranduylinh1882@gmail.com,587f299caf4574542e7b7048bb96d1a2e5ddfd7299c392e6a0319f4dc91b5031
1883,Dang Duc Long,0352803320,1988 Le Duan Street - District 6,10.839963,106.612368,dangduclong1883@gmail.com,d9d321c75b4f0b2402f7dbe36382c817faf94dbd36c34751addae0801d643284
1884,Vu Duc Minh,0970441956,1909 Le Duan Street - District 2,10.734264,106.708693,vuducminh1884@gmail.com,b31c9449c3193bd303928c4111cf4d79c334b303022fc6dc82e35c6f1d6b7071
1885,Nguyen Khanh Hung,0912785256,1933 Nam Ky Khoi Nghia Street - District 1,10.829352,106.633492,nguyenkhanhhung1885@gmail.com,29a3d067e1eca85acaf272b9cc7745690e1b32cd79765b5cda599051f77b3a80
1886,Bui Tuan Lan,0937769861,1980 Tran Hung Dao Street - District 8,10.781808,106.651122,buituanlan1886@gmail.com,db4a097a3b3405a0bd612ed80e89889acbbec3bbb07abde5b073eccfbd189135
1887,Huynh Anh Lan,0352838676,1894 Hai Ba Trung Street - District 11,10.766396,106.635432,huynhanhlan1887@gmail.com,deee2705660f4e8d2d4ec5f67128ba8e17bce0cc64eff04fcb87b1adb3dbe6d2
1888,Huynh Hoang Huong,0985299818,2153 Hai Ba Trung Street - District 5,10.720317,106.741484,huynhhoanghuong1888@gmail.com,0f15222a7c59750c2b66d8047af0f9ab319997f7a6c9a346afa1267a9156f5f5
1889,Bui Ngoc Phuong,0901917470,1899 Pasteur Street - District 12,10.847603,106.699838,buingocphuong1889@gmail.com,9ae0ee1df43ee3a952aa63b824ab0345a92cc4fc9013ced40014f00329dc13b3
1890,Le Duy Hai,0320057327,2003 Nguyen Hue Street - District 12,10.742836,106.685230,leduyhai1890@gmail.com,a49284ddb1728c503605cfdb5998d5fb6f729b1fe9b2c28198351990273c4958
1891,Phan Tuan Linh,0910734410,2154 Nguyen Thi Minh Khai Street - District 2,10.792927,106.676029,phantuanlinh1891@gmail.com,f8341c4b4554f2e7da34f0a962e9b91608b196a3b9454555eb85fa4806c16a1a
1892,Pham Hoang Huong,0936919407,1987 Nam Ky Khoi Nghia Street - District 7,10.792497,106.620344,phamhoanghuong1892@gmail.com,c50decb6333ea9dc04178605a8e5dad309ddebf2a91c3571802fe1b330a86e43
1893,Vu Hoang Long,0357294907,2075 Nguyen Thi Minh Khai Street - District 5,10.749467,106.749926,vuhoanglong1893@gmail.com,872048c112ce01646af2d85898ea6b58d3fbd86646aebfd24accaba82999a65e
1894,Vu Tuan Huong,0908608009,2087 Tran Hung Dao Street - District 2,10.751941,106.681768,vutuanhuong1894@gmail.com,5e73b91efa48de40ff03e686f5ed704270d35c81773d3de1d3999883ff5d12a5
1895,Tran Ngoc Phuong,0934239930,2016 Tran Hung Dao Street - District 1,10.739565,106.711984,tranngocphuong1895@gmail.com,aadb7300a72fda59a5bd7eabed3aea67a1cb1138206663f490d0459bece8c8a1
1896,Dang Hoang Linh,0979837021,2185 Le Duan Street - District 11,10.843672,106.611442,danghoanglinh1896@gmail.com,70f12de968d00632bdd1efcb952f42ab044b65d06d9ce0bc9ca466bb51583751
1897,Pham Thi Linh,0770252400,2010 Le Loi Street - District 3,10.721961,106.671619,phamthilinh1897@gmail.com,406419c15c5e7c645588f70917770f0dfd163b2ff8b72c2beb08a173895ed2f9
1898,Vu Duc Huong,0353880780,2016 Nguyen Hue Street - District 10,10.758937,106.673293,vuduchuong1898@gmail.com,a5f336e56a8475b00fd531a69f1edc9e60b66c3cf6a3726c71daceb7e2a16721
1899,Tran Anh Hung,0971984423,2053 Pasteur Street - District 1,10.761189,106.705249,trananhhung1899@gmail.com,2535f50ffbad64761ac7baa3580f310d6210ee2a5bf45858f1b98822a8f3ed37
1900,Phan Ngoc Minh,0359403964,1963 Nguyen Thi Minh Khai Street - District 1,10.842839,106.722819,phanngocminh1900@gmail.com,2803d27714d39967f88a6bc34b110d0c170e11c0208e7a62338384b2be6d7905
1901,Phan Duy Lan,0350068878,2117 Pasteur Street - District 2,10.806615,106.603724,phanduylan1901@gmail.com,9acb7732fa3837d560b8d8456c2a8fdccf70195ec681f27c329ec2432d258bb9
1902,Phan Ngoc Lan,0982198354,1908 Tran Hung Dao Street - District 3,10.778192,106.685431,phanngoclan1902@gmail.com,5664b3fadff0daa7e35a4d0ad5f7799140afb68c0ed1d52a8e703861a8ab01c6
1903,Huynh Thi Tuan,0936024050,2096 Nguyen Hue Street - District 6,10.738423,106.602632,huynhthituan1903@gmail.com,872c8c09350bf08a9a036343b7475fba6f143aaa299f7df06e5843f017d5ed9e
1904,Le Hoang Hung,0917537078,2178 Nguyen Hue Street - District 11,10.790157,106.716163,lehoanghung1904@gmail.com,99b111207be70f7fa6d2f89032972d6848695367953647838ced2f3034c6db52
1905,Le Duy Hai,0972877574,2090 Hai Ba Trung Street - District 12,10.783475,106.635779,leduyhai1905@gmail.com,cc2bf871d3b5db0bb402037be6cc1717a5f6b0ac554c8e8dc24f40502eaeb1c0
1906,Vu Tuan Hung,0912515411,2002 Le Duan Street - District 5,10.777866,106.645964,vutuanhung1906@gmail.com,77a327cac9e7f5463654a1857cca4fafd3051dbcd818b48a837ab2dd38c77a12
1907,Phan Ngoc Anh,0777139613,1985 Le Loi Street - District 9,10.789204,106.647967,phanngocanh1907@gmail.com,00c6d8baff3ebf20294d7e7b70147a60273991ea9b4b0f7a9e87aa70b30624b2
1908,Dang Duc Phuong,0329455126,2050 Le Loi Street - District 2,10.758117,106.716396,dangducphuong1908@gmail.com,363236eac989f2d6a75852d76d8de3eb2457807032f3c325b54ca218ca6bff99
1909,Tran Ngoc Huong,0354357099,2004 Le Loi Street - District 5,10.798740,106.738118,tranngochuong1909@gmail.com,2b2d0507d506b67bc8401543a1ffcbe81a9d189a2e52388559af7041f8d5f3bc
1910,Hoang Thi Long,0932091563,2159 Nguyen Thi Minh Khai Street - District 7,10.769809,106.665274,hoangthilong1910@gmail.com,a4e199f21da64481889b707f28b5742b68bc08ac9b3fae0e903287061b54e1ef
1911,Pham Duc Phuong,0937039304,2194 Tran Hung Dao Street - District 12,10.725054,106.727779,phamducphuong1911@gmail.com,5aef04435bff36a2287e555ed719d5e807f5f54997f08c1b2035d2a54f118947
1912,Bui Hoang Linh,0986685635,1999 Le Duan Street - District 1,10.736010,106.700517,buihoanglinh1912@gmail.com,6f71b0887548e44593a9f3fecb59ebd920e4b082ca23086f929ce12f4b5fa158
1913,Huynh Thi Long,0976865773,1928 Nguyen Hue Street - District 2,10.836306,106.713038,huynhthilong1913@gmail.com,cf2c5cc6e84aeb0bebcdf30f9c76558a2d03cd8cf93d59badf31252edfb98e2c
1914,Le Duy Hai,0987109329,1974 Dien Bien Phu Street - District 5,10.833512,106.738324,leduyhai1914@gmail.com,ec5f6054b1714192ee9344baa337107cb72bbddfbee888d9ca857e546b7dbb85
1915,Le Tuan Hung,0913982646,2033 Le Duan Street - District 10,10.728591,106.660038,letuanhung1915@gmail.com,3256cbfa5c52e8b9e7c994ad53f67705bfebe8d104fc1d0ccb79e3f478bed82e
1916,Bui Khanh Long,0900229193,2208 Le Duan Street - District 8,10.807340,106.634645,buikhanhlong1916@gmail.com,a12b5fb851dad6d55343f76824e4db667d69af10ab47680e23cf9badbc903d52
1917,Bui Thi Hai,0932996575,2166 Nguyen Hue Street - District 12,10.805993,106.745391,buithihai1917@gmail.com,5bfa236906642d05e498af14eac7f717667cd2be0616508430653d9ec84a2480
1918,Tran Duy Anh,0908108640,1985 Cach Mang Thang Tam Street - District 6,10.840012,106.605878,tranduyanh1918@gmail.com,9b3d7d72a400975d44018157d32e0ce688b283716eba5a4b8c6c6bcefc7bfd3c
1919,Hoang Duy Phuong,0937271112,2215 Cach Mang Thang Tam Street - District 10,10.751293,106.673043,hoangduyphuong1919@gmail.com,fd522b10381a893caa320aa7f378cce18836eb7f3db2e45c490971b6ddc1dc9b
1920,Huynh Duy Anh,0935227727,2050 Dien Bien Phu Street - District 1,10.792323,106.665717,huynhduyanh1920@gmail.com,cbba6e2e91168318019e37afca0ab1576b7a1c5c03217a3e61b03e58a294b8e4
1921,Nguyen Van Hai,0934727985,2090 Hai Ba Trung Street - District 1,10.843730,106.618420,nguyenvanhai1921@gmail.com,0107cb7ed81c2f607f375a00efc2f360fd9ef97937927a8e5db3898305d185c1
1922,Dang Hoang Minh,0350216081,2066 Le Duan Street - District 5,10.844152,106.700155,danghoangminh1922@gmail.com,c819f0313419bc6c6f7ddbfdaf1ba4650d1aba002a82a589716a20fb701ad5c0
1923,Bui Van Tuan,0908085375,2160 Nguyen Hue Street - District 7,10.843045,106.609036,buivantuan1923@gmail.com,c5107871fb5ddda9458063a21a42454e2dca6dc30ab29d355565f8fd4f93f483
1924,Nguyen Khanh Long,0914961825,2009 Hai Ba Trung Street - District 5,10.730128,106.661770,nguyenkhanhlong1924@gmail.com,27323f0224fd95da77ff1a8dcb434a1d61c2be5d33524102276b735571489bc6
1925,Pham Khanh Hai,0986537078,2012 Cach Mang Thang Tam Street - District 7,10.801468,106.648159,phamkhanhhai1925@gmail.com,0581a08cbba4769dfb1448553c13277cf4bef016f46e8887405964e410c15c33
1926,Vu Minh Lan,0916487869,2062 Cach Mang Thang Tam Street - District 3,10.806091,106.637611,vuminhlan1926@gmail.com,5d216affca6b88077fcae089b5335f5f9fc0d8cbc0c9e272953bc20d80c222e1
1927,Tran Duy Hung,0976248957,2079 Hai Ba Trung Street - District 9,10.757489,106.624595,tranduyhung1927@gmail.com,49ac498bbe30f788b210307559ebe81266bbaa15ae45aa446a9a05079d0dcdd4
1928,Tran Ngoc Minh,0906552871,2032 Tran Hung Dao Street - District 11,10.748007,106.682271,tranngocminh1928@gmail.com,0bfafc41adedbc647e71068cee491f61a2a6c1fb7885b405c7e1166b5f859c2c
1929,Le Minh Anh,0980424670,2163 Nguyen Hue Street - District 1,10.797097,106.677213,leminhanh1929@gmail.com,4ca6916549da88d473ac50b2811766c4c90da6410527a6f06aacd07e514b7c02
1930,Hoang Duc Phuong,0355831903,2055 Nguyen Thi Minh Khai Street - District 11,10.805462,106.609041,hoangducphuong1930@gmail.com,99efdb8a287c161157ba4611c352362f7b945fc4b89f64afc4bd2ec797746eb0
1931,Hoang Anh Huong,0936525572,2087 Nguyen Thi Minh Khai Street - District 8,10.849698,106.647386,hoanganhhuong1931@gmail.com,1b709a2ab672ae233052fa52dd3e1872e975b1fcb43e6bc4d42995fb97bb9ee4
1932,Tran Khanh Lan,0905231210,2028 Dien Bien Phu Street - District 2,10.846959,106.697421,trankhanhlan1932@gmail.com,a3bdb37d17e2cb60bde7bc8c829349047d7f4ab0d8837895fe4ef7f1fc61996e
1933,Vu Van Hai,0979927995,1985 Nguyen Hue Street - District 5,10.827140,106.706249,vuvanhai1933@gmail.com,68b15cd777da2ebd26469291a0d4efa50a036ca295ced9cf16a5a8e0898255fb
1934,Dang Duy Linh,0980086031,2218 Cach Mang Thang Tam Street - District 12,10.734081,106.704708,dangduylinh1934@gmail.com,7f403ce9a873699d0f9d66fed5c5568962781cd9cfc1bf33ed1c9b94cbd11fc8
1935,Phan Duc Huong,0930091892,2126 Le Duan Street - District 11,10.725207,106.686339,phanduchuong1935@gmail.com,86e15e91eac213d17bf394c0fff22d6f5d6e841a4617267cae068f30e6a647a1
1936,Le Hoang Long,0320509974,1990 Le Loi Street - District 2,10.776077,106.612896,lehoanglong1936@gmail.com,055cbb485e05aa79cf95e74f76ee2780f76dbcc3b6f95eb649b68d3445b7bc75
1937,Phan Tuan Huong,0774681728,2173 Hai Ba Trung Street - District 11,10.727495,106.629007,phantuanhuong1937@gmail.com,7f67bd31d78e4b0bf133bd371566f2fe86bae4b63e58f18fe3bc559883ce799e
1938,Nguyen Anh Hung,0977649031,2012 Nam Ky Khoi Nghia Street - District 9,10.825600,106.749676,nguyenanhhung1938@gmail.com,41a9835b094abf2f291faec5f670d82553cecfa709237285c61646847edea17e
1939,Phan Tuan Long,0916280144,1996 Nguyen Hue Street - District 6,10.841915,106.679830,phantuanlong1939@gmail.com,dae91fd53e44966979ebfbc84613a3b39924537065d22c3509ef438523b712c0
1940,Dang Van Phuong,0937580145,2017 Le Duan Street - District 11,10.720237,106.643960,dangvanphuong1940@gmail.com,ff7bf1ecc4eef19c6585b525499e3b73193e1c0750ba13db1a00dcc00fdbc191
1941,Hoang Duc Linh,0931638972,1991 Hai Ba Trung Street - District 10,10.760001,106.624159,hoangduclinh1941@gmail.com,719ffe92c0f7b8e6f7038480a84e3d572ff55fd3233337341b0f6e498cd5c5ba
1942,Dang Duc Huong,0979924769,2113 Nguyen Thi Minh Khai Street - District 7,10.773005,106.712062,dangduchuong1942@gmail.com,4d8fa52cc21b41b18718e7145156d2f51f5457cee7ef1533fa33f14b7f24f85f
1943,Dang Duy Minh,0326425017,2093 Nam Ky Khoi Nghia Street - District 8,10.728881,106.703921,dangduyminh1943@gmail.com,4e2b9100a7927ee6e047daf24c469f43c0844d25cbfdb2afa7a5302e1e9299a6
1944,Le Van Linh,0901008360,2214 Nguyen Thi Minh Khai Street - District 8,10.828255,106.620394,levanlinh1944@gmail.com,7a02fea6b5826b132352ad4d018d7834319a92f7e39c74170c651c5295124a71
1945,Phan Khanh Lan,0353091362,2123 Nguyen Thi Minh Khai Street - District 3,10.795102,106.644828,phankhanhlan1945@gmail.com,56864c5bdc10aaff125e838f8eefac1b48d61e2b4c2e7aa2506bbb910c403c5d
1946,Huynh Minh Hung,0774037974,2193 Le Loi Street - District 9,10.807359,106.734387,huynhminhhung1946@gmail.com,8a0ac6ef349b79f28006565ca8fd88c6528b23704a1fbd1001063b77934fdec0
1947,Bui Tuan Linh,0988454897,2107 Pasteur Street - District 4,10.778548,106.600241,buituanlinh1947@gmail.com,b4247502e556b7d1b3ffd3b1bd73d40c6a9a834e30d2de2839da409c9787b12d
1948,Phan Duc Phuong,0912500482,2092 Le Loi Street - District 4,10.761186,106.741196,phanducphuong1948@gmail.com,a0f80a3fc4b2700097ceb8d69327b399c856edf41c9631486d78d472c3a74351
1949,Pham Duy Phuong,0983792643,2202 Nguyen Thi Minh Khai Street - District 6,10.773383,106.634102,phamduyphuong1949@gmail.com,b4455c34ee1e487f3b64ba28ab1164380e1d1b97913a12f5c83430cb9863cfcf
1950,Tran Ngoc Huong,0911693120,2117 Nam Ky Khoi Nghia Street - District 9,10.733685,106.625728,tranngochuong1950@gmail.com,0d9247aadba0302778c2441037b4dc8f66049b7e1dc10cf07b89551e80f94e3d
1951,Vu Anh Huong,0910712536,2055 Nguyen Thi Minh Khai Street - District 11,10.821405,106.670580,vuanhhuong1951@gmail.com,305be5ccddaa5ea29c8f0ce8dd6a91d5ee86b349897ba2284610417ac601eedb
1952,Tran Anh Hai,0901561193,2088 Pasteur Street - District 7,10.732895,106.635488,trananhhai1952@gmail.com,6a37b4e038a3fcd516318d2eb711918435ed03044e537ab8fed35200bec774e3
1953,Bui Hoang Long,0351197521,2107 Dien Bien Phu Street - District 8,10.741240,106.732345,buihoanglong1953@gmail.com,48b9b60e3da9db78c3e5677d90124b0dc1606bf294493f5b22e9f1ebe2512716
1954,Huynh Minh Lan,0776474775,2037 Pasteur Street - District 9,10.752391,106.639868,huynhminhlan1954@gmail.com,3acdcb1e72483647644893871454bcef533a906eacc2f9b14d7891056f30f679
1955,Tran Thi Long,0324478193,2189 Nam Ky Khoi Nghia Street - District 7,10.814624,106.622756,tranthilong1955@gmail.com,e371d6a1a25466962ce89886e30124e9632f804f9b0d4bccca65be71a141004f
1956,Nguyen Van Hai,0931711079,2013 Tran Hung Dao Street - District 1,10.737555,106.673575,nguyenvanhai1956@gmail.com,868ca68eef4be4b5544d6291bb67abdefabd0efdee5bc9d6ac18879d7a2a6b55
1957,Nguyen Thi Tuan,0327312925,2010 Dien Bien Phu Street - District 2,10.738484,106.629640,nguyenthituan1957@gmail.com,18f6cb1cf25c2d759927976ecbd59a0d4002d3c697f169347c71511df305ddfc
1958,Bui Hoang Phuong,0911013430,2100 Hai Ba Trung Street - District 7,10.777128,106.602133,buihoangphuong1958@gmail.com,d24d5c2cd730d80a5803445f092efdd10a25c254ba8f9194109d8eb3c35291aa
1959,Le Duc Hung,0352716509,2167 Pasteur Street - District 4,10.818680,106.739833,leduchung1959@gmail.com,ce4e49de35d3b0b06d9172516f66ae90fe788543849215d8ca2270f360d31aeb
1960,Pham Minh Hung,0974833253,2218 Dien Bien Phu Street - District 8,10.801227,106.659616,phamminhhung1960@gmail.com,2b6d3a708bedd25e46c03c8fcdc977e92d5a9db43e589b359d652aae1d4e56b4
1961,Bui Hoang Long,0914947993,2192 Le Duan Street - District 6,10.848118,106.704175,buihoanglong1961@gmail.com,e1b2a56eef59d6fbb397d2a0b149394343531b2edf95e27abbd8f87013ad819a
1962,Dang Khanh Phuong,0902050071,2246 Cach Mang Thang Tam Street - District 6,10.842497,106.635120,dangkhanhphuong1962@gmail.com,dda070e8dfe792be2294f4da868a53a65da138d48670bcd83ffaabedd308829f
1963,Vu Anh Tuan,0983163869,2129 Nguyen Hue Street - District 2,10.848489,106.732259,vuanhtuan1963@gmail.com,34aba4c6dd4f909d2edc575623aedc6d042aeb5e29e995a75d8f54bccda3d405
1964,Nguyen Hoang Hai,0907798126,2070 Nguyen Hue Street - District 5,10.837151,106.674829,nguyenhoanghai1964@gmail.com,cf0ed9e0b8ba05ea2abd438f1f142dbf93209ce8c9a8514fa5a47e75a77ae2b1
1965,Pham Tuan Lan,0938085398,2128 Pasteur Street - District 2,10.841088,106.724899,phamtuanlan1965@gmail.com,6ba0b1a9900f954ebbe8b22944e452c86361336906622f2ab24ea964c33c7985
1966,Phan Anh Lan,0973859665,2244 Hai Ba Trung Street - District 7,10.807478,106.621002,phananhlan1966@gmail.com,c1363d6305afbd35a7cbec9f11547428a866491d2f022edc127d070740d4d34c
1967,Bui Ngoc Anh,0774437587,2043 Pasteur Street - District 12,10.828092,106.619993,buingocanh1967@gmail.com,d4c50336a0927800a36feb3fb6c60be7995a3d57e0deb0ba9c3697bf55eb3265
1968,Huynh Minh Tuan,0350000297,2193 Nguyen Thi Minh Khai Street - District 7,10.796923,106.627694,huynhminhtuan1968@gmail.com,c23d4c6e6e5ca4e117d6a34e14c15c70f1ee107a1fd486b8f854c66850706e7d
1969,Dang Anh Huong,0322902149,2133 Nam Ky Khoi Nghia Street - District 6,10.831272,106.634264,danganhhuong1969@gmail.com,99d3a9e4766af154363c508936130843ce66730810494e59e4d43281a017ea36
1970,Bui Hoang Long,0774390432,1994 Cach Mang Thang Tam Street - District 4,10.842998,106.675609,buihoanglong1970@gmail.com,202d839dd03d156163049d12bbc190093608acbbd5157321434cf16aa23cf926
1971,Phan Duc Linh,0359803456,1987 Nguyen Thi Minh Khai Street - District 1,10.780385,106.679192,phanduclinh1971@gmail.com,712a513949e6063e9e1a0bbf5933807b88d6683a0723fd50a33efb35f9a2b32b
1972,Nguyen Duc Hung,0327247074,2097 Cach Mang Thang Tam Street - District 6,10.802185,106.655093,nguyenduchung1972@gmail.com,c1a12e069edaddc0687c2f9b080e3228c111ccd2711a247a1fcc677b8a13ede1
1973,Vu Duc Hai,0320518777,2160 Le Loi Street - District 1,10.748473,106.614375,vuduchai1973@gmail.com,f6ab3377e2429c52f898e1f0848a0f9baa1157547cec9960e23aa71875f3dca6
1974,Hoang Ngoc Hai,0355608284,2132 Cach Mang Thang Tam Street - District 2,10.844540,106.746991,hoangngochai1974@gmail.com,572dfa631a9fc961d3515dab157db6fd738a1420500d5c5cda8ae672ba1ede18
1975,Phan Tuan Tuan,0933214151,2097 Nguyen Thi Minh Khai Street - District 10,10.765950,106.675529,phantuantuan1975@gmail.com,9abf9570a213878855417669cfe788b65535d985d365e95ca8ee80e2d37549e4
1976,Le Thi Anh,0979341696,2178 Tran Hung Dao Street - District 9,10.843983,106.655831,lethianh1976@gmail.com,129ef40155aeeb3e7a3755b252f822b183306691ce4b912ac763feb80fd280c2
1977,Hoang Thi Tuan,0974001571,2223 Tran Hung Dao Street - District 3,10.759705,106.677366,hoangthituan1977@gmail.com,f2111ff32dd696807d6c4ea26c87b6e0ab30246305ac8c7bae482a9ef8c64aa5
1978,Pham Khanh Hung,0973825024,2035 Cach Mang Thang Tam Street - District 3,10.843164,106.638630,phamkhanhhung1978@gmail.com,89b85b0923eb345812c17070b9ea612e99113b8474d0122ffb32a89ff628d3b9
1979,Nguyen Tuan Long,0971160360,2265 Nam Ky Khoi Nghia Street - District 9,10.767484,106.743707,nguyentuanlong1979@gmail.com,dafd5ae33dc4ed2c11373227e2bf05682f60725e30b91b978ab33481529938e4
1980,Huynh Anh Linh,0908222479,2268 Tran Hung Dao Street - District 3,10.839448,106.725480,huynhanhlinh1980@gmail.com,6c1ef9b744dc2daa178446aac74056f5b0461d4db661072a99cf185decabe245
1981,Tran Duc Hung,0974765652,2260 Nguyen Thi Minh Khai Street - District 7,10.771528,106.658325,tranduchung1981@gmail.com,7fc9aeb1cce275b08ad023f0b0e10e0ec96931af1d8833471963ca769bba77bf
1982,Hoang Khanh Hai,0775176100,2066 Dien Bien Phu Street - District 4,10.750877,106.745035,hoangkhanhhai1982@gmail.com,f62c3b99642fab64579b365656bfb86dace3f8bc11d60da292a2b982752d4788
1983,Tran Khanh Tuan,0918754373,2129 Nguyen Hue Street - District 10,10.748862,106.610255,trankhanhtuan1983@gmail.com,4b9dde0af2e8723b5a7310260f186704f0c3bfb318ce966e931e9a4d6dd32e05
1984,Hoang Tuan Phuong,0902513847,2010 Le Loi Street - District 8,10.827939,106.699009,hoangtuanphuong1984@gmail.com,da3a0a30d473358a590e558ed8d3a3146685d124c3c421eac3415e15c2944497
1985,Huynh Duy Hai,0329481853,2241 Le Loi Street - District 5,10.818718,106.626592,huynhduyhai1985@gmail.com,4f8ec0e9d2a35b6005e923f37203fef13fb7430ac8944dc4d346ca477511a61c
1986,Phan Minh Lan,0328284674,2185 Le Loi Street - District 3,10.798717,106.674880,phanminhlan1986@gmail.com,993c06645d19a99552b6ac62825eaa9aa2800e091645b2e69a5c69bf39cb2c21
1987,Hoang Tuan Phuong,0357329823,2229 Le Duan Street - District 1,10.760360,106.644149,hoangtuanphuong1987@gmail.com,aef4c45ee112b6359279ff671c75b3e8397ff8a6606abd44189bf67dbf71eefc
1988,Bui Anh Minh,0326772162,2206 Dien Bien Phu Street - District 3,10.731300,106.645113,buianhminh1988@gmail.com,637dd01d7359f84405132f9d9bac8f62c0b56b98c87c83b4909f0bf7dbb96ce5
1989,Pham Minh Anh,0933795249,2272 Pasteur Street - District 5,10.797049,106.718739,phamminhanh1989@gmail.com,d64bbd31eb7f798c0ac89522712983ecfc8a189e887cfceb8286cbe75d4ed5b7
1990,Le Khanh Tuan,0937986932,2155 Dien Bien Phu Street - District 12,10.808471,106.624403,lekhanhtuan1990@gmail.com,5427de7c9af1078677f0df4f0c9dac70008ddd2457b43d694c39add0d38843ee
1991,Vu Anh Hai,0770424792,2229 Cach Mang Thang Tam Street - District 9,10.734052,106.607361,vuanhhai1991@gmail.com,9dc29f8239937d4e59d9f06303f769dc69a909c1433cbae8257f3d0eed4edb31
1992,Tran Khanh Linh,0352507801,2257 Le Loi Street - District 1,10.825383,106.743725,trankhanhlinh1992@gmail.com,ccf0ba014a70b48bb6495e92c924bfa31fd004079565fab8189afae02d0ca886
1993,Bui Khanh Tuan,0975445408,2205 Dien Bien Phu Street - District 5,10.760435,106.634062,buikhanhtuan1993@gmail.com,0e2908db607977ead0a24699d8b48d958c5c5a68ced819058267ad4149d6033a
1994,Le Hoang Hung,0978544370,2038 Le Loi Street - District 12,10.761412,106.651251,lehoanghung1994@gmail.com,ebc2a0f573055153219aa0dc68f6429a11217046f0b8576047fe04f0c964cc11
1995,Tran Ngoc Phuong,0984664370,2015 Le Loi Street - District 2,10.815910,106.714877,tranngocphuong1995@gmail.com,83326f9ce994a10a12410b99ea5c710bcd2701a9cfaa2ec1c346e33188f160b4
1996,Bui Tuan Phuong,0970361029,2014 Nguyen Thi Minh Khai Street - District 11,10.722479,106.665622,buituanphuong1996@gmail.com,eeff06ff5f7a101501abf42a0eac8dd63cebf0a2c2277d75501c8c633a32c935
1997,Bui Tuan Long,0779092764,2164 Dien Bien Phu Street - District 2,10.825245,106.720904,buituanlong1997@gmail.com,85928a0a0a1f39c8284deb328fe3de9f73f4d8f6d273bd044d670088b2d49f6d
1998,Le Khanh Hai,0908861720,2139 Cach Mang Thang Tam Street - District 4,10.739963,106.686467,lekhanhhai1998@gmail.com,0711debc6cff63d28f26e3759bbc259f73e74ded97da48e9072bd9535bd8b6f6
1999,Huynh Thi Tuan,0770857358,2105 Le Duan Street - District 2,10.773633,106.651276,huynhthituan1999@gmail.com,9afc4f843774a7804312a4a5258b610e32b18ec66a2cbf5e29eb27a76781ddf1
2000,Phan Duc Long,0916967538,2019 Le Loi Street - District 11,10.806812,106.710593,phanduclong2000@gmail.com,f3de087a666771e1713445aa758856514246c504d856f0ff7652fd205a4ff0db
