order_id,customer_id,driver_id,total_price,payment_method,status,version
1,1362,,70000.0,CASH,CANCELLED,0
2,1352,,430000.0,CASH,PENDING,0
3,1212,85,75000.0,QR_CODE,CONFIRMED,0
4,1516,6,205000.0,CASH,DELIVERING,0
5,1170,,150000.0,QR_CODE,PENDING,0
6,1973,78,855000.0,QR_CODE,DELIVERING,0
7,1403,,50000.0,CASH,CANCELLED,0
8,1259,85,825000.0,QR_CODE,CONFIRMED,0
9,133,,285000.0,ONLINE_PAYMENT,PENDING,0
10,1244,192,360000.0,CASH,DELIVERED,0
11,52,,470000.0,CASH,CANCELLED,0
12,966,41,85000.0,CASH,DELIVERING,0
13,543,,140000.0,CASH,PENDING,0
14,338,,390000.0,QR_CODE,CANCELLED,0
15,1968,,510000.0,QR_CODE,CANCELLED,0
16,1953,205,80000.0,CASH,CONFIRMED,0
17,1042,149,275000.0,ONLINE_PAYMENT,CONFIRMED,0
18,511,187,315000.0,ONLINE_PAYMENT,DELIVERED,0
19,201,296,535000.0,QR_CODE,DELIVERED,0
20,58,256,470000.0,CASH,DELIVERING,0
21,863,11,325000.0,CASH,DELIVERED,0
22,141,39,160000.0,QR_CODE,DELIVERING,0
23,1381,196,180000.0,ONLINE_PAYMENT,CONFIRMED,0
24,665,56,310000.0,CASH,DELIVERING,0
25,308,179,295000.0,QR_CODE,CONFIRMED,0
26,1195,,480000.0,ONLINE_PAYMENT,CANCELLED,0
27,1321,,305000.0,CASH,PENDING,0
28,270,3,305000.0,ONLINE_PAYMENT,DELIVERED,0
29,114,262,270000.0,ONLINE_PAYMENT,DELIVERED,0
30,1112,,470000.0,ONLINE_PAYMENT,CANCELLED,0
31,1880,273,785000.0,ONLINE_PAYMENT,DELIVERED,0
32,587,,250000.0,ONLINE_PAYMENT,CANCELLED,0
33,1894,300,435000.0,ONLINE_PAYMENT,DELIVERED,0
34,920,,705000.0,QR_CODE,PENDING,0
35,506,,195000.0,QR_CODE,CANCELLED,0
36,1577,28,210000.0,CASH,CONFIRMED,0
37,1409,113,385000.0,CASH,DELIVERING,0
38,147,,350000.0,CASH,CANCELLED,0
39,1005,278,530000.0,ONLINE_PAYMENT,DELIVERING,0
40,628,,225000.0,QR_CODE,PENDING,0
41,519,20,225000.0,CASH,CONFIRMED,0
42,1924,222,255000.0,ONLINE_PAYMENT,DELIVERED,0
43,1464,55,330000.0,QR_CODE,DELIVERING,0
44,688,,200000.0,CASH,CANCELLED,0
45,104,135,45000.0,CASH,DELIVERING,0
46,1521,99,875000.0,QR_CODE,CONFIRMED,0
47,1643,81,645000.0,CASH,DELIVERED,0
48,1351,149,120000.0,ONLINE_PAYMENT,CONFIRMED,0
49,1186,16,405000.0,QR_CODE,DELIVERED,0
50,1705,166,575000.0,QR_CODE,DELIVERED,0
51,1202,148,60000.0,CASH,CONFIRMED,0
52,571,63,240000.0,QR_CODE,CONFIRMED,0
53,1089,,720000.0,CASH,CANCELLED,0
54,551,119,130000.0,CASH,DELIVERED,0
55,276,,455000.0,QR_CODE,PENDING,0
56,986,,365000.0,CASH,CANCELLED,0
57,1692,,580000.0,CASH,CANCELLED,0
58,1171,219,45000.0,ONLINE_PAYMENT,DELIVERED,0
59,691,72,125000.0,CASH,CONFIRMED,0
60,872,,525000.0,QR_CODE,CANCELLED,0
61,1326,228,975000.0,QR_CODE,DELIVERED,0
62,782,,195000.0,CASH,CANCELLED,0
63,131,248,530000.0,QR_CODE,CONFIRMED,0
64,1610,,200000.0,QR_CODE,PENDING,0
65,1133,17,550000.0,QR_CODE,CONFIRMED,0
66,465,173,420000.0,ONLINE_PAYMENT,DELIVERING,0
67,1579,271,270000.0,ONLINE_PAYMENT,DELIVERED,0
68,1801,,70000.0,QR_CODE,CANCELLED,0
69,1116,250,400000.0,CASH,DELIVERING,0
70,1214,22,200000.0,QR_CODE,DELIVERING,0
71,1856,285,250000.0,CASH,DELIVERED,0
72,893,,205000.0,ONLINE_PAYMENT,CANCELLED,0
73,292,,170000.0,ONLINE_PAYMENT,PENDING,0
74,370,,190000.0,QR_CODE,PENDING,0
75,1728,243,160000.0,CASH,DELIVERING,0
76,975,58,320000.0,CASH,CONFIRMED,0
77,1268,,625000.0,CASH,PENDING,0
78,1517,,465000.0,QR_CODE,CANCELLED,0
79,1899,202,165000.0,QR_CODE,DELIVERING,0
80,1753,78,390000.0,ONLINE_PAYMENT,DELIVERED,0
81,574,78,175000.0,ONLINE_PAYMENT,CONFIRMED,0
82,1535,,235000.0,ONLINE_PAYMENT,PENDING,0
83,926,42,720000.0,CASH,DELIVERING,0
84,1041,,250000.0,ONLINE_PAYMENT,CANCELLED,0
85,550,4,70000.0,QR_CODE,DELIVERING,0
86,1887,248,260000.0,QR_CODE,DELIVERED,0
87,137,209,400000.0,CASH,CONFIRMED,0
88,1644,291,250000.0,ONLINE_PAYMENT,DELIVERED,0
89,295,65,470000.0,CASH,CONFIRMED,0
90,83,,55000.0,CASH,PENDING,0
91,955,266,195000.0,ONLINE_PAYMENT,DELIVERING,0
92,1763,,615000.0,ONLINE_PAYMENT,PENDING,0
93,1557,255,40000.0,QR_CODE,DELIVERING,0
94,769,110,940000.0,ONLINE_PAYMENT,CONFIRMED,0
95,152,66,40000.0,QR_CODE,DELIVERING,0
96,40,54,90000.0,ONLINE_PAYMENT,DELIVERING,0
97,721,208,300000.0,QR_CODE,DELIVERING,0
98,1799,67,945000.0,QR_CODE,DELIVERING,0
99,470,16,120000.0,QR_CODE,DELIVERED,0
100,1302,218,570000.0,CASH,CONFIRMED,0
101,1284,240,190000.0,CASH,CONFIRMED,0
102,721,,455000.0,ONLINE_PAYMENT,CANCELLED,0
103,813,250,70000.0,CASH,DELIVERED,0
104,1520,187,270000.0,ONLINE_PAYMENT,DELIVERING,0
105,1561,119,265000.0,ONLINE_PAYMENT,DELIVERED,0
106,801,,290000.0,ONLINE_PAYMENT,CANCELLED,0
107,1504,25,345000.0,CASH,DELIVERING,0
108,1419,,240000.0,QR_CODE,CANCELLED,0
109,919,43,300000.0,ONLINE_PAYMENT,CONFIRMED,0
110,939,183,125000.0,QR_CODE,DELIVERED,0
111,1619,262,525000.0,CASH,CONFIRMED,0
112,88,133,500000.0,ONLINE_PAYMENT,DELIVERED,0
113,1468,50,300000.0,CASH,DELIVERED,0
114,433,241,210000.0,CASH,DELIVERING,0
115,1936,187,300000.0,ONLINE_PAYMENT,DELIVERING,0
116,1393,,400000.0,CASH,PENDING,0
117,1155,,55000.0,ONLINE_PAYMENT,PENDING,0
118,4,,225000.0,CASH,PENDING,0
119,407,,100000.0,QR_CODE,PENDING,0
120,161,,30000.0,CASH,PENDING,0
121,538,263,170000.0,ONLINE_PAYMENT,CONFIRMED,0
122,1111,,150000.0,ONLINE_PAYMENT,PENDING,0
123,1230,279,550000.0,CASH,CONFIRMED,0
124,264,36,360000.0,CASH,DELIVERING,0
125,274,,300000.0,QR_CODE,PENDING,0
126,1979,116,80000.0,CASH,DELIVERING,0
127,1581,58,580000.0,QR_CODE,CONFIRMED,0
128,1679,185,455000.0,CASH,CONFIRMED,0
129,143,,145000.0,ONLINE_PAYMENT,CANCELLED,0
130,996,176,420000.0,ONLINE_PAYMENT,DELIVERED,0
131,689,,130000.0,CASH,CANCELLED,0
132,545,,810000.0,QR_CODE,CANCELLED,0
133,621,292,330000.0,CASH,DELIVERING,0
134,1360,71,675000.0,ONLINE_PAYMENT,CONFIRMED,0
135,1815,111,605000.0,CASH,CONFIRMED,0
136,217,,220000.0,ONLINE_PAYMENT,PENDING,0
137,1597,70,295000.0,ONLINE_PAYMENT,CONFIRMED,0
138,1692,226,900000.0,QR_CODE,DELIVERING,0
139,1556,30,135000.0,QR_CODE,CONFIRMED,0
140,101,239,420000.0,ONLINE_PAYMENT,CONFIRMED,0
141,576,,145000.0,ONLINE_PAYMENT,CANCELLED,0
142,1727,,190000.0,CASH,CANCELLED,0
143,1423,,105000.0,CASH,CANCELLED,0
144,640,,565000.0,QR_CODE,CANCELLED,0
145,1803,,405000.0,ONLINE_PAYMENT,CANCELLED,0
146,991,,130000.0,ONLINE_PAYMENT,PENDING,0
147,1978,195,105000.0,CASH,DELIVERING,0
148,1738,231,245000.0,ONLINE_PAYMENT,DELIVERED,0
149,1317,236,405000.0,ONLINE_PAYMENT,CONFIRMED,0
150,1856,,260000.0,ONLINE_PAYMENT,CANCELLED,0
151,823,,135000.0,ONLINE_PAYMENT,CANCELLED,0
152,734,,410000.0,CASH,PENDING,0
153,1171,,75000.0,CASH,PENDING,0
154,458,,465000.0,ONLINE_PAYMENT,PENDING,0
155,1804,143,560000.0,QR_CODE,CONFIRMED,0
156,697,,80000.0,ONLINE_PAYMENT,CANCELLED,0
157,885,,380000.0,QR_CODE,PENDING,0
158,990,89,105000.0,ONLINE_PAYMENT,CONFIRMED,0
159,1708,190,795000.0,ONLINE_PAYMENT,DELIVERING,0
160,1521,39,140000.0,ONLINE_PAYMENT,CONFIRMED,0
161,1508,33,395000.0,CASH,DELIVERING,0
162,307,,1155000.0,ONLINE_PAYMENT,CANCELLED,0
163,1994,,195000.0,ONLINE_PAYMENT,PENDING,0
164,915,29,80000.0,CASH,DELIVERING,0
165,821,43,180000.0,CASH,DELIVERED,0
166,1101,287,345000.0,ONLINE_PAYMENT,CONFIRMED,0
167,1949,238,660000.0,QR_CODE,DELIVERING,0
168,554,,250000.0,QR_CODE,CANCELLED,0
169,346,,585000.0,ONLINE_PAYMENT,PENDING,0
170,322,,155000.0,CASH,PENDING,0
171,1568,153,280000.0,ONLINE_PAYMENT,DELIVERING,0
172,1399,176,85000.0,QR_CODE,CONFIRMED,0
173,401,94,590000.0,CASH,DELIVERED,0
174,1992,,115000.0,QR_CODE,CANCELLED,0
175,1099,278,255000.0,ONLINE_PAYMENT,DELIVERED,0
176,1568,206,230000.0,CASH,CONFIRMED,0
177,1224,,440000.0,QR_CODE,CANCELLED,0
178,1051,,295000.0,CASH,PENDING,0
179,1429,130,60000.0,ONLINE_PAYMENT,CONFIRMED,0
180,1774,135,150000.0,CASH,CONFIRMED,0
181,1771,290,70000.0,ONLINE_PAYMENT,DELIVERING,0
182,726,,270000.0,CASH,PENDING,0
183,381,158,120000.0,CASH,DELIVERED,0
184,1713,,470000.0,ONLINE_PAYMENT,CANCELLED,0
185,495,25,445000.0,ONLINE_PAYMENT,DELIVERING,0
186,1319,225,115000.0,ONLINE_PAYMENT,DELIVERING,0
187,546,,330000.0,QR_CODE,CANCELLED,0
188,378,132,185000.0,CASH,DELIVERING,0
189,1837,,120000.0,QR_CODE,PENDING,0
190,580,211,645000.0,ONLINE_PAYMENT,CONFIRMED,0
191,1762,172,140000.0,QR_CODE,DELIVERED,0
192,695,,495000.0,CASH,CANCELLED,0
193,1043,230,630000.0,ONLINE_PAYMENT,DELIVERING,0
194,921,,175000.0,QR_CODE,PENDING,0
195,944,191,135000.0,QR_CODE,CONFIRMED,0
196,1313,158,660000.0,CASH,CONFIRMED,0
197,233,,320000.0,QR_CODE,CANCELLED,0
198,138,115,395000.0,ONLINE_PAYMENT,DELIVERING,0
199,953,,215000.0,CASH,CANCELLED,0
200,191,251,80000.0,ONLINE_PAYMENT,DELIVERING,0
201,1249,219,790000.0,ONLINE_PAYMENT,DELIVERED,0
202,347,62,115000.0,ONLINE_PAYMENT,DELIVERING,0
203,1471,28,365000.0,ONLINE_PAYMENT,DELIVERING,0
204,488,,100000.0,QR_CODE,CANCELLED,0
205,1088,271,530000.0,QR_CODE,DELIVERED,0
206,1083,,150000.0,CASH,PENDING,0
207,1940,15,415000.0,CASH,CONFIRMED,0
208,934,27,160000.0,CASH,CONFIRMED,0
209,1733,293,100000.0,CASH,CONFIRMED,0
210,673,248,455000.0,CASH,DELIVERING,0
211,981,221,220000.0,ONLINE_PAYMENT,CONFIRMED,0
212,1197,59,505000.0,ONLINE_PAYMENT,DELIVERING,0
213,814,228,260000.0,CASH,DELIVERING,0
214,117,,170000.0,ONLINE_PAYMENT,PENDING,0
215,1180,,375000.0,ONLINE_PAYMENT,PENDING,0
216,785,,495000.0,CASH,PENDING,0
217,468,,425000.0,ONLINE_PAYMENT,PENDING,0
218,730,,160000.0,ONLINE_PAYMENT,CANCELLED,0
219,512,109,340000.0,QR_CODE,DELIVERING,0
220,726,,270000.0,CASH,PENDING,0
221,808,77,175000.0,CASH,CONFIRMED,0
222,801,33,345000.0,QR_CODE,DELIVERING,0
223,1254,27,710000.0,CASH,DELIVERING,0
224,820,299,235000.0,QR_CODE,DELIVERING,0
225,444,59,160000.0,ONLINE_PAYMENT,DELIVERING,0
226,1168,,125000.0,QR_CODE,PENDING,0
227,1954,128,435000.0,QR_CODE,DELIVERING,0
228,652,,435000.0,QR_CODE,CANCELLED,0
229,644,53,60000.0,CASH,CONFIRMED,0
230,233,,120000.0,ONLINE_PAYMENT,CANCELLED,0
231,834,67,960000.0,QR_CODE,CONFIRMED,0
232,1949,15,855000.0,QR_CODE,DELIVERING,0
233,657,,420000.0,CASH,CANCELLED,0
234,1119,39,120000.0,CASH,DELIVERING,0
235,567,34,340000.0,ONLINE_PAYMENT,DELIVERING,0
236,1891,,555000.0,ONLINE_PAYMENT,PENDING,0
237,413,,340000.0,ONLINE_PAYMENT,CANCELLED,0
238,315,,105000.0,QR_CODE,CANCELLED,0
239,374,,160000.0,CASH,PENDING,0
240,1012,121,505000.0,QR_CODE,CONFIRMED,0
241,709,,220000.0,ONLINE_PAYMENT,CANCELLED,0
242,297,,555000.0,ONLINE_PAYMENT,CANCELLED,0
243,144,240,150000.0,ONLINE_PAYMENT,DELIVERED,0
244,308,,145000.0,ONLINE_PAYMENT,PENDING,0
245,1221,51,30000.0,QR_CODE,CONFIRMED,0
246,1874,179,795000.0,CASH,DELIVERED,0
247,462,,120000.0,QR_CODE,PENDING,0
248,1070,189,210000.0,ONLINE_PAYMENT,DELIVERED,0
249,1515,,465000.0,CASH,PENDING,0
250,685,36,155000.0,QR_CODE,DELIVERED,0
251,497,,180000.0,ONLINE_PAYMENT,PENDING,0
252,1462,,200000.0,CASH,CANCELLED,0
253,1178,144,390000.0,ONLINE_PAYMENT,DELIVERED,0
254,337,284,130000.0,CASH,DELIVERING,0
255,1118,216,815000.0,CASH,DELIVERING,0
256,1916,48,580000.0,ONLINE_PAYMENT,CONFIRMED,0
257,101,230,430000.0,CASH,DELIVERING,0
258,1737,148,290000.0,ONLINE_PAYMENT,CONFIRMED,0
259,108,21,300000.0,CASH,DELIVERED,0
260,1217,206,70000.0,ONLINE_PAYMENT,CONFIRMED,0
261,1175,281,360000.0,QR_CODE,DELIVERING,0
262,1052,262,385000.0,QR_CODE,CONFIRMED,0
263,1296,17,715000.0,CASH,CONFIRMED,0
264,1080,208,280000.0,ONLINE_PAYMENT,DELIVERING,0
265,245,198,230000.0,ONLINE_PAYMENT,DELIVERING,0
266,376,125,585000.0,QR_CODE,CONFIRMED,0
267,944,249,135000.0,QR_CODE,CONFIRMED,0
268,497,264,315000.0,ONLINE_PAYMENT,DELIVERED,0
269,1402,265,610000.0,QR_CODE,DELIVERING,0
270,157,,550000.0,CASH,CANCELLED,0
271,1036,65,90000.0,CASH,DELIVERING,0
272,9,42,340000.0,ONLINE_PAYMENT,DELIVERING,0
273,695,51,290000.0,CASH,DELIVERING,0
274,1552,290,650000.0,QR_CODE,DELIVERING,0
275,608,212,755000.0,CASH,DELIVERED,0
276,823,258,230000.0,QR_CODE,CONFIRMED,0
277,1259,241,100000.0,CASH,DELIVERED,0
278,1960,259,470000.0,CASH,DELIVERING,0
279,1680,156,30000.0,QR_CODE,CONFIRMED,0
280,379,,870000.0,ONLINE_PAYMENT,CANCELLED,0
281,1282,,200000.0,CASH,PENDING,0
282,95,,500000.0,CASH,CANCELLED,0
283,1605,271,270000.0,CASH,DELIVERED,0
284,43,122,330000.0,ONLINE_PAYMENT,DELIVERED,0
285,1783,181,740000.0,CASH,DELIVERING,0
286,1293,62,420000.0,QR_CODE,CONFIRMED,0
287,775,255,400000.0,ONLINE_PAYMENT,DELIVERED,0
288,1657,266,350000.0,CASH,CONFIRMED,0
289,1094,,415000.0,ONLINE_PAYMENT,PENDING,0
290,113,14,345000.0,CASH,CONFIRMED,0
291,174,,250000.0,ONLINE_PAYMENT,PENDING,0
292,757,,345000.0,ONLINE_PAYMENT,CANCELLED,0
293,1148,41,115000.0,ONLINE_PAYMENT,DELIVERING,0
294,1498,166,315000.0,ONLINE_PAYMENT,DELIVERED,0
295,1031,131,600000.0,QR_CODE,CONFIRMED,0
296,1301,49,190000.0,ONLINE_PAYMENT,CONFIRMED,0
297,275,,120000.0,QR_CODE,PENDING,0
298,1923,266,270000.0,CASH,DELIVERED,0
299,1761,,300000.0,QR_CODE,PENDING,0
300,855,,360000.0,ONLINE_PAYMENT,CANCELLED,0
301,216,154,405000.0,ONLINE_PAYMENT,CONFIRMED,0
302,1976,,60000.0,QR_CODE,PENDING,0
303,1474,,345000.0,CASH,CANCELLED,0
304,59,145,370000.0,QR_CODE,CONFIRMED,0
305,312,,105000.0,CASH,PENDING,0
306,293,263,150000.0,ONLINE_PAYMENT,DELIVERING,0
307,1181,119,400000.0,ONLINE_PAYMENT,DELIVERING,0
308,1551,,80000.0,QR_CODE,PENDING,0
309,520,84,280000.0,QR_CODE,DELIVERING,0
310,89,,50000.0,CASH,PENDING,0
311,935,,420000.0,ONLINE_PAYMENT,CANCELLED,0
312,1898,,120000.0,ONLINE_PAYMENT,PENDING,0
313,697,114,475000.0,CASH,CONFIRMED,0
314,764,74,400000.0,CASH,CONFIRMED,0
315,1585,87,145000.0,CASH,DELIVERED,0
316,1286,,100000.0,QR_CODE,PENDING,0
317,698,,520000.0,ONLINE_PAYMENT,PENDING,0
318,1908,234,70000.0,QR_CODE,DELIVERING,0
319,1647,,275000.0,QR_CODE,PENDING,0
320,1797,,450000.0,QR_CODE,CANCELLED,0
321,842,,1050000.0,CASH,CANCELLED,0
322,985,123,940000.0,QR_CODE,DELIVERING,0
323,35,,630000.0,CASH,CANCELLED,0
324,1580,,340000.0,ONLINE_PAYMENT,CANCELLED,0
325,1179,177,75000.0,QR_CODE,DELIVERING,0
326,884,37,300000.0,QR_CODE,DELIVERING,0
327,931,38,525000.0,CASH,DELIVERED,0
328,998,11,785000.0,ONLINE_PAYMENT,DELIVERED,0
329,244,199,410000.0,QR_CODE,CONFIRMED,0
330,1138,,1065000.0,QR_CODE,PENDING,0
331,248,243,165000.0,QR_CODE,CONFIRMED,0
332,982,,460000.0,CASH,PENDING,0
333,407,,250000.0,CASH,CANCELLED,0
334,1718,,165000.0,ONLINE_PAYMENT,PENDING,0
335,1388,51,410000.0,QR_CODE,DELIVERED,0
336,275,25,420000.0,ONLINE_PAYMENT,CONFIRMED,0
337,934,,660000.0,CASH,PENDING,0
338,1008,114,175000.0,QR_CODE,CONFIRMED,0
339,1882,169,165000.0,CASH,CONFIRMED,0
340,1487,,250000.0,ONLINE_PAYMENT,PENDING,0
341,1399,,425000.0,ONLINE_PAYMENT,CANCELLED,0
342,1100,,505000.0,ONLINE_PAYMENT,PENDING,0
343,1756,,665000.0,CASH,CANCELLED,0
344,113,237,305000.0,QR_CODE,DELIVERING,0
345,1536,,375000.0,ONLINE_PAYMENT,PENDING,0
346,1614,,895000.0,CASH,PENDING,0
347,381,139,555000.0,QR_CODE,DELIVERING,0
348,1102,,140000.0,QR_CODE,PENDING,0
349,597,130,470000.0,ONLINE_PAYMENT,DELIVERED,0
350,831,207,645000.0,CASH,DELIVERED,0
351,1324,,370000.0,QR_CODE,PENDING,0
352,1330,113,720000.0,CASH,DELIVERING,0
353,1242,282,210000.0,ONLINE_PAYMENT,DELIVERED,0
354,1765,70,65000.0,CASH,CONFIRMED,0
355,459,256,640000.0,CASH,DELIVERED,0
356,466,52,585000.0,ONLINE_PAYMENT,DELIVERED,0
357,1129,235,300000.0,QR_CODE,DELIVERING,0
358,1128,260,175000.0,QR_CODE,DELIVERED,0
359,1229,,195000.0,ONLINE_PAYMENT,PENDING,0
360,1692,172,495000.0,CASH,DELIVERING,0
361,1378,140,250000.0,CASH,DELIVERING,0
362,382,,600000.0,QR_CODE,CANCELLED,0
363,1216,240,480000.0,QR_CODE,CONFIRMED,0
364,1522,,130000.0,ONLINE_PAYMENT,CANCELLED,0
365,1448,207,475000.0,ONLINE_PAYMENT,DELIVERING,0
366,730,,55000.0,QR_CODE,PENDING,0
367,194,,330000.0,ONLINE_PAYMENT,CANCELLED,0
368,974,,435000.0,ONLINE_PAYMENT,PENDING,0
369,705,290,275000.0,QR_CODE,CONFIRMED,0
370,1770,159,175000.0,ONLINE_PAYMENT,CONFIRMED,0
371,279,185,80000.0,QR_CODE,CONFIRMED,0
372,247,,435000.0,CASH,PENDING,0
373,865,172,485000.0,CASH,CONFIRMED,0
374,1067,,260000.0,QR_CODE,CANCELLED,0
375,940,9,270000.0,CASH,CONFIRMED,0
376,1682,,260000.0,ONLINE_PAYMENT,CANCELLED,0
377,906,50,265000.0,ONLINE_PAYMENT,DELIVERING,0
378,1326,,600000.0,QR_CODE,CANCELLED,0
379,1831,162,465000.0,CASH,CONFIRMED,0
380,876,,525000.0,QR_CODE,PENDING,0
381,723,,230000.0,QR_CODE,PENDING,0
382,944,160,300000.0,QR_CODE,CONFIRMED,0
383,1868,12,445000.0,CASH,CONFIRMED,0
384,1288,94,400000.0,ONLINE_PAYMENT,DELIVERED,0
385,432,195,375000.0,CASH,DELIVERED,0
386,1365,33,200000.0,CASH,DELIVERED,0
387,982,108,720000.0,CASH,DELIVERED,0
388,1827,102,740000.0,CASH,CONFIRMED,0
389,1172,283,775000.0,CASH,CONFIRMED,0
390,577,,700000.0,CASH,PENDING,0
391,729,,230000.0,CASH,PENDING,0
392,1022,,265000.0,ONLINE_PAYMENT,PENDING,0
393,1873,164,620000.0,ONLINE_PAYMENT,DELIVERED,0
394,939,90,615000.0,QR_CODE,CONFIRMED,0
395,335,21,375000.0,ONLINE_PAYMENT,DELIVERING,0
396,607,,705000.0,QR_CODE,PENDING,0
397,163,140,340000.0,CASH,CONFIRMED,0
398,1265,166,340000.0,QR_CODE,CONFIRMED,0
399,1292,188,415000.0,ONLINE_PAYMENT,CONFIRMED,0
400,1171,52,90000.0,ONLINE_PAYMENT,DELIVERING,0
401,697,246,570000.0,QR_CODE,DELIVERING,0
402,137,,300000.0,QR_CODE,PENDING,0
403,669,,950000.0,CASH,CANCELLED,0
404,935,93,330000.0,QR_CODE,DELIVERED,0
405,1084,,65000.0,QR_CODE,CANCELLED,0
406,440,,350000.0,QR_CODE,CANCELLED,0
407,1377,174,430000.0,CASH,DELIVERED,0
408,972,,565000.0,CASH,PENDING,0
409,1843,45,920000.0,QR_CODE,CONFIRMED,0
410,846,46,175000.0,ONLINE_PAYMENT,DELIVERING,0
411,1708,206,595000.0,CASH,CONFIRMED,0
412,1919,,240000.0,ONLINE_PAYMENT,CANCELLED,0
413,13,,365000.0,ONLINE_PAYMENT,PENDING,0
414,1404,,265000.0,QR_CODE,CANCELLED,0
415,1490,,850000.0,ONLINE_PAYMENT,CANCELLED,0
416,551,39,315000.0,QR_CODE,DELIVERED,0
417,1071,21,305000.0,QR_CODE,CONFIRMED,0
418,845,288,130000.0,ONLINE_PAYMENT,DELIVERING,0
419,1421,115,230000.0,CASH,DELIVERING,0
420,1867,295,525000.0,QR_CODE,CONFIRMED,0
421,943,221,295000.0,ONLINE_PAYMENT,DELIVERING,0
422,1169,139,420000.0,CASH,DELIVERING,0
423,294,7,530000.0,ONLINE_PAYMENT,DELIVERING,0
424,1454,181,330000.0,CASH,DELIVERED,0
425,1962,62,430000.0,CASH,DELIVERING,0
426,1049,,260000.0,QR_CODE,CANCELLED,0
427,76,175,485000.0,QR_CODE,CONFIRMED,0
428,1810,191,155000.0,QR_CODE,DELIVERING,0
429,521,162,485000.0,CASH,DELIVERED,0
430,616,168,470000.0,QR_CODE,DELIVERED,0
431,1309,,455000.0,ONLINE_PAYMENT,CANCELLED,0
432,913,,555000.0,CASH,PENDING,0
433,1378,,60000.0,QR_CODE,PENDING,0
434,1708,204,225000.0,ONLINE_PAYMENT,CONFIRMED,0
435,1476,,120000.0,QR_CODE,PENDING,0
436,1455,227,100000.0,CASH,CONFIRMED,0
437,1866,188,300000.0,QR_CODE,CONFIRMED,0
438,1634,,200000.0,QR_CODE,CANCELLED,0
439,925,,465000.0,ONLINE_PAYMENT,PENDING,0
440,1405,241,230000.0,QR_CODE,DELIVERED,0
441,1421,145,975000.0,CASH,DELIVERING,0
442,1208,199,130000.0,QR_CODE,DELIVERED,0
443,1072,,960000.0,ONLINE_PAYMENT,PENDING,0
444,804,226,90000.0,ONLINE_PAYMENT,CONFIRMED,0
445,538,114,310000.0,CASH,DELIVERING,0
446,1594,,215000.0,ONLINE_PAYMENT,PENDING,0
447,1358,,125000.0,QR_CODE,CANCELLED,0
448,1008,107,240000.0,QR_CODE,DELIVERING,0
449,6,,370000.0,QR_CODE,CANCELLED,0
450,1478,133,350000.0,CASH,CONFIRMED,0
451,506,27,915000.0,CASH,DELIVERED,0
452,625,,250000.0,ONLINE_PAYMENT,CANCELLED,0
453,1146,,730000.0,CASH,CANCELLED,0
454,1162,142,260000.0,ONLINE_PAYMENT,CONFIRMED,0
455,1324,,590000.0,CASH,PENDING,0
456,1165,,70000.0,ONLINE_PAYMENT,PENDING,0
457,1965,158,85000.0,QR_CODE,CONFIRMED,0
458,222,31,250000.0,CASH,DELIVERING,0
459,1447,215,170000.0,QR_CODE,CONFIRMED,0
460,1624,,710000.0,QR_CODE,PENDING,0
461,626,198,200000.0,CASH,DELIVERING,0
462,801,,55000.0,ONLINE_PAYMENT,CANCELLED,0
463,1235,37,75000.0,CASH,DELIVERED,0
464,1340,98,630000.0,QR_CODE,CONFIRMED,0
465,214,72,915000.0,QR_CODE,CONFIRMED,0
466,1159,,130000.0,CASH,CANCELLED,0
467,1443,,915000.0,CASH,PENDING,0
468,681,64,630000.0,ONLINE_PAYMENT,DELIVERED,0
469,1018,,150000.0,QR_CODE,PENDING,0
470,601,295,135000.0,ONLINE_PAYMENT,DELIVERED,0
471,551,194,390000.0,ONLINE_PAYMENT,DELIVERING,0
472,265,102,830000.0,CASH,CONFIRMED,0
473,1089,271,45000.0,QR_CODE,DELIVERING,0
474,602,,505000.0,CASH,CANCELLED,0
475,156,182,510000.0,QR_CODE,DELIVERING,0
476,733,172,185000.0,ONLINE_PAYMENT,CONFIRMED,0
477,631,47,585000.0,CASH,CONFIRMED,0
478,1585,,470000.0,QR_CODE,CANCELLED,0
479,1987,18,790000.0,CASH,CONFIRMED,0
480,603,,370000.0,CASH,CANCELLED,0
481,86,190,720000.0,QR_CODE,DELIVERED,0
482,1784,,885000.0,CASH,PENDING,0
483,39,,390000.0,QR_CODE,CANCELLED,0
484,1002,,240000.0,QR_CODE,CANCELLED,0
485,817,,225000.0,QR_CODE,CANCELLED,0
486,322,,290000.0,ONLINE_PAYMENT,CANCELLED,0
487,1464,240,120000.0,ONLINE_PAYMENT,DELIVERED,0
488,262,108,520000.0,CASH,DELIVERING,0
489,1490,,250000.0,ONLINE_PAYMENT,CANCELLED,0
490,626,81,910000.0,QR_CODE,CONFIRMED,0
491,1463,243,90000.0,ONLINE_PAYMENT,DELIVERED,0
492,1503,,440000.0,CASH,PENDING,0
493,813,247,180000.0,CASH,CONFIRMED,0
494,16,191,325000.0,CASH,DELIVERED,0
495,1437,,145000.0,QR_CODE,PENDING,0
496,64,76,380000.0,QR_CODE,DELIVERED,0
497,987,,300000.0,ONLINE_PAYMENT,CANCELLED,0
498,538,,780000.0,QR_CODE,CANCELLED,0
499,1886,227,120000.0,QR_CODE,DELIVERED,0
500,545,,435000.0,CASH,CANCELLED,0
501,1829,,420000.0,CASH,CANCELLED,0
502,830,,605000.0,CASH,PENDING,0
503,257,,105000.0,QR_CODE,CANCELLED,0
504,768,,225000.0,QR_CODE,CANCELLED,0
505,1685,40,1035000.0,CASH,DELIVERING,0
506,31,,765000.0,QR_CODE,PENDING,0
507,290,22,850000.0,QR_CODE,CONFIRMED,0
508,701,194,100000.0,QR_CODE,DELIVERING,0
509,1679,,495000.0,QR_CODE,CANCELLED,0
510,884,140,830000.0,CASH,DELIVERED,0
511,1993,104,720000.0,ONLINE_PAYMENT,DELIVERING,0
512,885,,170000.0,QR_CODE,PENDING,0
513,271,109,705000.0,CASH,CONFIRMED,0
514,579,,230000.0,QR_CODE,PENDING,0
515,860,9,400000.0,ONLINE_PAYMENT,DELIVERED,0
516,1316,,305000.0,ONLINE_PAYMENT,CANCELLED,0
517,1951,127,50000.0,QR_CODE,DELIVERED,0
518,632,,175000.0,CASH,PENDING,0
519,104,,165000.0,QR_CODE,PENDING,0
520,1719,23,540000.0,CASH,DELIVERED,0
521,974,,360000.0,ONLINE_PAYMENT,CANCELLED,0
522,191,,310000.0,CASH,PENDING,0
523,698,296,485000.0,QR_CODE,CONFIRMED,0
524,363,205,315000.0,CASH,DELIVERING,0
525,1045,183,845000.0,CASH,CONFIRMED,0
526,1378,205,260000.0,ONLINE_PAYMENT,DELIVERING,0
527,1884,,510000.0,ONLINE_PAYMENT,PENDING,0
528,815,31,130000.0,CASH,CONFIRMED,0
529,1774,244,390000.0,QR_CODE,CONFIRMED,0
530,1976,,255000.0,ONLINE_PAYMENT,PENDING,0
531,667,176,145000.0,ONLINE_PAYMENT,DELIVERED,0
532,1230,24,630000.0,CASH,DELIVERED,0
533,603,35,110000.0,ONLINE_PAYMENT,DELIVERED,0
534,1822,294,600000.0,CASH,CONFIRMED,0
535,1471,104,665000.0,QR_CODE,DELIVERING,0
536,1456,,110000.0,QR_CODE,CANCELLED,0
537,190,49,950000.0,QR_CODE,CONFIRMED,0
538,743,,180000.0,CASH,CANCELLED,0
539,1667,,350000.0,QR_CODE,CANCELLED,0
540,1772,,355000.0,CASH,CANCELLED,0
541,1592,110,190000.0,QR_CODE,DELIVERING,0
542,163,3,770000.0,CASH,DELIVERING,0
543,223,63,125000.0,ONLINE_PAYMENT,DELIVERED,0
544,1618,,320000.0,QR_CODE,CANCELLED,0
545,822,161,140000.0,QR_CODE,CONFIRMED,0
546,135,,305000.0,CASH,CANCELLED,0
547,1934,298,150000.0,ONLINE_PAYMENT,DELIVERED,0
548,517,143,270000.0,QR_CODE,DELIVERING,0
549,306,282,260000.0,ONLINE_PAYMENT,DELIVERED,0
550,735,,45000.0,QR_CODE,PENDING,0
551,160,,255000.0,ONLINE_PAYMENT,CANCELLED,0
552,393,236,225000.0,CASH,CONFIRMED,0
553,1141,297,180000.0,CASH,CONFIRMED,0
554,263,,320000.0,QR_CODE,CANCELLED,0
555,1105,,210000.0,ONLINE_PAYMENT,CANCELLED,0
556,1180,82,235000.0,QR_CODE,CONFIRMED,0
557,1695,154,65000.0,ONLINE_PAYMENT,CONFIRMED,0
558,18,,345000.0,CASH,PENDING,0
559,600,165,105000.0,ONLINE_PAYMENT,DELIVERING,0
560,927,,375000.0,ONLINE_PAYMENT,PENDING,0
561,868,101,480000.0,ONLINE_PAYMENT,DELIVERED,0
562,1576,288,120000.0,CASH,DELIVERED,0
563,1333,,125000.0,ONLINE_PAYMENT,CANCELLED,0
564,1731,235,250000.0,CASH,DELIVERING,0
565,385,,450000.0,CASH,PENDING,0
566,1600,115,650000.0,ONLINE_PAYMENT,DELIVERED,0
567,1012,18,335000.0,QR_CODE,DELIVERING,0
568,6,,570000.0,ONLINE_PAYMENT,CANCELLED,0
569,26,100,285000.0,ONLINE_PAYMENT,DELIVERED,0
570,1484,,65000.0,ONLINE_PAYMENT,CANCELLED,0
571,636,,280000.0,CASH,CANCELLED,0
572,1346,,55000.0,CASH,CANCELLED,0
573,1084,297,375000.0,CASH,DELIVERING,0
574,807,183,330000.0,ONLINE_PAYMENT,CONFIRMED,0
575,1098,112,425000.0,ONLINE_PAYMENT,DELIVERING,0
576,1314,55,280000.0,ONLINE_PAYMENT,DELIVERING,0
577,1798,289,200000.0,QR_CODE,CONFIRMED,0
578,1174,18,255000.0,QR_CODE,DELIVERING,0
579,866,,440000.0,ONLINE_PAYMENT,CANCELLED,0
580,16,293,450000.0,QR_CODE,CONFIRMED,0
581,270,12,360000.0,CASH,DELIVERED,0
582,1792,67,465000.0,ONLINE_PAYMENT,CONFIRMED,0
583,341,41,100000.0,CASH,CONFIRMED,0
584,1727,169,125000.0,ONLINE_PAYMENT,DELIVERED,0
585,356,160,210000.0,CASH,DELIVERED,0
586,1795,233,105000.0,CASH,DELIVERED,0
587,214,285,150000.0,CASH,CONFIRMED,0
588,836,39,265000.0,QR_CODE,DELIVERED,0
589,1634,16,100000.0,ONLINE_PAYMENT,DELIVERING,0
590,227,253,430000.0,CASH,CONFIRMED,0
591,4,,540000.0,ONLINE_PAYMENT,CANCELLED,0
592,1374,49,60000.0,CASH,CONFIRMED,0
593,673,166,730000.0,CASH,CONFIRMED,0
594,1863,119,400000.0,QR_CODE,DELIVERED,0
595,801,,450000.0,QR_CODE,CANCELLED,0
596,1480,,130000.0,QR_CODE,PENDING,0
597,1261,144,345000.0,ONLINE_PAYMENT,DELIVERING,0
598,1165,,590000.0,QR_CODE,PENDING,0
599,1868,89,390000.0,ONLINE_PAYMENT,DELIVERING,0
600,1603,234,720000.0,ONLINE_PAYMENT,DELIVERING,0
601,409,104,880000.0,QR_CODE,DELIVERING,0
602,1676,,470000.0,ONLINE_PAYMENT,CANCELLED,0
603,1862,,410000.0,ONLINE_PAYMENT,CANCELLED,0
604,764,,1005000.0,ONLINE_PAYMENT,CANCELLED,0
605,1923,275,335000.0,ONLINE_PAYMENT,DELIVERING,0
606,620,29,270000.0,QR_CODE,DELIVERING,0
607,701,,130000.0,ONLINE_PAYMENT,CANCELLED,0
608,1678,,330000.0,CASH,CANCELLED,0
609,1780,,150000.0,ONLINE_PAYMENT,CANCELLED,0
610,841,174,510000.0,ONLINE_PAYMENT,CONFIRMED,0
611,877,,495000.0,QR_CODE,CANCELLED,0
612,1873,282,630000.0,CASH,DELIVERED,0
613,1408,85,130000.0,QR_CODE,DELIVERED,0
614,324,249,815000.0,CASH,CONFIRMED,0
615,1633,,545000.0,QR_CODE,CANCELLED,0
616,1126,,65000.0,ONLINE_PAYMENT,PENDING,0
617,1017,202,280000.0,ONLINE_PAYMENT,DELIVERING,0
618,680,279,270000.0,ONLINE_PAYMENT,DELIVERED,0
619,506,4,725000.0,QR_CODE,DELIVERED,0
620,1669,233,280000.0,CASH,CONFIRMED,0
621,802,260,410000.0,QR_CODE,CONFIRMED,0
622,1066,,195000.0,QR_CODE,CANCELLED,0
623,366,15,520000.0,ONLINE_PAYMENT,DELIVERED,0
624,1547,,770000.0,ONLINE_PAYMENT,PENDING,0
625,1393,65,45000.0,ONLINE_PAYMENT,DELIVERED,0
626,1256,,480000.0,CASH,PENDING,0
627,312,,440000.0,ONLINE_PAYMENT,PENDING,0
628,529,227,500000.0,QR_CODE,CONFIRMED,0
629,748,,355000.0,ONLINE_PAYMENT,CANCELLED,0
630,1309,120,260000.0,ONLINE_PAYMENT,DELIVERED,0
631,1302,117,150000.0,ONLINE_PAYMENT,DELIVERED,0
632,1461,75,600000.0,QR_CODE,DELIVERED,0
633,1941,151,1050000.0,ONLINE_PAYMENT,DELIVERING,0
634,322,76,300000.0,QR_CODE,CONFIRMED,0
635,986,57,485000.0,CASH,DELIVERED,0
636,1048,138,780000.0,CASH,CONFIRMED,0
637,1665,262,145000.0,QR_CODE,CONFIRMED,0
638,74,79,300000.0,ONLINE_PAYMENT,CONFIRMED,0
639,100,129,310000.0,QR_CODE,DELIVERING,0
640,448,300,280000.0,ONLINE_PAYMENT,CONFIRMED,0
641,212,,265000.0,CASH,PENDING,0
642,942,,360000.0,QR_CODE,PENDING,0
643,1949,88,895000.0,ONLINE_PAYMENT,CONFIRMED,0
644,154,,225000.0,ONLINE_PAYMENT,CANCELLED,0
645,651,28,580000.0,QR_CODE,CONFIRMED,0
646,947,33,630000.0,QR_CODE,DELIVERING,0
647,302,97,460000.0,QR_CODE,DELIVERING,0
648,1926,,445000.0,CASH,CANCELLED,0
649,1361,238,280000.0,CASH,DELIVERED,0
650,671,,280000.0,QR_CODE,PENDING,0
651,114,,220000.0,ONLINE_PAYMENT,PENDING,0
652,35,4,255000.0,CASH,CONFIRMED,0
653,1118,,410000.0,QR_CODE,PENDING,0
654,1676,218,125000.0,CASH,DELIVERED,0
655,1129,216,160000.0,ONLINE_PAYMENT,DELIVERING,0
656,599,118,430000.0,QR_CODE,DELIVERING,0
657,775,,180000.0,CASH,CANCELLED,0
658,1066,285,200000.0,QR_CODE,DELIVERING,0
659,549,189,360000.0,QR_CODE,DELIVERED,0
660,1356,82,160000.0,QR_CODE,DELIVERED,0
661,401,,345000.0,QR_CODE,PENDING,0
662,419,21,85000.0,ONLINE_PAYMENT,DELIVERING,0
663,1280,,110000.0,QR_CODE,CANCELLED,0
664,1651,101,120000.0,ONLINE_PAYMENT,DELIVERED,0
665,1444,69,430000.0,CASH,DELIVERED,0
666,1695,,465000.0,CASH,PENDING,0
667,442,28,330000.0,CASH,DELIVERING,0
668,1048,,465000.0,QR_CODE,CANCELLED,0
669,506,,490000.0,ONLINE_PAYMENT,PENDING,0
670,1161,,30000.0,QR_CODE,CANCELLED,0
671,756,,1095000.0,CASH,CANCELLED,0
672,1687,264,105000.0,ONLINE_PAYMENT,CONFIRMED,0
673,153,,595000.0,QR_CODE,PENDING,0
674,885,,460000.0,QR_CODE,CANCELLED,0
675,526,,210000.0,QR_CODE,CANCELLED,0
676,1352,186,545000.0,QR_CODE,CONFIRMED,0
677,1635,,160000.0,QR_CODE,PENDING,0
678,1128,270,390000.0,ONLINE_PAYMENT,DELIVERING,0
679,1045,68,200000.0,ONLINE_PAYMENT,DELIVERING,0
680,1940,164,220000.0,CASH,CONFIRMED,0
681,792,288,345000.0,CASH,DELIVERING,0
682,1649,,230000.0,CASH,CANCELLED,0
683,425,64,210000.0,CASH,DELIVERED,0
684,1335,,650000.0,CASH,PENDING,0
685,1639,,415000.0,QR_CODE,CANCELLED,0
686,797,168,705000.0,CASH,CONFIRMED,0
687,160,133,430000.0,QR_CODE,DELIVERED,0
688,47,176,90000.0,CASH,DELIVERED,0
689,1858,,325000.0,QR_CODE,PENDING,0
690,572,158,150000.0,CASH,DELIVERING,0
691,1214,,175000.0,QR_CODE,CANCELLED,0
692,1513,183,445000.0,ONLINE_PAYMENT,CONFIRMED,0
693,1304,289,620000.0,CASH,DELIVERING,0
694,1961,149,565000.0,CASH,DELIVERED,0
695,353,254,450000.0,QR_CODE,DELIVERED,0
696,1908,54,510000.0,CASH,DELIVERING,0
697,1522,,290000.0,QR_CODE,CANCELLED,0
698,528,270,440000.0,QR_CODE,CONFIRMED,0
699,285,132,250000.0,ONLINE_PAYMENT,DELIVERING,0
700,794,,100000.0,CASH,PENDING,0
701,844,,230000.0,CASH,CANCELLED,0
702,1260,10,380000.0,QR_CODE,DELIVERING,0
703,869,,290000.0,QR_CODE,PENDING,0
704,1981,,30000.0,ONLINE_PAYMENT,PENDING,0
705,1132,155,865000.0,QR_CODE,DELIVERING,0
706,1272,209,510000.0,QR_CODE,DELIVERING,0
707,1555,,295000.0,CASH,PENDING,0
708,1994,78,480000.0,CASH,DELIVERED,0
709,605,62,285000.0,ONLINE_PAYMENT,DELIVERED,0
710,212,199,95000.0,CASH,DELIVERED,0
711,1052,254,50000.0,QR_CODE,DELIVERING,0
712,1387,54,40000.0,QR_CODE,CONFIRMED,0
713,264,,290000.0,ONLINE_PAYMENT,CANCELLED,0
714,1451,234,650000.0,CASH,DELIVERED,0
715,234,183,180000.0,QR_CODE,DELIVERING,0
716,441,,420000.0,CASH,CANCELLED,0
717,1250,,960000.0,QR_CODE,CANCELLED,0
718,1557,,125000.0,CASH,PENDING,0
719,545,284,370000.0,ONLINE_PAYMENT,CONFIRMED,0
720,1017,282,430000.0,QR_CODE,DELIVERING,0
721,1877,125,395000.0,QR_CODE,CONFIRMED,0
722,1124,,320000.0,CASH,PENDING,0
723,296,200,520000.0,QR_CODE,DELIVERED,0
724,282,,395000.0,CASH,PENDING,0
725,1177,159,200000.0,CASH,CONFIRMED,0
726,1225,59,200000.0,ONLINE_PAYMENT,DELIVERING,0
727,1753,157,100000.0,ONLINE_PAYMENT,DELIVERED,0
728,1105,,120000.0,QR_CODE,CANCELLED,0
729,1699,,315000.0,ONLINE_PAYMENT,CANCELLED,0
730,18,,225000.0,ONLINE_PAYMENT,PENDING,0
731,942,122,90000.0,ONLINE_PAYMENT,CONFIRMED,0
732,1769,,180000.0,QR_CODE,PENDING,0
733,442,,40000.0,QR_CODE,PENDING,0
734,193,184,400000.0,ONLINE_PAYMENT,CONFIRMED,0
735,1196,221,430000.0,QR_CODE,CONFIRMED,0
736,1326,210,60000.0,ONLINE_PAYMENT,DELIVERED,0
737,354,,720000.0,CASH,CANCELLED,0
738,175,130,110000.0,CASH,DELIVERED,0
739,681,33,35000.0,ONLINE_PAYMENT,DELIVERING,0
740,1957,36,275000.0,QR_CODE,DELIVERED,0
741,1075,192,200000.0,ONLINE_PAYMENT,CONFIRMED,0
742,939,,395000.0,ONLINE_PAYMENT,PENDING,0
743,535,,300000.0,CASH,CANCELLED,0
744,762,,515000.0,QR_CODE,PENDING,0
745,1914,21,75000.0,QR_CODE,CONFIRMED,0
746,334,,395000.0,CASH,PENDING,0
747,585,,340000.0,CASH,PENDING,0
748,1987,200,1080000.0,ONLINE_PAYMENT,CONFIRMED,0
749,101,250,430000.0,ONLINE_PAYMENT,CONFIRMED,0
750,1908,,395000.0,CASH,PENDING,0
751,1225,293,220000.0,CASH,DELIVERED,0
752,1676,,405000.0,CASH,PENDING,0
753,861,11,455000.0,ONLINE_PAYMENT,CONFIRMED,0
754,1759,,210000.0,CASH,PENDING,0
755,147,299,495000.0,QR_CODE,DELIVERING,0
756,1952,,140000.0,CASH,CANCELLED,0
757,1733,194,45000.0,ONLINE_PAYMENT,CONFIRMED,0
758,1280,42,60000.0,QR_CODE,CONFIRMED,0
759,1312,,420000.0,QR_CODE,CANCELLED,0
760,493,,380000.0,ONLINE_PAYMENT,PENDING,0
761,652,229,640000.0,QR_CODE,DELIVERING,0
762,432,,560000.0,CASH,PENDING,0
763,446,,425000.0,QR_CODE,CANCELLED,0
764,251,221,540000.0,QR_CODE,CONFIRMED,0
765,896,40,370000.0,QR_CODE,DELIVERED,0
766,819,,80000.0,CASH,PENDING,0
767,1761,245,730000.0,QR_CODE,DELIVERED,0
768,1307,187,435000.0,QR_CODE,DELIVERED,0
769,1010,123,320000.0,QR_CODE,DELIVERING,0
770,134,104,655000.0,CASH,DELIVERED,0
771,985,78,210000.0,QR_CODE,DELIVERING,0
772,982,,220000.0,ONLINE_PAYMENT,PENDING,0
773,1974,135,430000.0,ONLINE_PAYMENT,CONFIRMED,0
774,1295,,220000.0,CASH,CANCELLED,0
775,718,,60000.0,QR_CODE,CANCELLED,0
776,1390,269,250000.0,QR_CODE,DELIVERING,0
777,591,21,455000.0,ONLINE_PAYMENT,CONFIRMED,0
778,87,,805000.0,QR_CODE,PENDING,0
779,1814,,750000.0,ONLINE_PAYMENT,CANCELLED,0
780,1951,115,500000.0,QR_CODE,CONFIRMED,0
781,546,169,570000.0,ONLINE_PAYMENT,DELIVERING,0
782,1217,,60000.0,ONLINE_PAYMENT,PENDING,0
783,1919,,30000.0,CASH,CANCELLED,0
784,456,,225000.0,QR_CODE,PENDING,0
785,270,,160000.0,ONLINE_PAYMENT,CANCELLED,0
786,406,,585000.0,CASH,PENDING,0
787,1514,,180000.0,QR_CODE,CANCELLED,0
788,1821,,120000.0,ONLINE_PAYMENT,PENDING,0
789,186,78,120000.0,ONLINE_PAYMENT,DELIVERED,0
790,219,,110000.0,QR_CODE,PENDING,0
791,869,22,180000.0,QR_CODE,DELIVERED,0
792,194,286,430000.0,ONLINE_PAYMENT,CONFIRMED,0
793,1516,42,610000.0,CASH,DELIVERED,0
794,113,207,415000.0,QR_CODE,CONFIRMED,0
795,1078,86,525000.0,CASH,DELIVERED,0
796,457,,220000.0,CASH,CANCELLED,0
797,1998,46,390000.0,CASH,DELIVERING,0
798,851,17,450000.0,ONLINE_PAYMENT,CONFIRMED,0
799,107,123,525000.0,CASH,DELIVERED,0
800,213,,840000.0,CASH,CANCELLED,0
801,1785,,380000.0,CASH,PENDING,0
802,1661,177,150000.0,ONLINE_PAYMENT,DELIVERING,0
803,1752,210,560000.0,CASH,DELIVERED,0
804,1984,296,525000.0,CASH,DELIVERED,0
805,858,,110000.0,QR_CODE,PENDING,0
806,1144,,205000.0,ONLINE_PAYMENT,CANCELLED,0
807,1690,141,185000.0,ONLINE_PAYMENT,DELIVERING,0
808,1205,190,205000.0,ONLINE_PAYMENT,DELIVERED,0
809,783,33,135000.0,ONLINE_PAYMENT,DELIVERING,0
810,1025,300,685000.0,QR_CODE,DELIVERING,0
811,1164,51,395000.0,QR_CODE,CONFIRMED,0
812,1999,,400000.0,QR_CODE,PENDING,0
813,1881,99,55000.0,ONLINE_PAYMENT,DELIVERED,0
814,1643,289,350000.0,CASH,DELIVERING,0
815,241,,165000.0,CASH,CANCELLED,0
816,347,,710000.0,ONLINE_PAYMENT,PENDING,0
817,1751,,180000.0,QR_CODE,PENDING,0
818,1934,,285000.0,CASH,CANCELLED,0
819,1915,,225000.0,ONLINE_PAYMENT,CANCELLED,0
820,734,,40000.0,QR_CODE,CANCELLED,0
821,353,,705000.0,ONLINE_PAYMENT,PENDING,0
822,1455,,140000.0,QR_CODE,PENDING,0
823,479,,315000.0,ONLINE_PAYMENT,CANCELLED,0
824,241,222,280000.0,QR_CODE,DELIVERING,0
825,780,,35000.0,QR_CODE,CANCELLED,0
826,586,89,180000.0,ONLINE_PAYMENT,DELIVERING,0
827,919,,1030000.0,ONLINE_PAYMENT,PENDING,0
828,933,,220000.0,ONLINE_PAYMENT,CANCELLED,0
829,789,,370000.0,CASH,CANCELLED,0
830,1789,94,60000.0,ONLINE_PAYMENT,DELIVERED,0
831,1740,,430000.0,QR_CODE,CANCELLED,0
832,1327,,235000.0,CASH,CANCELLED,0
833,1483,,530000.0,CASH,CANCELLED,0
834,677,33,390000.0,ONLINE_PAYMENT,CONFIRMED,0
835,763,153,140000.0,ONLINE_PAYMENT,DELIVERING,0
836,1125,,355000.0,QR_CODE,CANCELLED,0
837,108,120,510000.0,QR_CODE,DELIVERED,0
838,1415,236,380000.0,ONLINE_PAYMENT,DELIVERED,0
839,1124,47,570000.0,CASH,DELIVERING,0
840,728,,255000.0,ONLINE_PAYMENT,CANCELLED,0
841,1379,173,120000.0,ONLINE_PAYMENT,DELIVERING,0
842,1176,265,650000.0,CASH,DELIVERING,0
843,100,,450000.0,QR_CODE,PENDING,0
844,1032,239,190000.0,CASH,DELIVERED,0
845,1648,,170000.0,CASH,CANCELLED,0
846,344,,395000.0,QR_CODE,PENDING,0
847,762,,120000.0,ONLINE_PAYMENT,CANCELLED,0
848,583,218,40000.0,QR_CODE,CONFIRMED,0
849,1104,,380000.0,ONLINE_PAYMENT,CANCELLED,0
850,1667,,90000.0,QR_CODE,PENDING,0
851,490,82,175000.0,CASH,DELIVERING,0
852,313,201,220000.0,QR_CODE,DELIVERING,0
853,368,115,745000.0,QR_CODE,DELIVERING,0
854,1309,195,130000.0,QR_CODE,CONFIRMED,0
855,1267,240,360000.0,ONLINE_PAYMENT,DELIVERED,0
856,106,,440000.0,ONLINE_PAYMENT,CANCELLED,0
857,936,,80000.0,ONLINE_PAYMENT,CANCELLED,0
858,396,,475000.0,CASH,PENDING,0
859,1153,,85000.0,QR_CODE,PENDING,0
860,1258,46,435000.0,CASH,DELIVERING,0
861,817,3,325000.0,QR_CODE,DELIVERING,0
862,1664,,410000.0,CASH,CANCELLED,0
863,111,,390000.0,CASH,CANCELLED,0
864,1370,12,330000.0,ONLINE_PAYMENT,CONFIRMED,0
865,76,12,400000.0,CASH,DELIVERING,0
866,726,,380000.0,CASH,PENDING,0
867,1038,207,1290000.0,ONLINE_PAYMENT,DELIVERED,0
868,708,,190000.0,CASH,PENDING,0
869,104,106,290000.0,CASH,DELIVERED,0
870,386,,260000.0,ONLINE_PAYMENT,PENDING,0
871,85,102,625000.0,QR_CODE,CONFIRMED,0
872,203,,70000.0,CASH,PENDING,0
873,1927,170,630000.0,ONLINE_PAYMENT,CONFIRMED,0
874,1468,222,130000.0,QR_CODE,DELIVERED,0
875,688,134,450000.0,ONLINE_PAYMENT,CONFIRMED,0
876,183,90,570000.0,QR_CODE,DELIVERING,0
877,306,145,140000.0,ONLINE_PAYMENT,DELIVERED,0
878,1002,132,240000.0,CASH,DELIVERED,0
879,1258,,350000.0,CASH,CANCELLED,0
880,1345,55,570000.0,CASH,DELIVERED,0
881,1763,112,115000.0,ONLINE_PAYMENT,CONFIRMED,0
882,428,,505000.0,ONLINE_PAYMENT,CANCELLED,0
883,615,5,585000.0,QR_CODE,CONFIRMED,0
884,481,,855000.0,QR_CODE,CANCELLED,0
885,1276,281,215000.0,QR_CODE,DELIVERED,0
886,1868,,720000.0,ONLINE_PAYMENT,CANCELLED,0
887,386,45,385000.0,ONLINE_PAYMENT,CONFIRMED,0
888,1689,197,330000.0,CASH,DELIVERED,0
889,957,,170000.0,ONLINE_PAYMENT,PENDING,0
890,1306,147,205000.0,CASH,DELIVERED,0
891,91,144,250000.0,ONLINE_PAYMENT,DELIVERED,0
892,1987,,150000.0,QR_CODE,CANCELLED,0
893,1684,271,875000.0,CASH,DELIVERED,0
894,1983,,660000.0,QR_CODE,PENDING,0
895,1017,118,625000.0,CASH,CONFIRMED,0
896,789,208,60000.0,QR_CODE,DELIVERING,0
897,1138,,180000.0,QR_CODE,CANCELLED,0
898,450,289,305000.0,CASH,CONFIRMED,0
899,727,96,255000.0,ONLINE_PAYMENT,DELIVERED,0
900,1212,,510000.0,ONLINE_PAYMENT,CANCELLED,0
901,377,,630000.0,CASH,CANCELLED,0
902,1351,168,85000.0,CASH,DELIVERING,0
903,272,128,255000.0,ONLINE_PAYMENT,DELIVERED,0
904,229,163,695000.0,CASH,CONFIRMED,0
905,1144,,305000.0,ONLINE_PAYMENT,PENDING,0
906,252,,60000.0,CASH,PENDING,0
907,1053,,120000.0,ONLINE_PAYMENT,PENDING,0
908,1539,137,525000.0,ONLINE_PAYMENT,CONFIRMED,0
909,446,,620000.0,ONLINE_PAYMENT,CANCELLED,0
910,1616,164,290000.0,QR_CODE,DELIVERING,0
911,25,,160000.0,CASH,CANCELLED,0
912,1163,,495000.0,CASH,PENDING,0
913,1194,,265000.0,CASH,PENDING,0
914,1491,285,670000.0,CASH,DELIVERED,0
915,1818,,390000.0,QR_CODE,PENDING,0
916,793,166,905000.0,QR_CODE,DELIVERING,0
917,546,250,380000.0,ONLINE_PAYMENT,DELIVERED,0
918,1525,63,415000.0,QR_CODE,CONFIRMED,0
919,435,152,350000.0,CASH,CONFIRMED,0
920,116,,420000.0,CASH,CANCELLED,0
921,270,15,225000.0,ONLINE_PAYMENT,DELIVERED,0
922,878,174,615000.0,CASH,DELIVERING,0
923,1334,,210000.0,QR_CODE,CANCELLED,0
924,1906,,360000.0,QR_CODE,CANCELLED,0
925,35,235,220000.0,ONLINE_PAYMENT,DELIVERING,0
926,1303,,240000.0,ONLINE_PAYMENT,CANCELLED,0
927,558,94,105000.0,QR_CODE,DELIVERING,0
928,1497,224,80000.0,ONLINE_PAYMENT,DELIVERED,0
929,1412,,830000.0,ONLINE_PAYMENT,CANCELLED,0
930,783,24,615000.0,CASH,DELIVERING,0
931,36,291,105000.0,QR_CODE,DELIVERING,0
932,1440,212,180000.0,QR_CODE,DELIVERED,0
933,35,,945000.0,CASH,CANCELLED,0
934,867,,120000.0,CASH,CANCELLED,0
935,475,,175000.0,QR_CODE,CANCELLED,0
936,625,48,555000.0,QR_CODE,DELIVERING,0
937,112,46,730000.0,CASH,CONFIRMED,0
938,1503,,450000.0,ONLINE_PAYMENT,PENDING,0
939,182,,270000.0,ONLINE_PAYMENT,PENDING,0
940,1678,138,285000.0,CASH,DELIVERED,0
941,320,133,290000.0,CASH,DELIVERING,0
942,168,2,550000.0,QR_CODE,DELIVERING,0
943,528,,230000.0,ONLINE_PAYMENT,PENDING,0
944,1210,242,840000.0,ONLINE_PAYMENT,CONFIRMED,0
945,338,201,700000.0,CASH,CONFIRMED,0
946,1955,,300000.0,CASH,CANCELLED,0
947,1534,290,155000.0,ONLINE_PAYMENT,CONFIRMED,0
948,1276,67,255000.0,CASH,CONFIRMED,0
949,526,,445000.0,ONLINE_PAYMENT,CANCELLED,0
950,53,285,135000.0,ONLINE_PAYMENT,CONFIRMED,0
951,1388,,120000.0,ONLINE_PAYMENT,PENDING,0
952,1753,,240000.0,ONLINE_PAYMENT,PENDING,0
953,785,44,465000.0,QR_CODE,DELIVERING,0
954,1927,89,140000.0,QR_CODE,DELIVERING,0
955,1693,,650000.0,QR_CODE,CANCELLED,0
956,671,73,510000.0,QR_CODE,DELIVERED,0
957,1415,,430000.0,ONLINE_PAYMENT,CANCELLED,0
958,659,244,150000.0,ONLINE_PAYMENT,DELIVERED,0
959,1920,46,330000.0,ONLINE_PAYMENT,DELIVERED,0
960,1465,84,330000.0,CASH,CONFIRMED,0
961,886,216,450000.0,CASH,DELIVERING,0
962,530,,100000.0,ONLINE_PAYMENT,CANCELLED,0
963,1121,,465000.0,QR_CODE,PENDING,0
964,179,22,240000.0,QR_CODE,DELIVERING,0
965,1554,,40000.0,ONLINE_PAYMENT,CANCELLED,0
966,1647,218,660000.0,ONLINE_PAYMENT,DELIVERED,0
967,831,58,570000.0,QR_CODE,CONFIRMED,0
968,1956,,60000.0,CASH,PENDING,0
969,413,,85000.0,ONLINE_PAYMENT,PENDING,0
970,1606,215,115000.0,ONLINE_PAYMENT,DELIVERING,0
971,662,83,620000.0,CASH,DELIVERED,0
972,913,,280000.0,QR_CODE,PENDING,0
973,1589,,380000.0,QR_CODE,PENDING,0
974,1498,125,395000.0,CASH,DELIVERED,0
975,1125,135,150000.0,CASH,CONFIRMED,0
976,1272,270,130000.0,CASH,DELIVERED,0
977,450,,80000.0,ONLINE_PAYMENT,PENDING,0
978,1648,268,150000.0,CASH,DELIVERED,0
979,965,204,220000.0,ONLINE_PAYMENT,DELIVERING,0
980,969,241,200000.0,CASH,CONFIRMED,0
981,1055,,340000.0,ONLINE_PAYMENT,PENDING,0
982,599,,560000.0,QR_CODE,PENDING,0
983,1233,,300000.0,QR_CODE,CANCELLED,0
984,1228,110,670000.0,ONLINE_PAYMENT,DELIVERED,0
985,794,263,345000.0,CASH,DELIVERING,0
986,1323,,430000.0,CASH,CANCELLED,0
987,277,,380000.0,ONLINE_PAYMENT,PENDING,0
988,1574,111,780000.0,ONLINE_PAYMENT,DELIVERING,0
989,682,300,635000.0,QR_CODE,DELIVERED,0
990,1309,299,275000.0,QR_CODE,CONFIRMED,0
991,1873,197,780000.0,QR_CODE,CONFIRMED,0
992,46,148,720000.0,QR_CODE,DELIVERED,0
993,59,257,220000.0,CASH,DELIVERED,0
994,1364,28,460000.0,QR_CODE,DELIVERING,0
995,1871,,340000.0,CASH,PENDING,0
996,1577,172,100000.0,CASH,DELIVERING,0
997,131,,205000.0,CASH,PENDING,0
998,19,56,200000.0,QR_CODE,DELIVERING,0
999,142,38,100000.0,CASH,DELIVERED,0
1000,1024,92,370000.0,QR_CODE,DELIVERED,0
1001,1004,159,535000.0,CASH,DELIVERED,0
1002,866,168,80000.0,CASH,DELIVERING,0
1003,690,149,345000.0,ONLINE_PAYMENT,DELIVERED,0
1004,600,,420000.0,QR_CODE,PENDING,0
1005,1606,152,345000.0,QR_CODE,CONFIRMED,0
1006,661,,430000.0,CASH,PENDING,0
1007,270,173,220000.0,QR_CODE,CONFIRMED,0
1008,176,190,375000.0,ONLINE_PAYMENT,CONFIRMED,0
1009,946,100,75000.0,QR_CODE,CONFIRMED,0
1010,1919,21,30000.0,CASH,DELIVERED,0
1011,534,83,90000.0,QR_CODE,DELIVERED,0
1012,1750,40,610000.0,CASH,CONFIRMED,0
1013,1061,,410000.0,ONLINE_PAYMENT,PENDING,0
1014,453,232,105000.0,QR_CODE,CONFIRMED,0
1015,46,,595000.0,QR_CODE,CANCELLED,0
1016,1361,96,315000.0,QR_CODE,CONFIRMED,0
1017,901,96,325000.0,CASH,CONFIRMED,0
1018,1980,285,105000.0,QR_CODE,DELIVERING,0
1019,1280,289,470000.0,QR_CODE,DELIVERING,0
1020,1463,220,80000.0,ONLINE_PAYMENT,DELIVERED,0
1021,78,190,505000.0,ONLINE_PAYMENT,CONFIRMED,0
1022,397,279,420000.0,CASH,CONFIRMED,0
1023,1319,,150000.0,QR_CODE,PENDING,0
1024,640,286,55000.0,QR_CODE,CONFIRMED,0
1025,1399,,505000.0,CASH,CANCELLED,0
1026,1618,300,105000.0,ONLINE_PAYMENT,DELIVERING,0
1027,1312,71,425000.0,QR_CODE,DELIVERING,0
1028,1769,168,450000.0,CASH,DELIVERING,0
1029,1556,157,405000.0,CASH,CONFIRMED,0
1030,1126,1,395000.0,CASH,CONFIRMED,0
1031,1407,,150000.0,CASH,PENDING,0
1032,888,,510000.0,ONLINE_PAYMENT,CANCELLED,0
1033,1394,,290000.0,CASH,PENDING,0
1034,1553,,445000.0,CASH,CANCELLED,0
1035,868,,495000.0,ONLINE_PAYMENT,PENDING,0
1036,1866,188,95000.0,CASH,DELIVERED,0
1037,215,,465000.0,CASH,PENDING,0
1038,1625,,40000.0,QR_CODE,CANCELLED,0
1039,79,188,105000.0,QR_CODE,DELIVERING,0
1040,773,,485000.0,CASH,CANCELLED,0
1041,1619,,690000.0,CASH,PENDING,0
1042,1042,,135000.0,ONLINE_PAYMENT,CANCELLED,0
1043,346,,80000.0,CASH,CANCELLED,0
1044,910,,300000.0,CASH,CANCELLED,0
1045,725,216,165000.0,CASH,CONFIRMED,0
1046,1465,256,375000.0,ONLINE_PAYMENT,DELIVERED,0
1047,370,,400000.0,QR_CODE,CANCELLED,0
1048,594,,320000.0,CASH,CANCELLED,0
1049,1208,18,180000.0,CASH,DELIVERING,0
1050,1452,,190000.0,CASH,PENDING,0
1051,1641,,435000.0,CASH,CANCELLED,0
1052,348,3,375000.0,QR_CODE,CONFIRMED,0
1053,96,78,315000.0,CASH,CONFIRMED,0
1054,1870,185,725000.0,ONLINE_PAYMENT,DELIVERED,0
1055,1725,,410000.0,QR_CODE,CANCELLED,0
1056,166,134,205000.0,QR_CODE,DELIVERED,0
1057,1130,,140000.0,ONLINE_PAYMENT,CANCELLED,0
1058,211,,455000.0,QR_CODE,PENDING,0
1059,1353,230,245000.0,QR_CODE,DELIVERING,0
1060,391,,300000.0,ONLINE_PAYMENT,PENDING,0
1061,1680,,440000.0,ONLINE_PAYMENT,CANCELLED,0
1062,799,,280000.0,ONLINE_PAYMENT,CANCELLED,0
1063,1478,265,605000.0,QR_CODE,DELIVERED,0
1064,1031,150,555000.0,QR_CODE,DELIVERED,0
1065,126,126,460000.0,ONLINE_PAYMENT,DELIVERED,0
1066,1212,62,555000.0,CASH,CONFIRMED,0
1067,1001,,120000.0,QR_CODE,PENDING,0
1068,1248,,260000.0,QR_CODE,CANCELLED,0
1069,203,66,300000.0,QR_CODE,DELIVERED,0
1070,854,,520000.0,QR_CODE,CANCELLED,0
1071,46,157,915000.0,ONLINE_PAYMENT,DELIVERING,0
1072,1483,133,360000.0,QR_CODE,CONFIRMED,0
1073,439,221,595000.0,ONLINE_PAYMENT,DELIVERING,0
1074,1370,,770000.0,QR_CODE,CANCELLED,0
1075,482,40,770000.0,CASH,DELIVERED,0
1076,236,159,180000.0,QR_CODE,DELIVERED,0
1077,309,120,535000.0,QR_CODE,DELIVERING,0
1078,93,8,210000.0,QR_CODE,DELIVERING,0
1079,540,2,305000.0,CASH,CONFIRMED,0
1080,1419,277,340000.0,QR_CODE,DELIVERING,0
1081,813,,295000.0,CASH,CANCELLED,0
1082,1939,4,525000.0,QR_CODE,CONFIRMED,0
1083,462,,315000.0,CASH,CANCELLED,0
1084,280,254,195000.0,CASH,CONFIRMED,0
1085,632,87,330000.0,CASH,DELIVERED,0
1086,1760,,405000.0,QR_CODE,PENDING,0
1087,412,65,635000.0,CASH,DELIVERING,0
1088,779,49,125000.0,CASH,CONFIRMED,0
1089,41,,70000.0,CASH,CANCELLED,0
1090,702,,510000.0,CASH,PENDING,0
1091,110,,605000.0,ONLINE_PAYMENT,CANCELLED,0
1092,1982,59,345000.0,QR_CODE,DELIVERING,0
1093,388,,420000.0,CASH,CANCELLED,0
1094,1650,208,685000.0,CASH,DELIVERED,0
1095,1495,188,170000.0,ONLINE_PAYMENT,CONFIRMED,0
1096,462,262,705000.0,CASH,DELIVERING,0
1097,458,,130000.0,ONLINE_PAYMENT,PENDING,0
1098,2000,,485000.0,ONLINE_PAYMENT,PENDING,0
1099,834,168,200000.0,CASH,DELIVERED,0
1100,826,,310000.0,CASH,CANCELLED,0
1101,970,11,545000.0,CASH,DELIVERED,0
1102,1927,,600000.0,QR_CODE,PENDING,0
1103,1820,203,315000.0,QR_CODE,DELIVERED,0
1104,1846,,630000.0,ONLINE_PAYMENT,PENDING,0
1105,863,,240000.0,QR_CODE,PENDING,0
1106,1218,84,455000.0,QR_CODE,DELIVERING,0
1107,189,253,195000.0,QR_CODE,CONFIRMED,0
1108,320,,285000.0,ONLINE_PAYMENT,CANCELLED,0
1109,451,291,110000.0,ONLINE_PAYMENT,DELIVERING,0
1110,215,262,610000.0,CASH,DELIVERING,0
1111,1775,125,530000.0,ONLINE_PAYMENT,DELIVERING,0
1112,904,260,445000.0,QR_CODE,CONFIRMED,0
1113,1310,162,370000.0,QR_CODE,DELIVERING,0
1114,455,228,270000.0,ONLINE_PAYMENT,DELIVERING,0
1115,1786,183,60000.0,QR_CODE,CONFIRMED,0
1116,330,,90000.0,ONLINE_PAYMENT,CANCELLED,0
1117,330,34,405000.0,CASH,CONFIRMED,0
1118,1946,,330000.0,QR_CODE,CANCELLED,0
1119,1910,,460000.0,QR_CODE,PENDING,0
1120,872,96,370000.0,QR_CODE,DELIVERING,0
1121,1942,191,300000.0,QR_CODE,DELIVERED,0
1122,1537,144,345000.0,CASH,DELIVERING,0
1123,1692,,390000.0,CASH,PENDING,0
1124,1079,,155000.0,CASH,CANCELLED,0
1125,71,114,105000.0,CASH,DELIVERING,0
1126,936,,360000.0,QR_CODE,PENDING,0
1127,1132,174,270000.0,ONLINE_PAYMENT,DELIVERED,0
1128,838,123,255000.0,ONLINE_PAYMENT,DELIVERED,0
1129,929,238,320000.0,CASH,DELIVERING,0
1130,1410,,560000.0,QR_CODE,CANCELLED,0
1131,1733,,455000.0,ONLINE_PAYMENT,PENDING,0
1132,1555,182,440000.0,ONLINE_PAYMENT,DELIVERED,0
1133,1583,,720000.0,QR_CODE,PENDING,0
1134,1366,,315000.0,QR_CODE,PENDING,0
1135,1967,192,720000.0,CASH,DELIVERED,0
1136,1013,,235000.0,QR_CODE,PENDING,0
1137,169,202,300000.0,CASH,DELIVERING,0
1138,394,300,180000.0,QR_CODE,DELIVERING,0
1139,1345,166,100000.0,QR_CODE,DELIVERING,0
1140,872,207,675000.0,ONLINE_PAYMENT,DELIVERING,0
1141,1625,279,965000.0,CASH,DELIVERING,0
1142,1860,,235000.0,CASH,PENDING,0
1143,251,262,595000.0,ONLINE_PAYMENT,CONFIRMED,0
1144,1325,,90000.0,QR_CODE,PENDING,0
1145,1574,205,395000.0,CASH,DELIVERING,0
1146,1811,73,265000.0,QR_CODE,DELIVERED,0
1147,1101,262,40000.0,QR_CODE,DELIVERING,0
1148,21,101,60000.0,CASH,DELIVERING,0
1149,1734,284,90000.0,CASH,CONFIRMED,0
1150,1722,,190000.0,ONLINE_PAYMENT,CANCELLED,0
1151,1445,,380000.0,CASH,CANCELLED,0
1152,1979,,270000.0,ONLINE_PAYMENT,PENDING,0
1153,1943,38,305000.0,QR_CODE,DELIVERING,0
1154,1166,257,600000.0,ONLINE_PAYMENT,DELIVERING,0
1155,484,,110000.0,ONLINE_PAYMENT,PENDING,0
1156,1557,236,365000.0,ONLINE_PAYMENT,DELIVERING,0
1157,1333,,530000.0,CASH,PENDING,0
1158,1782,120,590000.0,QR_CODE,DELIVERED,0
1159,1359,,105000.0,ONLINE_PAYMENT,PENDING,0
1160,1469,,240000.0,CASH,CANCELLED,0
1161,1739,143,580000.0,ONLINE_PAYMENT,DELIVERING,0
1162,1797,,370000.0,CASH,PENDING,0
1163,1207,251,475000.0,CASH,DELIVERING,0
1164,1058,,800000.0,ONLINE_PAYMENT,CANCELLED,0
1165,575,150,460000.0,CASH,DELIVERED,0
1166,1521,,105000.0,QR_CODE,CANCELLED,0
1167,976,121,425000.0,CASH,DELIVERED,0
1168,1419,,610000.0,QR_CODE,PENDING,0
1169,1610,199,520000.0,CASH,CONFIRMED,0
1170,1605,,130000.0,CASH,CANCELLED,0
1171,604,138,445000.0,CASH,DELIVERED,0
1172,690,,340000.0,ONLINE_PAYMENT,PENDING,0
1173,1806,232,510000.0,QR_CODE,CONFIRMED,0
1174,621,219,435000.0,ONLINE_PAYMENT,DELIVERED,0
1175,937,,180000.0,QR_CODE,CANCELLED,0
1176,579,118,420000.0,CASH,DELIVERED,0
1177,1598,,75000.0,ONLINE_PAYMENT,CANCELLED,0
1178,1785,,360000.0,CASH,CANCELLED,0
1179,1869,,865000.0,ONLINE_PAYMENT,CANCELLED,0
1180,1595,,590000.0,ONLINE_PAYMENT,CANCELLED,0
1181,1362,,330000.0,ONLINE_PAYMENT,CANCELLED,0
1182,1410,276,610000.0,CASH,DELIVERED,0
1183,1571,102,150000.0,QR_CODE,CONFIRMED,0
1184,193,,625000.0,ONLINE_PAYMENT,PENDING,0
1185,234,243,120000.0,CASH,DELIVERING,0
1186,986,293,270000.0,QR_CODE,CONFIRMED,0
1187,1806,57,465000.0,ONLINE_PAYMENT,CONFIRMED,0
1188,606,294,400000.0,CASH,CONFIRMED,0
1189,1081,97,355000.0,CASH,CONFIRMED,0
1190,331,110,465000.0,CASH,CONFIRMED,0
1191,1490,,435000.0,CASH,PENDING,0
1192,156,,115000.0,ONLINE_PAYMENT,PENDING,0
1193,760,236,415000.0,QR_CODE,DELIVERED,0
1194,626,,680000.0,QR_CODE,PENDING,0
1195,100,43,60000.0,ONLINE_PAYMENT,DELIVERING,0
1196,183,70,440000.0,QR_CODE,CONFIRMED,0
1197,1854,35,510000.0,ONLINE_PAYMENT,DELIVERED,0
1198,464,,340000.0,ONLINE_PAYMENT,CANCELLED,0
1199,888,,465000.0,CASH,CANCELLED,0
1200,702,198,100000.0,ONLINE_PAYMENT,DELIVERED,0
1201,1259,,140000.0,CASH,CANCELLED,0
1202,1127,,330000.0,QR_CODE,CANCELLED,0
1203,687,55,95000.0,QR_CODE,DELIVERED,0
1204,1692,,195000.0,ONLINE_PAYMENT,CANCELLED,0
1205,187,86,125000.0,ONLINE_PAYMENT,DELIVERED,0
1206,1544,168,550000.0,QR_CODE,DELIVERED,0
1207,1704,,650000.0,ONLINE_PAYMENT,CANCELLED,0
1208,305,49,350000.0,CASH,DELIVERING,0
1209,875,93,60000.0,CASH,DELIVERING,0
1210,958,92,110000.0,ONLINE_PAYMENT,DELIVERING,0
1211,407,141,685000.0,QR_CODE,DELIVERING,0
1212,1434,294,160000.0,ONLINE_PAYMENT,CONFIRMED,0
1213,76,76,530000.0,CASH,DELIVERING,0
1214,1581,,80000.0,QR_CODE,CANCELLED,0
1215,508,104,580000.0,QR_CODE,DELIVERING,0
1216,965,188,435000.0,CASH,CONFIRMED,0
1217,793,25,410000.0,CASH,CONFIRMED,0
1218,625,,285000.0,CASH,PENDING,0
1219,837,,355000.0,ONLINE_PAYMENT,PENDING,0
1220,1978,,435000.0,QR_CODE,PENDING,0
1221,1130,85,340000.0,ONLINE_PAYMENT,DELIVERING,0
1222,554,222,105000.0,ONLINE_PAYMENT,DELIVERING,0
1223,1730,,285000.0,ONLINE_PAYMENT,CANCELLED,0
1224,737,,655000.0,ONLINE_PAYMENT,PENDING,0
1225,1843,109,210000.0,CASH,CONFIRMED,0
1226,406,38,60000.0,CASH,DELIVERED,0
1227,452,232,80000.0,QR_CODE,DELIVERED,0
1228,300,57,220000.0,ONLINE_PAYMENT,DELIVERING,0
1229,30,250,135000.0,QR_CODE,CONFIRMED,0
1230,1914,,85000.0,ONLINE_PAYMENT,CANCELLED,0
1231,909,222,110000.0,CASH,DELIVERING,0
1232,1571,172,500000.0,ONLINE_PAYMENT,DELIVERED,0
1233,243,,535000.0,ONLINE_PAYMENT,PENDING,0
1234,1832,40,720000.0,QR_CODE,CONFIRMED,0
1235,1678,,180000.0,CASH,PENDING,0
1236,1466,186,435000.0,ONLINE_PAYMENT,CONFIRMED,0
1237,954,144,340000.0,QR_CODE,CONFIRMED,0
1238,637,172,415000.0,ONLINE_PAYMENT,CONFIRMED,0
1239,1476,,335000.0,QR_CODE,PENDING,0
1240,1470,,695000.0,QR_CODE,PENDING,0
1241,372,228,310000.0,ONLINE_PAYMENT,DELIVERED,0
1242,1003,135,100000.0,QR_CODE,DELIVERING,0
1243,1434,61,330000.0,ONLINE_PAYMENT,DELIVERED,0
1244,1564,179,530000.0,CASH,DELIVERED,0
1245,1854,,420000.0,ONLINE_PAYMENT,PENDING,0
1246,1869,,100000.0,CASH,PENDING,0
1247,1728,268,635000.0,ONLINE_PAYMENT,CONFIRMED,0
1248,695,,290000.0,CASH,CANCELLED,0
1249,1644,25,615000.0,QR_CODE,DELIVERING,0
1250,925,90,430000.0,ONLINE_PAYMENT,DELIVERING,0
1251,307,42,235000.0,CASH,DELIVERING,0
1252,664,,600000.0,QR_CODE,CANCELLED,0
1253,1393,,115000.0,ONLINE_PAYMENT,CANCELLED,0
1254,1194,182,30000.0,ONLINE_PAYMENT,CONFIRMED,0
1255,123,,360000.0,ONLINE_PAYMENT,CANCELLED,0
1256,1392,,220000.0,ONLINE_PAYMENT,PENDING,0
1257,1977,,520000.0,QR_CODE,CANCELLED,0
1258,1221,118,365000.0,ONLINE_PAYMENT,CONFIRMED,0
1259,252,197,855000.0,ONLINE_PAYMENT,DELIVERING,0
1260,506,,150000.0,ONLINE_PAYMENT,PENDING,0
1261,816,214,145000.0,QR_CODE,DELIVERED,0
1262,1223,146,75000.0,CASH,CONFIRMED,0
1263,1034,108,395000.0,CASH,DELIVERED,0
1264,1491,278,115000.0,CASH,DELIVERING,0
1265,402,,605000.0,ONLINE_PAYMENT,CANCELLED,0
1266,1092,,290000.0,CASH,CANCELLED,0
1267,907,75,170000.0,CASH,DELIVERING,0
1268,1095,139,110000.0,QR_CODE,CONFIRMED,0
1269,1020,208,260000.0,ONLINE_PAYMENT,DELIVERED,0
1270,1915,229,560000.0,QR_CODE,DELIVERED,0
1271,317,189,160000.0,CASH,CONFIRMED,0
1272,1241,,320000.0,QR_CODE,CANCELLED,0
1273,1465,137,395000.0,CASH,DELIVERING,0
1274,1826,118,300000.0,ONLINE_PAYMENT,DELIVERING,0
1275,1363,221,300000.0,QR_CODE,DELIVERED,0
1276,1328,,80000.0,CASH,CANCELLED,0
1277,1515,33,385000.0,CASH,DELIVERING,0
1278,1029,,80000.0,ONLINE_PAYMENT,CANCELLED,0
1279,826,252,160000.0,CASH,DELIVERING,0
1280,353,,410000.0,CASH,PENDING,0
1281,1723,259,520000.0,QR_CODE,CONFIRMED,0
1282,1526,206,350000.0,CASH,CONFIRMED,0
1283,1513,,195000.0,QR_CODE,CANCELLED,0
1284,339,23,350000.0,QR_CODE,DELIVERED,0
1285,220,,400000.0,QR_CODE,PENDING,0
1286,1805,,1050000.0,QR_CODE,CANCELLED,0
1287,1723,36,590000.0,ONLINE_PAYMENT,DELIVERED,0
1288,73,253,30000.0,QR_CODE,CONFIRMED,0
1289,702,,365000.0,QR_CODE,CANCELLED,0
1290,1768,,330000.0,CASH,PENDING,0
1291,1162,,210000.0,CASH,PENDING,0
1292,1922,148,200000.0,ONLINE_PAYMENT,DELIVERING,0
1293,1614,,825000.0,ONLINE_PAYMENT,CANCELLED,0
1294,1654,,1005000.0,CASH,PENDING,0
1295,1168,64,165000.0,QR_CODE,DELIVERING,0
1296,1103,100,50000.0,ONLINE_PAYMENT,CONFIRMED,0
1297,759,22,905000.0,ONLINE_PAYMENT,DELIVERED,0
1298,1581,238,170000.0,QR_CODE,DELIVERED,0
1299,1131,223,645000.0,CASH,DELIVERING,0
1300,1116,114,595000.0,QR_CODE,DELIVERING,0
1301,1881,,415000.0,ONLINE_PAYMENT,PENDING,0
1302,1529,268,360000.0,ONLINE_PAYMENT,DELIVERED,0
1303,545,,120000.0,ONLINE_PAYMENT,PENDING,0
1304,168,,230000.0,ONLINE_PAYMENT,CANCELLED,0
1305,959,235,230000.0,ONLINE_PAYMENT,DELIVERING,0
1306,197,24,110000.0,ONLINE_PAYMENT,DELIVERING,0
1307,1112,,580000.0,CASH,PENDING,0
1308,512,293,450000.0,CASH,CONFIRMED,0
1309,1816,,60000.0,CASH,PENDING,0
1310,35,,720000.0,QR_CODE,CANCELLED,0
1311,180,220,430000.0,ONLINE_PAYMENT,DELIVERING,0
1312,31,80,145000.0,ONLINE_PAYMENT,DELIVERING,0
1313,1495,2,420000.0,QR_CODE,DELIVERED,0
1314,337,,475000.0,CASH,PENDING,0
1315,878,27,445000.0,CASH,DELIVERED,0
1316,1065,,490000.0,ONLINE_PAYMENT,PENDING,0
1317,696,162,100000.0,ONLINE_PAYMENT,CONFIRMED,0
1318,1725,,210000.0,ONLINE_PAYMENT,CANCELLED,0
1319,1538,,105000.0,ONLINE_PAYMENT,CANCELLED,0
1320,411,187,565000.0,ONLINE_PAYMENT,DELIVERED,0
1321,1519,,635000.0,QR_CODE,PENDING,0
1322,1551,218,335000.0,QR_CODE,DELIVERED,0
1323,890,17,225000.0,ONLINE_PAYMENT,DELIVERING,0
1324,1148,266,345000.0,QR_CODE,DELIVERED,0
1325,1354,,110000.0,CASH,PENDING,0
1326,337,21,200000.0,QR_CODE,DELIVERED,0
1327,507,159,320000.0,QR_CODE,DELIVERED,0
1328,101,,330000.0,QR_CODE,PENDING,0
1329,1133,85,90000.0,ONLINE_PAYMENT,CONFIRMED,0
1330,53,,975000.0,QR_CODE,CANCELLED,0
1331,14,,460000.0,ONLINE_PAYMENT,CANCELLED,0
1332,1897,202,370000.0,ONLINE_PAYMENT,CONFIRMED,0
1333,1682,16,150000.0,QR_CODE,DELIVERING,0
1334,672,21,470000.0,ONLINE_PAYMENT,DELIVERED,0
1335,1892,44,675000.0,ONLINE_PAYMENT,DELIVERING,0
1336,5,,430000.0,ONLINE_PAYMENT,PENDING,0
1337,1662,110,280000.0,ONLINE_PAYMENT,CONFIRMED,0
1338,1989,,90000.0,CASH,PENDING,0
1339,367,,90000.0,QR_CODE,CANCELLED,0
1340,1612,189,430000.0,QR_CODE,DELIVERED,0
1341,201,203,580000.0,ONLINE_PAYMENT,DELIVERING,0
1342,55,218,230000.0,CASH,DELIVERED,0
1343,373,23,780000.0,QR_CODE,CONFIRMED,0
1344,1729,101,210000.0,ONLINE_PAYMENT,DELIVERING,0
1345,892,222,545000.0,CASH,CONFIRMED,0
1346,1878,291,255000.0,CASH,CONFIRMED,0
1347,1391,263,325000.0,ONLINE_PAYMENT,CONFIRMED,0
1348,1619,43,150000.0,CASH,DELIVERED,0
1349,1804,16,110000.0,ONLINE_PAYMENT,DELIVERED,0
1350,1114,,475000.0,CASH,CANCELLED,0
1351,518,185,650000.0,CASH,DELIVERING,0
1352,1024,172,375000.0,QR_CODE,CONFIRMED,0
1353,1438,212,330000.0,QR_CODE,CONFIRMED,0
1354,228,25,50000.0,QR_CODE,DELIVERING,0
1355,1219,,555000.0,ONLINE_PAYMENT,PENDING,0
1356,1370,251,130000.0,ONLINE_PAYMENT,CONFIRMED,0
1357,1412,286,620000.0,CASH,DELIVERED,0
1358,17,,405000.0,QR_CODE,CANCELLED,0
1359,83,255,240000.0,QR_CODE,DELIVERING,0
1360,498,94,870000.0,ONLINE_PAYMENT,DELIVERING,0
1361,1795,280,65000.0,CASH,DELIVERING,0
1362,1465,175,355000.0,QR_CODE,CONFIRMED,0
1363,208,,370000.0,QR_CODE,PENDING,0
1364,211,,315000.0,CASH,CANCELLED,0
1365,904,,825000.0,CASH,PENDING,0
1366,501,,285000.0,ONLINE_PAYMENT,CANCELLED,0
1367,1415,,540000.0,QR_CODE,CANCELLED,0
1368,832,159,180000.0,CASH,CONFIRMED,0
1369,352,,190000.0,ONLINE_PAYMENT,PENDING,0
1370,588,,300000.0,CASH,CANCELLED,0
1371,478,63,95000.0,QR_CODE,CONFIRMED,0
1372,606,110,665000.0,CASH,DELIVERED,0
1373,1893,,390000.0,QR_CODE,CANCELLED,0
1374,1348,175,405000.0,CASH,DELIVERING,0
1375,123,83,180000.0,ONLINE_PAYMENT,DELIVERING,0
1376,468,44,150000.0,ONLINE_PAYMENT,CONFIRMED,0
1377,202,,740000.0,ONLINE_PAYMENT,PENDING,0
1378,1366,,360000.0,ONLINE_PAYMENT,CANCELLED,0
1379,1288,255,595000.0,CASH,DELIVERED,0
1380,1997,295,415000.0,CASH,CONFIRMED,0
1381,1766,163,810000.0,ONLINE_PAYMENT,DELIVERED,0
1382,135,,450000.0,ONLINE_PAYMENT,CANCELLED,0
1383,1379,142,415000.0,CASH,DELIVERED,0
1384,1376,252,755000.0,CASH,CONFIRMED,0
1385,1551,34,240000.0,ONLINE_PAYMENT,DELIVERING,0
1386,530,,270000.0,QR_CODE,CANCELLED,0
1387,1101,74,190000.0,ONLINE_PAYMENT,DELIVERING,0
1388,442,,300000.0,CASH,PENDING,0
1389,1610,153,610000.0,CASH,DELIVERED,0
1390,1807,,60000.0,CASH,PENDING,0
1391,1496,78,140000.0,QR_CODE,DELIVERED,0
1392,1961,171,445000.0,QR_CODE,DELIVERING,0
1393,1793,110,510000.0,CASH,DELIVERED,0
1394,319,152,170000.0,CASH,DELIVERING,0
1395,712,168,100000.0,QR_CODE,CONFIRMED,0
1396,1241,,345000.0,ONLINE_PAYMENT,CANCELLED,0
1397,1006,220,270000.0,ONLINE_PAYMENT,CONFIRMED,0
1398,376,186,135000.0,ONLINE_PAYMENT,DELIVERED,0
1399,1708,175,105000.0,ONLINE_PAYMENT,DELIVERING,0
1400,361,,230000.0,ONLINE_PAYMENT,PENDING,0
1401,900,134,210000.0,QR_CODE,DELIVERED,0
1402,414,,915000.0,QR_CODE,PENDING,0
1403,552,28,220000.0,ONLINE_PAYMENT,DELIVERING,0
1404,338,,360000.0,CASH,CANCELLED,0
1405,1700,151,105000.0,CASH,DELIVERED,0
1406,717,44,750000.0,CASH,CONFIRMED,0
1407,1472,10,435000.0,QR_CODE,DELIVERING,0
1408,1354,104,340000.0,QR_CODE,DELIVERED,0
1409,1391,131,155000.0,QR_CODE,DELIVERING,0
1410,105,,60000.0,ONLINE_PAYMENT,CANCELLED,0
1411,797,140,210000.0,CASH,DELIVERING,0
1412,1576,109,130000.0,QR_CODE,DELIVERING,0
1413,1965,,390000.0,ONLINE_PAYMENT,CANCELLED,0
1414,665,,415000.0,ONLINE_PAYMENT,PENDING,0
1415,993,280,560000.0,ONLINE_PAYMENT,DELIVERING,0
1416,1281,97,600000.0,ONLINE_PAYMENT,DELIVERING,0
1417,50,,240000.0,CASH,PENDING,0
1418,695,223,180000.0,CASH,DELIVERED,0
1419,1896,240,305000.0,QR_CODE,DELIVERING,0
1420,1837,250,1080000.0,QR_CODE,CONFIRMED,0
1421,1227,,820000.0,ONLINE_PAYMENT,PENDING,0
1422,531,60,445000.0,CASH,DELIVERED,0
1423,1888,,405000.0,CASH,PENDING,0
1424,414,,470000.0,CASH,CANCELLED,0
1425,271,84,525000.0,QR_CODE,CONFIRMED,0
1426,966,,380000.0,ONLINE_PAYMENT,PENDING,0
1427,1322,,620000.0,ONLINE_PAYMENT,CANCELLED,0
1428,1087,,70000.0,QR_CODE,CANCELLED,0
1429,959,99,640000.0,ONLINE_PAYMENT,DELIVERED,0
1430,1492,100,125000.0,QR_CODE,DELIVERED,0
1431,836,97,360000.0,CASH,DELIVERED,0
1432,467,,320000.0,QR_CODE,CANCELLED,0
1433,914,,215000.0,QR_CODE,CANCELLED,0
1434,906,,600000.0,QR_CODE,PENDING,0
1435,1838,,50000.0,CASH,PENDING,0
1436,1599,108,225000.0,CASH,CONFIRMED,0
1437,58,,110000.0,QR_CODE,CANCELLED,0
1438,417,,550000.0,ONLINE_PAYMENT,CANCELLED,0
1439,1856,28,440000.0,QR_CODE,DELIVERED,0
1440,1046,,255000.0,CASH,PENDING,0
1441,721,128,130000.0,CASH,DELIVERED,0
1442,1251,221,490000.0,ONLINE_PAYMENT,DELIVERED,0
1443,1341,,400000.0,CASH,PENDING,0
1444,1608,,570000.0,ONLINE_PAYMENT,PENDING,0
1445,1727,,290000.0,QR_CODE,CANCELLED,0
1446,1490,83,120000.0,ONLINE_PAYMENT,DELIVERING,0
1447,1239,,420000.0,QR_CODE,CANCELLED,0
1448,1670,,750000.0,CASH,PENDING,0
1449,422,99,230000.0,ONLINE_PAYMENT,DELIVERED,0
1450,880,268,370000.0,CASH,DELIVERED,0
1451,635,164,150000.0,CASH,DELIVERED,0
1452,318,,125000.0,CASH,CANCELLED,0
1453,663,,765000.0,CASH,PENDING,0
1454,1892,279,330000.0,QR_CODE,CONFIRMED,0
1455,1925,111,170000.0,QR_CODE,CONFIRMED,0
1456,280,138,405000.0,ONLINE_PAYMENT,DELIVERING,0
1457,237,,120000.0,QR_CODE,CANCELLED,0
1458,1975,271,540000.0,QR_CODE,CONFIRMED,0
1459,1614,10,100000.0,CASH,DELIVERED,0
1460,815,,590000.0,ONLINE_PAYMENT,PENDING,0
1461,371,,100000.0,ONLINE_PAYMENT,CANCELLED,0
1462,1691,,460000.0,QR_CODE,PENDING,0
1463,1819,220,125000.0,CASH,CONFIRMED,0
1464,1510,,305000.0,QR_CODE,PENDING,0
1465,616,,315000.0,ONLINE_PAYMENT,CANCELLED,0
1466,1369,292,180000.0,QR_CODE,DELIVERED,0
1467,1957,19,435000.0,CASH,DELIVERED,0
1468,1224,,165000.0,ONLINE_PAYMENT,CANCELLED,0
1469,491,246,130000.0,QR_CODE,DELIVERED,0
1470,1947,106,310000.0,ONLINE_PAYMENT,DELIVERING,0
1471,974,,285000.0,CASH,PENDING,0
1472,1796,254,210000.0,QR_CODE,DELIVERING,0
1473,780,,315000.0,CASH,PENDING,0
1474,485,,130000.0,ONLINE_PAYMENT,PENDING,0
1475,1342,89,485000.0,ONLINE_PAYMENT,DELIVERED,0
1476,893,,300000.0,ONLINE_PAYMENT,CANCELLED,0
1477,1529,180,375000.0,QR_CODE,DELIVERED,0
1478,402,121,290000.0,CASH,DELIVERING,0
1479,1102,106,450000.0,ONLINE_PAYMENT,DELIVERED,0
1480,1523,219,630000.0,QR_CODE,DELIVERING,0
1481,477,132,200000.0,CASH,DELIVERED,0
1482,1438,208,330000.0,QR_CODE,DELIVERING,0
1483,880,,210000.0,ONLINE_PAYMENT,PENDING,0
1484,1655,153,590000.0,QR_CODE,CONFIRMED,0
1485,1487,,180000.0,QR_CODE,CANCELLED,0
1486,1847,124,150000.0,CASH,DELIVERED,0
1487,1037,,360000.0,QR_CODE,CANCELLED,0
1488,709,,290000.0,QR_CODE,PENDING,0
1489,1331,136,460000.0,CASH,DELIVERED,0
1490,96,64,590000.0,QR_CODE,DELIVERING,0
1491,447,235,640000.0,ONLINE_PAYMENT,DELIVERING,0
1492,532,176,340000.0,CASH,DELIVERED,0
1493,835,211,185000.0,CASH,CONFIRMED,0
1494,153,250,210000.0,ONLINE_PAYMENT,DELIVERED,0
1495,1061,,615000.0,ONLINE_PAYMENT,CANCELLED,0
1496,1280,199,515000.0,ONLINE_PAYMENT,DELIVERING,0
1497,726,,240000.0,QR_CODE,PENDING,0
1498,1631,13,360000.0,QR_CODE,DELIVERED,0
1499,86,47,170000.0,ONLINE_PAYMENT,DELIVERED,0
1500,1047,,60000.0,ONLINE_PAYMENT,PENDING,0
1501,18,,250000.0,ONLINE_PAYMENT,PENDING,0
1502,378,26,395000.0,QR_CODE,CONFIRMED,0
1503,1199,4,165000.0,QR_CODE,CONFIRMED,0
1504,1831,9,235000.0,CASH,DELIVERING,0
1505,37,,340000.0,CASH,CANCELLED,0
1506,637,,145000.0,CASH,CANCELLED,0
1507,458,,395000.0,ONLINE_PAYMENT,CANCELLED,0
1508,1889,104,240000.0,ONLINE_PAYMENT,DELIVERING,0
1509,1684,156,300000.0,QR_CODE,CONFIRMED,0
1510,1488,,150000.0,QR_CODE,CANCELLED,0
1511,51,13,110000.0,CASH,DELIVERED,0
1512,793,,265000.0,CASH,CANCELLED,0
1513,1287,,55000.0,CASH,CANCELLED,0
1514,1854,191,460000.0,ONLINE_PAYMENT,DELIVERED,0
1515,1073,,485000.0,ONLINE_PAYMENT,CANCELLED,0
1516,1215,,190000.0,ONLINE_PAYMENT,CANCELLED,0
1517,1349,242,265000.0,CASH,CONFIRMED,0
1518,257,164,450000.0,QR_CODE,DELIVERED,0
1519,1832,153,730000.0,QR_CODE,DELIVERED,0
1520,1005,269,150000.0,QR_CODE,DELIVERING,0
1521,102,221,230000.0,CASH,DELIVERING,0
1522,1231,44,330000.0,ONLINE_PAYMENT,CONFIRMED,0
1523,1083,,510000.0,CASH,PENDING,0
1524,440,255,605000.0,ONLINE_PAYMENT,CONFIRMED,0
1525,1220,41,220000.0,ONLINE_PAYMENT,CONFIRMED,0
1526,363,,500000.0,QR_CODE,PENDING,0
1527,1092,266,165000.0,QR_CODE,DELIVERING,0
1528,1752,288,335000.0,ONLINE_PAYMENT,CONFIRMED,0
1529,1270,,480000.0,QR_CODE,CANCELLED,0
1530,218,31,150000.0,CASH,DELIVERING,0
1531,1701,,740000.0,CASH,PENDING,0
1532,524,,295000.0,ONLINE_PAYMENT,PENDING,0
1533,1405,,385000.0,QR_CODE,CANCELLED,0
1534,971,77,125000.0,CASH,DELIVERED,0
1535,1729,296,250000.0,ONLINE_PAYMENT,CONFIRMED,0
1536,324,275,590000.0,QR_CODE,DELIVERING,0
1537,1444,,495000.0,CASH,PENDING,0
1538,22,,240000.0,ONLINE_PAYMENT,PENDING,0
1539,964,113,725000.0,QR_CODE,DELIVERED,0
1540,1665,146,180000.0,QR_CODE,DELIVERING,0
1541,426,92,55000.0,CASH,CONFIRMED,0
1542,45,164,225000.0,CASH,DELIVERING,0
1543,28,285,190000.0,CASH,CONFIRMED,0
1544,1568,39,345000.0,QR_CODE,CONFIRMED,0
1545,1638,245,450000.0,CASH,CONFIRMED,0
1546,196,169,180000.0,QR_CODE,CONFIRMED,0
1547,1266,,340000.0,CASH,CANCELLED,0
1548,1317,241,180000.0,ONLINE_PAYMENT,DELIVERING,0
1549,1039,,245000.0,QR_CODE,PENDING,0
1550,424,49,255000.0,CASH,CONFIRMED,0
1551,3,71,150000.0,QR_CODE,DELIVERED,0
1552,1184,,35000.0,CASH,CANCELLED,0
1553,907,257,35000.0,ONLINE_PAYMENT,DELIVERED,0
1554,531,,165000.0,QR_CODE,CANCELLED,0
1555,608,,275000.0,ONLINE_PAYMENT,CANCELLED,0
1556,430,,645000.0,CASH,PENDING,0
1557,794,46,450000.0,CASH,DELIVERED,0
1558,1480,,170000.0,QR_CODE,PENDING,0
1559,1844,95,95000.0,CASH,CONFIRMED,0
1560,1808,254,445000.0,CASH,DELIVERED,0
1561,837,219,195000.0,CASH,DELIVERED,0
1562,1023,299,220000.0,ONLINE_PAYMENT,DELIVERED,0
1563,1135,,165000.0,CASH,PENDING,0
1564,1560,,105000.0,QR_CODE,CANCELLED,0
1565,1789,,370000.0,CASH,PENDING,0
1566,1838,189,470000.0,QR_CODE,DELIVERING,0
1567,1170,244,420000.0,ONLINE_PAYMENT,DELIVERED,0
1568,258,156,85000.0,CASH,DELIVERED,0
1569,1854,,550000.0,QR_CODE,PENDING,0
1570,1705,,375000.0,QR_CODE,CANCELLED,0
1571,1004,273,475000.0,CASH,CONFIRMED,0
1572,1818,186,300000.0,CASH,CONFIRMED,0
1573,1389,248,520000.0,CASH,DELIVERING,0
1574,935,43,45000.0,ONLINE_PAYMENT,DELIVERING,0
1575,118,120,690000.0,ONLINE_PAYMENT,DELIVERED,0
1576,1342,298,285000.0,CASH,DELIVERING,0
1577,4,70,440000.0,CASH,DELIVERED,0
1578,1894,,55000.0,CASH,CANCELLED,0
1579,1482,149,255000.0,QR_CODE,CONFIRMED,0
1580,185,,130000.0,QR_CODE,CANCELLED,0
1581,26,169,50000.0,QR_CODE,DELIVERING,0
1582,994,,400000.0,QR_CODE,CANCELLED,0
1583,1425,,725000.0,ONLINE_PAYMENT,PENDING,0
1584,1003,,255000.0,QR_CODE,PENDING,0
1585,1387,39,435000.0,CASH,DELIVERING,0
1586,1658,109,90000.0,QR_CODE,CONFIRMED,0
1587,857,,190000.0,ONLINE_PAYMENT,CANCELLED,0
1588,150,204,490000.0,QR_CODE,DELIVERED,0
1589,1068,,460000.0,CASH,CANCELLED,0
1590,1658,121,90000.0,QR_CODE,DELIVERING,0
1591,1889,,140000.0,CASH,PENDING,0
1592,1128,190,245000.0,CASH,DELIVERED,0
1593,1033,,240000.0,CASH,PENDING,0
1594,634,,415000.0,CASH,PENDING,0
1595,435,,50000.0,QR_CODE,CANCELLED,0
1596,1459,,280000.0,CASH,CANCELLED,0
1597,1332,,105000.0,ONLINE_PAYMENT,PENDING,0
1598,1068,86,225000.0,ONLINE_PAYMENT,CONFIRMED,0
1599,1886,,90000.0,CASH,CANCELLED,0
1600,1632,223,220000.0,QR_CODE,CONFIRMED,0
1601,1326,225,390000.0,CASH,DELIVERED,0
1602,160,56,450000.0,QR_CODE,DELIVERING,0
1603,841,105,380000.0,CASH,CONFIRMED,0
1604,648,,570000.0,ONLINE_PAYMENT,PENDING,0
1605,1137,300,390000.0,ONLINE_PAYMENT,DELIVERED,0
1606,49,97,80000.0,QR_CODE,CONFIRMED,0
1607,120,,675000.0,CASH,PENDING,0
1608,3,72,190000.0,ONLINE_PAYMENT,DELIVERING,0
1609,1553,62,415000.0,CASH,DELIVERED,0
1610,1323,203,660000.0,QR_CODE,DELIVERING,0
1611,386,180,215000.0,ONLINE_PAYMENT,DELIVERED,0
1612,1265,253,30000.0,CASH,DELIVERING,0
1613,755,,85000.0,CASH,CANCELLED,0
1614,1616,,355000.0,QR_CODE,CANCELLED,0
1615,1705,109,210000.0,CASH,CONFIRMED,0
1616,1231,,315000.0,ONLINE_PAYMENT,PENDING,0
1617,1024,,505000.0,QR_CODE,CANCELLED,0
1618,349,123,90000.0,ONLINE_PAYMENT,DELIVERED,0
1619,9,,670000.0,ONLINE_PAYMENT,PENDING,0
1620,201,136,230000.0,ONLINE_PAYMENT,DELIVERED,0
1621,442,107,575000.0,CASH,DELIVERED,0
1622,276,,120000.0,CASH,CANCELLED,0
1623,335,,555000.0,CASH,CANCELLED,0
1624,1322,50,755000.0,ONLINE_PAYMENT,DELIVERING,0
1625,235,290,230000.0,CASH,DELIVERING,0
1626,543,,615000.0,QR_CODE,PENDING,0
1627,34,271,150000.0,ONLINE_PAYMENT,CONFIRMED,0
1628,828,,325000.0,ONLINE_PAYMENT,CANCELLED,0
1629,796,210,130000.0,CASH,DELIVERING,0
1630,763,274,550000.0,QR_CODE,DELIVERED,0
1631,407,,165000.0,ONLINE_PAYMENT,PENDING,0
1632,1772,,505000.0,ONLINE_PAYMENT,CANCELLED,0
1633,362,,100000.0,CASH,CANCELLED,0
1634,1778,173,260000.0,CASH,DELIVERING,0
1635,131,,465000.0,QR_CODE,PENDING,0
1636,963,202,300000.0,ONLINE_PAYMENT,DELIVERED,0
1637,1172,,80000.0,ONLINE_PAYMENT,PENDING,0
1638,974,165,375000.0,QR_CODE,DELIVERED,0
1639,1824,,265000.0,CASH,CANCELLED,0
1640,1643,212,295000.0,CASH,DELIVERED,0
1641,1915,17,270000.0,QR_CODE,CONFIRMED,0
1642,1368,97,385000.0,ONLINE_PAYMENT,DELIVERED,0
1643,538,,660000.0,ONLINE_PAYMENT,CANCELLED,0
1644,1138,,555000.0,QR_CODE,CANCELLED,0
1645,939,,70000.0,QR_CODE,PENDING,0
1646,293,152,30000.0,QR_CODE,CONFIRMED,0
1647,1640,279,670000.0,ONLINE_PAYMENT,CONFIRMED,0
1648,289,,635000.0,CASH,CANCELLED,0
1649,1242,,270000.0,QR_CODE,PENDING,0
1650,1266,85,100000.0,QR_CODE,DELIVERED,0
1651,450,216,575000.0,CASH,CONFIRMED,0
1652,265,10,505000.0,QR_CODE,DELIVERING,0
1653,338,296,130000.0,QR_CODE,DELIVERING,0
1654,289,138,455000.0,CASH,DELIVERING,0
1655,1081,163,795000.0,QR_CODE,DELIVERED,0
1656,1918,176,160000.0,CASH,CONFIRMED,0
1657,1471,,700000.0,QR_CODE,CANCELLED,0
1658,1680,294,360000.0,ONLINE_PAYMENT,DELIVERED,0
1659,1571,,325000.0,QR_CODE,CANCELLED,0
1660,274,186,150000.0,CASH,DELIVERING,0
1661,839,,390000.0,CASH,PENDING,0
1662,1212,214,345000.0,ONLINE_PAYMENT,CONFIRMED,0
1663,747,255,615000.0,ONLINE_PAYMENT,DELIVERING,0
1664,501,244,115000.0,QR_CODE,DELIVERED,0
1665,1902,109,390000.0,ONLINE_PAYMENT,DELIVERING,0
1666,1066,,510000.0,QR_CODE,PENDING,0
1667,1943,149,290000.0,ONLINE_PAYMENT,CONFIRMED,0
1668,1680,,515000.0,CASH,CANCELLED,0
1669,308,,175000.0,ONLINE_PAYMENT,CANCELLED,0
1670,1184,,1075000.0,CASH,CANCELLED,0
1671,686,213,420000.0,CASH,CONFIRMED,0
1672,1231,65,70000.0,CASH,DELIVERING,0
1673,1403,,105000.0,ONLINE_PAYMENT,PENDING,0
1674,1892,,460000.0,CASH,PENDING,0
1675,956,228,300000.0,CASH,DELIVERED,0
1676,735,,375000.0,ONLINE_PAYMENT,PENDING,0
1677,557,,395000.0,ONLINE_PAYMENT,PENDING,0
1678,454,,420000.0,CASH,CANCELLED,0
1679,784,100,425000.0,ONLINE_PAYMENT,DELIVERING,0
1680,1480,58,270000.0,CASH,DELIVERED,0
1681,152,,375000.0,QR_CODE,CANCELLED,0
1682,640,287,600000.0,CASH,CONFIRMED,0
1683,282,,155000.0,CASH,PENDING,0
1684,1544,299,110000.0,CASH,CONFIRMED,0
1685,694,31,560000.0,CASH,DELIVERED,0
1686,289,,530000.0,CASH,CANCELLED,0
1687,269,239,610000.0,QR_CODE,DELIVERING,0
1688,366,132,500000.0,QR_CODE,CONFIRMED,0
1689,1152,176,735000.0,CASH,DELIVERED,0
1690,1285,49,285000.0,QR_CODE,DELIVERING,0
1691,1934,,345000.0,CASH,CANCELLED,0
1692,902,188,65000.0,CASH,CONFIRMED,0
1693,641,226,145000.0,CASH,CONFIRMED,0
1694,1273,69,445000.0,QR_CODE,DELIVERED,0
1695,918,100,140000.0,ONLINE_PAYMENT,CONFIRMED,0
1696,1157,,405000.0,ONLINE_PAYMENT,CANCELLED,0
1697,1623,,670000.0,QR_CODE,PENDING,0
1698,1449,,200000.0,QR_CODE,CANCELLED,0
1699,252,,325000.0,ONLINE_PAYMENT,PENDING,0
1700,965,,290000.0,QR_CODE,CANCELLED,0
1701,1592,117,90000.0,ONLINE_PAYMENT,CONFIRMED,0
1702,261,230,115000.0,QR_CODE,DELIVERING,0
1703,1255,,315000.0,ONLINE_PAYMENT,PENDING,0
1704,569,175,205000.0,ONLINE_PAYMENT,DELIVERED,0
1705,1702,89,450000.0,ONLINE_PAYMENT,DELIVERING,0
1706,889,77,80000.0,QR_CODE,DELIVERED,0
1707,471,,180000.0,CASH,PENDING,0
1708,363,,80000.0,QR_CODE,CANCELLED,0
1709,982,258,350000.0,ONLINE_PAYMENT,DELIVERING,0
1710,1052,68,150000.0,CASH,CONFIRMED,0
1711,1461,,575000.0,CASH,PENDING,0
1712,1463,,210000.0,QR_CODE,PENDING,0
1713,520,257,310000.0,ONLINE_PAYMENT,CONFIRMED,0
1714,754,102,740000.0,QR_CODE,DELIVERED,0
1715,383,,370000.0,ONLINE_PAYMENT,PENDING,0
1716,1113,,270000.0,ONLINE_PAYMENT,CANCELLED,0
1717,1440,,550000.0,CASH,PENDING,0
1718,1817,,285000.0,CASH,CANCELLED,0
1719,634,,580000.0,QR_CODE,CANCELLED,0
1720,1535,300,235000.0,ONLINE_PAYMENT,CONFIRMED,0
1721,997,78,420000.0,QR_CODE,CONFIRMED,0
1722,348,266,150000.0,QR_CODE,CONFIRMED,0
1723,415,,360000.0,CASH,CANCELLED,0
1724,1200,166,205000.0,CASH,DELIVERED,0
1725,1493,284,115000.0,QR_CODE,DELIVERED,0
1726,772,209,495000.0,QR_CODE,CONFIRMED,0
1727,1612,175,220000.0,CASH,DELIVERED,0
1728,1466,241,220000.0,CASH,DELIVERING,0
1729,1531,8,555000.0,ONLINE_PAYMENT,DELIVERING,0
1730,1342,,670000.0,ONLINE_PAYMENT,CANCELLED,0
1731,300,182,830000.0,CASH,DELIVERING,0
1732,888,,430000.0,ONLINE_PAYMENT,CANCELLED,0
1733,631,,420000.0,CASH,PENDING,0
1734,359,239,505000.0,ONLINE_PAYMENT,CONFIRMED,0
1735,1208,,430000.0,ONLINE_PAYMENT,CANCELLED,0
1736,1302,278,675000.0,ONLINE_PAYMENT,DELIVERED,0
1737,1086,92,405000.0,ONLINE_PAYMENT,DELIVERING,0
1738,428,,680000.0,QR_CODE,PENDING,0
1739,1251,,190000.0,ONLINE_PAYMENT,CANCELLED,0
1740,270,,470000.0,QR_CODE,PENDING,0
1741,24,34,555000.0,ONLINE_PAYMENT,CONFIRMED,0
1742,1522,198,115000.0,QR_CODE,DELIVERING,0
1743,1931,170,600000.0,CASH,DELIVERING,0
1744,169,195,725000.0,QR_CODE,DELIVERING,0
1745,758,,375000.0,QR_CODE,CANCELLED,0
1746,279,,100000.0,QR_CODE,PENDING,0
1747,827,117,280000.0,ONLINE_PAYMENT,DELIVERING,0
1748,857,,540000.0,CASH,CANCELLED,0
1749,1524,,225000.0,CASH,CANCELLED,0
1750,1120,240,330000.0,QR_CODE,DELIVERING,0
1751,1786,47,705000.0,QR_CODE,CONFIRMED,0
1752,1870,,160000.0,ONLINE_PAYMENT,PENDING,0
1753,469,31,195000.0,QR_CODE,DELIVERED,0
1754,1124,52,285000.0,CASH,CONFIRMED,0
1755,1917,25,190000.0,ONLINE_PAYMENT,CONFIRMED,0
1756,100,,120000.0,QR_CODE,CANCELLED,0
1757,1087,272,430000.0,CASH,DELIVERING,0
1758,734,156,205000.0,ONLINE_PAYMENT,CONFIRMED,0
1759,1857,,350000.0,QR_CODE,CANCELLED,0
1760,243,,550000.0,ONLINE_PAYMENT,CANCELLED,0
1761,298,,100000.0,CASH,PENDING,0
1762,445,50,170000.0,CASH,DELIVERING,0
1763,1829,266,485000.0,ONLINE_PAYMENT,CONFIRMED,0
1764,1183,190,465000.0,ONLINE_PAYMENT,DELIVERED,0
1765,1640,,80000.0,ONLINE_PAYMENT,CANCELLED,0
1766,1750,188,480000.0,QR_CODE,DELIVERING,0
1767,1681,,530000.0,CASH,CANCELLED,0
1768,1967,276,325000.0,QR_CODE,DELIVERING,0
1769,791,,270000.0,CASH,PENDING,0
1770,1442,105,90000.0,CASH,CONFIRMED,0
1771,1482,296,145000.0,ONLINE_PAYMENT,DELIVERED,0
1772,1543,,795000.0,ONLINE_PAYMENT,CANCELLED,0
1773,865,,145000.0,CASH,PENDING,0
1774,1439,,125000.0,ONLINE_PAYMENT,CANCELLED,0
1775,1195,,115000.0,CASH,PENDING,0
1776,1577,76,390000.0,QR_CODE,DELIVERED,0
1777,613,99,225000.0,QR_CODE,DELIVERED,0
1778,1655,260,125000.0,ONLINE_PAYMENT,CONFIRMED,0
1779,704,32,70000.0,ONLINE_PAYMENT,DELIVERED,0
1780,1440,,385000.0,QR_CODE,PENDING,0
1781,685,176,200000.0,QR_CODE,CONFIRMED,0
1782,687,34,325000.0,QR_CODE,DELIVERED,0
1783,1281,15,340000.0,QR_CODE,DELIVERED,0
1784,833,81,530000.0,CASH,DELIVERED,0
1785,451,,930000.0,CASH,CANCELLED,0
1786,304,,190000.0,ONLINE_PAYMENT,PENDING,0
1787,1459,288,625000.0,ONLINE_PAYMENT,DELIVERED,0
1788,592,65,390000.0,QR_CODE,DELIVERED,0
1789,7,,140000.0,CASH,CANCELLED,0
1790,181,102,680000.0,QR_CODE,CONFIRMED,0
1791,291,194,465000.0,QR_CODE,CONFIRMED,0
1792,1614,1,90000.0,QR_CODE,CONFIRMED,0
1793,819,205,615000.0,CASH,CONFIRMED,0
1794,428,,645000.0,CASH,PENDING,0
1795,634,87,645000.0,ONLINE_PAYMENT,DELIVERED,0
1796,255,277,170000.0,CASH,DELIVERED,0
1797,361,80,630000.0,ONLINE_PAYMENT,CONFIRMED,0
1798,1811,,470000.0,ONLINE_PAYMENT,CANCELLED,0
1799,1078,,120000.0,ONLINE_PAYMENT,PENDING,0
1800,1588,207,340000.0,CASH,DELIVERED,0
1801,42,239,285000.0,QR_CODE,DELIVERING,0
1802,1439,19,100000.0,CASH,DELIVERED,0
1803,1333,84,240000.0,CASH,DELIVERED,0
1804,496,64,515000.0,ONLINE_PAYMENT,CONFIRMED,0
1805,1295,103,215000.0,CASH,DELIVERING,0
1806,922,222,120000.0,ONLINE_PAYMENT,CONFIRMED,0
1807,239,,300000.0,ONLINE_PAYMENT,CANCELLED,0
1808,1414,,35000.0,CASH,PENDING,0
1809,899,255,90000.0,CASH,DELIVERED,0
1810,1749,,460000.0,ONLINE_PAYMENT,PENDING,0
1811,502,247,370000.0,QR_CODE,CONFIRMED,0
1812,981,,220000.0,QR_CODE,PENDING,0
1813,1589,,105000.0,CASH,CANCELLED,0
1814,1242,,100000.0,ONLINE_PAYMENT,CANCELLED,0
1815,620,,505000.0,QR_CODE,CANCELLED,0
1816,594,,450000.0,QR_CODE,CANCELLED,0
1817,1583,238,255000.0,ONLINE_PAYMENT,DELIVERING,0
1818,660,,90000.0,QR_CODE,PENDING,0
1819,855,,395000.0,CASH,PENDING,0
1820,1433,,70000.0,CASH,PENDING,0
1821,1396,126,315000.0,QR_CODE,DELIVERING,0
1822,1089,241,240000.0,ONLINE_PAYMENT,DELIVERED,0
1823,1017,234,645000.0,ONLINE_PAYMENT,DELIVERING,0
1824,948,47,365000.0,QR_CODE,DELIVERING,0
1825,1997,148,380000.0,ONLINE_PAYMENT,CONFIRMED,0
1826,970,167,180000.0,CASH,CONFIRMED,0
1827,524,,300000.0,QR_CODE,PENDING,0
1828,1643,,705000.0,CASH,CANCELLED,0
1829,328,,350000.0,CASH,PENDING,0
1830,1145,69,750000.0,CASH,DELIVERING,0
1831,771,39,165000.0,CASH,CONFIRMED,0
1832,1244,,210000.0,QR_CODE,PENDING,0
1833,337,250,450000.0,ONLINE_PAYMENT,CONFIRMED,0
1834,660,,180000.0,QR_CODE,PENDING,0
1835,141,,270000.0,ONLINE_PAYMENT,PENDING,0
1836,940,76,285000.0,CASH,DELIVERING,0
1837,1932,296,555000.0,CASH,DELIVERING,0
1838,1198,134,375000.0,CASH,DELIVERED,0
1839,687,,330000.0,ONLINE_PAYMENT,PENDING,0
1840,720,166,730000.0,CASH,CONFIRMED,0
1841,25,58,110000.0,ONLINE_PAYMENT,CONFIRMED,0
1842,509,,510000.0,CASH,PENDING,0
1843,217,,710000.0,ONLINE_PAYMENT,PENDING,0
1844,671,216,510000.0,ONLINE_PAYMENT,CONFIRMED,0
1845,51,130,220000.0,CASH,DELIVERING,0
1846,1966,39,630000.0,CASH,CONFIRMED,0
1847,810,253,240000.0,CASH,DELIVERING,0
1848,1014,249,545000.0,QR_CODE,CONFIRMED,0
1849,1129,260,180000.0,ONLINE_PAYMENT,DELIVERING,0
1850,445,,390000.0,CASH,PENDING,0
1851,1486,,450000.0,ONLINE_PAYMENT,CANCELLED,0
1852,793,271,540000.0,CASH,DELIVERED,0
1853,652,,425000.0,ONLINE_PAYMENT,PENDING,0
1854,1089,295,210000.0,ONLINE_PAYMENT,CONFIRMED,0
1855,703,217,60000.0,CASH,CONFIRMED,0
1856,510,,530000.0,QR_CODE,PENDING,0
1857,732,285,375000.0,CASH,DELIVERED,0
1858,331,100,240000.0,CASH,DELIVERED,0
1859,824,,230000.0,CASH,CANCELLED,0
1860,1989,,525000.0,ONLINE_PAYMENT,PENDING,0
1861,1420,134,180000.0,QR_CODE,DELIVERED,0
1862,1415,,150000.0,ONLINE_PAYMENT,PENDING,0
1863,966,,630000.0,QR_CODE,CANCELLED,0
1864,1747,83,405000.0,ONLINE_PAYMENT,DELIVERING,0
1865,814,290,380000.0,ONLINE_PAYMENT,DELIVERING,0
1866,510,211,570000.0,ONLINE_PAYMENT,DELIVERING,0
1867,1171,,460000.0,QR_CODE,PENDING,0
1868,1340,,845000.0,QR_CODE,PENDING,0
1869,1254,92,50000.0,QR_CODE,DELIVERED,0
1870,692,,300000.0,ONLINE_PAYMENT,CANCELLED,0
1871,293,120,35000.0,CASH,DELIVERING,0
1872,402,213,355000.0,CASH,DELIVERING,0
1873,845,145,330000.0,ONLINE_PAYMENT,DELIVERING,0
1874,1649,30,100000.0,CASH,DELIVERING,0
1875,77,112,450000.0,CASH,DELIVERED,0
1876,162,,360000.0,CASH,PENDING,0
1877,1077,161,255000.0,ONLINE_PAYMENT,DELIVERING,0
1878,210,139,65000.0,CASH,CONFIRMED,0
1879,855,,145000.0,ONLINE_PAYMENT,PENDING,0
1880,1274,219,150000.0,QR_CODE,DELIVERING,0
1881,967,244,585000.0,CASH,DELIVERING,0
1882,1096,272,150000.0,CASH,CONFIRMED,0
1883,741,41,300000.0,CASH,DELIVERING,0
1884,1821,,680000.0,QR_CODE,CANCELLED,0
1885,1310,,435000.0,QR_CODE,PENDING,0
1886,1616,227,125000.0,ONLINE_PAYMENT,CONFIRMED,0
1887,984,,60000.0,CASH,CANCELLED,0
1888,523,275,235000.0,QR_CODE,DELIVERED,0
1889,1489,52,860000.0,ONLINE_PAYMENT,DELIVERED,0
1890,1084,242,410000.0,CASH,DELIVERED,0
1891,180,155,415000.0,CASH,DELIVERED,0
1892,218,,270000.0,QR_CODE,PENDING,0
1893,1150,,225000.0,ONLINE_PAYMENT,CANCELLED,0
1894,702,,290000.0,ONLINE_PAYMENT,PENDING,0
1895,882,,420000.0,CASH,PENDING,0
1896,1575,221,250000.0,ONLINE_PAYMENT,DELIVERED,0
1897,1527,269,480000.0,CASH,CONFIRMED,0
1898,406,,85000.0,CASH,CANCELLED,0
1899,995,,415000.0,QR_CODE,PENDING,0
1900,381,,255000.0,ONLINE_PAYMENT,CANCELLED,0
1901,792,130,140000.0,QR_CODE,DELIVERING,0
1902,1531,,105000.0,CASH,PENDING,0
1903,1367,115,450000.0,CASH,CONFIRMED,0
1904,1266,96,640000.0,ONLINE_PAYMENT,DELIVERING,0
1905,717,259,260000.0,CASH,DELIVERING,0
1906,1585,260,360000.0,QR_CODE,CONFIRMED,0
1907,1425,58,475000.0,QR_CODE,CONFIRMED,0
1908,1824,139,575000.0,QR_CODE,DELIVERING,0
1909,51,,525000.0,CASH,CANCELLED,0
1910,99,,195000.0,ONLINE_PAYMENT,CANCELLED,0
1911,656,104,370000.0,QR_CODE,CONFIRMED,0
1912,788,,315000.0,ONLINE_PAYMENT,CANCELLED,0
1913,1176,,600000.0,QR_CODE,CANCELLED,0
1914,1657,22,85000.0,CASH,DELIVERING,0
1915,1485,61,315000.0,QR_CODE,DELIVERED,0
1916,682,143,770000.0,CASH,DELIVERED,0
1917,333,265,315000.0,CASH,DELIVERED,0
1918,1359,,195000.0,ONLINE_PAYMENT,CANCELLED,0
1919,1345,157,220000.0,QR_CODE,DELIVERED,0
1920,318,40,310000.0,QR_CODE,DELIVERING,0
1921,830,,465000.0,CASH,PENDING,0
1922,1545,247,710000.0,ONLINE_PAYMENT,CONFIRMED,0
1923,886,67,580000.0,ONLINE_PAYMENT,DELIVERING,0
1924,1889,,100000.0,CASH,CANCELLED,0
1925,918,101,420000.0,CASH,CONFIRMED,0
1926,75,,210000.0,QR_CODE,CANCELLED,0
1927,1411,,600000.0,QR_CODE,CANCELLED,0
1928,1242,89,415000.0,QR_CODE,DELIVERING,0
1929,1074,20,535000.0,CASH,DELIVERED,0
1930,118,73,350000.0,QR_CODE,DELIVERED,0
1931,1000,,90000.0,QR_CODE,CANCELLED,0
1932,220,,180000.0,QR_CODE,PENDING,0
1933,1632,,40000.0,QR_CODE,PENDING,0
1934,40,188,105000.0,CASH,CONFIRMED,0
1935,1750,27,375000.0,CASH,DELIVERING,0
1936,943,143,885000.0,CASH,DELIVERING,0
1937,554,,675000.0,ONLINE_PAYMENT,PENDING,0
1938,612,58,55000.0,ONLINE_PAYMENT,DELIVERED,0
1939,1742,170,250000.0,ONLINE_PAYMENT,DELIVERED,0
1940,857,9,435000.0,QR_CODE,DELIVERING,0
1941,1875,153,530000.0,CASH,CONFIRMED,0
1942,509,,95000.0,ONLINE_PAYMENT,PENDING,0
1943,194,294,170000.0,CASH,DELIVERED,0
1944,933,,695000.0,ONLINE_PAYMENT,CANCELLED,0
1945,734,61,610000.0,CASH,DELIVERED,0
1946,585,,220000.0,ONLINE_PAYMENT,CANCELLED,0
1947,726,,445000.0,ONLINE_PAYMENT,PENDING,0
1948,1960,,705000.0,QR_CODE,PENDING,0
1949,181,117,60000.0,ONLINE_PAYMENT,CONFIRMED,0
1950,425,65,410000.0,QR_CODE,DELIVERED,0
1951,1341,209,375000.0,QR_CODE,CONFIRMED,0
1952,762,132,365000.0,ONLINE_PAYMENT,DELIVERED,0
1953,1380,184,270000.0,ONLINE_PAYMENT,DELIVERING,0
1954,771,,150000.0,ONLINE_PAYMENT,PENDING,0
1955,1694,148,200000.0,ONLINE_PAYMENT,DELIVERING,0
1956,1819,,370000.0,CASH,CANCELLED,0
1957,1018,120,120000.0,ONLINE_PAYMENT,DELIVERING,0
1958,1229,,295000.0,ONLINE_PAYMENT,PENDING,0
1959,202,133,95000.0,QR_CODE,DELIVERED,0
1960,247,147,200000.0,CASH,DELIVERING,0
1961,687,,90000.0,QR_CODE,CANCELLED,0
1962,365,283,1020000.0,CASH,DELIVERED,0
1963,761,168,385000.0,ONLINE_PAYMENT,DELIVERED,0
1964,474,176,150000.0,CASH,DELIVERING,0
1965,1149,,710000.0,ONLINE_PAYMENT,CANCELLED,0
1966,1474,18,230000.0,ONLINE_PAYMENT,DELIVERED,0
1967,756,,315000.0,ONLINE_PAYMENT,CANCELLED,0
1968,53,158,350000.0,QR_CODE,DELIVERING,0
1969,790,62,170000.0,QR_CODE,DELIVERING,0
1970,97,,440000.0,ONLINE_PAYMENT,PENDING,0
1971,278,,450000.0,QR_CODE,CANCELLED,0
1972,1129,,130000.0,QR_CODE,PENDING,0
1973,1000,186,570000.0,ONLINE_PAYMENT,CONFIRMED,0
1974,1003,,135000.0,CASH,PENDING,0
1975,1208,,570000.0,ONLINE_PAYMENT,PENDING,0
1976,1018,118,125000.0,CASH,CONFIRMED,0
1977,161,216,255000.0,QR_CODE,DELIVERING,0
1978,1546,103,505000.0,ONLINE_PAYMENT,DELIVERING,0
1979,563,49,495000.0,QR_CODE,DELIVERED,0
1980,389,,455000.0,ONLINE_PAYMENT,CANCELLED,0
1981,1158,17,375000.0,CASH,CONFIRMED,0
1982,1169,93,160000.0,QR_CODE,DELIVERING,0
1983,1818,206,105000.0,QR_CODE,CONFIRMED,0
1984,992,210,215000.0,QR_CODE,CONFIRMED,0
1985,1911,,275000.0,QR_CODE,CANCELLED,0
1986,370,17,190000.0,QR_CODE,CONFIRMED,0
1987,32,264,215000.0,CASH,DELIVERED,0
1988,1875,23,175000.0,ONLINE_PAYMENT,CONFIRMED,0
1989,1033,,135000.0,ONLINE_PAYMENT,CANCELLED,0
1990,1897,249,225000.0,CASH,CONFIRMED,0
1991,1723,291,555000.0,ONLINE_PAYMENT,CONFIRMED,0
1992,653,,250000.0,ONLINE_PAYMENT,CANCELLED,0
1993,842,140,375000.0,ONLINE_PAYMENT,CONFIRMED,0
1994,1703,176,170000.0,QR_CODE,DELIVERED,0
1995,1755,157,80000.0,ONLINE_PAYMENT,CONFIRMED,0
1996,1323,,390000.0,ONLINE_PAYMENT,CANCELLED,0
1997,432,,150000.0,CASH,CANCELLED,0
1998,112,55,275000.0,CASH,CONFIRMED,0
1999,123,138,190000.0,ONLINE_PAYMENT,DELIVERED,0
2000,328,,325000.0,ONLINE_PAYMENT,CANCELLED,0
2001,1939,64,435000.0,ONLINE_PAYMENT,CONFIRMED,0
2002,1824,,160000.0,ONLINE_PAYMENT,PENDING,0
2003,1280,,565000.0,ONLINE_PAYMENT,CANCELLED,0
2004,1370,,145000.0,QR_CODE,CANCELLED,0
2005,803,12,265000.0,ONLINE_PAYMENT,DELIVERING,0
2006,1524,64,190000.0,QR_CODE,DELIVERED,0
2007,1591,205,480000.0,ONLINE_PAYMENT,DELIVERED,0
2008,101,293,385000.0,CASH,CONFIRMED,0
2009,1567,,200000.0,CASH,CANCELLED,0
2010,276,,510000.0,ONLINE_PAYMENT,CANCELLED,0
2011,1782,,140000.0,QR_CODE,CANCELLED,0
2012,1310,291,670000.0,ONLINE_PAYMENT,DELIVERED,0
2013,1840,212,420000.0,QR_CODE,DELIVERING,0
2014,545,168,405000.0,ONLINE_PAYMENT,CONFIRMED,0
2015,298,80,390000.0,ONLINE_PAYMENT,DELIVERED,0
2016,1473,201,165000.0,CASH,DELIVERING,0
2017,776,176,455000.0,CASH,DELIVERED,0
2018,394,139,570000.0,QR_CODE,DELIVERED,0
2019,1972,60,715000.0,QR_CODE,DELIVERING,0
2020,1808,,465000.0,CASH,PENDING,0
2021,1355,88,150000.0,ONLINE_PAYMENT,DELIVERING,0
2022,435,,270000.0,QR_CODE,PENDING,0
2023,584,,330000.0,ONLINE_PAYMENT,PENDING,0
2024,1388,195,570000.0,ONLINE_PAYMENT,CONFIRMED,0
2025,196,,405000.0,CASH,CANCELLED,0
2026,433,251,75000.0,CASH,DELIVERING,0
2027,647,,465000.0,ONLINE_PAYMENT,CANCELLED,0
2028,1098,,45000.0,ONLINE_PAYMENT,CANCELLED,0
2029,1117,,775000.0,CASH,PENDING,0
2030,516,261,45000.0,ONLINE_PAYMENT,DELIVERING,0
2031,32,,300000.0,QR_CODE,PENDING,0
2032,1976,292,680000.0,CASH,DELIVERING,0
2033,840,,720000.0,ONLINE_PAYMENT,CANCELLED,0
2034,1139,259,510000.0,QR_CODE,DELIVERED,0
2035,1555,230,510000.0,CASH,CONFIRMED,0
2036,1824,192,250000.0,QR_CODE,CONFIRMED,0
2037,1345,67,535000.0,ONLINE_PAYMENT,DELIVERED,0
2038,386,217,535000.0,CASH,CONFIRMED,0
2039,1845,24,415000.0,ONLINE_PAYMENT,DELIVERING,0
2040,695,,505000.0,CASH,PENDING,0
2041,1076,,620000.0,ONLINE_PAYMENT,CANCELLED,0
2042,54,,265000.0,ONLINE_PAYMENT,PENDING,0
2043,517,,405000.0,ONLINE_PAYMENT,PENDING,0
2044,107,290,290000.0,CASH,DELIVERED,0
2045,381,,555000.0,CASH,CANCELLED,0
2046,1471,,565000.0,QR_CODE,CANCELLED,0
2047,724,137,110000.0,QR_CODE,DELIVERED,0
2048,379,66,550000.0,CASH,DELIVERING,0
2049,300,,395000.0,CASH,PENDING,0
2050,464,66,375000.0,QR_CODE,DELIVERED,0
2051,1628,298,900000.0,CASH,CONFIRMED,0
2052,1970,,870000.0,CASH,PENDING,0
2053,41,230,250000.0,QR_CODE,DELIVERING,0
2054,475,127,115000.0,CASH,DELIVERING,0
2055,86,,270000.0,QR_CODE,PENDING,0
2056,1395,244,540000.0,CASH,DELIVERED,0
2057,1053,259,100000.0,CASH,CONFIRMED,0
2058,1699,,300000.0,CASH,PENDING,0
2059,388,,230000.0,CASH,PENDING,0
2060,1270,145,60000.0,ONLINE_PAYMENT,DELIVERING,0
2061,1193,,235000.0,ONLINE_PAYMENT,CANCELLED,0
2062,1690,70,85000.0,QR_CODE,CONFIRMED,0
2063,1003,202,315000.0,ONLINE_PAYMENT,DELIVERING,0
2064,1614,195,225000.0,CASH,CONFIRMED,0
2065,568,136,270000.0,QR_CODE,CONFIRMED,0
2066,432,,685000.0,QR_CODE,CANCELLED,0
2067,589,,280000.0,CASH,PENDING,0
2068,1293,149,255000.0,QR_CODE,DELIVERED,0
2069,1004,241,160000.0,CASH,DELIVERING,0
2070,1882,,580000.0,CASH,PENDING,0
2071,146,,390000.0,ONLINE_PAYMENT,PENDING,0
2072,1082,,605000.0,CASH,CANCELLED,0
2073,1071,135,425000.0,CASH,DELIVERED,0
2074,138,123,370000.0,CASH,DELIVERED,0
2075,1326,222,120000.0,CASH,CONFIRMED,0
2076,1773,245,515000.0,QR_CODE,DELIVERED,0
2077,1385,141,600000.0,CASH,DELIVERING,0
2078,1621,283,705000.0,CASH,CONFIRMED,0
2079,154,33,210000.0,CASH,CONFIRMED,0
2080,165,158,795000.0,CASH,DELIVERED,0
2081,1746,71,615000.0,QR_CODE,CONFIRMED,0
2082,951,180,120000.0,CASH,DELIVERING,0
2083,1620,,275000.0,ONLINE_PAYMENT,PENDING,0
2084,96,,390000.0,CASH,CANCELLED,0
2085,783,98,385000.0,QR_CODE,DELIVERED,0
2086,279,195,195000.0,QR_CODE,DELIVERING,0
2087,351,155,110000.0,ONLINE_PAYMENT,CONFIRMED,0
2088,837,,560000.0,ONLINE_PAYMENT,PENDING,0
2089,1608,201,200000.0,ONLINE_PAYMENT,DELIVERING,0
2090,609,,360000.0,QR_CODE,PENDING,0
2091,463,50,140000.0,QR_CODE,DELIVERING,0
2092,1427,218,565000.0,QR_CODE,DELIVERING,0
2093,999,53,425000.0,CASH,DELIVERING,0
2094,627,290,200000.0,QR_CODE,CONFIRMED,0
2095,1648,251,270000.0,QR_CODE,CONFIRMED,0
2096,1228,142,100000.0,QR_CODE,CONFIRMED,0
2097,1992,92,540000.0,ONLINE_PAYMENT,DELIVERED,0
2098,1352,59,850000.0,ONLINE_PAYMENT,DELIVERING,0
2099,1601,1,540000.0,CASH,CONFIRMED,0
2100,468,,420000.0,QR_CODE,PENDING,0
2101,465,81,135000.0,ONLINE_PAYMENT,CONFIRMED,0
2102,465,3,130000.0,QR_CODE,DELIVERED,0
2103,1020,,440000.0,QR_CODE,CANCELLED,0
2104,1893,134,90000.0,ONLINE_PAYMENT,DELIVERED,0
2105,1533,259,95000.0,ONLINE_PAYMENT,DELIVERED,0
2106,549,100,645000.0,ONLINE_PAYMENT,DELIVERED,0
2107,326,11,495000.0,QR_CODE,DELIVERING,0
2108,1998,40,540000.0,ONLINE_PAYMENT,DELIVERED,0
2109,283,,625000.0,ONLINE_PAYMENT,PENDING,0
2110,1632,55,110000.0,CASH,DELIVERING,0
2111,519,,75000.0,QR_CODE,CANCELLED,0
2112,1890,289,155000.0,QR_CODE,CONFIRMED,0
2113,1700,162,220000.0,CASH,CONFIRMED,0
2114,1357,95,640000.0,ONLINE_PAYMENT,DELIVERING,0
2115,1593,183,130000.0,CASH,CONFIRMED,0
2116,1167,257,555000.0,ONLINE_PAYMENT,DELIVERING,0
2117,772,98,300000.0,ONLINE_PAYMENT,DELIVERING,0
2118,10,297,150000.0,QR_CODE,DELIVERING,0
2119,742,193,180000.0,QR_CODE,DELIVERING,0
2120,735,,340000.0,ONLINE_PAYMENT,CANCELLED,0
2121,1160,,350000.0,ONLINE_PAYMENT,PENDING,0
2122,528,,150000.0,ONLINE_PAYMENT,PENDING,0
2123,1581,250,125000.0,CASH,DELIVERED,0
2124,658,,330000.0,QR_CODE,CANCELLED,0
2125,1856,,390000.0,CASH,PENDING,0
2126,737,,515000.0,ONLINE_PAYMENT,PENDING,0
2127,1834,,105000.0,QR_CODE,CANCELLED,0
2128,1654,193,315000.0,QR_CODE,DELIVERED,0
2129,1272,210,600000.0,CASH,DELIVERING,0
2130,380,202,625000.0,ONLINE_PAYMENT,DELIVERING,0
2131,531,9,440000.0,QR_CODE,DELIVERING,0
2132,1764,39,240000.0,CASH,DELIVERED,0
2133,1508,211,580000.0,QR_CODE,DELIVERING,0
2134,394,63,300000.0,QR_CODE,CONFIRMED,0
2135,422,,825000.0,CASH,PENDING,0
2136,1789,,210000.0,QR_CODE,PENDING,0
2137,292,,40000.0,QR_CODE,CANCELLED,0
2138,830,,525000.0,ONLINE_PAYMENT,CANCELLED,0
2139,1418,,390000.0,CASH,PENDING,0
2140,588,128,690000.0,ONLINE_PAYMENT,DELIVERING,0
2141,429,,115000.0,ONLINE_PAYMENT,PENDING,0
2142,459,33,260000.0,ONLINE_PAYMENT,DELIVERING,0
2143,699,175,315000.0,ONLINE_PAYMENT,DELIVERED,0
2144,785,58,70000.0,CASH,DELIVERED,0
2145,1370,202,530000.0,ONLINE_PAYMENT,DELIVERING,0
2146,675,119,95000.0,ONLINE_PAYMENT,DELIVERED,0
2147,339,,375000.0,ONLINE_PAYMENT,CANCELLED,0
2148,859,69,170000.0,QR_CODE,DELIVERING,0
2149,970,142,235000.0,CASH,DELIVERED,0
2150,1137,,850000.0,ONLINE_PAYMENT,PENDING,0
2151,1601,82,380000.0,QR_CODE,DELIVERING,0
2152,1561,,120000.0,ONLINE_PAYMENT,CANCELLED,0
2153,1640,287,55000.0,QR_CODE,DELIVERED,0
2154,1215,139,80000.0,ONLINE_PAYMENT,DELIVERING,0
2155,1515,295,220000.0,CASH,DELIVERED,0
2156,304,92,840000.0,ONLINE_PAYMENT,DELIVERING,0
2157,574,,420000.0,CASH,CANCELLED,0
2158,1540,,380000.0,CASH,PENDING,0
2159,883,,680000.0,ONLINE_PAYMENT,CANCELLED,0
2160,94,229,810000.0,CASH,DELIVERING,0
2161,1819,135,380000.0,QR_CODE,DELIVERED,0
2162,234,,195000.0,CASH,PENDING,0
2163,1362,,540000.0,QR_CODE,CANCELLED,0
2164,907,259,230000.0,ONLINE_PAYMENT,DELIVERING,0
2165,851,300,650000.0,ONLINE_PAYMENT,DELIVERED,0
2166,1990,112,320000.0,QR_CODE,DELIVERED,0
2167,580,173,300000.0,QR_CODE,DELIVERED,0
2168,206,208,150000.0,ONLINE_PAYMENT,DELIVERED,0
2169,1259,,150000.0,ONLINE_PAYMENT,PENDING,0
2170,413,190,375000.0,ONLINE_PAYMENT,CONFIRMED,0
2171,1400,96,165000.0,CASH,CONFIRMED,0
2172,688,,185000.0,CASH,CANCELLED,0
2173,2000,192,605000.0,ONLINE_PAYMENT,DELIVERING,0
2174,577,218,135000.0,QR_CODE,CONFIRMED,0
2175,663,242,680000.0,CASH,CONFIRMED,0
2176,622,,50000.0,QR_CODE,CANCELLED,0
2177,476,22,195000.0,CASH,DELIVERED,0
2178,212,81,790000.0,ONLINE_PAYMENT,DELIVERING,0
2179,1623,94,525000.0,CASH,DELIVERED,0
2180,1058,,470000.0,CASH,CANCELLED,0
2181,1913,276,375000.0,CASH,DELIVERING,0
2182,1096,,120000.0,ONLINE_PAYMENT,CANCELLED,0
2183,65,18,825000.0,QR_CODE,DELIVERED,0
2184,1155,68,165000.0,QR_CODE,CONFIRMED,0
2185,1905,221,265000.0,CASH,DELIVERED,0
2186,327,,70000.0,QR_CODE,CANCELLED,0
2187,1879,109,410000.0,CASH,CONFIRMED,0
2188,1743,221,535000.0,QR_CODE,DELIVERED,0
2189,851,196,520000.0,CASH,DELIVERED,0
2190,1665,124,460000.0,QR_CODE,CONFIRMED,0
2191,1604,,375000.0,CASH,PENDING,0
2192,1634,115,640000.0,CASH,CONFIRMED,0
2193,1622,,90000.0,QR_CODE,PENDING,0
2194,1281,,180000.0,CASH,CANCELLED,0
2195,760,112,780000.0,QR_CODE,DELIVERED,0
2196,1601,147,205000.0,ONLINE_PAYMENT,CONFIRMED,0
2197,1842,,520000.0,CASH,CANCELLED,0
2198,1803,150,130000.0,QR_CODE,DELIVERING,0
2199,313,104,585000.0,CASH,CONFIRMED,0
2200,291,141,435000.0,QR_CODE,DELIVERED,0
2201,1965,1,150000.0,ONLINE_PAYMENT,DELIVERING,0
2202,1255,298,140000.0,CASH,CONFIRMED,0
2203,1326,,340000.0,CASH,PENDING,0
2204,572,,470000.0,ONLINE_PAYMENT,PENDING,0
2205,1401,55,190000.0,ONLINE_PAYMENT,DELIVERING,0
2206,797,266,190000.0,ONLINE_PAYMENT,DELIVERING,0
2207,1270,21,255000.0,QR_CODE,CONFIRMED,0
2208,163,,280000.0,QR_CODE,CANCELLED,0
2209,1789,,385000.0,ONLINE_PAYMENT,PENDING,0
2210,324,183,535000.0,CASH,DELIVERED,0
2211,1123,,515000.0,CASH,CANCELLED,0
2212,297,55,365000.0,CASH,DELIVERING,0
2213,1452,,680000.0,QR_CODE,PENDING,0
2214,474,,290000.0,ONLINE_PAYMENT,PENDING,0
2215,809,,775000.0,ONLINE_PAYMENT,PENDING,0
2216,146,192,275000.0,ONLINE_PAYMENT,DELIVERING,0
2217,579,133,35000.0,CASH,DELIVERING,0
2218,478,41,790000.0,QR_CODE,CONFIRMED,0
2219,1575,,280000.0,CASH,CANCELLED,0
2220,271,156,755000.0,QR_CODE,DELIVERING,0
2221,1769,214,620000.0,ONLINE_PAYMENT,DELIVERED,0
2222,612,9,280000.0,QR_CODE,DELIVERING,0
2223,1257,276,300000.0,CASH,DELIVERED,0
2224,480,282,460000.0,ONLINE_PAYMENT,DELIVERED,0
2225,1103,284,855000.0,CASH,CONFIRMED,0
2226,447,60,530000.0,CASH,DELIVERED,0
2227,1765,88,150000.0,CASH,DELIVERING,0
2228,1037,,205000.0,ONLINE_PAYMENT,CANCELLED,0
2229,875,281,795000.0,QR_CODE,DELIVERING,0
2230,1023,,150000.0,CASH,PENDING,0
2231,62,,625000.0,ONLINE_PAYMENT,PENDING,0
2232,1098,,140000.0,ONLINE_PAYMENT,PENDING,0
2233,1926,292,435000.0,QR_CODE,DELIVERING,0
2234,780,73,155000.0,ONLINE_PAYMENT,CONFIRMED,0
2235,774,128,180000.0,CASH,CONFIRMED,0
2236,1653,,500000.0,ONLINE_PAYMENT,CANCELLED,0
2237,1232,77,380000.0,CASH,CONFIRMED,0
2238,1491,143,180000.0,ONLINE_PAYMENT,DELIVERING,0
2239,1159,98,360000.0,ONLINE_PAYMENT,CONFIRMED,0
2240,1792,40,525000.0,ONLINE_PAYMENT,CONFIRMED,0
2241,136,,60000.0,QR_CODE,PENDING,0
2242,1311,34,420000.0,ONLINE_PAYMENT,CONFIRMED,0
2243,256,124,320000.0,CASH,CONFIRMED,0
2244,1646,102,200000.0,QR_CODE,DELIVERED,0
2245,1329,256,80000.0,ONLINE_PAYMENT,CONFIRMED,0
2246,1738,216,525000.0,ONLINE_PAYMENT,DELIVERED,0
2247,662,153,95000.0,QR_CODE,DELIVERED,0
2248,655,,480000.0,QR_CODE,PENDING,0
2249,1691,,335000.0,ONLINE_PAYMENT,CANCELLED,0
2250,1593,15,350000.0,CASH,CONFIRMED,0
2251,461,,75000.0,CASH,PENDING,0
2252,1369,210,285000.0,CASH,DELIVERED,0
2253,1977,194,645000.0,CASH,DELIVERED,0
2254,1391,,270000.0,CASH,PENDING,0
2255,1910,,90000.0,ONLINE_PAYMENT,PENDING,0
2256,1713,97,290000.0,CASH,CONFIRMED,0
2257,560,,80000.0,QR_CODE,CANCELLED,0
2258,77,,145000.0,ONLINE_PAYMENT,PENDING,0
2259,203,151,620000.0,ONLINE_PAYMENT,DELIVERED,0
2260,20,22,660000.0,ONLINE_PAYMENT,CONFIRMED,0
2261,1773,141,600000.0,ONLINE_PAYMENT,DELIVERING,0
2262,1476,35,405000.0,QR_CODE,DELIVERING,0
2263,20,278,555000.0,QR_CODE,CONFIRMED,0
2264,1504,,120000.0,CASH,PENDING,0
2265,1569,,305000.0,QR_CODE,CANCELLED,0
2266,180,206,730000.0,CASH,DELIVERING,0
2267,1387,214,40000.0,CASH,CONFIRMED,0
2268,469,,100000.0,ONLINE_PAYMENT,PENDING,0
2269,1706,,95000.0,ONLINE_PAYMENT,CANCELLED,0
2270,804,,135000.0,ONLINE_PAYMENT,CANCELLED,0
2271,217,,675000.0,QR_CODE,PENDING,0
2272,1599,221,65000.0,CASH,DELIVERED,0
2273,148,,240000.0,ONLINE_PAYMENT,CANCELLED,0
2274,1904,,870000.0,QR_CODE,PENDING,0
2275,698,115,525000.0,QR_CODE,CONFIRMED,0
2276,941,283,325000.0,QR_CODE,CONFIRMED,0
2277,396,176,260000.0,ONLINE_PAYMENT,DELIVERING,0
2278,1016,255,280000.0,ONLINE_PAYMENT,DELIVERED,0
2279,532,,390000.0,CASH,CANCELLED,0
2280,375,,315000.0,QR_CODE,PENDING,0
2281,1176,60,130000.0,CASH,DELIVERED,0
2282,928,142,320000.0,ONLINE_PAYMENT,DELIVERED,0
2283,1899,182,300000.0,QR_CODE,CONFIRMED,0
2284,806,72,500000.0,ONLINE_PAYMENT,CONFIRMED,0
2285,1712,202,405000.0,ONLINE_PAYMENT,DELIVERED,0
2286,720,,310000.0,ONLINE_PAYMENT,CANCELLED,0
2287,1977,35,625000.0,CASH,DELIVERING,0
2288,220,217,410000.0,QR_CODE,DELIVERED,0
2289,1166,288,90000.0,QR_CODE,DELIVERING,0
2290,666,49,490000.0,CASH,DELIVERED,0
2291,1085,,85000.0,QR_CODE,PENDING,0
2292,1412,289,95000.0,CASH,CONFIRMED,0
2293,960,234,435000.0,CASH,CONFIRMED,0
2294,1136,,285000.0,CASH,PENDING,0
2295,673,53,410000.0,ONLINE_PAYMENT,CONFIRMED,0
2296,403,,320000.0,CASH,PENDING,0
2297,61,274,790000.0,CASH,CONFIRMED,0
2298,394,,225000.0,CASH,PENDING,0
2299,119,202,655000.0,CASH,DELIVERING,0
2300,1606,,665000.0,QR_CODE,CANCELLED,0
2301,1077,29,35000.0,ONLINE_PAYMENT,DELIVERING,0
2302,690,267,725000.0,ONLINE_PAYMENT,DELIVERING,0
2303,487,201,450000.0,CASH,DELIVERING,0
2304,854,108,345000.0,QR_CODE,DELIVERING,0
2305,686,,115000.0,CASH,CANCELLED,0
2306,272,,90000.0,ONLINE_PAYMENT,CANCELLED,0
2307,1773,,185000.0,CASH,PENDING,0
2308,1995,72,460000.0,CASH,CONFIRMED,0
2309,652,,150000.0,ONLINE_PAYMENT,PENDING,0
2310,1256,,140000.0,ONLINE_PAYMENT,PENDING,0
2311,373,122,500000.0,ONLINE_PAYMENT,DELIVERED,0
2312,41,109,130000.0,CASH,DELIVERING,0
2313,141,69,90000.0,QR_CODE,DELIVERING,0
2314,184,258,475000.0,ONLINE_PAYMENT,CONFIRMED,0
2315,238,230,300000.0,ONLINE_PAYMENT,DELIVERING,0
2316,1424,183,525000.0,ONLINE_PAYMENT,DELIVERED,0
2317,1156,,345000.0,ONLINE_PAYMENT,CANCELLED,0
2318,299,125,750000.0,QR_CODE,DELIVERING,0
2319,535,,120000.0,ONLINE_PAYMENT,CANCELLED,0
2320,589,213,110000.0,CASH,DELIVERED,0
2321,1011,,510000.0,CASH,PENDING,0
2322,599,,180000.0,ONLINE_PAYMENT,PENDING,0
2323,1096,259,675000.0,QR_CODE,DELIVERING,0
2324,1085,,255000.0,ONLINE_PAYMENT,PENDING,0
2325,310,,50000.0,QR_CODE,PENDING,0
2326,858,42,160000.0,ONLINE_PAYMENT,CONFIRMED,0
2327,278,,205000.0,QR_CODE,CANCELLED,0
2328,761,155,315000.0,ONLINE_PAYMENT,DELIVERING,0
2329,901,15,100000.0,CASH,DELIVERED,0
2330,736,,420000.0,CASH,PENDING,0
2331,1492,,180000.0,ONLINE_PAYMENT,CANCELLED,0
2332,1943,158,225000.0,ONLINE_PAYMENT,DELIVERED,0
2333,1756,,620000.0,ONLINE_PAYMENT,CANCELLED,0
2334,530,109,105000.0,QR_CODE,DELIVERING,0
2335,852,228,345000.0,QR_CODE,DELIVERING,0
2336,1062,,175000.0,CASH,CANCELLED,0
2337,361,,355000.0,CASH,CANCELLED,0
2338,377,,585000.0,CASH,PENDING,0
2339,1367,,240000.0,CASH,PENDING,0
2340,204,57,180000.0,CASH,DELIVERED,0
2341,1655,178,310000.0,QR_CODE,DELIVERED,0
2342,1217,,245000.0,ONLINE_PAYMENT,PENDING,0
2343,1012,274,310000.0,QR_CODE,DELIVERED,0
2344,183,201,525000.0,ONLINE_PAYMENT,CONFIRMED,0
2345,1474,,620000.0,ONLINE_PAYMENT,PENDING,0
2346,271,,230000.0,CASH,CANCELLED,0
2347,1444,,465000.0,QR_CODE,CANCELLED,0
2348,152,,170000.0,QR_CODE,CANCELLED,0
2349,1677,67,30000.0,CASH,CONFIRMED,0
2350,1662,,110000.0,ONLINE_PAYMENT,PENDING,0
2351,1961,,570000.0,QR_CODE,CANCELLED,0
2352,1901,,95000.0,CASH,CANCELLED,0
2353,322,,290000.0,QR_CODE,CANCELLED,0
2354,508,,180000.0,CASH,PENDING,0
2355,878,,575000.0,QR_CODE,PENDING,0
2356,1678,35,210000.0,CASH,DELIVERED,0
2357,1444,287,375000.0,CASH,DELIVERED,0
2358,416,,505000.0,QR_CODE,CANCELLED,0
2359,1128,194,960000.0,CASH,DELIVERING,0
2360,1150,162,675000.0,CASH,DELIVERING,0
2361,348,198,250000.0,ONLINE_PAYMENT,CONFIRMED,0
2362,318,,600000.0,CASH,PENDING,0
2363,1698,,295000.0,ONLINE_PAYMENT,PENDING,0
2364,1904,,175000.0,QR_CODE,PENDING,0
2365,463,,215000.0,QR_CODE,PENDING,0
2366,1980,,630000.0,ONLINE_PAYMENT,CANCELLED,0
2367,1984,93,55000.0,ONLINE_PAYMENT,DELIVERED,0
2368,1824,,825000.0,QR_CODE,PENDING,0
2369,634,125,595000.0,QR_CODE,DELIVERING,0
2370,1746,133,45000.0,CASH,CONFIRMED,0
2371,1870,161,100000.0,ONLINE_PAYMENT,CONFIRMED,0
2372,1843,,210000.0,ONLINE_PAYMENT,PENDING,0
2373,506,233,250000.0,CASH,CONFIRMED,0
2374,1855,90,375000.0,QR_CODE,DELIVERED,0
2375,1583,,315000.0,ONLINE_PAYMENT,CANCELLED,0
2376,864,180,395000.0,CASH,DELIVERED,0
2377,730,,195000.0,QR_CODE,CANCELLED,0
2378,845,,245000.0,ONLINE_PAYMENT,CANCELLED,0
2379,923,,560000.0,CASH,CANCELLED,0
2380,631,108,140000.0,QR_CODE,DELIVERED,0
2381,266,,370000.0,ONLINE_PAYMENT,CANCELLED,0
2382,37,,70000.0,CASH,PENDING,0
2383,1317,,720000.0,CASH,CANCELLED,0
2384,758,44,400000.0,CASH,DELIVERING,0
2385,268,,530000.0,ONLINE_PAYMENT,CANCELLED,0
2386,1136,84,500000.0,CASH,CONFIRMED,0
2387,935,,285000.0,CASH,CANCELLED,0
2388,1134,,425000.0,QR_CODE,PENDING,0
2389,1116,278,520000.0,QR_CODE,CONFIRMED,0
2390,216,137,210000.0,ONLINE_PAYMENT,DELIVERING,0
2391,1813,,220000.0,ONLINE_PAYMENT,PENDING,0
2392,618,,210000.0,CASH,PENDING,0
2393,1897,143,505000.0,ONLINE_PAYMENT,CONFIRMED,0
2394,1980,80,390000.0,CASH,DELIVERING,0
2395,1972,212,420000.0,ONLINE_PAYMENT,CONFIRMED,0
2396,549,262,465000.0,QR_CODE,CONFIRMED,0
2397,714,101,480000.0,CASH,DELIVERED,0
2398,1468,,580000.0,QR_CODE,PENDING,0
2399,537,106,510000.0,QR_CODE,CONFIRMED,0
2400,227,60,260000.0,CASH,DELIVERED,0
2401,265,,555000.0,ONLINE_PAYMENT,PENDING,0
2402,1500,,630000.0,CASH,PENDING,0
2403,1094,,285000.0,ONLINE_PAYMENT,PENDING,0
2404,517,167,725000.0,ONLINE_PAYMENT,DELIVERING,0
2405,1597,28,255000.0,QR_CODE,DELIVERING,0
2406,302,273,270000.0,CASH,DELIVERING,0
2407,1818,175,300000.0,QR_CODE,CONFIRMED,0
2408,845,83,440000.0,CASH,CONFIRMED,0
2409,1677,,375000.0,CASH,CANCELLED,0
2410,663,260,445000.0,ONLINE_PAYMENT,CONFIRMED,0
2411,1567,,690000.0,QR_CODE,PENDING,0
2412,242,66,145000.0,QR_CODE,CONFIRMED,0
2413,145,170,545000.0,ONLINE_PAYMENT,CONFIRMED,0
2414,1391,,130000.0,ONLINE_PAYMENT,CANCELLED,0
2415,836,,150000.0,QR_CODE,CANCELLED,0
2416,1591,252,105000.0,CASH,CONFIRMED,0
2417,377,288,415000.0,CASH,DELIVERED,0
2418,468,6,605000.0,CASH,DELIVERED,0
2419,1729,113,510000.0,QR_CODE,CONFIRMED,0
2420,1735,182,270000.0,QR_CODE,DELIVERING,0
2421,975,,405000.0,QR_CODE,PENDING,0
2422,160,149,610000.0,QR_CODE,DELIVERING,0
2423,1640,295,615000.0,ONLINE_PAYMENT,DELIVERING,0
2424,909,153,275000.0,CASH,DELIVERED,0
2425,759,,150000.0,ONLINE_PAYMENT,CANCELLED,0
2426,295,7,70000.0,QR_CODE,CONFIRMED,0
2427,1276,,340000.0,CASH,CANCELLED,0
2428,431,,215000.0,ONLINE_PAYMENT,PENDING,0
2429,1443,,840000.0,CASH,CANCELLED,0
2430,1754,204,305000.0,CASH,DELIVERING,0
2431,498,,70000.0,QR_CODE,PENDING,0
2432,620,119,170000.0,ONLINE_PAYMENT,CONFIRMED,0
2433,1110,39,435000.0,QR_CODE,DELIVERING,0
2434,1932,,240000.0,CASH,CANCELLED,0
2435,1290,137,30000.0,CASH,DELIVERED,0
2436,757,9,195000.0,ONLINE_PAYMENT,DELIVERED,0
2437,1250,288,250000.0,CASH,DELIVERING,0
2438,1935,6,145000.0,QR_CODE,DELIVERED,0
2439,1444,,500000.0,QR_CODE,CANCELLED,0
2440,1850,169,380000.0,ONLINE_PAYMENT,DELIVERED,0
2441,1826,,435000.0,QR_CODE,PENDING,0
2442,723,185,210000.0,ONLINE_PAYMENT,DELIVERED,0
2443,1898,,405000.0,CASH,PENDING,0
2444,661,282,855000.0,QR_CODE,DELIVERED,0
2445,1352,,625000.0,CASH,PENDING,0
2446,1916,243,160000.0,CASH,CONFIRMED,0
2447,1231,,160000.0,QR_CODE,CANCELLED,0
2448,1794,271,515000.0,QR_CODE,CONFIRMED,0
2449,566,,135000.0,ONLINE_PAYMENT,PENDING,0
2450,1957,10,660000.0,ONLINE_PAYMENT,DELIVERING,0
2451,1369,283,150000.0,CASH,DELIVERING,0
2452,1583,,215000.0,QR_CODE,PENDING,0
2453,282,,345000.0,QR_CODE,CANCELLED,0
2454,676,235,470000.0,ONLINE_PAYMENT,DELIVERED,0
2455,1656,62,450000.0,CASH,DELIVERING,0
2456,1137,,510000.0,QR_CODE,PENDING,0
2457,1132,235,335000.0,CASH,DELIVERED,0
2458,183,,390000.0,QR_CODE,CANCELLED,0
2459,691,153,110000.0,ONLINE_PAYMENT,CONFIRMED,0
2460,198,,265000.0,QR_CODE,CANCELLED,0
2461,84,55,635000.0,QR_CODE,CONFIRMED,0
2462,625,,55000.0,CASH,CANCELLED,0
2463,263,290,140000.0,ONLINE_PAYMENT,CONFIRMED,0
2464,473,12,805000.0,CASH,DELIVERED,0
2465,971,,270000.0,ONLINE_PAYMENT,CANCELLED,0
2466,963,166,380000.0,QR_CODE,CONFIRMED,0
2467,1879,269,30000.0,ONLINE_PAYMENT,DELIVERING,0
2468,1918,30,165000.0,ONLINE_PAYMENT,CONFIRMED,0
2469,1856,5,715000.0,ONLINE_PAYMENT,CONFIRMED,0
2470,1698,185,570000.0,CASH,DELIVERING,0
2471,1520,,360000.0,QR_CODE,CANCELLED,0
2472,1408,75,300000.0,CASH,DELIVERING,0
2473,834,287,300000.0,CASH,DELIVERING,0
2474,266,,60000.0,QR_CODE,CANCELLED,0
2475,1487,,470000.0,QR_CODE,CANCELLED,0
2476,1685,,55000.0,QR_CODE,PENDING,0
2477,317,,150000.0,CASH,PENDING,0
2478,1755,38,130000.0,QR_CODE,CONFIRMED,0
2479,486,259,160000.0,QR_CODE,DELIVERING,0
2480,800,,715000.0,CASH,PENDING,0
2481,1047,217,640000.0,QR_CODE,DELIVERED,0
2482,1864,,230000.0,ONLINE_PAYMENT,CANCELLED,0
2483,1673,,205000.0,ONLINE_PAYMENT,CANCELLED,0
2484,1180,,520000.0,CASH,CANCELLED,0
2485,1570,,540000.0,CASH,CANCELLED,0
2486,664,122,310000.0,ONLINE_PAYMENT,DELIVERING,0
2487,1050,151,70000.0,ONLINE_PAYMENT,CONFIRMED,0
2488,80,,255000.0,CASH,CANCELLED,0
2489,1261,,165000.0,ONLINE_PAYMENT,CANCELLED,0
2490,1467,16,220000.0,QR_CODE,DELIVERED,0
2491,1297,,300000.0,QR_CODE,PENDING,0
2492,1534,,255000.0,ONLINE_PAYMENT,PENDING,0
2493,84,,120000.0,CASH,PENDING,0
2494,975,,415000.0,CASH,CANCELLED,0
2495,764,125,105000.0,ONLINE_PAYMENT,DELIVERING,0
2496,891,186,445000.0,ONLINE_PAYMENT,DELIVERING,0
2497,846,,135000.0,QR_CODE,PENDING,0
2498,1907,29,90000.0,CASH,CONFIRMED,0
2499,853,,540000.0,CASH,CANCELLED,0
2500,1936,246,270000.0,CASH,DELIVERING,0
2501,325,,150000.0,QR_CODE,PENDING,0
2502,720,,460000.0,CASH,CANCELLED,0
2503,555,,500000.0,CASH,CANCELLED,0
2504,1387,,280000.0,ONLINE_PAYMENT,PENDING,0
2505,1340,,425000.0,ONLINE_PAYMENT,CANCELLED,0
2506,834,,80000.0,ONLINE_PAYMENT,PENDING,0
2507,1295,255,380000.0,ONLINE_PAYMENT,DELIVERING,0
2508,760,118,490000.0,ONLINE_PAYMENT,DELIVERED,0
2509,213,256,345000.0,QR_CODE,DELIVERED,0
2510,288,9,90000.0,CASH,CONFIRMED,0
2511,189,,630000.0,QR_CODE,CANCELLED,0
2512,1252,6,45000.0,ONLINE_PAYMENT,CONFIRMED,0
2513,1575,20,420000.0,CASH,DELIVERED,0
2514,1913,,105000.0,CASH,PENDING,0
2515,1646,219,170000.0,QR_CODE,CONFIRMED,0
2516,1805,87,650000.0,CASH,DELIVERED,0
2517,1208,,275000.0,ONLINE_PAYMENT,PENDING,0
2518,1959,17,150000.0,QR_CODE,DELIVERING,0
2519,1408,61,145000.0,QR_CODE,DELIVERING,0
2520,1409,101,130000.0,ONLINE_PAYMENT,CONFIRMED,0
2521,1990,,180000.0,ONLINE_PAYMENT,CANCELLED,0
2522,419,,340000.0,CASH,CANCELLED,0
2523,978,189,295000.0,QR_CODE,CONFIRMED,0
2524,155,111,190000.0,ONLINE_PAYMENT,DELIVERING,0
2525,705,254,615000.0,CASH,CONFIRMED,0
2526,728,222,255000.0,ONLINE_PAYMENT,DELIVERED,0
2527,1176,,95000.0,CASH,PENDING,0
2528,1289,210,570000.0,QR_CODE,DELIVERED,0
2529,313,,245000.0,ONLINE_PAYMENT,PENDING,0
2530,69,54,360000.0,ONLINE_PAYMENT,DELIVERING,0
2531,262,2,270000.0,CASH,DELIVERING,0
2532,1070,81,55000.0,QR_CODE,DELIVERED,0
2533,51,178,230000.0,ONLINE_PAYMENT,DELIVERED,0
2534,798,,360000.0,QR_CODE,CANCELLED,0
2535,1569,158,130000.0,QR_CODE,DELIVERED,0
2536,1130,54,465000.0,CASH,DELIVERED,0
2537,1660,269,820000.0,CASH,DELIVERING,0
2538,1385,,360000.0,QR_CODE,CANCELLED,0
2539,659,,285000.0,QR_CODE,CANCELLED,0
2540,772,,415000.0,ONLINE_PAYMENT,CANCELLED,0
2541,1629,22,685000.0,ONLINE_PAYMENT,CONFIRMED,0
2542,636,60,715000.0,ONLINE_PAYMENT,CONFIRMED,0
2543,1586,175,210000.0,QR_CODE,DELIVERED,0
2544,1386,149,570000.0,QR_CODE,DELIVERED,0
2545,140,,465000.0,CASH,CANCELLED,0
2546,713,,590000.0,QR_CODE,PENDING,0
2547,587,,90000.0,QR_CODE,CANCELLED,0
2548,1320,,350000.0,ONLINE_PAYMENT,CANCELLED,0
2549,168,,110000.0,ONLINE_PAYMENT,CANCELLED,0
2550,1876,,280000.0,CASH,PENDING,0
2551,1912,,445000.0,ONLINE_PAYMENT,PENDING,0
2552,1903,12,150000.0,QR_CODE,DELIVERED,0
2553,1374,67,90000.0,QR_CODE,DELIVERING,0
2554,546,,575000.0,ONLINE_PAYMENT,CANCELLED,0
2555,1938,188,155000.0,QR_CODE,CONFIRMED,0
2556,809,195,250000.0,ONLINE_PAYMENT,DELIVERED,0
2557,1959,298,390000.0,ONLINE_PAYMENT,CONFIRMED,0
2558,1300,,260000.0,CASH,PENDING,0
2559,1519,247,390000.0,CASH,DELIVERED,0
2560,1536,94,160000.0,CASH,DELIVERED,0
2561,905,270,795000.0,ONLINE_PAYMENT,CONFIRMED,0
2562,442,272,235000.0,CASH,DELIVERING,0
2563,1737,,30000.0,ONLINE_PAYMENT,CANCELLED,0
2564,1020,,140000.0,CASH,CANCELLED,0
2565,1990,,255000.0,QR_CODE,CANCELLED,0
2566,1353,232,345000.0,CASH,CONFIRMED,0
2567,1886,,445000.0,ONLINE_PAYMENT,PENDING,0
2568,1010,152,150000.0,QR_CODE,DELIVERED,0
2569,1168,103,50000.0,QR_CODE,DELIVERING,0
2570,1239,,140000.0,CASH,PENDING,0
2571,1396,53,115000.0,QR_CODE,DELIVERED,0
2572,191,57,420000.0,CASH,DELIVERING,0
2573,1332,133,180000.0,QR_CODE,CONFIRMED,0
2574,55,,175000.0,ONLINE_PAYMENT,PENDING,0
2575,1766,122,80000.0,ONLINE_PAYMENT,DELIVERING,0
2576,279,222,285000.0,QR_CODE,DELIVERING,0
2577,395,,915000.0,QR_CODE,CANCELLED,0
2578,1192,249,300000.0,CASH,DELIVERED,0
2579,1796,132,105000.0,CASH,CONFIRMED,0
2580,1706,57,270000.0,CASH,DELIVERING,0
2581,463,106,280000.0,CASH,DELIVERING,0
2582,328,,225000.0,CASH,PENDING,0
2583,457,,500000.0,ONLINE_PAYMENT,PENDING,0
2584,1407,,480000.0,CASH,CANCELLED,0
2585,974,23,520000.0,QR_CODE,CONFIRMED,0
2586,1349,8,50000.0,ONLINE_PAYMENT,DELIVERING,0
2587,1680,22,550000.0,CASH,DELIVERED,0
2588,887,,40000.0,QR_CODE,CANCELLED,0
2589,1896,,940000.0,ONLINE_PAYMENT,CANCELLED,0
2590,1054,129,470000.0,ONLINE_PAYMENT,CONFIRMED,0
2591,512,54,195000.0,ONLINE_PAYMENT,DELIVERING,0
2592,1385,218,90000.0,CASH,DELIVERING,0
2593,1501,,185000.0,CASH,CANCELLED,0
2594,849,182,295000.0,ONLINE_PAYMENT,DELIVERED,0
2595,476,,135000.0,QR_CODE,CANCELLED,0
2596,1763,7,285000.0,ONLINE_PAYMENT,DELIVERED,0
2597,1236,109,170000.0,CASH,DELIVERING,0
2598,346,62,225000.0,ONLINE_PAYMENT,DELIVERING,0
2599,1451,,105000.0,ONLINE_PAYMENT,CANCELLED,0
2600,1412,34,395000.0,QR_CODE,DELIVERING,0
2601,306,105,650000.0,QR_CODE,DELIVERING,0
2602,428,34,430000.0,QR_CODE,DELIVERED,0
2603,1162,221,470000.0,QR_CODE,DELIVERING,0
2604,1456,204,310000.0,QR_CODE,DELIVERING,0
2605,743,248,435000.0,ONLINE_PAYMENT,DELIVERED,0
2606,240,,510000.0,ONLINE_PAYMENT,PENDING,0
2607,455,178,270000.0,QR_CODE,CONFIRMED,0
2608,504,,555000.0,CASH,CANCELLED,0
2609,329,12,255000.0,ONLINE_PAYMENT,CONFIRMED,0
2610,1700,,75000.0,QR_CODE,CANCELLED,0
2611,1055,,545000.0,ONLINE_PAYMENT,CANCELLED,0
2612,1412,,420000.0,QR_CODE,PENDING,0
2613,1291,135,130000.0,ONLINE_PAYMENT,DELIVERED,0
2614,198,184,240000.0,CASH,CONFIRMED,0
2615,604,146,515000.0,ONLINE_PAYMENT,CONFIRMED,0
2616,1300,,560000.0,ONLINE_PAYMENT,CANCELLED,0
2617,987,159,235000.0,ONLINE_PAYMENT,DELIVERED,0
2618,1300,137,230000.0,ONLINE_PAYMENT,DELIVERING,0
2619,335,41,205000.0,QR_CODE,CONFIRMED,0
2620,1166,270,315000.0,CASH,CONFIRMED,0
2621,445,18,230000.0,ONLINE_PAYMENT,CONFIRMED,0
2622,102,83,255000.0,CASH,DELIVERING,0
2623,1679,283,670000.0,QR_CODE,DELIVERED,0
2624,559,,690000.0,ONLINE_PAYMENT,PENDING,0
2625,1676,,145000.0,ONLINE_PAYMENT,PENDING,0
2626,290,,150000.0,QR_CODE,PENDING,0
2627,891,124,95000.0,QR_CODE,DELIVERING,0
2628,892,228,300000.0,CASH,DELIVERING,0
2629,134,,40000.0,CASH,CANCELLED,0
2630,1620,,110000.0,CASH,PENDING,0
2631,910,,90000.0,QR_CODE,PENDING,0
2632,988,251,65000.0,ONLINE_PAYMENT,CONFIRMED,0
2633,572,173,400000.0,ONLINE_PAYMENT,CONFIRMED,0
2634,39,68,465000.0,QR_CODE,CONFIRMED,0
2635,1404,140,605000.0,CASH,CONFIRMED,0
2636,215,19,30000.0,QR_CODE,DELIVERED,0
2637,1217,,180000.0,QR_CODE,PENDING,0
2638,800,261,135000.0,ONLINE_PAYMENT,DELIVERING,0
2639,101,27,290000.0,CASH,CONFIRMED,0
2640,1703,,375000.0,QR_CODE,CANCELLED,0
2641,839,93,210000.0,CASH,DELIVERED,0
2642,405,,340000.0,CASH,PENDING,0
2643,1364,68,480000.0,ONLINE_PAYMENT,DELIVERING,0
2644,1886,266,670000.0,CASH,DELIVERED,0
2645,898,,165000.0,QR_CODE,PENDING,0
2646,518,,450000.0,CASH,PENDING,0
2647,1014,,125000.0,QR_CODE,PENDING,0
2648,1835,,375000.0,ONLINE_PAYMENT,PENDING,0
2649,1459,274,415000.0,ONLINE_PAYMENT,DELIVERING,0
2650,729,273,425000.0,ONLINE_PAYMENT,DELIVERING,0
2651,620,,300000.0,CASH,CANCELLED,0
2652,1016,164,195000.0,QR_CODE,CONFIRMED,0
2653,1591,1,755000.0,ONLINE_PAYMENT,DELIVERING,0
2654,969,248,180000.0,ONLINE_PAYMENT,DELIVERING,0
2655,553,,95000.0,CASH,PENDING,0
2656,1808,,335000.0,CASH,PENDING,0
2657,1874,73,540000.0,QR_CODE,DELIVERED,0
2658,85,,300000.0,ONLINE_PAYMENT,CANCELLED,0
2659,1739,200,195000.0,CASH,DELIVERED,0
2660,89,,570000.0,ONLINE_PAYMENT,CANCELLED,0
2661,1108,,500000.0,CASH,PENDING,0
2662,273,191,190000.0,CASH,CONFIRMED,0
2663,542,262,375000.0,CASH,CONFIRMED,0
2664,1011,11,660000.0,ONLINE_PAYMENT,DELIVERED,0
2665,1059,143,405000.0,ONLINE_PAYMENT,DELIVERING,0
2666,643,147,320000.0,QR_CODE,CONFIRMED,0
2667,1731,,690000.0,QR_CODE,PENDING,0
2668,1189,19,330000.0,ONLINE_PAYMENT,DELIVERED,0
2669,483,,340000.0,CASH,PENDING,0
2670,1151,,195000.0,CASH,PENDING,0
2671,1431,197,300000.0,QR_CODE,DELIVERED,0
2672,787,58,70000.0,QR_CODE,CONFIRMED,0
2673,154,170,305000.0,CASH,DELIVERING,0
2674,1947,290,250000.0,QR_CODE,DELIVERED,0
2675,998,,480000.0,ONLINE_PAYMENT,CANCELLED,0
2676,1530,,255000.0,CASH,CANCELLED,0
2677,604,51,475000.0,CASH,DELIVERED,0
2678,1873,253,535000.0,QR_CODE,DELIVERED,0
2679,87,,125000.0,CASH,CANCELLED,0
2680,1018,,195000.0,ONLINE_PAYMENT,CANCELLED,0
2681,445,,930000.0,QR_CODE,CANCELLED,0
2682,345,235,410000.0,CASH,CONFIRMED,0
2683,1099,,310000.0,ONLINE_PAYMENT,CANCELLED,0
2684,190,,360000.0,CASH,PENDING,0
2685,1360,74,370000.0,CASH,DELIVERING,0
2686,1538,,245000.0,ONLINE_PAYMENT,CANCELLED,0
2687,812,,210000.0,CASH,PENDING,0
2688,1356,,345000.0,ONLINE_PAYMENT,CANCELLED,0
2689,1817,285,330000.0,CASH,DELIVERED,0
2690,1889,269,360000.0,ONLINE_PAYMENT,DELIVERING,0
2691,395,,495000.0,ONLINE_PAYMENT,CANCELLED,0
2692,1077,79,220000.0,CASH,DELIVERED,0
2693,879,,360000.0,ONLINE_PAYMENT,CANCELLED,0
2694,1560,,370000.0,CASH,CANCELLED,0
2695,48,44,540000.0,CASH,CONFIRMED,0
2696,1295,,590000.0,CASH,PENDING,0
2697,108,96,425000.0,ONLINE_PAYMENT,CONFIRMED,0
2698,710,,410000.0,ONLINE_PAYMENT,CANCELLED,0
2699,1416,,225000.0,QR_CODE,CANCELLED,0
2700,1345,99,100000.0,CASH,DELIVERED,0
2701,293,266,650000.0,CASH,DELIVERING,0
2702,682,,270000.0,QR_CODE,PENDING,0
2703,1094,173,205000.0,ONLINE_PAYMENT,DELIVERED,0
2704,1367,220,285000.0,CASH,CONFIRMED,0
2705,1083,,480000.0,ONLINE_PAYMENT,PENDING,0
2706,429,217,210000.0,ONLINE_PAYMENT,DELIVERED,0
2707,1681,,335000.0,QR_CODE,PENDING,0
2708,1711,140,560000.0,ONLINE_PAYMENT,CONFIRMED,0
2709,972,,455000.0,QR_CODE,PENDING,0
2710,1663,180,395000.0,CASH,DELIVERING,0
2711,1818,,185000.0,ONLINE_PAYMENT,PENDING,0
2712,322,162,745000.0,ONLINE_PAYMENT,CONFIRMED,0
2713,1942,195,210000.0,QR_CODE,DELIVERING,0
2714,115,100,65000.0,CASH,CONFIRMED,0
2715,881,43,505000.0,CASH,CONFIRMED,0
2716,1600,195,505000.0,ONLINE_PAYMENT,CONFIRMED,0
2717,1551,231,470000.0,QR_CODE,DELIVERING,0
2718,1047,69,440000.0,ONLINE_PAYMENT,DELIVERED,0
2719,1424,,205000.0,QR_CODE,PENDING,0
2720,1798,276,410000.0,CASH,CONFIRMED,0
2721,683,55,710000.0,CASH,DELIVERED,0
2722,146,223,365000.0,ONLINE_PAYMENT,DELIVERING,0
2723,543,4,580000.0,CASH,DELIVERED,0
2724,1764,,335000.0,ONLINE_PAYMENT,PENDING,0
2725,640,4,360000.0,QR_CODE,CONFIRMED,0
2726,607,198,75000.0,QR_CODE,DELIVERED,0
2727,832,,360000.0,QR_CODE,PENDING,0
2728,1597,260,230000.0,QR_CODE,DELIVERING,0
2729,1368,135,490000.0,QR_CODE,CONFIRMED,0
2730,1561,254,190000.0,CASH,DELIVERING,0
2731,1732,47,535000.0,CASH,DELIVERING,0
2732,1063,,495000.0,QR_CODE,CANCELLED,0
2733,1797,158,420000.0,QR_CODE,DELIVERING,0
2734,948,250,540000.0,QR_CODE,DELIVERING,0
2735,1585,,245000.0,CASH,CANCELLED,0
2736,11,241,435000.0,QR_CODE,DELIVERED,0
2737,1503,,650000.0,CASH,PENDING,0
2738,829,116,245000.0,ONLINE_PAYMENT,DELIVERED,0
2739,549,200,275000.0,QR_CODE,CONFIRMED,0
2740,896,171,145000.0,CASH,DELIVERING,0
2741,21,279,330000.0,ONLINE_PAYMENT,DELIVERING,0
2742,1492,,390000.0,QR_CODE,PENDING,0
2743,162,,110000.0,CASH,PENDING,0
2744,1661,83,375000.0,ONLINE_PAYMENT,DELIVERING,0
2745,1494,299,430000.0,QR_CODE,DELIVERING,0
2746,879,293,550000.0,QR_CODE,DELIVERED,0
2747,1827,50,400000.0,QR_CODE,CONFIRMED,0
2748,1495,,960000.0,CASH,PENDING,0
2749,1475,249,365000.0,CASH,CONFIRMED,0
2750,1280,,340000.0,ONLINE_PAYMENT,PENDING,0
2751,526,,550000.0,QR_CODE,CANCELLED,0
2752,1270,,435000.0,ONLINE_PAYMENT,PENDING,0
2753,596,,120000.0,QR_CODE,CANCELLED,0
2754,746,,150000.0,ONLINE_PAYMENT,PENDING,0
2755,185,,640000.0,QR_CODE,PENDING,0
2756,1364,2,170000.0,ONLINE_PAYMENT,DELIVERED,0
2757,1390,257,175000.0,QR_CODE,CONFIRMED,0
2758,1260,,105000.0,CASH,CANCELLED,0
2759,1951,,100000.0,QR_CODE,PENDING,0
2760,375,154,200000.0,CASH,DELIVERING,0
2761,455,172,510000.0,CASH,CONFIRMED,0
2762,617,141,445000.0,QR_CODE,CONFIRMED,0
2763,508,135,115000.0,CASH,DELIVERED,0
2764,13,140,85000.0,CASH,DELIVERED,0
2765,1165,,300000.0,QR_CODE,PENDING,0
2766,207,,570000.0,ONLINE_PAYMENT,PENDING,0
2767,1832,,655000.0,QR_CODE,PENDING,0
2768,87,239,285000.0,ONLINE_PAYMENT,DELIVERING,0
2769,1429,179,90000.0,QR_CODE,CONFIRMED,0
2770,1343,187,645000.0,CASH,DELIVERING,0
2771,860,113,300000.0,ONLINE_PAYMENT,DELIVERING,0
2772,1257,205,190000.0,QR_CODE,DELIVERED,0
2773,1798,88,445000.0,QR_CODE,DELIVERED,0
2774,558,,150000.0,CASH,CANCELLED,0
2775,1091,,105000.0,ONLINE_PAYMENT,PENDING,0
2776,1412,52,435000.0,ONLINE_PAYMENT,CONFIRMED,0
2777,1742,36,320000.0,CASH,DELIVERING,0
2778,375,245,310000.0,ONLINE_PAYMENT,DELIVERING,0
2779,209,,615000.0,QR_CODE,CANCELLED,0
2780,893,172,640000.0,CASH,CONFIRMED,0
2781,297,,295000.0,ONLINE_PAYMENT,PENDING,0
2782,1289,86,400000.0,QR_CODE,DELIVERED,0
2783,1327,174,110000.0,QR_CODE,DELIVERED,0
2784,980,,205000.0,ONLINE_PAYMENT,PENDING,0
2785,1392,12,105000.0,CASH,DELIVERED,0
2786,1377,,260000.0,ONLINE_PAYMENT,PENDING,0
2787,272,206,685000.0,ONLINE_PAYMENT,DELIVERED,0
2788,1627,,510000.0,CASH,CANCELLED,0
2789,1541,128,395000.0,CASH,CONFIRMED,0
2790,990,255,620000.0,CASH,DELIVERING,0
2791,46,132,220000.0,CASH,DELIVERING,0
2792,1366,73,495000.0,CASH,DELIVERED,0
2793,1580,204,290000.0,QR_CODE,DELIVERING,0
2794,681,7,270000.0,CASH,DELIVERED,0
2795,616,163,240000.0,ONLINE_PAYMENT,DELIVERED,0
2796,1606,,150000.0,CASH,PENDING,0
2797,13,248,570000.0,ONLINE_PAYMENT,DELIVERING,0
2798,1443,,160000.0,CASH,CANCELLED,0
2799,903,21,235000.0,CASH,DELIVERED,0
2800,1820,292,270000.0,ONLINE_PAYMENT,DELIVERED,0
2801,932,168,105000.0,ONLINE_PAYMENT,DELIVERED,0
2802,869,165,220000.0,CASH,DELIVERING,0
2803,1006,,420000.0,QR_CODE,PENDING,0
2804,1669,4,180000.0,ONLINE_PAYMENT,CONFIRMED,0
2805,1198,,375000.0,CASH,CANCELLED,0
2806,1875,76,185000.0,QR_CODE,DELIVERING,0
2807,1494,,460000.0,ONLINE_PAYMENT,CANCELLED,0
2808,371,202,530000.0,ONLINE_PAYMENT,DELIVERED,0
2809,1126,69,540000.0,ONLINE_PAYMENT,CONFIRMED,0
2810,187,,170000.0,CASH,PENDING,0
2811,1116,19,720000.0,CASH,DELIVERING,0
2812,1222,,250000.0,ONLINE_PAYMENT,PENDING,0
2813,268,,175000.0,QR_CODE,CANCELLED,0
2814,1268,258,170000.0,ONLINE_PAYMENT,DELIVERED,0
2815,1236,2,470000.0,ONLINE_PAYMENT,DELIVERED,0
2816,1417,57,565000.0,CASH,DELIVERING,0
2817,1892,84,755000.0,QR_CODE,DELIVERED,0
2818,1406,,130000.0,CASH,PENDING,0
2819,312,,225000.0,ONLINE_PAYMENT,CANCELLED,0
2820,297,96,150000.0,CASH,DELIVERING,0
2821,1360,115,235000.0,ONLINE_PAYMENT,DELIVERING,0
2822,206,54,665000.0,ONLINE_PAYMENT,DELIVERING,0
2823,946,281,435000.0,QR_CODE,CONFIRMED,0
2824,1975,266,565000.0,QR_CODE,DELIVERING,0
2825,1333,101,75000.0,QR_CODE,CONFIRMED,0
2826,833,264,120000.0,CASH,CONFIRMED,0
2827,597,210,400000.0,CASH,CONFIRMED,0
2828,1400,249,95000.0,ONLINE_PAYMENT,DELIVERING,0
2829,99,,500000.0,ONLINE_PAYMENT,CANCELLED,0
2830,1782,63,90000.0,ONLINE_PAYMENT,CONFIRMED,0
2831,49,,625000.0,ONLINE_PAYMENT,CANCELLED,0
2832,1317,193,140000.0,ONLINE_PAYMENT,DELIVERING,0
2833,467,54,375000.0,QR_CODE,DELIVERED,0
2834,1652,105,610000.0,CASH,DELIVERING,0
2835,852,21,105000.0,ONLINE_PAYMENT,DELIVERED,0
2836,1981,,875000.0,CASH,CANCELLED,0
2837,1853,,270000.0,ONLINE_PAYMENT,CANCELLED,0
2838,1072,,490000.0,QR_CODE,PENDING,0
2839,1840,,400000.0,QR_CODE,CANCELLED,0
2840,617,132,340000.0,ONLINE_PAYMENT,CONFIRMED,0
2841,651,,440000.0,QR_CODE,PENDING,0
2842,1048,,455000.0,ONLINE_PAYMENT,CANCELLED,0
2843,696,114,315000.0,ONLINE_PAYMENT,CONFIRMED,0
2844,16,199,510000.0,ONLINE_PAYMENT,CONFIRMED,0
2845,1864,,270000.0,QR_CODE,CANCELLED,0
2846,365,,345000.0,ONLINE_PAYMENT,CANCELLED,0
2847,276,19,340000.0,QR_CODE,DELIVERED,0
2848,1943,216,565000.0,CASH,CONFIRMED,0
2849,703,136,285000.0,ONLINE_PAYMENT,CONFIRMED,0
2850,835,24,400000.0,CASH,DELIVERED,0
2851,1250,48,300000.0,ONLINE_PAYMENT,CONFIRMED,0
2852,1157,101,465000.0,ONLINE_PAYMENT,CONFIRMED,0
2853,1631,111,220000.0,CASH,CONFIRMED,0
2854,1108,,250000.0,CASH,PENDING,0
2855,175,52,225000.0,CASH,CONFIRMED,0
2856,1385,144,90000.0,ONLINE_PAYMENT,DELIVERING,0
2857,188,,500000.0,CASH,PENDING,0
2858,1248,299,660000.0,ONLINE_PAYMENT,DELIVERING,0
2859,509,151,630000.0,CASH,DELIVERED,0
2860,614,,220000.0,CASH,CANCELLED,0
2861,19,,230000.0,CASH,CANCELLED,0
2862,640,,430000.0,ONLINE_PAYMENT,PENDING,0
2863,1474,64,430000.0,QR_CODE,DELIVERING,0
2864,604,,420000.0,CASH,PENDING,0
2865,1778,,555000.0,ONLINE_PAYMENT,CANCELLED,0
2866,1661,,495000.0,CASH,PENDING,0
2867,750,95,265000.0,ONLINE_PAYMENT,DELIVERING,0
2868,1674,117,215000.0,ONLINE_PAYMENT,DELIVERING,0
2869,632,170,570000.0,QR_CODE,DELIVERED,0
2870,986,22,195000.0,QR_CODE,DELIVERING,0
2871,1833,81,310000.0,CASH,CONFIRMED,0
2872,1010,,775000.0,CASH,CANCELLED,0
2873,1551,,420000.0,QR_CODE,PENDING,0
2874,1554,58,120000.0,ONLINE_PAYMENT,DELIVERING,0
2875,36,30,80000.0,ONLINE_PAYMENT,DELIVERED,0
2876,140,,300000.0,CASH,CANCELLED,0
2877,627,41,295000.0,QR_CODE,DELIVERING,0
2878,511,,185000.0,QR_CODE,PENDING,0
2879,1719,,485000.0,ONLINE_PAYMENT,CANCELLED,0
2880,1373,90,80000.0,QR_CODE,CONFIRMED,0
2881,784,,275000.0,CASH,PENDING,0
2882,886,,160000.0,CASH,CANCELLED,0
2883,165,272,260000.0,ONLINE_PAYMENT,DELIVERING,0
2884,915,,690000.0,ONLINE_PAYMENT,PENDING,0
2885,1687,,585000.0,QR_CODE,PENDING,0
2886,1167,170,370000.0,QR_CODE,DELIVERING,0
2887,136,,955000.0,QR_CODE,CANCELLED,0
2888,439,,150000.0,ONLINE_PAYMENT,CANCELLED,0
2889,1389,,390000.0,CASH,CANCELLED,0
2890,1994,34,240000.0,ONLINE_PAYMENT,DELIVERING,0
2891,464,,115000.0,QR_CODE,CANCELLED,0
2892,91,,95000.0,ONLINE_PAYMENT,CANCELLED,0
2893,54,182,835000.0,QR_CODE,DELIVERING,0
2894,1174,,265000.0,CASH,CANCELLED,0
2895,1276,110,490000.0,ONLINE_PAYMENT,CONFIRMED,0
2896,1949,,100000.0,ONLINE_PAYMENT,PENDING,0
2897,1637,,510000.0,QR_CODE,PENDING,0
2898,1709,,690000.0,CASH,CANCELLED,0
2899,1966,,490000.0,QR_CODE,PENDING,0
2900,809,,380000.0,ONLINE_PAYMENT,CANCELLED,0
2901,502,,130000.0,QR_CODE,PENDING,0
2902,352,,280000.0,CASH,CANCELLED,0
2903,45,,110000.0,ONLINE_PAYMENT,PENDING,0
2904,1512,175,540000.0,CASH,DELIVERED,0
2905,610,73,445000.0,ONLINE_PAYMENT,DELIVERED,0
2906,873,71,80000.0,CASH,CONFIRMED,0
2907,854,,430000.0,ONLINE_PAYMENT,CANCELLED,0
2908,1967,262,335000.0,ONLINE_PAYMENT,DELIVERING,0
2909,9,,775000.0,QR_CODE,CANCELLED,0
2910,287,245,470000.0,ONLINE_PAYMENT,CONFIRMED,0
2911,418,,635000.0,ONLINE_PAYMENT,PENDING,0
2912,690,,470000.0,CASH,CANCELLED,0
2913,203,299,230000.0,QR_CODE,DELIVERING,0
2914,1609,,105000.0,ONLINE_PAYMENT,PENDING,0
2915,1338,26,440000.0,CASH,CONFIRMED,0
2916,463,183,135000.0,QR_CODE,DELIVERING,0
2917,251,160,120000.0,CASH,CONFIRMED,0
2918,251,88,80000.0,CASH,DELIVERED,0
2919,1306,13,420000.0,QR_CODE,DELIVERING,0
2920,1218,175,230000.0,QR_CODE,CONFIRMED,0
2921,285,198,345000.0,QR_CODE,DELIVERING,0
2922,1711,69,40000.0,CASH,DELIVERED,0
2923,1171,219,485000.0,ONLINE_PAYMENT,CONFIRMED,0
2924,1792,29,90000.0,QR_CODE,DELIVERED,0
2925,664,291,105000.0,QR_CODE,DELIVERING,0
2926,1436,,250000.0,QR_CODE,PENDING,0
2927,195,,510000.0,ONLINE_PAYMENT,CANCELLED,0
2928,634,,400000.0,CASH,CANCELLED,0
2929,1401,,60000.0,CASH,CANCELLED,0
2930,1787,,225000.0,CASH,CANCELLED,0
2931,1733,,660000.0,QR_CODE,CANCELLED,0
2932,798,,750000.0,ONLINE_PAYMENT,PENDING,0
2933,1698,,220000.0,QR_CODE,CANCELLED,0
2934,141,,775000.0,CASH,CANCELLED,0
2935,1587,262,290000.0,CASH,DELIVERED,0
2936,296,,655000.0,ONLINE_PAYMENT,CANCELLED,0
2937,1652,,105000.0,CASH,PENDING,0
2938,1651,262,320000.0,ONLINE_PAYMENT,CONFIRMED,0
2939,264,30,70000.0,QR_CODE,DELIVERING,0
2940,1774,,150000.0,CASH,PENDING,0
2941,1847,,515000.0,ONLINE_PAYMENT,PENDING,0
2942,41,136,430000.0,CASH,CONFIRMED,0
2943,1065,28,270000.0,ONLINE_PAYMENT,DELIVERING,0
2944,575,246,785000.0,CASH,DELIVERED,0
2945,1341,,205000.0,CASH,PENDING,0
2946,769,129,275000.0,CASH,DELIVERING,0
2947,1732,,210000.0,QR_CODE,PENDING,0
2948,591,,600000.0,QR_CODE,PENDING,0
2949,1571,,290000.0,QR_CODE,CANCELLED,0
2950,1340,296,580000.0,ONLINE_PAYMENT,CONFIRMED,0
2951,643,173,110000.0,CASH,CONFIRMED,0
2952,1785,203,120000.0,ONLINE_PAYMENT,DELIVERING,0
2953,855,298,310000.0,QR_CODE,DELIVERING,0
2954,1814,153,560000.0,QR_CODE,DELIVERING,0
2955,1321,147,80000.0,CASH,DELIVERED,0
2956,151,,85000.0,QR_CODE,PENDING,0
2957,953,112,720000.0,QR_CODE,DELIVERED,0
2958,859,23,315000.0,CASH,DELIVERING,0
2959,582,,260000.0,QR_CODE,CANCELLED,0
2960,1448,112,540000.0,CASH,CONFIRMED,0
2961,645,,390000.0,CASH,PENDING,0
2962,252,,390000.0,QR_CODE,PENDING,0
2963,623,65,90000.0,CASH,DELIVERING,0
2964,157,253,440000.0,ONLINE_PAYMENT,DELIVERING,0
2965,130,,240000.0,ONLINE_PAYMENT,CANCELLED,0
2966,826,,390000.0,ONLINE_PAYMENT,PENDING,0
2967,534,,525000.0,QR_CODE,PENDING,0
2968,304,212,515000.0,QR_CODE,DELIVERING,0
2969,182,177,110000.0,ONLINE_PAYMENT,DELIVERED,0
2970,913,209,460000.0,ONLINE_PAYMENT,DELIVERED,0
2971,898,239,450000.0,ONLINE_PAYMENT,DELIVERING,0
2972,1283,229,415000.0,CASH,CONFIRMED,0
2973,553,189,725000.0,ONLINE_PAYMENT,CONFIRMED,0
2974,929,219,315000.0,ONLINE_PAYMENT,CONFIRMED,0
2975,930,184,250000.0,CASH,DELIVERED,0
2976,695,253,160000.0,QR_CODE,DELIVERING,0
2977,139,93,210000.0,QR_CODE,DELIVERING,0
2978,40,,285000.0,CASH,CANCELLED,0
2979,146,65,220000.0,ONLINE_PAYMENT,DELIVERED,0
2980,1727,98,275000.0,QR_CODE,DELIVERING,0
2981,1003,,690000.0,ONLINE_PAYMENT,CANCELLED,0
2982,388,123,345000.0,QR_CODE,DELIVERING,0
2983,1663,227,540000.0,ONLINE_PAYMENT,DELIVERED,0
2984,1292,210,160000.0,QR_CODE,DELIVERED,0
2985,774,132,295000.0,QR_CODE,CONFIRMED,0
2986,1442,226,180000.0,QR_CODE,DELIVERING,0
2987,890,223,125000.0,CASH,DELIVERED,0
2988,1144,126,250000.0,QR_CODE,DELIVERING,0
2989,1138,,255000.0,QR_CODE,PENDING,0
2990,869,,225000.0,QR_CODE,PENDING,0
2991,254,141,270000.0,ONLINE_PAYMENT,DELIVERED,0
2992,780,,500000.0,CASH,CANCELLED,0
2993,505,82,260000.0,QR_CODE,DELIVERED,0
2994,1929,,350000.0,CASH,CANCELLED,0
2995,1927,10,530000.0,QR_CODE,DELIVERED,0
2996,1131,,580000.0,QR_CODE,CANCELLED,0
2997,74,,100000.0,ONLINE_PAYMENT,PENDING,0
2998,1292,221,140000.0,QR_CODE,CONFIRMED,0
2999,1570,,75000.0,QR_CODE,PENDING,0
3000,1588,180,375000.0,CASH,DELIVERING,0
3001,500,103,345000.0,ONLINE_PAYMENT,DELIVERING,0
3002,1317,,190000.0,QR_CODE,PENDING,0
3003,1924,,710000.0,ONLINE_PAYMENT,PENDING,0
3004,1414,,315000.0,CASH,PENDING,0
3005,763,,565000.0,QR_CODE,CANCELLED,0
3006,1468,,500000.0,QR_CODE,PENDING,0
3007,139,177,365000.0,ONLINE_PAYMENT,DELIVERED,0
3008,671,127,715000.0,ONLINE_PAYMENT,DELIVERING,0
3009,933,150,505000.0,ONLINE_PAYMENT,DELIVERED,0
3010,1411,,385000.0,ONLINE_PAYMENT,PENDING,0
3011,473,182,165000.0,ONLINE_PAYMENT,CONFIRMED,0
3012,634,,695000.0,CASH,CANCELLED,0
3013,1437,199,570000.0,CASH,CONFIRMED,0
3014,328,100,345000.0,ONLINE_PAYMENT,DELIVERED,0
3015,1065,,220000.0,ONLINE_PAYMENT,PENDING,0
3016,1920,55,360000.0,CASH,CONFIRMED,0
3017,299,179,270000.0,CASH,CONFIRMED,0
3018,561,166,40000.0,QR_CODE,CONFIRMED,0
3019,951,143,175000.0,ONLINE_PAYMENT,DELIVERING,0
3020,495,,330000.0,QR_CODE,CANCELLED,0
3021,1140,,375000.0,ONLINE_PAYMENT,CANCELLED,0
3022,531,206,995000.0,CASH,CONFIRMED,0
3023,510,145,980000.0,ONLINE_PAYMENT,DELIVERED,0
3024,1659,233,360000.0,QR_CODE,CONFIRMED,0
3025,1288,,190000.0,QR_CODE,CANCELLED,0
3026,1948,200,130000.0,CASH,DELIVERED,0
3027,1508,,390000.0,QR_CODE,CANCELLED,0
3028,702,55,80000.0,ONLINE_PAYMENT,CONFIRMED,0
3029,1063,,240000.0,QR_CODE,PENDING,0
3030,1276,230,840000.0,QR_CODE,CONFIRMED,0
3031,328,62,180000.0,QR_CODE,DELIVERING,0
3032,640,,110000.0,CASH,PENDING,0
3033,187,93,265000.0,QR_CODE,DELIVERING,0
3034,392,273,440000.0,QR_CODE,DELIVERED,0
3035,544,27,175000.0,QR_CODE,DELIVERING,0
3036,1053,,475000.0,ONLINE_PAYMENT,PENDING,0
3037,1798,,30000.0,CASH,CANCELLED,0
3038,282,,135000.0,ONLINE_PAYMENT,PENDING,0
3039,1680,85,200000.0,CASH,DELIVERED,0
3040,1319,,235000.0,CASH,CANCELLED,0
3041,915,,145000.0,QR_CODE,CANCELLED,0
3042,1238,35,135000.0,CASH,CONFIRMED,0
3043,113,141,750000.0,ONLINE_PAYMENT,DELIVERED,0
3044,745,111,275000.0,CASH,DELIVERING,0
3045,756,,195000.0,CASH,CANCELLED,0
3046,1816,6,90000.0,ONLINE_PAYMENT,CONFIRMED,0
3047,1626,,495000.0,ONLINE_PAYMENT,CANCELLED,0
3048,545,,760000.0,CASH,PENDING,0
3049,189,90,610000.0,QR_CODE,CONFIRMED,0
3050,1290,,185000.0,CASH,CANCELLED,0
3051,1652,,465000.0,CASH,CANCELLED,0
3052,495,,105000.0,ONLINE_PAYMENT,PENDING,0
3053,1432,,45000.0,QR_CODE,PENDING,0
3054,990,,260000.0,ONLINE_PAYMENT,CANCELLED,0
3055,1643,204,465000.0,ONLINE_PAYMENT,CONFIRMED,0
3056,560,,650000.0,ONLINE_PAYMENT,PENDING,0
3057,1264,100,670000.0,QR_CODE,DELIVERED,0
3058,1403,43,300000.0,ONLINE_PAYMENT,DELIVERING,0
3059,1545,,315000.0,QR_CODE,CANCELLED,0
3060,916,69,720000.0,ONLINE_PAYMENT,CONFIRMED,0
3061,1147,5,425000.0,QR_CODE,DELIVERING,0
3062,759,84,80000.0,QR_CODE,DELIVERING,0
3063,781,,325000.0,QR_CODE,PENDING,0
3064,1677,,445000.0,QR_CODE,CANCELLED,0
3065,1394,156,300000.0,ONLINE_PAYMENT,DELIVERING,0
3066,798,71,495000.0,CASH,CONFIRMED,0
3067,850,192,530000.0,ONLINE_PAYMENT,DELIVERED,0
3068,1844,192,290000.0,ONLINE_PAYMENT,DELIVERED,0
3069,946,75,180000.0,ONLINE_PAYMENT,DELIVERING,0
3070,1507,,300000.0,ONLINE_PAYMENT,PENDING,0
3071,676,,140000.0,QR_CODE,CANCELLED,0
3072,1253,145,180000.0,CASH,DELIVERED,0
3073,1663,132,360000.0,QR_CODE,CONFIRMED,0
3074,637,98,145000.0,ONLINE_PAYMENT,CONFIRMED,0
3075,1568,,390000.0,QR_CODE,CANCELLED,0
3076,935,173,705000.0,CASH,CONFIRMED,0
3077,1173,,130000.0,CASH,PENDING,0
3078,1849,,280000.0,ONLINE_PAYMENT,CANCELLED,0
3079,538,281,275000.0,CASH,CONFIRMED,0
3080,688,70,150000.0,ONLINE_PAYMENT,DELIVERING,0
3081,1786,151,400000.0,ONLINE_PAYMENT,CONFIRMED,0
3082,1553,,45000.0,ONLINE_PAYMENT,CANCELLED,0
3083,1310,,415000.0,CASH,PENDING,0
3084,301,79,210000.0,CASH,DELIVERED,0
3085,1873,187,320000.0,QR_CODE,DELIVERED,0
3086,265,41,805000.0,ONLINE_PAYMENT,CONFIRMED,0
3087,1207,,320000.0,ONLINE_PAYMENT,PENDING,0
3088,1987,299,520000.0,ONLINE_PAYMENT,DELIVERING,0
3089,945,158,450000.0,CASH,DELIVERING,0
3090,357,293,250000.0,ONLINE_PAYMENT,DELIVERED,0
3091,842,,175000.0,QR_CODE,CANCELLED,0
3092,617,,175000.0,QR_CODE,PENDING,0
3093,300,1,250000.0,QR_CODE,DELIVERING,0
3094,1080,,445000.0,CASH,CANCELLED,0
3095,988,255,355000.0,CASH,CONFIRMED,0
3096,1662,189,560000.0,ONLINE_PAYMENT,DELIVERED,0
3097,1483,,95000.0,CASH,CANCELLED,0
3098,321,,260000.0,QR_CODE,CANCELLED,0
3099,688,178,495000.0,QR_CODE,DELIVERED,0
3100,428,,240000.0,QR_CODE,PENDING,0
3101,1056,111,660000.0,CASH,DELIVERING,0
3102,1194,74,165000.0,QR_CODE,CONFIRMED,0
3103,1602,153,135000.0,ONLINE_PAYMENT,DELIVERING,0
3104,708,87,435000.0,ONLINE_PAYMENT,DELIVERED,0
3105,362,,355000.0,CASH,CANCELLED,0
3106,696,,350000.0,QR_CODE,PENDING,0
3107,1164,43,190000.0,ONLINE_PAYMENT,CONFIRMED,0
3108,1414,,720000.0,CASH,PENDING,0
3109,22,,240000.0,ONLINE_PAYMENT,PENDING,0
3110,330,,135000.0,QR_CODE,PENDING,0
3111,405,179,375000.0,CASH,CONFIRMED,0
3112,837,,90000.0,CASH,PENDING,0
3113,1692,273,455000.0,QR_CODE,CONFIRMED,0
3114,502,277,405000.0,CASH,DELIVERED,0
3115,1292,220,535000.0,CASH,DELIVERED,0
3116,1942,,225000.0,QR_CODE,PENDING,0
3117,655,296,30000.0,ONLINE_PAYMENT,CONFIRMED,0
3118,1102,,395000.0,ONLINE_PAYMENT,CANCELLED,0
3119,11,169,300000.0,QR_CODE,DELIVERING,0
3120,1519,36,310000.0,QR_CODE,CONFIRMED,0
3121,1373,274,680000.0,CASH,DELIVERING,0
3122,231,,285000.0,CASH,CANCELLED,0
3123,772,25,290000.0,QR_CODE,DELIVERED,0
3124,1250,,300000.0,CASH,CANCELLED,0
3125,535,240,425000.0,QR_CODE,CONFIRMED,0
3126,1479,246,190000.0,ONLINE_PAYMENT,DELIVERED,0
3127,843,,330000.0,ONLINE_PAYMENT,CANCELLED,0
3128,1090,,80000.0,QR_CODE,CANCELLED,0
3129,703,45,720000.0,ONLINE_PAYMENT,DELIVERED,0
3130,1412,,115000.0,ONLINE_PAYMENT,PENDING,0
3131,634,,210000.0,QR_CODE,PENDING,0
3132,1804,255,265000.0,CASH,DELIVERED,0
3133,16,,470000.0,QR_CODE,PENDING,0
3134,841,251,590000.0,CASH,DELIVERED,0
3135,860,37,120000.0,CASH,DELIVERED,0
3136,922,222,235000.0,ONLINE_PAYMENT,CONFIRMED,0
3137,791,113,485000.0,CASH,DELIVERING,0
3138,945,16,450000.0,ONLINE_PAYMENT,DELIVERING,0
3139,799,170,285000.0,QR_CODE,DELIVERED,0
3140,253,244,630000.0,QR_CODE,DELIVERING,0
3141,1591,,250000.0,QR_CODE,CANCELLED,0
3142,1914,,300000.0,CASH,CANCELLED,0
3143,648,90,580000.0,QR_CODE,DELIVERING,0
3144,744,168,270000.0,QR_CODE,DELIVERED,0
3145,1475,166,155000.0,CASH,DELIVERING,0
3146,523,,170000.0,QR_CODE,PENDING,0
3147,1284,,180000.0,CASH,CANCELLED,0
3148,278,,750000.0,ONLINE_PAYMENT,PENDING,0
3149,43,112,615000.0,CASH,DELIVERED,0
3150,1222,243,85000.0,QR_CODE,DELIVERING,0
3151,1609,23,180000.0,CASH,CONFIRMED,0
3152,1957,,210000.0,QR_CODE,PENDING,0
3153,487,235,480000.0,ONLINE_PAYMENT,DELIVERED,0
3154,595,,80000.0,ONLINE_PAYMENT,CANCELLED,0
3155,1962,96,260000.0,QR_CODE,DELIVERED,0
3156,777,,60000.0,ONLINE_PAYMENT,PENDING,0
3157,1781,160,410000.0,CASH,DELIVERING,0
3158,1799,41,120000.0,ONLINE_PAYMENT,DELIVERING,0
3159,399,,300000.0,ONLINE_PAYMENT,CANCELLED,0
3160,91,117,180000.0,QR_CODE,DELIVERED,0
3161,210,,150000.0,CASH,PENDING,0
3162,266,112,530000.0,ONLINE_PAYMENT,DELIVERING,0
3163,464,227,250000.0,ONLINE_PAYMENT,DELIVERING,0
3164,1742,120,180000.0,ONLINE_PAYMENT,CONFIRMED,0
3165,179,182,125000.0,CASH,CONFIRMED,0
3166,7,177,50000.0,ONLINE_PAYMENT,CONFIRMED,0
3167,131,,110000.0,CASH,CANCELLED,0
3168,1472,,105000.0,QR_CODE,CANCELLED,0
3169,640,,735000.0,ONLINE_PAYMENT,PENDING,0
3170,657,9,425000.0,QR_CODE,DELIVERING,0
3171,1929,,440000.0,ONLINE_PAYMENT,CANCELLED,0
3172,1957,128,750000.0,QR_CODE,DELIVERING,0
3173,1877,184,285000.0,QR_CODE,DELIVERED,0
3174,1824,,185000.0,CASH,PENDING,0
3175,1350,,255000.0,ONLINE_PAYMENT,PENDING,0
3176,268,86,135000.0,QR_CODE,DELIVERING,0
3177,568,20,210000.0,CASH,DELIVERING,0
3178,500,54,175000.0,ONLINE_PAYMENT,DELIVERING,0
3179,543,,300000.0,CASH,PENDING,0
3180,1049,,580000.0,ONLINE_PAYMENT,CANCELLED,0
3181,1757,,510000.0,CASH,CANCELLED,0
3182,51,,450000.0,QR_CODE,CANCELLED,0
3183,49,,120000.0,CASH,CANCELLED,0
3184,893,,260000.0,QR_CODE,PENDING,0
3185,57,,140000.0,CASH,CANCELLED,0
3186,679,,525000.0,ONLINE_PAYMENT,PENDING,0
3187,604,,100000.0,QR_CODE,PENDING,0
3188,1176,,445000.0,QR_CODE,CANCELLED,0
3189,881,5,740000.0,ONLINE_PAYMENT,CONFIRMED,0
3190,1120,199,905000.0,CASH,DELIVERING,0
3191,842,33,285000.0,ONLINE_PAYMENT,DELIVERING,0
3192,1689,,385000.0,ONLINE_PAYMENT,PENDING,0
3193,1940,,70000.0,ONLINE_PAYMENT,PENDING,0
3194,1920,66,170000.0,CASH,CONFIRMED,0
3195,1596,111,200000.0,ONLINE_PAYMENT,CONFIRMED,0
3196,904,,335000.0,QR_CODE,PENDING,0
3197,725,156,195000.0,CASH,DELIVERED,0
3198,367,,235000.0,ONLINE_PAYMENT,PENDING,0
3199,1029,,450000.0,ONLINE_PAYMENT,PENDING,0
3200,1038,,180000.0,QR_CODE,PENDING,0
3201,574,98,340000.0,QR_CODE,DELIVERING,0
3202,1712,68,220000.0,CASH,DELIVERING,0
3203,835,,150000.0,ONLINE_PAYMENT,PENDING,0
3204,187,39,160000.0,ONLINE_PAYMENT,DELIVERED,0
3205,763,129,510000.0,QR_CODE,DELIVERING,0
3206,1862,20,745000.0,CASH,DELIVERING,0
3207,1646,,275000.0,QR_CODE,PENDING,0
3208,1056,,230000.0,QR_CODE,CANCELLED,0
3209,1823,,185000.0,CASH,PENDING,0
3210,1581,,645000.0,CASH,PENDING,0
3211,503,193,515000.0,CASH,DELIVERING,0
3212,211,,675000.0,CASH,CANCELLED,0
3213,342,,440000.0,CASH,PENDING,0
3214,662,,635000.0,ONLINE_PAYMENT,PENDING,0
3215,117,109,810000.0,QR_CODE,DELIVERED,0
3216,1897,,515000.0,ONLINE_PAYMENT,PENDING,0
3217,759,77,230000.0,CASH,DELIVERED,0
3218,1718,,1085000.0,ONLINE_PAYMENT,CANCELLED,0
3219,711,188,65000.0,QR_CODE,CONFIRMED,0
3220,1632,193,520000.0,ONLINE_PAYMENT,DELIVERING,0
3221,1551,,545000.0,QR_CODE,CANCELLED,0
3222,1430,247,420000.0,CASH,DELIVERING,0
3223,653,,150000.0,QR_CODE,PENDING,0
3224,146,,100000.0,QR_CODE,CANCELLED,0
3225,1842,37,150000.0,QR_CODE,DELIVERING,0
3226,436,270,640000.0,QR_CODE,DELIVERED,0
3227,1012,206,140000.0,ONLINE_PAYMENT,CONFIRMED,0
3228,1947,,90000.0,ONLINE_PAYMENT,CANCELLED,0
3229,771,112,250000.0,QR_CODE,DELIVERING,0
3230,1923,,575000.0,QR_CODE,CANCELLED,0
3231,13,125,640000.0,ONLINE_PAYMENT,CONFIRMED,0
3232,29,149,285000.0,QR_CODE,DELIVERING,0
3233,779,,385000.0,ONLINE_PAYMENT,CANCELLED,0
3234,1824,75,390000.0,QR_CODE,CONFIRMED,0
3235,1017,71,60000.0,QR_CODE,DELIVERED,0
3236,63,,410000.0,QR_CODE,PENDING,0
3237,1078,,220000.0,CASH,PENDING,0
3238,485,106,435000.0,ONLINE_PAYMENT,DELIVERED,0
3239,1849,,695000.0,QR_CODE,PENDING,0
3240,501,28,125000.0,QR_CODE,DELIVERED,0
3241,1771,259,670000.0,ONLINE_PAYMENT,CONFIRMED,0
3242,1712,,735000.0,CASH,PENDING,0
3243,418,262,240000.0,CASH,DELIVERING,0
3244,1618,164,375000.0,ONLINE_PAYMENT,CONFIRMED,0
3245,1652,137,470000.0,CASH,DELIVERED,0
3246,940,62,200000.0,QR_CODE,DELIVERING,0
3247,554,,240000.0,ONLINE_PAYMENT,CANCELLED,0
3248,1534,252,300000.0,QR_CODE,CONFIRMED,0
3249,857,244,420000.0,CASH,DELIVERED,0
3250,567,219,155000.0,CASH,DELIVERING,0
3251,600,,685000.0,QR_CODE,PENDING,0
3252,1046,121,590000.0,ONLINE_PAYMENT,DELIVERED,0
3253,1904,,455000.0,CASH,PENDING,0
3254,1718,,175000.0,ONLINE_PAYMENT,PENDING,0
3255,1255,266,455000.0,QR_CODE,DELIVERING,0
3256,657,,345000.0,QR_CODE,PENDING,0
3257,36,154,720000.0,CASH,DELIVERING,0
3258,1999,,280000.0,QR_CODE,PENDING,0
3259,818,248,750000.0,CASH,CONFIRMED,0
3260,1566,231,740000.0,ONLINE_PAYMENT,DELIVERED,0
3261,438,,95000.0,ONLINE_PAYMENT,CANCELLED,0
3262,1545,,415000.0,QR_CODE,PENDING,0
3263,1256,,810000.0,CASH,PENDING,0
3264,1997,,110000.0,QR_CODE,CANCELLED,0
3265,459,,425000.0,QR_CODE,PENDING,0
3266,711,,450000.0,CASH,PENDING,0
3267,1309,90,490000.0,CASH,CONFIRMED,0
3268,1579,283,330000.0,CASH,CONFIRMED,0
3269,1987,56,230000.0,CASH,CONFIRMED,0
3270,1057,119,250000.0,QR_CODE,DELIVERING,0
3271,1651,218,150000.0,QR_CODE,CONFIRMED,0
3272,1715,94,375000.0,CASH,DELIVERING,0
3273,1733,,665000.0,ONLINE_PAYMENT,PENDING,0
3274,1213,34,260000.0,ONLINE_PAYMENT,CONFIRMED,0
3275,1583,,220000.0,QR_CODE,CANCELLED,0
3276,455,,240000.0,ONLINE_PAYMENT,PENDING,0
3277,1601,260,100000.0,CASH,DELIVERING,0
3278,347,192,470000.0,CASH,DELIVERING,0
3279,1087,,255000.0,QR_CODE,CANCELLED,0
3280,482,,445000.0,ONLINE_PAYMENT,CANCELLED,0
3281,82,66,440000.0,QR_CODE,CONFIRMED,0
3282,1026,273,170000.0,QR_CODE,DELIVERING,0
3283,833,,170000.0,CASH,PENDING,0
3284,926,42,570000.0,ONLINE_PAYMENT,CONFIRMED,0
3285,669,144,415000.0,CASH,DELIVERED,0
3286,1072,171,615000.0,CASH,DELIVERING,0
3287,415,76,95000.0,ONLINE_PAYMENT,DELIVERED,0
3288,1235,,150000.0,ONLINE_PAYMENT,PENDING,0
3289,595,144,565000.0,CASH,DELIVERING,0
3290,1991,,500000.0,QR_CODE,PENDING,0
3291,1924,92,365000.0,QR_CODE,DELIVERED,0
3292,1980,,225000.0,ONLINE_PAYMENT,PENDING,0
3293,1332,,350000.0,ONLINE_PAYMENT,CANCELLED,0
3294,1405,212,475000.0,ONLINE_PAYMENT,DELIVERED,0
3295,1590,127,190000.0,ONLINE_PAYMENT,DELIVERED,0
3296,448,,220000.0,ONLINE_PAYMENT,CANCELLED,0
3297,877,127,605000.0,ONLINE_PAYMENT,DELIVERED,0
3298,714,190,215000.0,ONLINE_PAYMENT,DELIVERING,0
3299,1895,68,270000.0,ONLINE_PAYMENT,DELIVERED,0
3300,674,18,625000.0,CASH,DELIVERING,0
3301,583,,850000.0,ONLINE_PAYMENT,PENDING,0
3302,1710,194,300000.0,ONLINE_PAYMENT,DELIVERING,0
3303,292,,525000.0,ONLINE_PAYMENT,CANCELLED,0
3304,868,,180000.0,CASH,PENDING,0
3305,522,,640000.0,CASH,PENDING,0
3306,1266,,200000.0,ONLINE_PAYMENT,PENDING,0
3307,1869,9,135000.0,ONLINE_PAYMENT,CONFIRMED,0
3308,1566,130,150000.0,CASH,CONFIRMED,0
3309,975,,65000.0,ONLINE_PAYMENT,PENDING,0
3310,489,60,625000.0,QR_CODE,DELIVERING,0
3311,1498,,115000.0,ONLINE_PAYMENT,PENDING,0
3312,651,30,380000.0,ONLINE_PAYMENT,DELIVERING,0
3313,1011,,80000.0,CASH,CANCELLED,0
3314,1948,56,480000.0,ONLINE_PAYMENT,DELIVERED,0
3315,712,194,440000.0,ONLINE_PAYMENT,DELIVERED,0
3316,1374,,510000.0,QR_CODE,PENDING,0
3317,1526,,455000.0,ONLINE_PAYMENT,PENDING,0
3318,1203,141,400000.0,QR_CODE,DELIVERING,0
3319,406,210,350000.0,QR_CODE,DELIVERED,0
3320,376,,420000.0,ONLINE_PAYMENT,CANCELLED,0
3321,1936,280,430000.0,CASH,CONFIRMED,0
3322,1961,,330000.0,CASH,CANCELLED,0
3323,462,,425000.0,ONLINE_PAYMENT,PENDING,0
3324,732,294,725000.0,CASH,DELIVERING,0
3325,1794,47,390000.0,CASH,DELIVERED,0
3326,209,260,450000.0,QR_CODE,DELIVERING,0
3327,1018,83,180000.0,QR_CODE,DELIVERED,0
3328,282,,345000.0,CASH,PENDING,0
3329,1682,215,270000.0,QR_CODE,CONFIRMED,0
3330,1200,84,410000.0,CASH,DELIVERING,0
3331,1736,151,160000.0,QR_CODE,DELIVERING,0
3332,387,20,115000.0,QR_CODE,DELIVERING,0
3333,1386,241,85000.0,ONLINE_PAYMENT,DELIVERED,0
3334,39,,480000.0,CASH,PENDING,0
3335,1334,14,120000.0,CASH,DELIVERING,0
3336,148,202,30000.0,QR_CODE,DELIVERING,0
3337,574,254,515000.0,QR_CODE,DELIVERING,0
3338,1381,75,850000.0,QR_CODE,DELIVERED,0
3339,480,111,670000.0,CASH,DELIVERING,0
3340,692,,375000.0,CASH,CANCELLED,0
3341,164,,435000.0,CASH,PENDING,0
3342,1366,116,275000.0,ONLINE_PAYMENT,CONFIRMED,0
3343,725,,290000.0,CASH,CANCELLED,0
3344,1302,,265000.0,CASH,PENDING,0
3345,911,192,395000.0,CASH,CONFIRMED,0
3346,1800,,195000.0,ONLINE_PAYMENT,CANCELLED,0
3347,1243,251,250000.0,CASH,CONFIRMED,0
3348,1217,,465000.0,QR_CODE,CANCELLED,0
3349,303,,675000.0,ONLINE_PAYMENT,PENDING,0
3350,1455,,70000.0,CASH,PENDING,0
3351,1715,240,310000.0,CASH,CONFIRMED,0
3352,1153,119,575000.0,ONLINE_PAYMENT,DELIVERING,0
3353,1508,286,405000.0,QR_CODE,DELIVERED,0
3354,1420,,585000.0,CASH,CANCELLED,0
3355,1428,234,380000.0,QR_CODE,DELIVERED,0
3356,115,282,60000.0,QR_CODE,CONFIRMED,0
3357,1158,260,180000.0,QR_CODE,DELIVERED,0
3358,890,141,210000.0,ONLINE_PAYMENT,DELIVERING,0
3359,764,244,95000.0,ONLINE_PAYMENT,CONFIRMED,0
3360,1094,264,300000.0,QR_CODE,DELIVERING,0
3361,1393,,400000.0,QR_CODE,PENDING,0
3362,1513,,385000.0,QR_CODE,CANCELLED,0
3363,1916,,495000.0,ONLINE_PAYMENT,CANCELLED,0
3364,531,,450000.0,ONLINE_PAYMENT,PENDING,0
3365,917,46,150000.0,QR_CODE,DELIVERED,0
3366,134,,250000.0,CASH,PENDING,0
3367,1123,,290000.0,QR_CODE,PENDING,0
3368,1721,,415000.0,QR_CODE,PENDING,0
3369,805,183,135000.0,CASH,DELIVERING,0
3370,1989,,420000.0,QR_CODE,CANCELLED,0
3371,1131,,515000.0,QR_CODE,CANCELLED,0
3372,201,,245000.0,QR_CODE,CANCELLED,0
3373,1277,146,300000.0,CASH,CONFIRMED,0
3374,875,186,300000.0,QR_CODE,CONFIRMED,0
3375,1527,144,330000.0,QR_CODE,DELIVERING,0
3376,1809,211,785000.0,QR_CODE,DELIVERING,0
3377,898,18,590000.0,QR_CODE,DELIVERING,0
3378,326,198,105000.0,QR_CODE,DELIVERED,0
3379,1263,127,440000.0,QR_CODE,DELIVERING,0
3380,1840,,265000.0,QR_CODE,PENDING,0
3381,1353,,450000.0,CASH,PENDING,0
3382,15,216,260000.0,ONLINE_PAYMENT,CONFIRMED,0
3383,354,,100000.0,QR_CODE,PENDING,0
3384,1536,59,125000.0,CASH,CONFIRMED,0
3385,660,176,180000.0,QR_CODE,DELIVERING,0
3386,346,,340000.0,ONLINE_PAYMENT,CANCELLED,0
3387,64,222,565000.0,QR_CODE,DELIVERING,0
3388,699,,165000.0,QR_CODE,CANCELLED,0
3389,1390,255,240000.0,ONLINE_PAYMENT,DELIVERED,0
3390,25,175,120000.0,ONLINE_PAYMENT,CONFIRMED,0
3391,365,,200000.0,CASH,CANCELLED,0
3392,1424,273,280000.0,ONLINE_PAYMENT,CONFIRMED,0
3393,1624,17,115000.0,QR_CODE,DELIVERING,0
3394,1634,38,490000.0,CASH,DELIVERED,0
3395,1617,97,195000.0,CASH,DELIVERING,0
3396,1031,185,385000.0,CASH,DELIVERED,0
3397,668,175,185000.0,ONLINE_PAYMENT,CONFIRMED,0
3398,1113,165,65000.0,QR_CODE,CONFIRMED,0
3399,1395,,280000.0,ONLINE_PAYMENT,PENDING,0
3400,1655,172,480000.0,QR_CODE,DELIVERING,0
3401,913,146,175000.0,ONLINE_PAYMENT,DELIVERED,0
3402,1225,162,440000.0,ONLINE_PAYMENT,DELIVERED,0
3403,1060,,270000.0,QR_CODE,CANCELLED,0
3404,1366,36,225000.0,QR_CODE,DELIVERING,0
3405,356,77,465000.0,CASH,DELIVERING,0
3406,596,61,70000.0,ONLINE_PAYMENT,DELIVERED,0
3407,364,56,680000.0,QR_CODE,CONFIRMED,0
3408,699,,105000.0,QR_CODE,PENDING,0
3409,1944,260,375000.0,QR_CODE,DELIVERING,0
3410,1021,29,115000.0,ONLINE_PAYMENT,DELIVERED,0
3411,408,117,305000.0,QR_CODE,DELIVERING,0
3412,305,59,335000.0,QR_CODE,CONFIRMED,0
3413,553,299,150000.0,CASH,DELIVERING,0
3414,1300,42,460000.0,QR_CODE,DELIVERED,0
3415,957,194,120000.0,ONLINE_PAYMENT,DELIVERING,0
3416,1842,,250000.0,ONLINE_PAYMENT,CANCELLED,0
3417,1549,107,210000.0,ONLINE_PAYMENT,DELIVERING,0
3418,596,,85000.0,CASH,PENDING,0
3419,510,11,245000.0,QR_CODE,DELIVERED,0
3420,1479,,120000.0,CASH,CANCELLED,0
3421,883,102,310000.0,ONLINE_PAYMENT,CONFIRMED,0
3422,27,198,435000.0,CASH,DELIVERING,0
3423,1122,124,225000.0,QR_CODE,CONFIRMED,0
3424,793,,775000.0,ONLINE_PAYMENT,PENDING,0
3425,529,260,320000.0,CASH,DELIVERED,0
3426,1518,261,80000.0,CASH,DELIVERING,0
3427,81,108,265000.0,QR_CODE,DELIVERED,0
3428,1423,171,465000.0,ONLINE_PAYMENT,DELIVERED,0
3429,1746,,195000.0,ONLINE_PAYMENT,PENDING,0
3430,1313,85,240000.0,ONLINE_PAYMENT,CONFIRMED,0
3431,848,127,435000.0,ONLINE_PAYMENT,CONFIRMED,0
3432,647,160,525000.0,CASH,CONFIRMED,0
3433,1974,200,150000.0,QR_CODE,CONFIRMED,0
3434,1365,,435000.0,QR_CODE,PENDING,0
3435,1334,,360000.0,ONLINE_PAYMENT,CANCELLED,0
3436,730,,120000.0,QR_CODE,PENDING,0
3437,437,299,250000.0,QR_CODE,CONFIRMED,0
3438,282,,100000.0,CASH,CANCELLED,0
3439,617,,365000.0,CASH,PENDING,0
3440,1499,235,40000.0,ONLINE_PAYMENT,DELIVERED,0
3441,894,,645000.0,ONLINE_PAYMENT,PENDING,0
3442,1229,,130000.0,CASH,CANCELLED,0
3443,1236,,370000.0,CASH,CANCELLED,0
3444,394,,460000.0,ONLINE_PAYMENT,PENDING,0
3445,79,,165000.0,CASH,PENDING,0
3446,218,138,725000.0,QR_CODE,DELIVERING,0
3447,316,,340000.0,ONLINE_PAYMENT,CANCELLED,0
3448,1374,,255000.0,ONLINE_PAYMENT,CANCELLED,0
3449,803,118,300000.0,CASH,CONFIRMED,0
3450,700,107,385000.0,QR_CODE,CONFIRMED,0
3451,1132,,80000.0,CASH,CANCELLED,0
3452,292,,150000.0,QR_CODE,PENDING,0
3453,179,,135000.0,ONLINE_PAYMENT,PENDING,0
3454,506,294,135000.0,CASH,CONFIRMED,0
3455,1631,277,490000.0,QR_CODE,CONFIRMED,0
3456,1243,,190000.0,CASH,PENDING,0
3457,557,,335000.0,ONLINE_PAYMENT,CANCELLED,0
3458,1096,258,350000.0,CASH,DELIVERING,0
3459,1994,,500000.0,QR_CODE,CANCELLED,0
3460,118,,480000.0,ONLINE_PAYMENT,CANCELLED,0
3461,910,,125000.0,CASH,PENDING,0
3462,967,,90000.0,QR_CODE,PENDING,0
3463,559,,1025000.0,CASH,CANCELLED,0
3464,558,38,55000.0,QR_CODE,DELIVERING,0
3465,1276,,575000.0,QR_CODE,PENDING,0
3466,605,,530000.0,ONLINE_PAYMENT,CANCELLED,0
3467,597,,75000.0,CASH,PENDING,0
3468,42,,150000.0,CASH,CANCELLED,0
3469,333,12,305000.0,ONLINE_PAYMENT,DELIVERING,0
3470,148,,65000.0,QR_CODE,CANCELLED,0
3471,1821,201,195000.0,QR_CODE,DELIVERED,0
3472,225,,605000.0,ONLINE_PAYMENT,CANCELLED,0
3473,460,150,240000.0,CASH,DELIVERING,0
3474,36,,285000.0,ONLINE_PAYMENT,PENDING,0
3475,1015,25,150000.0,CASH,DELIVERED,0
3476,1341,,190000.0,QR_CODE,CANCELLED,0
3477,1064,125,630000.0,CASH,DELIVERED,0
3478,1459,263,510000.0,ONLINE_PAYMENT,DELIVERED,0
3479,105,12,285000.0,CASH,CONFIRMED,0
3480,714,,90000.0,QR_CODE,PENDING,0
3481,1970,204,485000.0,CASH,DELIVERED,0
3482,952,190,320000.0,CASH,DELIVERING,0
3483,891,143,505000.0,QR_CODE,CONFIRMED,0
3484,1595,,865000.0,ONLINE_PAYMENT,PENDING,0
3485,1024,,645000.0,ONLINE_PAYMENT,PENDING,0
3486,197,178,275000.0,ONLINE_PAYMENT,CONFIRMED,0
3487,1990,169,535000.0,CASH,DELIVERED,0
3488,1109,294,515000.0,ONLINE_PAYMENT,CONFIRMED,0
3489,1192,,525000.0,ONLINE_PAYMENT,PENDING,0
3490,1710,90,420000.0,CASH,DELIVERED,0
3491,1308,,165000.0,QR_CODE,PENDING,0
3492,982,116,110000.0,QR_CODE,DELIVERING,0
3493,1808,185,70000.0,QR_CODE,DELIVERING,0
3494,964,270,355000.0,QR_CODE,DELIVERED,0
3495,1273,110,445000.0,CASH,CONFIRMED,0
3496,1095,102,195000.0,QR_CODE,DELIVERING,0
3497,986,,795000.0,CASH,CANCELLED,0
3498,952,292,320000.0,QR_CODE,DELIVERED,0
3499,10,,390000.0,ONLINE_PAYMENT,PENDING,0
3500,657,91,385000.0,CASH,DELIVERING,0
3501,789,287,270000.0,CASH,DELIVERING,0
3502,333,274,480000.0,ONLINE_PAYMENT,CONFIRMED,0
3503,32,105,695000.0,QR_CODE,DELIVERING,0
3504,612,,105000.0,ONLINE_PAYMENT,CANCELLED,0
3505,1827,,440000.0,QR_CODE,CANCELLED,0
3506,954,16,270000.0,CASH,CONFIRMED,0
3507,1590,,755000.0,ONLINE_PAYMENT,CANCELLED,0
3508,644,256,280000.0,CASH,CONFIRMED,0
3509,1919,48,290000.0,CASH,DELIVERING,0
3510,986,23,65000.0,ONLINE_PAYMENT,CONFIRMED,0
3511,1943,,105000.0,CASH,PENDING,0
3512,1924,,690000.0,CASH,CANCELLED,0
3513,1561,,505000.0,CASH,PENDING,0
3514,641,,605000.0,ONLINE_PAYMENT,CANCELLED,0
3515,730,1,575000.0,ONLINE_PAYMENT,DELIVERED,0
3516,1131,,180000.0,QR_CODE,CANCELLED,0
3517,647,214,520000.0,QR_CODE,CONFIRMED,0
3518,1586,,105000.0,QR_CODE,CANCELLED,0
3519,785,,645000.0,CASH,CANCELLED,0
3520,822,,475000.0,ONLINE_PAYMENT,CANCELLED,0
3521,1516,159,195000.0,ONLINE_PAYMENT,CONFIRMED,0
3522,492,192,510000.0,CASH,CONFIRMED,0
3523,1483,52,645000.0,QR_CODE,DELIVERING,0
3524,1487,94,90000.0,QR_CODE,DELIVERED,0
3525,151,,200000.0,CASH,PENDING,0
3526,273,,280000.0,QR_CODE,CANCELLED,0
3527,561,,105000.0,ONLINE_PAYMENT,PENDING,0
3528,805,149,665000.0,CASH,CONFIRMED,0
3529,1372,284,340000.0,ONLINE_PAYMENT,DELIVERING,0
3530,1260,100,280000.0,CASH,CONFIRMED,0
3531,636,151,250000.0,QR_CODE,DELIVERING,0
3532,388,,460000.0,ONLINE_PAYMENT,CANCELLED,0
3533,935,,325000.0,CASH,PENDING,0
3534,242,8,435000.0,CASH,DELIVERED,0
3535,732,293,130000.0,ONLINE_PAYMENT,CONFIRMED,0
3536,1058,,220000.0,CASH,PENDING,0
3537,1614,62,570000.0,QR_CODE,CONFIRMED,0
3538,1751,38,300000.0,ONLINE_PAYMENT,CONFIRMED,0
3539,800,110,260000.0,CASH,DELIVERING,0
3540,871,,60000.0,ONLINE_PAYMENT,PENDING,0
3541,1994,,60000.0,ONLINE_PAYMENT,PENDING,0
3542,832,249,185000.0,CASH,DELIVERING,0
3543,316,,130000.0,ONLINE_PAYMENT,PENDING,0
3544,1504,267,355000.0,ONLINE_PAYMENT,DELIVERED,0
3545,676,,520000.0,QR_CODE,PENDING,0
3546,834,106,225000.0,ONLINE_PAYMENT,DELIVERING,0
3547,720,138,100000.0,CASH,DELIVERING,0
3548,1641,48,210000.0,ONLINE_PAYMENT,DELIVERED,0
3549,1708,281,130000.0,CASH,DELIVERING,0
3550,1239,228,280000.0,CASH,DELIVERING,0
3551,1235,,595000.0,ONLINE_PAYMENT,PENDING,0
3552,651,135,815000.0,ONLINE_PAYMENT,DELIVERING,0
3553,1660,10,565000.0,ONLINE_PAYMENT,DELIVERED,0
3554,943,,285000.0,ONLINE_PAYMENT,CANCELLED,0
3555,1974,40,215000.0,ONLINE_PAYMENT,DELIVERING,0
3556,697,117,335000.0,QR_CODE,DELIVERING,0
3557,938,206,50000.0,ONLINE_PAYMENT,DELIVERED,0
3558,1829,,270000.0,QR_CODE,CANCELLED,0
3559,647,,505000.0,QR_CODE,PENDING,0
3560,1415,286,525000.0,CASH,DELIVERING,0
3561,1256,104,195000.0,ONLINE_PAYMENT,DELIVERED,0
3562,52,73,110000.0,QR_CODE,CONFIRMED,0
3563,639,133,600000.0,QR_CODE,DELIVERED,0
3564,195,102,615000.0,CASH,DELIVERED,0
3565,488,,275000.0,ONLINE_PAYMENT,PENDING,0
3566,774,,195000.0,CASH,PENDING,0
3567,289,198,310000.0,QR_CODE,DELIVERING,0
3568,306,,240000.0,CASH,CANCELLED,0
3569,430,87,180000.0,CASH,CONFIRMED,0
3570,190,,50000.0,QR_CODE,PENDING,0
3571,862,,55000.0,QR_CODE,PENDING,0
3572,515,,135000.0,QR_CODE,PENDING,0
3573,1366,,875000.0,ONLINE_PAYMENT,CANCELLED,0
3574,648,,250000.0,ONLINE_PAYMENT,CANCELLED,0
3575,1373,,585000.0,QR_CODE,PENDING,0
3576,740,283,105000.0,CASH,CONFIRMED,0
3577,822,,515000.0,ONLINE_PAYMENT,PENDING,0
3578,344,199,785000.0,ONLINE_PAYMENT,DELIVERING,0
3579,380,253,100000.0,QR_CODE,CONFIRMED,0
3580,1089,36,480000.0,ONLINE_PAYMENT,DELIVERED,0
3581,827,35,200000.0,QR_CODE,DELIVERED,0
3582,510,,575000.0,CASH,CANCELLED,0
3583,315,,110000.0,ONLINE_PAYMENT,PENDING,0
3584,97,,315000.0,QR_CODE,CANCELLED,0
3585,326,272,310000.0,CASH,DELIVERED,0
3586,790,278,250000.0,ONLINE_PAYMENT,CONFIRMED,0
3587,967,,420000.0,ONLINE_PAYMENT,PENDING,0
3588,1420,,150000.0,ONLINE_PAYMENT,PENDING,0
3589,424,253,510000.0,ONLINE_PAYMENT,DELIVERING,0
3590,207,140,555000.0,QR_CODE,DELIVERING,0
3591,1398,,60000.0,ONLINE_PAYMENT,PENDING,0
3592,1519,,90000.0,ONLINE_PAYMENT,CANCELLED,0
3593,199,122,835000.0,CASH,DELIVERED,0
3594,1578,52,80000.0,QR_CODE,CONFIRMED,0
3595,1720,80,435000.0,CASH,CONFIRMED,0
3596,1754,200,85000.0,ONLINE_PAYMENT,DELIVERED,0
3597,248,,865000.0,ONLINE_PAYMENT,PENDING,0
3598,885,,225000.0,CASH,CANCELLED,0
3599,1447,,170000.0,CASH,CANCELLED,0
3600,1475,,475000.0,CASH,CANCELLED,0
3601,336,31,270000.0,CASH,CONFIRMED,0
3602,126,141,600000.0,CASH,CONFIRMED,0
3603,27,203,120000.0,CASH,CONFIRMED,0
3604,1547,58,60000.0,ONLINE_PAYMENT,DELIVERED,0
3605,217,167,195000.0,CASH,CONFIRMED,0
3606,1864,,350000.0,QR_CODE,CANCELLED,0
3607,264,,150000.0,CASH,CANCELLED,0
3608,514,24,125000.0,ONLINE_PAYMENT,CONFIRMED,0
3609,1212,288,115000.0,QR_CODE,CONFIRMED,0
3610,360,,240000.0,CASH,CANCELLED,0
3611,263,1,435000.0,QR_CODE,CONFIRMED,0
3612,656,,640000.0,QR_CODE,PENDING,0
3613,1262,,320000.0,CASH,CANCELLED,0
3614,606,,125000.0,QR_CODE,CANCELLED,0
3615,1191,10,170000.0,ONLINE_PAYMENT,DELIVERING,0
3616,1859,,560000.0,ONLINE_PAYMENT,PENDING,0
3617,1456,,350000.0,QR_CODE,CANCELLED,0
3618,1352,194,270000.0,ONLINE_PAYMENT,DELIVERING,0
3619,1046,160,435000.0,CASH,DELIVERED,0
3620,54,283,485000.0,QR_CODE,DELIVERING,0
3621,1308,105,445000.0,QR_CODE,CONFIRMED,0
3622,436,,180000.0,QR_CODE,PENDING,0
3623,933,9,730000.0,ONLINE_PAYMENT,CONFIRMED,0
3624,1298,,835000.0,CASH,CANCELLED,0
3625,696,245,50000.0,QR_CODE,DELIVERING,0
3626,1871,81,360000.0,QR_CODE,CONFIRMED,0
3627,1029,,80000.0,QR_CODE,PENDING,0
3628,300,,250000.0,ONLINE_PAYMENT,PENDING,0
3629,1473,92,370000.0,ONLINE_PAYMENT,DELIVERED,0
3630,1817,,240000.0,ONLINE_PAYMENT,PENDING,0
3631,1274,289,570000.0,QR_CODE,DELIVERED,0
3632,1305,11,265000.0,ONLINE_PAYMENT,DELIVERED,0
3633,772,,235000.0,CASH,CANCELLED,0
3634,1114,,585000.0,QR_CODE,CANCELLED,0
3635,569,,270000.0,ONLINE_PAYMENT,CANCELLED,0
3636,142,,405000.0,ONLINE_PAYMENT,CANCELLED,0
3637,900,150,200000.0,ONLINE_PAYMENT,DELIVERED,0
3638,623,46,90000.0,ONLINE_PAYMENT,DELIVERED,0
3639,1636,249,565000.0,CASH,DELIVERED,0
3640,226,77,1080000.0,QR_CODE,CONFIRMED,0
3641,1422,,490000.0,ONLINE_PAYMENT,PENDING,0
3642,1264,148,175000.0,QR_CODE,DELIVERED,0
3643,1478,,575000.0,CASH,CANCELLED,0
3644,878,96,130000.0,CASH,CONFIRMED,0
3645,1827,54,340000.0,ONLINE_PAYMENT,DELIVERED,0
3646,1291,233,190000.0,QR_CODE,CONFIRMED,0
3647,1625,,230000.0,ONLINE_PAYMENT,PENDING,0
3648,611,145,525000.0,QR_CODE,DELIVERED,0
3649,977,,405000.0,QR_CODE,PENDING,0
3650,1802,164,355000.0,QR_CODE,DELIVERING,0
3651,1350,,480000.0,ONLINE_PAYMENT,PENDING,0
3652,1240,296,110000.0,CASH,DELIVERED,0
3653,1911,,60000.0,ONLINE_PAYMENT,CANCELLED,0
3654,1375,,150000.0,CASH,PENDING,0
3655,1555,52,450000.0,ONLINE_PAYMENT,DELIVERED,0
3656,371,260,405000.0,ONLINE_PAYMENT,CONFIRMED,0
3657,994,127,425000.0,QR_CODE,DELIVERING,0
3658,271,66,680000.0,QR_CODE,DELIVERING,0
3659,1488,,70000.0,QR_CODE,PENDING,0
3660,1369,38,620000.0,QR_CODE,DELIVERING,0
3661,1399,,315000.0,ONLINE_PAYMENT,CANCELLED,0
3662,1705,71,120000.0,CASH,DELIVERED,0
3663,1449,,1170000.0,CASH,PENDING,0
3664,1530,71,145000.0,CASH,CONFIRMED,0
3665,956,,85000.0,ONLINE_PAYMENT,CANCELLED,0
3666,412,296,600000.0,ONLINE_PAYMENT,DELIVERED,0
3667,829,251,105000.0,ONLINE_PAYMENT,DELIVERING,0
3668,522,,555000.0,CASH,CANCELLED,0
3669,362,,525000.0,QR_CODE,PENDING,0
3670,1399,,260000.0,QR_CODE,CANCELLED,0
3671,1990,,465000.0,CASH,PENDING,0
3672,1113,,285000.0,ONLINE_PAYMENT,CANCELLED,0
3673,406,92,170000.0,ONLINE_PAYMENT,DELIVERING,0
3674,1801,13,830000.0,CASH,DELIVERING,0
3675,652,248,910000.0,QR_CODE,DELIVERED,0
3676,1319,116,350000.0,QR_CODE,CONFIRMED,0
3677,1157,283,240000.0,QR_CODE,DELIVERED,0
3678,190,126,255000.0,CASH,CONFIRMED,0
3679,1217,,560000.0,CASH,PENDING,0
3680,270,,195000.0,CASH,PENDING,0
3681,336,198,105000.0,ONLINE_PAYMENT,DELIVERED,0
3682,236,224,600000.0,CASH,DELIVERED,0
3683,1763,233,190000.0,ONLINE_PAYMENT,DELIVERED,0
3684,1484,,505000.0,QR_CODE,PENDING,0
3685,115,38,435000.0,ONLINE_PAYMENT,DELIVERING,0
3686,282,203,540000.0,QR_CODE,CONFIRMED,0
3687,1436,202,80000.0,QR_CODE,DELIVERING,0
3688,494,192,600000.0,ONLINE_PAYMENT,DELIVERED,0
3689,221,150,135000.0,QR_CODE,DELIVERING,0
3690,1880,218,185000.0,ONLINE_PAYMENT,DELIVERED,0
3691,1467,284,445000.0,ONLINE_PAYMENT,DELIVERED,0
3692,795,121,95000.0,QR_CODE,DELIVERING,0
3693,43,128,640000.0,QR_CODE,DELIVERING,0
3694,1992,276,510000.0,ONLINE_PAYMENT,CONFIRMED,0
3695,1141,48,385000.0,QR_CODE,CONFIRMED,0
3696,1684,9,165000.0,ONLINE_PAYMENT,DELIVERING,0
3697,375,260,390000.0,QR_CODE,CONFIRMED,0
3698,1784,,135000.0,CASH,PENDING,0
3699,1838,28,55000.0,QR_CODE,CONFIRMED,0
3700,1612,,580000.0,QR_CODE,CANCELLED,0
3701,960,73,300000.0,CASH,DELIVERED,0
3702,1433,,40000.0,CASH,PENDING,0
3703,1137,162,200000.0,QR_CODE,CONFIRMED,0
3704,1903,,495000.0,CASH,PENDING,0
3705,1227,214,160000.0,CASH,DELIVERED,0
3706,294,216,770000.0,ONLINE_PAYMENT,DELIVERING,0
3707,498,,300000.0,ONLINE_PAYMENT,CANCELLED,0
3708,738,,300000.0,ONLINE_PAYMENT,CANCELLED,0
3709,489,63,60000.0,QR_CODE,CONFIRMED,0
3710,428,,485000.0,CASH,CANCELLED,0
3711,1819,,270000.0,CASH,PENDING,0
3712,1181,150,765000.0,ONLINE_PAYMENT,DELIVERING,0
3713,1874,146,120000.0,CASH,DELIVERING,0
3714,1932,,495000.0,CASH,CANCELLED,0
3715,567,,910000.0,ONLINE_PAYMENT,CANCELLED,0
3716,1310,,385000.0,ONLINE_PAYMENT,PENDING,0
3717,653,287,525000.0,ONLINE_PAYMENT,DELIVERING,0
3718,1876,238,830000.0,ONLINE_PAYMENT,CONFIRMED,0
3719,1409,115,115000.0,CASH,CONFIRMED,0
3720,1812,151,450000.0,CASH,DELIVERED,0
3721,1949,270,300000.0,QR_CODE,DELIVERED,0
3722,1911,,330000.0,QR_CODE,CANCELLED,0
3723,1685,189,440000.0,QR_CODE,DELIVERED,0
3724,592,,315000.0,ONLINE_PAYMENT,PENDING,0
3725,1299,,355000.0,ONLINE_PAYMENT,CANCELLED,0
3726,1751,163,330000.0,ONLINE_PAYMENT,CONFIRMED,0
3727,976,,190000.0,ONLINE_PAYMENT,CANCELLED,0
3728,1522,270,630000.0,CASH,DELIVERED,0
3729,394,,600000.0,QR_CODE,PENDING,0
3730,329,19,420000.0,CASH,DELIVERING,0
3731,946,,330000.0,CASH,PENDING,0
3732,160,,485000.0,ONLINE_PAYMENT,PENDING,0
3733,1535,,705000.0,CASH,CANCELLED,0
3734,1870,88,330000.0,ONLINE_PAYMENT,CONFIRMED,0
3735,885,,460000.0,ONLINE_PAYMENT,CANCELLED,0
3736,1483,,30000.0,ONLINE_PAYMENT,PENDING,0
3737,887,187,235000.0,QR_CODE,DELIVERED,0
3738,840,,515000.0,ONLINE_PAYMENT,PENDING,0
3739,193,,625000.0,QR_CODE,PENDING,0
3740,553,248,160000.0,QR_CODE,CONFIRMED,0
3741,929,27,295000.0,ONLINE_PAYMENT,CONFIRMED,0
3742,1086,,360000.0,CASH,PENDING,0
3743,1009,147,215000.0,CASH,DELIVERING,0
3744,1694,49,150000.0,ONLINE_PAYMENT,DELIVERING,0
3745,944,251,255000.0,CASH,DELIVERED,0
3746,371,30,85000.0,ONLINE_PAYMENT,DELIVERED,0
3747,1253,,150000.0,ONLINE_PAYMENT,CANCELLED,0
3748,627,,190000.0,QR_CODE,CANCELLED,0
3749,989,,270000.0,QR_CODE,CANCELLED,0
3750,1242,88,300000.0,QR_CODE,DELIVERING,0
3751,502,,75000.0,CASH,PENDING,0
3752,344,,430000.0,QR_CODE,PENDING,0
3753,738,,130000.0,ONLINE_PAYMENT,PENDING,0
3754,1366,129,1055000.0,ONLINE_PAYMENT,CONFIRMED,0
3755,845,,185000.0,CASH,PENDING,0
3756,66,87,485000.0,ONLINE_PAYMENT,CONFIRMED,0
3757,1318,,240000.0,ONLINE_PAYMENT,CANCELLED,0
3758,1170,201,335000.0,QR_CODE,CONFIRMED,0
3759,1912,,510000.0,ONLINE_PAYMENT,CANCELLED,0
3760,658,,225000.0,ONLINE_PAYMENT,CANCELLED,0
3761,532,,280000.0,CASH,PENDING,0
3762,1643,224,100000.0,ONLINE_PAYMENT,DELIVERING,0
3763,1199,172,695000.0,QR_CODE,DELIVERING,0
3764,1640,116,305000.0,CASH,DELIVERING,0
3765,108,,325000.0,ONLINE_PAYMENT,CANCELLED,0
3766,321,257,460000.0,CASH,DELIVERED,0
3767,1500,147,480000.0,ONLINE_PAYMENT,DELIVERING,0
3768,634,97,75000.0,CASH,CONFIRMED,0
3769,999,212,250000.0,ONLINE_PAYMENT,CONFIRMED,0
3770,1897,,540000.0,QR_CODE,CANCELLED,0
3771,296,218,355000.0,CASH,DELIVERED,0
3772,590,81,480000.0,QR_CODE,CONFIRMED,0
3773,38,,75000.0,ONLINE_PAYMENT,PENDING,0
3774,1526,300,480000.0,ONLINE_PAYMENT,DELIVERED,0
3775,547,,450000.0,QR_CODE,CANCELLED,0
3776,420,100,80000.0,ONLINE_PAYMENT,CONFIRMED,0
3777,827,21,160000.0,ONLINE_PAYMENT,DELIVERED,0
3778,780,44,30000.0,QR_CODE,DELIVERING,0
3779,844,,465000.0,CASH,PENDING,0
3780,1658,300,380000.0,CASH,DELIVERING,0
3781,1328,,135000.0,ONLINE_PAYMENT,CANCELLED,0
3782,1900,60,150000.0,QR_CODE,CONFIRMED,0
3783,1458,,315000.0,CASH,PENDING,0
3784,1241,229,525000.0,ONLINE_PAYMENT,DELIVERING,0
3785,1312,130,705000.0,CASH,DELIVERING,0
3786,1254,295,625000.0,CASH,DELIVERED,0
3787,315,33,420000.0,CASH,DELIVERED,0
3788,1271,,420000.0,CASH,CANCELLED,0
3789,25,16,415000.0,ONLINE_PAYMENT,DELIVERING,0
3790,868,,130000.0,ONLINE_PAYMENT,PENDING,0
3791,831,,260000.0,ONLINE_PAYMENT,PENDING,0
3792,764,,270000.0,QR_CODE,PENDING,0
3793,684,205,240000.0,ONLINE_PAYMENT,DELIVERED,0
3794,679,255,330000.0,ONLINE_PAYMENT,CONFIRMED,0
3795,128,283,600000.0,ONLINE_PAYMENT,DELIVERED,0
3796,982,128,720000.0,CASH,DELIVERING,0
3797,424,195,190000.0,QR_CODE,CONFIRMED,0
3798,1403,,150000.0,CASH,PENDING,0
3799,1358,,255000.0,QR_CODE,CANCELLED,0
3800,1012,,430000.0,ONLINE_PAYMENT,PENDING,0
3801,681,226,240000.0,CASH,CONFIRMED,0
3802,763,196,200000.0,QR_CODE,DELIVERED,0
3803,318,212,180000.0,QR_CODE,CONFIRMED,0
3804,539,,525000.0,CASH,PENDING,0
3805,1511,252,35000.0,QR_CODE,DELIVERED,0
3806,454,191,250000.0,ONLINE_PAYMENT,CONFIRMED,0
3807,1382,165,160000.0,CASH,DELIVERING,0
3808,816,290,220000.0,CASH,DELIVERING,0
3809,137,70,225000.0,ONLINE_PAYMENT,DELIVERING,0
3810,321,36,195000.0,QR_CODE,CONFIRMED,0
3811,1749,197,720000.0,ONLINE_PAYMENT,CONFIRMED,0
3812,1756,49,100000.0,CASH,CONFIRMED,0
3813,1888,,105000.0,CASH,PENDING,0
3814,246,240,795000.0,CASH,DELIVERED,0
3815,1994,20,450000.0,QR_CODE,DELIVERED,0
3816,974,135,130000.0,QR_CODE,DELIVERED,0
3817,663,,315000.0,QR_CODE,PENDING,0
3818,1174,148,390000.0,ONLINE_PAYMENT,CONFIRMED,0
3819,1504,275,60000.0,ONLINE_PAYMENT,DELIVERING,0
3820,1803,,430000.0,ONLINE_PAYMENT,PENDING,0
3821,1948,259,400000.0,ONLINE_PAYMENT,DELIVERED,0
3822,1078,16,160000.0,QR_CODE,CONFIRMED,0
3823,911,,360000.0,CASH,PENDING,0
3824,1503,173,565000.0,QR_CODE,DELIVERED,0
3825,1746,,195000.0,ONLINE_PAYMENT,PENDING,0
3826,1777,152,620000.0,CASH,CONFIRMED,0
3827,1787,98,300000.0,CASH,CONFIRMED,0
3828,1595,163,140000.0,CASH,CONFIRMED,0
3829,941,,425000.0,CASH,PENDING,0
3830,903,89,455000.0,CASH,CONFIRMED,0
3831,1543,,670000.0,QR_CODE,PENDING,0
3832,363,,545000.0,CASH,PENDING,0
3833,1031,12,100000.0,CASH,DELIVERING,0
3834,1410,,240000.0,CASH,CANCELLED,0
3835,161,185,120000.0,QR_CODE,DELIVERED,0
3836,412,184,585000.0,CASH,CONFIRMED,0
3837,1025,181,525000.0,QR_CODE,CONFIRMED,0
3838,1683,,490000.0,CASH,PENDING,0
3839,474,,250000.0,QR_CODE,PENDING,0
3840,459,211,285000.0,ONLINE_PAYMENT,DELIVERED,0
3841,132,,60000.0,ONLINE_PAYMENT,CANCELLED,0
3842,548,,205000.0,CASH,CANCELLED,0
3843,1370,,90000.0,QR_CODE,CANCELLED,0
3844,671,100,370000.0,QR_CODE,DELIVERED,0
3845,1088,294,100000.0,CASH,CONFIRMED,0
3846,220,,310000.0,QR_CODE,CANCELLED,0
3847,500,124,420000.0,QR_CODE,DELIVERING,0
3848,1383,114,280000.0,QR_CODE,DELIVERED,0
3849,1918,190,50000.0,QR_CODE,CONFIRMED,0
3850,555,,200000.0,ONLINE_PAYMENT,PENDING,0
3851,1288,281,270000.0,QR_CODE,DELIVERING,0
3852,273,,740000.0,CASH,PENDING,0
3853,1877,143,500000.0,QR_CODE,DELIVERING,0
3854,1784,229,525000.0,QR_CODE,CONFIRMED,0
3855,1982,269,90000.0,QR_CODE,CONFIRMED,0
3856,1765,222,620000.0,ONLINE_PAYMENT,CONFIRMED,0
3857,772,237,300000.0,CASH,DELIVERED,0
3858,1617,,410000.0,QR_CODE,CANCELLED,0
3859,374,23,360000.0,QR_CODE,CONFIRMED,0
3860,942,278,115000.0,ONLINE_PAYMENT,DELIVERED,0
3861,1252,39,300000.0,ONLINE_PAYMENT,DELIVERING,0
3862,260,117,115000.0,CASH,DELIVERING,0
3863,521,,720000.0,CASH,CANCELLED,0
3864,1965,37,570000.0,QR_CODE,CONFIRMED,0
3865,1513,,130000.0,CASH,CANCELLED,0
3866,46,,255000.0,CASH,CANCELLED,0
3867,401,,285000.0,QR_CODE,CANCELLED,0
3868,1005,,95000.0,ONLINE_PAYMENT,PENDING,0
3869,1789,52,190000.0,ONLINE_PAYMENT,DELIVERING,0
3870,770,,190000.0,ONLINE_PAYMENT,PENDING,0
3871,969,8,630000.0,ONLINE_PAYMENT,DELIVERING,0
3872,1094,269,660000.0,CASH,DELIVERED,0
3873,1507,221,230000.0,ONLINE_PAYMENT,DELIVERED,0
3874,282,,220000.0,ONLINE_PAYMENT,PENDING,0
3875,1406,102,825000.0,CASH,CONFIRMED,0
3876,751,,75000.0,QR_CODE,PENDING,0
3877,130,114,375000.0,ONLINE_PAYMENT,CONFIRMED,0
3878,243,,500000.0,ONLINE_PAYMENT,PENDING,0
3879,672,205,165000.0,CASH,DELIVERING,0
3880,1507,,455000.0,CASH,PENDING,0
3881,717,,355000.0,CASH,CANCELLED,0
3882,681,32,180000.0,CASH,DELIVERED,0
3883,184,,355000.0,ONLINE_PAYMENT,PENDING,0
3884,1424,,300000.0,ONLINE_PAYMENT,PENDING,0
3885,945,276,495000.0,ONLINE_PAYMENT,CONFIRMED,0
3886,959,,420000.0,CASH,CANCELLED,0
3887,675,,815000.0,ONLINE_PAYMENT,PENDING,0
3888,1678,274,320000.0,CASH,DELIVERED,0
3889,656,102,420000.0,QR_CODE,DELIVERING,0
3890,1810,,230000.0,CASH,CANCELLED,0
3891,758,,720000.0,QR_CODE,CANCELLED,0
3892,1170,74,440000.0,QR_CODE,DELIVERING,0
3893,879,292,205000.0,QR_CODE,CONFIRMED,0
3894,677,151,475000.0,CASH,DELIVERING,0
3895,795,292,545000.0,QR_CODE,DELIVERING,0
3896,131,129,215000.0,CASH,CONFIRMED,0
3897,1379,,135000.0,ONLINE_PAYMENT,CANCELLED,0
3898,1780,,575000.0,CASH,PENDING,0
3899,1623,283,990000.0,ONLINE_PAYMENT,CONFIRMED,0
3900,161,187,330000.0,CASH,CONFIRMED,0
3901,718,222,555000.0,QR_CODE,CONFIRMED,0
3902,804,238,270000.0,ONLINE_PAYMENT,DELIVERING,0
3903,1934,249,410000.0,QR_CODE,DELIVERING,0
3904,528,283,455000.0,QR_CODE,DELIVERED,0
3905,1458,205,435000.0,ONLINE_PAYMENT,DELIVERED,0
3906,1597,215,350000.0,QR_CODE,DELIVERING,0
3907,1605,18,210000.0,QR_CODE,DELIVERED,0
3908,682,4,515000.0,QR_CODE,CONFIRMED,0
3909,135,,410000.0,QR_CODE,CANCELLED,0
3910,57,38,665000.0,QR_CODE,DELIVERED,0
3911,1891,294,295000.0,QR_CODE,CONFIRMED,0
3912,516,268,310000.0,CASH,CONFIRMED,0
3913,1908,122,490000.0,ONLINE_PAYMENT,DELIVERING,0
3914,355,,190000.0,CASH,PENDING,0
3915,598,250,665000.0,QR_CODE,DELIVERING,0
3916,225,,140000.0,QR_CODE,PENDING,0
3917,838,44,690000.0,QR_CODE,DELIVERING,0
3918,1674,224,45000.0,CASH,DELIVERED,0
3919,1195,,210000.0,CASH,PENDING,0
3920,361,263,645000.0,QR_CODE,DELIVERING,0
3921,62,,320000.0,QR_CODE,CANCELLED,0
3922,516,222,210000.0,CASH,DELIVERING,0
3923,103,,660000.0,CASH,PENDING,0
3924,186,,270000.0,CASH,CANCELLED,0
3925,1930,,210000.0,ONLINE_PAYMENT,PENDING,0
3926,1949,158,135000.0,ONLINE_PAYMENT,DELIVERED,0
3927,589,190,360000.0,QR_CODE,DELIVERED,0
3928,519,152,70000.0,ONLINE_PAYMENT,DELIVERING,0
3929,388,72,165000.0,QR_CODE,DELIVERING,0
3930,972,,535000.0,ONLINE_PAYMENT,PENDING,0
3931,1886,185,215000.0,ONLINE_PAYMENT,CONFIRMED,0
3932,330,41,505000.0,CASH,DELIVERED,0
3933,1475,97,740000.0,CASH,DELIVERING,0
3934,1069,91,180000.0,ONLINE_PAYMENT,CONFIRMED,0
3935,737,,360000.0,QR_CODE,PENDING,0
3936,764,,170000.0,ONLINE_PAYMENT,CANCELLED,0
3937,1138,255,345000.0,QR_CODE,CONFIRMED,0
3938,749,,450000.0,ONLINE_PAYMENT,CANCELLED,0
3939,115,,360000.0,CASH,PENDING,0
3940,1052,89,755000.0,QR_CODE,CONFIRMED,0
3941,736,,480000.0,ONLINE_PAYMENT,CANCELLED,0
3942,185,,345000.0,ONLINE_PAYMENT,CANCELLED,0
3943,1486,60,610000.0,QR_CODE,DELIVERING,0
3944,1227,,370000.0,CASH,PENDING,0
3945,987,,115000.0,ONLINE_PAYMENT,PENDING,0
3946,868,198,405000.0,CASH,CONFIRMED,0
3947,1305,,580000.0,QR_CODE,CANCELLED,0
3948,1185,,225000.0,ONLINE_PAYMENT,PENDING,0
3949,787,41,840000.0,CASH,CONFIRMED,0
3950,4,,360000.0,CASH,CANCELLED,0
3951,245,17,280000.0,CASH,CONFIRMED,0
3952,367,168,300000.0,CASH,DELIVERING,0
3953,77,,585000.0,ONLINE_PAYMENT,CANCELLED,0
3954,1625,58,350000.0,QR_CODE,DELIVERING,0
3955,282,,160000.0,CASH,PENDING,0
3956,1647,106,440000.0,QR_CODE,DELIVERED,0
3957,913,,450000.0,QR_CODE,PENDING,0
3958,442,212,285000.0,QR_CODE,DELIVERED,0
3959,74,280,540000.0,ONLINE_PAYMENT,DELIVERING,0
3960,1962,88,135000.0,CASH,DELIVERED,0
3961,1594,131,220000.0,QR_CODE,DELIVERED,0
3962,239,80,150000.0,CASH,DELIVERED,0
3963,1105,,500000.0,CASH,PENDING,0
3964,1754,29,270000.0,ONLINE_PAYMENT,CONFIRMED,0
3965,1856,,325000.0,ONLINE_PAYMENT,PENDING,0
3966,462,,100000.0,ONLINE_PAYMENT,PENDING,0
3967,74,,190000.0,ONLINE_PAYMENT,PENDING,0
3968,1965,,220000.0,QR_CODE,CANCELLED,0
3969,1116,90,645000.0,CASH,DELIVERING,0
3970,1941,,250000.0,CASH,CANCELLED,0
3971,501,134,55000.0,ONLINE_PAYMENT,DELIVERED,0
3972,1212,,405000.0,ONLINE_PAYMENT,PENDING,0
3973,195,,560000.0,QR_CODE,PENDING,0
3974,1647,132,455000.0,CASH,DELIVERED,0
3975,74,90,460000.0,CASH,DELIVERED,0
3976,1006,191,355000.0,QR_CODE,DELIVERED,0
3977,1841,,410000.0,ONLINE_PAYMENT,CANCELLED,0
3978,625,282,530000.0,CASH,CONFIRMED,0
3979,1453,24,800000.0,ONLINE_PAYMENT,CONFIRMED,0
3980,173,,315000.0,QR_CODE,PENDING,0
3981,1579,176,545000.0,QR_CODE,DELIVERED,0
3982,1274,,530000.0,QR_CODE,PENDING,0
3983,419,,570000.0,ONLINE_PAYMENT,CANCELLED,0
3984,811,187,240000.0,QR_CODE,DELIVERING,0
3985,2,189,150000.0,QR_CODE,DELIVERED,0
3986,553,293,285000.0,CASH,DELIVERING,0
3987,1385,,270000.0,ONLINE_PAYMENT,CANCELLED,0
3988,810,27,365000.0,CASH,DELIVERED,0
3989,591,292,280000.0,ONLINE_PAYMENT,DELIVERED,0
3990,443,,230000.0,QR_CODE,CANCELLED,0
3991,1683,,130000.0,ONLINE_PAYMENT,CANCELLED,0
3992,925,,65000.0,CASH,CANCELLED,0
3993,713,,630000.0,CASH,PENDING,0
3994,1690,31,560000.0,ONLINE_PAYMENT,DELIVERED,0
3995,1213,,145000.0,QR_CODE,PENDING,0
3996,81,37,235000.0,ONLINE_PAYMENT,DELIVERING,0
3997,36,,725000.0,QR_CODE,CANCELLED,0
3998,863,121,420000.0,QR_CODE,DELIVERING,0
3999,382,,575000.0,ONLINE_PAYMENT,PENDING,0
4000,1657,263,190000.0,ONLINE_PAYMENT,CONFIRMED,0
4001,17,,270000.0,ONLINE_PAYMENT,CANCELLED,0
4002,1010,,450000.0,QR_CODE,PENDING,0
4003,327,39,275000.0,ONLINE_PAYMENT,DELIVERING,0
4004,1168,256,660000.0,ONLINE_PAYMENT,DELIVERING,0
4005,1773,71,375000.0,QR_CODE,DELIVERED,0
4006,1009,281,520000.0,CASH,DELIVERED,0
4007,1371,122,420000.0,CASH,CONFIRMED,0
4008,359,,285000.0,ONLINE_PAYMENT,PENDING,0
4009,566,,715000.0,QR_CODE,PENDING,0
4010,644,272,45000.0,QR_CODE,DELIVERED,0
4011,1267,,425000.0,CASH,CANCELLED,0
4012,497,,225000.0,ONLINE_PAYMENT,CANCELLED,0
4013,1882,212,430000.0,CASH,DELIVERED,0
4014,675,,630000.0,ONLINE_PAYMENT,CANCELLED,0
4015,10,,360000.0,CASH,PENDING,0
4016,405,,100000.0,CASH,CANCELLED,0
4017,1241,,180000.0,ONLINE_PAYMENT,CANCELLED,0
4018,110,250,240000.0,CASH,DELIVERED,0
4019,480,263,210000.0,QR_CODE,DELIVERING,0
4020,1975,299,70000.0,CASH,CONFIRMED,0
4021,1693,184,255000.0,ONLINE_PAYMENT,DELIVERING,0
4022,1003,249,390000.0,QR_CODE,DELIVERED,0
4023,1927,279,435000.0,QR_CODE,DELIVERING,0
4024,312,,230000.0,QR_CODE,PENDING,0
4025,1721,42,485000.0,CASH,DELIVERING,0
4026,1208,143,480000.0,ONLINE_PAYMENT,DELIVERING,0
4027,632,54,205000.0,QR_CODE,DELIVERING,0
4028,702,,345000.0,CASH,PENDING,0
4029,819,38,180000.0,CASH,DELIVERING,0
4030,1980,142,270000.0,ONLINE_PAYMENT,DELIVERING,0
4031,1587,27,220000.0,CASH,CONFIRMED,0
4032,1228,,120000.0,ONLINE_PAYMENT,PENDING,0
4033,1394,84,400000.0,ONLINE_PAYMENT,DELIVERED,0
4034,1925,253,225000.0,QR_CODE,DELIVERING,0
4035,53,276,890000.0,ONLINE_PAYMENT,DELIVERING,0
4036,272,,245000.0,QR_CODE,CANCELLED,0
4037,1433,75,290000.0,CASH,CONFIRMED,0
4038,403,,650000.0,ONLINE_PAYMENT,PENDING,0
4039,1482,,100000.0,QR_CODE,CANCELLED,0
4040,1626,,80000.0,CASH,CANCELLED,0
4041,1617,281,840000.0,ONLINE_PAYMENT,DELIVERED,0
4042,599,21,175000.0,ONLINE_PAYMENT,DELIVERED,0
4043,49,202,530000.0,QR_CODE,DELIVERING,0
4044,662,,290000.0,ONLINE_PAYMENT,PENDING,0
4045,1271,116,220000.0,ONLINE_PAYMENT,DELIVERING,0
4046,200,110,615000.0,QR_CODE,CONFIRMED,0
4047,1376,,710000.0,ONLINE_PAYMENT,PENDING,0
4048,1745,140,560000.0,QR_CODE,CONFIRMED,0
4049,1408,263,230000.0,QR_CODE,DELIVERING,0
4050,1790,,180000.0,CASH,PENDING,0
4051,475,6,790000.0,ONLINE_PAYMENT,DELIVERING,0
4052,452,61,625000.0,ONLINE_PAYMENT,CONFIRMED,0
4053,1888,,270000.0,CASH,CANCELLED,0
4054,1551,67,615000.0,QR_CODE,DELIVERED,0
4055,1420,24,170000.0,QR_CODE,CONFIRMED,0
4056,205,35,300000.0,CASH,CONFIRMED,0
4057,1642,,240000.0,QR_CODE,CANCELLED,0
4058,407,237,735000.0,QR_CODE,DELIVERING,0
4059,650,,295000.0,CASH,PENDING,0
4060,1613,287,160000.0,QR_CODE,DELIVERING,0
4061,1831,153,330000.0,CASH,DELIVERING,0
4062,399,261,820000.0,QR_CODE,DELIVERED,0
4063,61,,155000.0,CASH,CANCELLED,0
4064,1607,91,320000.0,QR_CODE,DELIVERED,0
4065,1139,207,365000.0,CASH,DELIVERING,0
4066,616,,575000.0,CASH,CANCELLED,0
4067,1575,15,605000.0,CASH,CONFIRMED,0
4068,967,44,340000.0,CASH,CONFIRMED,0
4069,1053,27,630000.0,QR_CODE,CONFIRMED,0
4070,1048,23,625000.0,QR_CODE,CONFIRMED,0
4071,694,,480000.0,QR_CODE,CANCELLED,0
4072,995,169,255000.0,QR_CODE,DELIVERING,0
4073,470,,280000.0,QR_CODE,PENDING,0
4074,84,,425000.0,CASH,PENDING,0
4075,1939,,900000.0,CASH,PENDING,0
4076,1924,109,65000.0,CASH,CONFIRMED,0
4077,949,212,610000.0,CASH,DELIVERING,0
4078,1714,291,295000.0,CASH,DELIVERED,0
4079,716,272,510000.0,QR_CODE,DELIVERING,0
4080,540,113,360000.0,CASH,DELIVERED,0
4081,1397,33,360000.0,QR_CODE,DELIVERING,0
4082,126,83,620000.0,CASH,CONFIRMED,0
4083,168,278,445000.0,ONLINE_PAYMENT,DELIVERED,0
4084,673,201,345000.0,ONLINE_PAYMENT,CONFIRMED,0
4085,1734,,220000.0,ONLINE_PAYMENT,CANCELLED,0
4086,462,,580000.0,ONLINE_PAYMENT,PENDING,0
4087,649,,405000.0,CASH,CANCELLED,0
4088,975,255,335000.0,QR_CODE,DELIVERING,0
4089,1287,241,130000.0,QR_CODE,DELIVERING,0
4090,1943,268,380000.0,CASH,DELIVERED,0
4091,1596,,615000.0,CASH,PENDING,0
4092,588,,360000.0,CASH,CANCELLED,0
4093,1252,,155000.0,QR_CODE,PENDING,0
4094,489,135,400000.0,CASH,CONFIRMED,0
4095,1564,,430000.0,CASH,PENDING,0
4096,937,,115000.0,ONLINE_PAYMENT,PENDING,0
4097,212,149,420000.0,ONLINE_PAYMENT,CONFIRMED,0
4098,394,,30000.0,CASH,CANCELLED,0
4099,1349,160,435000.0,QR_CODE,DELIVERING,0
4100,1398,191,455000.0,QR_CODE,DELIVERING,0
4101,148,,400000.0,ONLINE_PAYMENT,CANCELLED,0
4102,927,48,195000.0,ONLINE_PAYMENT,DELIVERING,0
4103,1800,182,485000.0,CASH,DELIVERING,0
4104,1691,,845000.0,CASH,CANCELLED,0
4105,1816,207,150000.0,CASH,CONFIRMED,0
4106,1229,182,380000.0,ONLINE_PAYMENT,DELIVERED,0
4107,958,,145000.0,QR_CODE,PENDING,0
4108,960,109,445000.0,CASH,DELIVERING,0
4109,801,,300000.0,QR_CODE,PENDING,0
4110,758,,805000.0,CASH,PENDING,0
4111,1854,,565000.0,QR_CODE,CANCELLED,0
4112,945,,220000.0,CASH,PENDING,0
4113,836,193,815000.0,ONLINE_PAYMENT,CONFIRMED,0
4114,956,,285000.0,CASH,PENDING,0
4115,1862,,275000.0,ONLINE_PAYMENT,PENDING,0
4116,514,,140000.0,CASH,PENDING,0
4117,489,93,275000.0,QR_CODE,CONFIRMED,0
4118,312,221,425000.0,ONLINE_PAYMENT,DELIVERED,0
4119,926,286,375000.0,ONLINE_PAYMENT,CONFIRMED,0
4120,1740,260,290000.0,CASH,DELIVERED,0
4121,760,196,250000.0,QR_CODE,DELIVERED,0
4122,1622,,790000.0,ONLINE_PAYMENT,PENDING,0
4123,1092,20,305000.0,CASH,DELIVERED,0
4124,856,,645000.0,QR_CODE,PENDING,0
4125,946,,130000.0,ONLINE_PAYMENT,CANCELLED,0
4126,540,74,115000.0,ONLINE_PAYMENT,DELIVERED,0
4127,629,235,190000.0,CASH,CONFIRMED,0
4128,947,150,570000.0,CASH,CONFIRMED,0
4129,1301,,240000.0,CASH,CANCELLED,0
4130,1207,,200000.0,CASH,CANCELLED,0
4131,1173,191,840000.0,ONLINE_PAYMENT,DELIVERED,0
4132,1716,64,805000.0,CASH,DELIVERING,0
4133,625,9,30000.0,QR_CODE,CONFIRMED,0
4134,886,151,215000.0,ONLINE_PAYMENT,DELIVERED,0
4135,1469,,455000.0,CASH,CANCELLED,0
4136,1281,240,290000.0,CASH,DELIVERING,0
4137,1307,131,130000.0,ONLINE_PAYMENT,DELIVERING,0
4138,1160,,420000.0,ONLINE_PAYMENT,PENDING,0
4139,481,,325000.0,CASH,CANCELLED,0
4140,494,128,530000.0,QR_CODE,DELIVERED,0
4141,1390,,500000.0,CASH,CANCELLED,0
4142,544,50,370000.0,ONLINE_PAYMENT,DELIVERING,0
4143,1842,199,390000.0,ONLINE_PAYMENT,DELIVERING,0
4144,835,29,615000.0,CASH,DELIVERED,0
4145,1337,184,205000.0,QR_CODE,DELIVERING,0
4146,1767,164,600000.0,QR_CODE,DELIVERING,0
4147,1005,169,335000.0,QR_CODE,DELIVERING,0
4148,575,129,95000.0,CASH,DELIVERED,0
4149,399,226,220000.0,QR_CODE,CONFIRMED,0
4150,1881,220,280000.0,ONLINE_PAYMENT,DELIVERED,0
4151,328,,115000.0,QR_CODE,PENDING,0
4152,452,,240000.0,CASH,CANCELLED,0
4153,1827,,310000.0,CASH,CANCELLED,0
4154,1977,154,460000.0,CASH,CONFIRMED,0
4155,648,,160000.0,CASH,PENDING,0
4156,1337,293,280000.0,CASH,CONFIRMED,0
4157,100,,235000.0,CASH,PENDING,0
4158,615,117,365000.0,QR_CODE,DELIVERED,0
4159,1765,,360000.0,QR_CODE,CANCELLED,0
4160,1817,,595000.0,ONLINE_PAYMENT,PENDING,0
4161,1311,247,715000.0,ONLINE_PAYMENT,CONFIRMED,0
4162,943,,645000.0,QR_CODE,PENDING,0
4163,1915,181,560000.0,CASH,DELIVERING,0
4164,1053,14,250000.0,ONLINE_PAYMENT,DELIVERED,0
4165,373,,225000.0,CASH,PENDING,0
4166,174,,730000.0,CASH,CANCELLED,0
4167,1475,150,295000.0,CASH,DELIVERED,0
4168,328,17,180000.0,CASH,CONFIRMED,0
4169,1310,,380000.0,QR_CODE,PENDING,0
4170,1780,12,270000.0,QR_CODE,CONFIRMED,0
4171,1837,177,400000.0,QR_CODE,DELIVERED,0
4172,788,21,225000.0,QR_CODE,DELIVERED,0
4173,1831,,140000.0,CASH,PENDING,0
4174,1554,,220000.0,CASH,PENDING,0
4175,1979,,160000.0,CASH,CANCELLED,0
4176,1453,204,460000.0,QR_CODE,DELIVERING,0
4177,1771,,115000.0,CASH,CANCELLED,0
4178,482,149,585000.0,CASH,DELIVERING,0
4179,1675,27,235000.0,QR_CODE,CONFIRMED,0
4180,1691,248,95000.0,QR_CODE,DELIVERED,0
4181,674,,455000.0,ONLINE_PAYMENT,PENDING,0
4182,533,10,270000.0,ONLINE_PAYMENT,DELIVERED,0
4183,175,,425000.0,ONLINE_PAYMENT,CANCELLED,0
4184,527,,195000.0,CASH,PENDING,0
4185,838,222,350000.0,QR_CODE,DELIVERING,0
4186,598,118,300000.0,QR_CODE,DELIVERING,0
4187,433,,575000.0,ONLINE_PAYMENT,PENDING,0
4188,615,123,475000.0,ONLINE_PAYMENT,CONFIRMED,0
4189,35,,330000.0,ONLINE_PAYMENT,CANCELLED,0
4190,233,,185000.0,CASH,CANCELLED,0
4191,825,300,365000.0,QR_CODE,DELIVERED,0
4192,1634,,260000.0,ONLINE_PAYMENT,CANCELLED,0
4193,7,123,810000.0,QR_CODE,DELIVERING,0
4194,1357,6,305000.0,ONLINE_PAYMENT,DELIVERING,0
4195,1697,29,35000.0,ONLINE_PAYMENT,CONFIRMED,0
4196,567,258,275000.0,ONLINE_PAYMENT,CONFIRMED,0
4197,1096,,410000.0,ONLINE_PAYMENT,CANCELLED,0
4198,923,204,785000.0,ONLINE_PAYMENT,DELIVERED,0
4199,362,216,690000.0,ONLINE_PAYMENT,DELIVERED,0
4200,1537,,140000.0,CASH,CANCELLED,0
4201,161,110,75000.0,CASH,DELIVERED,0
4202,491,69,430000.0,ONLINE_PAYMENT,CONFIRMED,0
4203,582,,220000.0,ONLINE_PAYMENT,PENDING,0
4204,485,256,105000.0,ONLINE_PAYMENT,DELIVERING,0
4205,643,298,105000.0,QR_CODE,DELIVERING,0
4206,117,,300000.0,QR_CODE,PENDING,0
4207,348,,160000.0,ONLINE_PAYMENT,PENDING,0
4208,1755,6,410000.0,QR_CODE,DELIVERED,0
4209,908,,555000.0,ONLINE_PAYMENT,PENDING,0
4210,883,,520000.0,ONLINE_PAYMENT,PENDING,0
4211,649,,1030000.0,QR_CODE,PENDING,0
4212,326,175,300000.0,CASH,DELIVERING,0
4213,774,,390000.0,ONLINE_PAYMENT,PENDING,0
4214,500,,550000.0,CASH,PENDING,0
4215,59,,110000.0,ONLINE_PAYMENT,PENDING,0
4216,718,195,445000.0,ONLINE_PAYMENT,CONFIRMED,0
4217,1198,144,610000.0,QR_CODE,CONFIRMED,0
4218,1843,,615000.0,ONLINE_PAYMENT,CANCELLED,0
4219,499,164,100000.0,CASH,DELIVERING,0
4220,818,299,35000.0,ONLINE_PAYMENT,DELIVERING,0
4221,1985,,495000.0,QR_CODE,CANCELLED,0
4222,1159,238,185000.0,CASH,DELIVERING,0
4223,1429,142,510000.0,ONLINE_PAYMENT,CONFIRMED,0
4224,21,166,265000.0,CASH,DELIVERING,0
4225,477,291,150000.0,CASH,CONFIRMED,0
4226,216,138,300000.0,QR_CODE,DELIVERED,0
4227,922,,170000.0,CASH,CANCELLED,0
4228,957,35,130000.0,CASH,CONFIRMED,0
4229,1280,54,440000.0,ONLINE_PAYMENT,CONFIRMED,0
4230,548,,675000.0,CASH,CANCELLED,0
4231,23,,870000.0,QR_CODE,PENDING,0
4232,1365,218,420000.0,QR_CODE,CONFIRMED,0
4233,1864,,140000.0,QR_CODE,PENDING,0
4234,54,10,480000.0,QR_CODE,DELIVERING,0
4235,1016,,670000.0,CASH,PENDING,0
4236,828,80,200000.0,ONLINE_PAYMENT,DELIVERING,0
4237,1286,,200000.0,CASH,CANCELLED,0
4238,1209,154,405000.0,QR_CODE,DELIVERING,0
4239,381,142,420000.0,CASH,CONFIRMED,0
4240,1271,205,305000.0,CASH,DELIVERING,0
4241,1914,155,355000.0,CASH,CONFIRMED,0
4242,1887,250,245000.0,CASH,DELIVERING,0
4243,927,274,150000.0,QR_CODE,DELIVERED,0
4244,91,163,100000.0,QR_CODE,DELIVERED,0
4245,769,,360000.0,ONLINE_PAYMENT,CANCELLED,0
4246,562,177,300000.0,ONLINE_PAYMENT,DELIVERED,0
4247,501,,610000.0,QR_CODE,PENDING,0
4248,1382,155,205000.0,QR_CODE,DELIVERED,0
4249,196,68,45000.0,CASH,CONFIRMED,0
4250,170,,400000.0,CASH,PENDING,0
4251,1336,270,130000.0,CASH,CONFIRMED,0
4252,1011,,350000.0,CASH,PENDING,0
4253,1827,18,200000.0,ONLINE_PAYMENT,DELIVERED,0
4254,785,88,260000.0,CASH,DELIVERED,0
4255,1575,47,430000.0,CASH,DELIVERED,0
4256,973,,495000.0,CASH,CANCELLED,0
4257,190,276,450000.0,ONLINE_PAYMENT,DELIVERING,0
4258,1527,14,345000.0,QR_CODE,DELIVERING,0
4259,1246,65,625000.0,CASH,DELIVERING,0
4260,541,,800000.0,ONLINE_PAYMENT,CANCELLED,0
4261,669,282,140000.0,QR_CODE,CONFIRMED,0
4262,1152,165,260000.0,CASH,DELIVERING,0
4263,1553,,405000.0,CASH,CANCELLED,0
4264,1828,68,555000.0,QR_CODE,DELIVERING,0
4265,776,,675000.0,QR_CODE,CANCELLED,0
4266,1685,73,520000.0,ONLINE_PAYMENT,DELIVERED,0
4267,22,290,225000.0,ONLINE_PAYMENT,DELIVERED,0
4268,543,182,470000.0,CASH,CONFIRMED,0
4269,1045,206,245000.0,QR_CODE,DELIVERED,0
4270,582,,120000.0,QR_CODE,PENDING,0
4271,637,255,75000.0,CASH,DELIVERED,0
4272,975,259,540000.0,CASH,DELIVERED,0
4273,1459,21,290000.0,ONLINE_PAYMENT,DELIVERING,0
4274,817,,125000.0,CASH,CANCELLED,0
4275,262,28,70000.0,ONLINE_PAYMENT,CONFIRMED,0
4276,294,,390000.0,ONLINE_PAYMENT,CANCELLED,0
4277,716,182,415000.0,QR_CODE,CONFIRMED,0
4278,1805,188,460000.0,ONLINE_PAYMENT,DELIVERED,0
4279,1796,,630000.0,QR_CODE,CANCELLED,0
4280,50,248,360000.0,QR_CODE,CONFIRMED,0
4281,426,120,375000.0,QR_CODE,CONFIRMED,0
4282,522,101,375000.0,QR_CODE,DELIVERED,0
4283,678,,625000.0,ONLINE_PAYMENT,CANCELLED,0
4284,979,,310000.0,ONLINE_PAYMENT,CANCELLED,0
4285,1915,252,210000.0,ONLINE_PAYMENT,DELIVERING,0
4286,416,,470000.0,QR_CODE,PENDING,0
4287,1717,,275000.0,ONLINE_PAYMENT,PENDING,0
4288,1351,,330000.0,QR_CODE,PENDING,0
4289,1020,,700000.0,CASH,PENDING,0
4290,17,,180000.0,CASH,CANCELLED,0
4291,982,4,490000.0,ONLINE_PAYMENT,DELIVERING,0
4292,400,,130000.0,ONLINE_PAYMENT,CANCELLED,0
4293,657,,110000.0,CASH,CANCELLED,0
4294,1710,,780000.0,ONLINE_PAYMENT,PENDING,0
4295,1077,12,735000.0,CASH,DELIVERING,0
4296,1776,225,80000.0,QR_CODE,CONFIRMED,0
4297,657,,160000.0,ONLINE_PAYMENT,PENDING,0
4298,1890,134,375000.0,ONLINE_PAYMENT,DELIVERING,0
4299,975,47,210000.0,QR_CODE,DELIVERING,0
4300,153,,765000.0,QR_CODE,CANCELLED,0
4301,304,259,435000.0,ONLINE_PAYMENT,CONFIRMED,0
4302,155,,520000.0,CASH,CANCELLED,0
4303,1648,267,210000.0,QR_CODE,DELIVERED,0
4304,1122,108,345000.0,QR_CODE,DELIVERING,0
4305,922,,385000.0,CASH,CANCELLED,0
4306,92,170,250000.0,CASH,DELIVERED,0
4307,1865,187,510000.0,ONLINE_PAYMENT,CONFIRMED,0
4308,1226,,210000.0,ONLINE_PAYMENT,CANCELLED,0
4309,836,87,70000.0,CASH,DELIVERING,0
4310,1263,,170000.0,CASH,PENDING,0
4311,957,,130000.0,QR_CODE,PENDING,0
4312,1377,278,125000.0,ONLINE_PAYMENT,DELIVERING,0
4313,1848,,380000.0,ONLINE_PAYMENT,CANCELLED,0
4314,319,166,70000.0,CASH,DELIVERING,0
4315,633,,95000.0,CASH,CANCELLED,0
4316,1307,11,365000.0,CASH,DELIVERED,0
4317,1162,239,75000.0,QR_CODE,CONFIRMED,0
4318,1234,,375000.0,ONLINE_PAYMENT,PENDING,0
4319,421,73,420000.0,CASH,DELIVERING,0
4320,1386,66,360000.0,ONLINE_PAYMENT,DELIVERED,0
4321,1563,246,105000.0,ONLINE_PAYMENT,DELIVERED,0
4322,824,107,435000.0,ONLINE_PAYMENT,DELIVERING,0
4323,220,143,300000.0,QR_CODE,DELIVERING,0
4324,608,7,460000.0,ONLINE_PAYMENT,DELIVERED,0
4325,979,275,215000.0,ONLINE_PAYMENT,CONFIRMED,0
4326,1163,,120000.0,CASH,CANCELLED,0
4327,749,63,230000.0,ONLINE_PAYMENT,DELIVERING,0
4328,466,,380000.0,ONLINE_PAYMENT,CANCELLED,0
4329,1994,120,390000.0,ONLINE_PAYMENT,CONFIRMED,0
4330,1657,49,250000.0,ONLINE_PAYMENT,DELIVERED,0
4331,1292,,710000.0,CASH,PENDING,0
4332,1340,159,495000.0,QR_CODE,CONFIRMED,0
4333,1352,,150000.0,QR_CODE,PENDING,0
4334,1903,61,140000.0,CASH,DELIVERED,0
4335,656,247,70000.0,QR_CODE,DELIVERING,0
4336,846,,600000.0,CASH,CANCELLED,0
4337,1505,237,345000.0,QR_CODE,DELIVERING,0
4338,1996,142,690000.0,CASH,CONFIRMED,0
4339,1969,,100000.0,QR_CODE,CANCELLED,0
4340,1769,,100000.0,ONLINE_PAYMENT,CANCELLED,0
4341,1139,89,140000.0,ONLINE_PAYMENT,DELIVERED,0
4342,1333,,140000.0,ONLINE_PAYMENT,PENDING,0
4343,1443,203,310000.0,ONLINE_PAYMENT,CONFIRMED,0
4344,875,,245000.0,ONLINE_PAYMENT,CANCELLED,0
4345,1690,139,50000.0,QR_CODE,DELIVERED,0
4346,568,,355000.0,CASH,CANCELLED,0
4347,870,191,410000.0,ONLINE_PAYMENT,DELIVERED,0
4348,1328,,85000.0,QR_CODE,CANCELLED,0
4349,115,130,735000.0,QR_CODE,DELIVERING,0
4350,1061,,720000.0,QR_CODE,CANCELLED,0
4351,1354,,260000.0,QR_CODE,PENDING,0
4352,12,,155000.0,ONLINE_PAYMENT,CANCELLED,0
4353,1801,297,440000.0,CASH,CONFIRMED,0
4354,1131,200,270000.0,ONLINE_PAYMENT,CONFIRMED,0
4355,692,,50000.0,ONLINE_PAYMENT,PENDING,0
4356,616,277,270000.0,QR_CODE,DELIVERED,0
4357,13,,200000.0,QR_CODE,CANCELLED,0
4358,1479,104,90000.0,CASH,DELIVERED,0
4359,648,35,210000.0,ONLINE_PAYMENT,CONFIRMED,0
4360,803,176,40000.0,QR_CODE,DELIVERING,0
4361,1029,210,805000.0,ONLINE_PAYMENT,DELIVERED,0
4362,736,242,590000.0,ONLINE_PAYMENT,DELIVERING,0
4363,1424,206,725000.0,CASH,DELIVERED,0
4364,405,120,255000.0,ONLINE_PAYMENT,DELIVERED,0
4365,1489,218,805000.0,CASH,DELIVERING,0
4366,1019,,485000.0,QR_CODE,CANCELLED,0
4367,751,,315000.0,QR_CODE,PENDING,0
4368,1778,152,360000.0,ONLINE_PAYMENT,DELIVERING,0
4369,875,142,195000.0,QR_CODE,CONFIRMED,0
4370,1418,115,435000.0,ONLINE_PAYMENT,CONFIRMED,0
4371,1823,,545000.0,QR_CODE,PENDING,0
4372,304,284,270000.0,CASH,DELIVERED,0
4373,422,,855000.0,ONLINE_PAYMENT,CANCELLED,0
4374,706,179,260000.0,CASH,DELIVERED,0
4375,18,154,155000.0,QR_CODE,DELIVERING,0
4376,391,63,90000.0,ONLINE_PAYMENT,DELIVERING,0
4377,1679,,315000.0,ONLINE_PAYMENT,PENDING,0
4378,717,,370000.0,QR_CODE,PENDING,0
4379,732,,90000.0,CASH,PENDING,0
4380,891,198,285000.0,QR_CODE,DELIVERING,0
4381,97,74,140000.0,ONLINE_PAYMENT,DELIVERING,0
4382,1207,69,890000.0,ONLINE_PAYMENT,DELIVERED,0
4383,1886,,140000.0,ONLINE_PAYMENT,CANCELLED,0
4384,1850,142,260000.0,ONLINE_PAYMENT,DELIVERING,0
4385,1197,228,585000.0,ONLINE_PAYMENT,DELIVERING,0
4386,545,293,300000.0,QR_CODE,DELIVERED,0
4387,989,69,310000.0,QR_CODE,DELIVERED,0
4388,731,,300000.0,QR_CODE,CANCELLED,0
4389,269,,170000.0,CASH,CANCELLED,0
4390,569,,345000.0,CASH,PENDING,0
4391,721,28,325000.0,ONLINE_PAYMENT,DELIVERED,0
4392,797,239,145000.0,CASH,CONFIRMED,0
4393,1196,293,885000.0,QR_CODE,DELIVERED,0
4394,1836,191,625000.0,CASH,DELIVERING,0
4395,608,207,610000.0,QR_CODE,CONFIRMED,0
4396,1697,,345000.0,ONLINE_PAYMENT,PENDING,0
4397,871,,290000.0,CASH,PENDING,0
4398,1192,,420000.0,ONLINE_PAYMENT,CANCELLED,0
4399,1397,254,615000.0,CASH,CONFIRMED,0
4400,35,204,90000.0,ONLINE_PAYMENT,CONFIRMED,0
4401,1888,184,255000.0,QR_CODE,DELIVERING,0
4402,1975,,320000.0,ONLINE_PAYMENT,PENDING,0
4403,1738,,375000.0,ONLINE_PAYMENT,PENDING,0
4404,1999,27,195000.0,ONLINE_PAYMENT,DELIVERED,0
4405,1531,,530000.0,QR_CODE,CANCELLED,0
4406,1031,,670000.0,ONLINE_PAYMENT,CANCELLED,0
4407,1863,15,800000.0,CASH,DELIVERED,0
4408,1749,143,150000.0,ONLINE_PAYMENT,DELIVERING,0
4409,655,,50000.0,ONLINE_PAYMENT,PENDING,0
4410,1976,263,360000.0,ONLINE_PAYMENT,CONFIRMED,0
4411,1459,134,930000.0,CASH,DELIVERED,0
4412,1623,73,95000.0,ONLINE_PAYMENT,DELIVERING,0
4413,1179,161,815000.0,CASH,CONFIRMED,0
4414,1772,222,125000.0,ONLINE_PAYMENT,DELIVERED,0
4415,1676,291,570000.0,QR_CODE,DELIVERED,0
4416,1379,,115000.0,QR_CODE,PENDING,0
4417,492,106,545000.0,CASH,CONFIRMED,0
4418,1214,,345000.0,ONLINE_PAYMENT,PENDING,0
4419,391,,315000.0,ONLINE_PAYMENT,PENDING,0
4420,1723,209,650000.0,QR_CODE,CONFIRMED,0
4421,1788,,505000.0,CASH,PENDING,0
4422,1945,9,55000.0,ONLINE_PAYMENT,DELIVERING,0
4423,1972,,210000.0,ONLINE_PAYMENT,CANCELLED,0
4424,690,,160000.0,CASH,CANCELLED,0
4425,1493,,290000.0,QR_CODE,PENDING,0
4426,389,154,290000.0,CASH,CONFIRMED,0
4427,1187,,465000.0,CASH,CANCELLED,0
4428,1586,276,405000.0,QR_CODE,DELIVERING,0
4429,1649,,270000.0,QR_CODE,PENDING,0
4430,1672,206,190000.0,CASH,DELIVERING,0
4431,338,234,90000.0,CASH,CONFIRMED,0
4432,1958,64,130000.0,QR_CODE,CONFIRMED,0
4433,1750,,465000.0,CASH,PENDING,0
4434,1050,19,210000.0,QR_CODE,DELIVERED,0
4435,1651,179,215000.0,CASH,DELIVERING,0
4436,1642,48,400000.0,QR_CODE,DELIVERED,0
4437,1205,194,420000.0,ONLINE_PAYMENT,DELIVERED,0
4438,901,218,430000.0,ONLINE_PAYMENT,DELIVERING,0
4439,7,219,980000.0,CASH,CONFIRMED,0
4440,1606,64,495000.0,CASH,DELIVERED,0
4441,1531,,270000.0,QR_CODE,PENDING,0
4442,247,133,385000.0,ONLINE_PAYMENT,DELIVERING,0
4443,1766,26,170000.0,CASH,DELIVERING,0
4444,147,125,170000.0,ONLINE_PAYMENT,CONFIRMED,0
4445,642,,410000.0,CASH,CANCELLED,0
4446,1502,,675000.0,ONLINE_PAYMENT,PENDING,0
4447,479,43,530000.0,CASH,DELIVERED,0
4448,1144,105,280000.0,ONLINE_PAYMENT,DELIVERING,0
4449,769,130,60000.0,QR_CODE,DELIVERED,0
4450,522,,210000.0,ONLINE_PAYMENT,CANCELLED,0
4451,1956,,210000.0,CASH,PENDING,0
4452,6,,495000.0,CASH,PENDING,0
4453,1158,,430000.0,QR_CODE,CANCELLED,0
4454,724,277,375000.0,CASH,CONFIRMED,0
4455,1449,85,430000.0,ONLINE_PAYMENT,DELIVERING,0
4456,442,,380000.0,ONLINE_PAYMENT,CANCELLED,0
4457,1593,22,465000.0,ONLINE_PAYMENT,CONFIRMED,0
4458,719,172,120000.0,QR_CODE,DELIVERING,0
4459,1369,125,120000.0,ONLINE_PAYMENT,DELIVERING,0
4460,198,,240000.0,QR_CODE,CANCELLED,0
4461,433,72,100000.0,ONLINE_PAYMENT,DELIVERING,0
4462,1309,252,250000.0,CASH,DELIVERING,0
4463,513,219,240000.0,ONLINE_PAYMENT,DELIVERING,0
4464,936,288,120000.0,QR_CODE,CONFIRMED,0
4465,976,,520000.0,ONLINE_PAYMENT,CANCELLED,0
4466,1249,,445000.0,ONLINE_PAYMENT,PENDING,0
4467,1948,121,65000.0,CASH,DELIVERED,0
4468,1975,151,60000.0,CASH,CONFIRMED,0
4469,1348,139,315000.0,CASH,CONFIRMED,0
4470,346,245,575000.0,QR_CODE,DELIVERED,0
4471,744,,510000.0,ONLINE_PAYMENT,CANCELLED,0
4472,661,,790000.0,QR_CODE,CANCELLED,0
4473,836,201,540000.0,QR_CODE,DELIVERED,0
4474,1852,19,70000.0,CASH,DELIVERED,0
4475,1395,138,385000.0,ONLINE_PAYMENT,CONFIRMED,0
4476,213,177,430000.0,CASH,DELIVERING,0
4477,1499,295,305000.0,CASH,DELIVERED,0
4478,1236,230,115000.0,ONLINE_PAYMENT,DELIVERING,0
4479,1578,,40000.0,CASH,CANCELLED,0
4480,988,116,370000.0,ONLINE_PAYMENT,CONFIRMED,0
4481,703,124,430000.0,CASH,DELIVERING,0
4482,181,,565000.0,QR_CODE,CANCELLED,0
4483,1149,109,140000.0,ONLINE_PAYMENT,DELIVERED,0
4484,1798,129,315000.0,QR_CODE,CONFIRMED,0
4485,1240,,235000.0,ONLINE_PAYMENT,PENDING,0
4486,1267,,350000.0,QR_CODE,PENDING,0
4487,265,,170000.0,ONLINE_PAYMENT,PENDING,0
4488,661,,500000.0,QR_CODE,CANCELLED,0
4489,1791,80,425000.0,ONLINE_PAYMENT,DELIVERING,0
4490,1457,,705000.0,ONLINE_PAYMENT,CANCELLED,0
4491,1072,295,45000.0,QR_CODE,DELIVERED,0
4492,1999,25,435000.0,QR_CODE,DELIVERED,0
4493,293,,100000.0,QR_CODE,CANCELLED,0
4494,1056,,255000.0,ONLINE_PAYMENT,PENDING,0
4495,1777,,545000.0,QR_CODE,PENDING,0
4496,451,277,400000.0,CASH,DELIVERING,0
4497,629,17,495000.0,QR_CODE,DELIVERING,0
4498,846,,385000.0,QR_CODE,CANCELLED,0
4499,1411,,120000.0,QR_CODE,CANCELLED,0
4500,432,29,360000.0,ONLINE_PAYMENT,DELIVERING,0
4501,827,288,315000.0,CASH,DELIVERED,0
4502,1837,24,190000.0,ONLINE_PAYMENT,CONFIRMED,0
4503,791,,430000.0,QR_CODE,PENDING,0
4504,1162,275,35000.0,QR_CODE,CONFIRMED,0
4505,1533,112,410000.0,ONLINE_PAYMENT,CONFIRMED,0
4506,268,,70000.0,CASH,CANCELLED,0
4507,684,292,505000.0,ONLINE_PAYMENT,CONFIRMED,0
4508,1418,147,630000.0,CASH,DELIVERED,0
4509,1629,127,200000.0,ONLINE_PAYMENT,CONFIRMED,0
4510,483,,140000.0,QR_CODE,PENDING,0
4511,1761,,425000.0,CASH,PENDING,0
4512,1620,191,555000.0,CASH,CONFIRMED,0
4513,1459,,600000.0,CASH,PENDING,0
4514,1632,121,550000.0,QR_CODE,DELIVERED,0
4515,810,136,400000.0,CASH,DELIVERING,0
4516,1640,,325000.0,QR_CODE,CANCELLED,0
4517,561,293,390000.0,ONLINE_PAYMENT,DELIVERING,0
4518,727,46,590000.0,QR_CODE,DELIVERING,0
4519,1076,41,150000.0,CASH,DELIVERED,0
4520,1017,81,300000.0,CASH,DELIVERING,0
4521,1716,145,345000.0,ONLINE_PAYMENT,DELIVERING,0
4522,1880,120,220000.0,QR_CODE,DELIVERED,0
4523,518,101,715000.0,ONLINE_PAYMENT,DELIVERED,0
4524,1901,,300000.0,CASH,CANCELLED,0
4525,1118,94,495000.0,CASH,DELIVERING,0
4526,608,268,755000.0,CASH,DELIVERED,0
4527,1591,228,165000.0,CASH,DELIVERED,0
4528,892,,240000.0,QR_CODE,PENDING,0
4529,508,47,180000.0,CASH,DELIVERED,0
4530,1653,201,290000.0,ONLINE_PAYMENT,CONFIRMED,0
4531,671,,415000.0,CASH,CANCELLED,0
4532,241,88,425000.0,QR_CODE,CONFIRMED,0
4533,721,238,285000.0,CASH,DELIVERING,0
4534,488,,80000.0,ONLINE_PAYMENT,PENDING,0
4535,186,277,315000.0,ONLINE_PAYMENT,DELIVERED,0
4536,68,190,720000.0,CASH,CONFIRMED,0
4537,884,,235000.0,ONLINE_PAYMENT,PENDING,0
4538,766,,710000.0,QR_CODE,CANCELLED,0
4539,314,,405000.0,QR_CODE,PENDING,0
4540,1172,,240000.0,QR_CODE,PENDING,0
4541,1552,,145000.0,CASH,PENDING,0
4542,1060,245,160000.0,QR_CODE,CONFIRMED,0
4543,1365,96,120000.0,CASH,CONFIRMED,0
4544,1374,8,210000.0,ONLINE_PAYMENT,DELIVERED,0
4545,1494,,310000.0,QR_CODE,PENDING,0
4546,1322,18,405000.0,CASH,DELIVERED,0
4547,1401,,85000.0,CASH,PENDING,0
4548,14,95,705000.0,ONLINE_PAYMENT,CONFIRMED,0
4549,673,32,480000.0,CASH,CONFIRMED,0
4550,1864,134,820000.0,ONLINE_PAYMENT,DELIVERING,0
4551,825,,495000.0,CASH,CANCELLED,0
4552,1373,262,375000.0,ONLINE_PAYMENT,DELIVERED,0
4553,796,300,270000.0,QR_CODE,DELIVERED,0
4554,1141,,430000.0,CASH,PENDING,0
4555,575,56,35000.0,QR_CODE,CONFIRMED,0
4556,1483,158,300000.0,ONLINE_PAYMENT,DELIVERING,0
4557,1345,50,180000.0,CASH,CONFIRMED,0
4558,788,,445000.0,QR_CODE,PENDING,0
4559,1910,147,625000.0,QR_CODE,CONFIRMED,0
4560,1657,266,420000.0,CASH,DELIVERING,0
4561,1181,,430000.0,ONLINE_PAYMENT,CANCELLED,0
4562,431,275,315000.0,CASH,CONFIRMED,0
4563,973,92,85000.0,CASH,DELIVERING,0
4564,1851,,235000.0,ONLINE_PAYMENT,PENDING,0
4565,1854,221,140000.0,CASH,DELIVERED,0
4566,274,140,375000.0,QR_CODE,DELIVERED,0
4567,1182,42,60000.0,ONLINE_PAYMENT,DELIVERED,0
4568,195,105,415000.0,QR_CODE,DELIVERING,0
4569,1882,,190000.0,CASH,CANCELLED,0
4570,575,166,605000.0,QR_CODE,CONFIRMED,0
4571,1628,,585000.0,QR_CODE,PENDING,0
4572,1203,168,940000.0,QR_CODE,CONFIRMED,0
4573,41,,300000.0,ONLINE_PAYMENT,PENDING,0
4574,567,,435000.0,CASH,CANCELLED,0
4575,699,125,405000.0,ONLINE_PAYMENT,DELIVERING,0
4576,6,205,280000.0,CASH,DELIVERED,0
4577,1588,,235000.0,QR_CODE,PENDING,0
4578,1357,15,170000.0,QR_CODE,DELIVERED,0
4579,1080,8,595000.0,QR_CODE,CONFIRMED,0
4580,61,99,310000.0,ONLINE_PAYMENT,DELIVERED,0
4581,1415,,585000.0,QR_CODE,CANCELLED,0
4582,1541,,795000.0,CASH,PENDING,0
4583,1755,,865000.0,CASH,CANCELLED,0
4584,102,165,740000.0,CASH,DELIVERED,0
4585,258,,95000.0,ONLINE_PAYMENT,PENDING,0
4586,434,250,400000.0,CASH,DELIVERED,0
4587,1633,258,570000.0,CASH,DELIVERING,0
4588,1180,96,65000.0,QR_CODE,DELIVERED,0
4589,1256,,145000.0,ONLINE_PAYMENT,CANCELLED,0
4590,163,122,120000.0,QR_CODE,CONFIRMED,0
4591,5,209,365000.0,CASH,CONFIRMED,0
4592,1415,,365000.0,ONLINE_PAYMENT,PENDING,0
4593,955,274,150000.0,CASH,DELIVERED,0
4594,739,263,250000.0,ONLINE_PAYMENT,DELIVERING,0
4595,297,,125000.0,ONLINE_PAYMENT,PENDING,0
4596,286,88,435000.0,QR_CODE,CONFIRMED,0
4597,1106,168,585000.0,CASH,DELIVERED,0
4598,1725,266,375000.0,QR_CODE,CONFIRMED,0
4599,1624,,435000.0,QR_CODE,CANCELLED,0
4600,507,258,30000.0,QR_CODE,CONFIRMED,0
4601,1522,,430000.0,QR_CODE,PENDING,0
4602,1936,253,635000.0,CASH,CONFIRMED,0
4603,553,,325000.0,ONLINE_PAYMENT,PENDING,0
4604,1967,220,685000.0,ONLINE_PAYMENT,CONFIRMED,0
4605,612,,520000.0,QR_CODE,PENDING,0
4606,1328,,110000.0,QR_CODE,CANCELLED,0
4607,285,227,225000.0,QR_CODE,DELIVERED,0
4608,1861,,35000.0,CASH,CANCELLED,0
4609,721,105,160000.0,QR_CODE,DELIVERED,0
4610,1766,,380000.0,QR_CODE,PENDING,0
4611,1592,186,510000.0,QR_CODE,DELIVERED,0
4612,700,145,515000.0,QR_CODE,DELIVERED,0
4613,1659,19,110000.0,ONLINE_PAYMENT,CONFIRMED,0
4614,1667,220,545000.0,ONLINE_PAYMENT,DELIVERING,0
4615,993,96,225000.0,CASH,CONFIRMED,0
4616,210,184,505000.0,ONLINE_PAYMENT,DELIVERING,0
4617,52,176,375000.0,QR_CODE,CONFIRMED,0
4618,1735,,335000.0,CASH,PENDING,0
4619,1077,,485000.0,QR_CODE,CANCELLED,0
4620,221,37,210000.0,CASH,DELIVERING,0
4621,875,196,450000.0,CASH,DELIVERED,0
4622,1300,,205000.0,CASH,PENDING,0
4623,1517,4,35000.0,CASH,DELIVERED,0
4624,1649,,575000.0,CASH,CANCELLED,0
4625,404,166,470000.0,QR_CODE,CONFIRMED,0
4626,749,35,655000.0,CASH,CONFIRMED,0
4627,266,266,390000.0,QR_CODE,DELIVERED,0
4628,282,116,320000.0,CASH,DELIVERING,0
4629,391,,650000.0,CASH,PENDING,0
4630,1852,224,60000.0,CASH,DELIVERING,0
4631,146,182,285000.0,QR_CODE,CONFIRMED,0
4632,299,,515000.0,CASH,CANCELLED,0
4633,1150,,120000.0,QR_CODE,PENDING,0
4634,1867,48,480000.0,ONLINE_PAYMENT,DELIVERED,0
4635,1917,229,290000.0,ONLINE_PAYMENT,CONFIRMED,0
4636,643,192,405000.0,CASH,CONFIRMED,0
4637,1487,,540000.0,CASH,CANCELLED,0
4638,744,221,675000.0,CASH,DELIVERING,0
4639,1294,2,635000.0,ONLINE_PAYMENT,CONFIRMED,0
4640,140,,275000.0,CASH,CANCELLED,0
4641,815,105,180000.0,ONLINE_PAYMENT,DELIVERING,0
4642,635,,735000.0,CASH,PENDING,0
4643,1509,158,90000.0,ONLINE_PAYMENT,DELIVERED,0
4644,958,23,285000.0,ONLINE_PAYMENT,DELIVERING,0
4645,1626,286,160000.0,ONLINE_PAYMENT,CONFIRMED,0
4646,518,171,395000.0,CASH,DELIVERED,0
4647,1488,,335000.0,CASH,PENDING,0
4648,1068,150,225000.0,ONLINE_PAYMENT,CONFIRMED,0
4649,1250,5,585000.0,QR_CODE,CONFIRMED,0
4650,1640,123,250000.0,CASH,DELIVERED,0
4651,1928,17,340000.0,QR_CODE,DELIVERED,0
4652,245,,350000.0,CASH,CANCELLED,0
4653,338,207,260000.0,QR_CODE,CONFIRMED,0
4654,869,,430000.0,ONLINE_PAYMENT,PENDING,0
4655,262,,150000.0,QR_CODE,PENDING,0
4656,818,,80000.0,CASH,CANCELLED,0
4657,1962,,180000.0,QR_CODE,PENDING,0
4658,1419,222,210000.0,ONLINE_PAYMENT,DELIVERING,0
4659,1060,,160000.0,ONLINE_PAYMENT,CANCELLED,0
4660,186,,800000.0,CASH,PENDING,0
4661,11,243,760000.0,QR_CODE,DELIVERING,0
4662,449,40,235000.0,CASH,DELIVERED,0
4663,825,250,495000.0,ONLINE_PAYMENT,CONFIRMED,0
4664,83,265,120000.0,QR_CODE,DELIVERING,0
4665,336,43,435000.0,ONLINE_PAYMENT,DELIVERING,0
4666,1924,133,415000.0,QR_CODE,CONFIRMED,0
4667,1779,,590000.0,QR_CODE,PENDING,0
4668,1264,,240000.0,CASH,PENDING,0
4669,1977,,330000.0,ONLINE_PAYMENT,PENDING,0
4670,1745,215,765000.0,ONLINE_PAYMENT,DELIVERED,0
4671,460,,300000.0,QR_CODE,CANCELLED,0
4672,469,3,550000.0,CASH,CONFIRMED,0
4673,1861,,180000.0,QR_CODE,PENDING,0
4674,438,,470000.0,CASH,PENDING,0
4675,540,94,80000.0,ONLINE_PAYMENT,DELIVERED,0
4676,675,289,315000.0,CASH,DELIVERING,0
4677,1460,199,490000.0,CASH,DELIVERED,0
4678,665,171,205000.0,QR_CODE,CONFIRMED,0
4679,97,89,265000.0,QR_CODE,DELIVERED,0
4680,1304,,135000.0,CASH,PENDING,0
4681,751,36,275000.0,QR_CODE,CONFIRMED,0
4682,309,58,210000.0,CASH,DELIVERING,0
4683,800,,600000.0,ONLINE_PAYMENT,CANCELLED,0
4684,398,,305000.0,ONLINE_PAYMENT,PENDING,0
4685,12,,290000.0,QR_CODE,PENDING,0
4686,729,277,90000.0,QR_CODE,CONFIRMED,0
4687,802,164,50000.0,QR_CODE,DELIVERED,0
4688,1904,,300000.0,QR_CODE,PENDING,0
4689,1094,,440000.0,QR_CODE,PENDING,0
4690,891,72,280000.0,QR_CODE,CONFIRMED,0
4691,866,242,155000.0,CASH,DELIVERED,0
4692,1536,43,250000.0,CASH,DELIVERING,0
4693,1878,212,415000.0,ONLINE_PAYMENT,DELIVERING,0
4694,7,158,290000.0,CASH,CONFIRMED,0
4695,104,202,135000.0,ONLINE_PAYMENT,CONFIRMED,0
4696,699,247,385000.0,ONLINE_PAYMENT,DELIVERING,0
4697,246,10,225000.0,CASH,DELIVERING,0
4698,252,,40000.0,CASH,PENDING,0
4699,1867,143,465000.0,QR_CODE,CONFIRMED,0
4700,1255,26,355000.0,QR_CODE,DELIVERED,0
4701,1343,,55000.0,CASH,CANCELLED,0
4702,990,187,335000.0,CASH,CONFIRMED,0
4703,1194,9,590000.0,ONLINE_PAYMENT,DELIVERING,0
4704,852,271,100000.0,ONLINE_PAYMENT,CONFIRMED,0
4705,203,,345000.0,CASH,PENDING,0
4706,137,186,840000.0,CASH,CONFIRMED,0
4707,628,37,115000.0,CASH,CONFIRMED,0
4708,692,1,615000.0,QR_CODE,DELIVERING,0
4709,1837,28,885000.0,ONLINE_PAYMENT,DELIVERED,0
4710,1317,207,285000.0,ONLINE_PAYMENT,DELIVERING,0
4711,1588,,615000.0,CASH,CANCELLED,0
4712,404,,855000.0,CASH,PENDING,0
4713,647,39,530000.0,ONLINE_PAYMENT,DELIVERED,0
4714,242,120,200000.0,CASH,CONFIRMED,0
4715,1647,291,540000.0,QR_CODE,DELIVERING,0
4716,1324,,140000.0,ONLINE_PAYMENT,PENDING,0
4717,11,103,235000.0,QR_CODE,DELIVERING,0
4718,406,18,340000.0,ONLINE_PAYMENT,CONFIRMED,0
4719,1255,138,330000.0,ONLINE_PAYMENT,CONFIRMED,0
4720,686,183,510000.0,ONLINE_PAYMENT,DELIVERED,0
4721,1809,,210000.0,CASH,CANCELLED,0
4722,416,,150000.0,ONLINE_PAYMENT,PENDING,0
4723,621,32,615000.0,QR_CODE,DELIVERED,0
4724,1067,95,110000.0,QR_CODE,CONFIRMED,0
4725,732,,645000.0,CASH,CANCELLED,0
4726,1476,,50000.0,ONLINE_PAYMENT,PENDING,0
4727,937,198,135000.0,CASH,DELIVERING,0
4728,182,154,390000.0,ONLINE_PAYMENT,DELIVERING,0
4729,1338,,60000.0,QR_CODE,PENDING,0
4730,1387,299,255000.0,CASH,CONFIRMED,0
4731,705,180,820000.0,CASH,CONFIRMED,0
4732,514,,90000.0,CASH,PENDING,0
4733,1491,183,270000.0,ONLINE_PAYMENT,DELIVERED,0
4734,1239,,540000.0,CASH,CANCELLED,0
4735,355,192,355000.0,CASH,DELIVERED,0
4736,785,38,390000.0,CASH,DELIVERING,0
4737,1650,41,315000.0,ONLINE_PAYMENT,DELIVERING,0
4738,409,184,230000.0,CASH,DELIVERED,0
4739,169,279,620000.0,CASH,DELIVERING,0
4740,553,191,235000.0,QR_CODE,CONFIRMED,0
4741,1687,,870000.0,CASH,CANCELLED,0
4742,1970,38,190000.0,QR_CODE,DELIVERING,0
4743,257,21,405000.0,QR_CODE,DELIVERED,0
4744,960,267,370000.0,ONLINE_PAYMENT,DELIVERING,0
4745,1469,293,110000.0,ONLINE_PAYMENT,DELIVERING,0
4746,941,,250000.0,ONLINE_PAYMENT,CANCELLED,0
4747,1206,,410000.0,ONLINE_PAYMENT,PENDING,0
4748,323,157,300000.0,QR_CODE,DELIVERED,0
4749,1314,262,570000.0,ONLINE_PAYMENT,CONFIRMED,0
4750,1582,,580000.0,ONLINE_PAYMENT,CANCELLED,0
4751,1757,299,760000.0,ONLINE_PAYMENT,CONFIRMED,0
4752,530,,355000.0,CASH,PENDING,0
4753,1359,151,745000.0,QR_CODE,CONFIRMED,0
4754,1292,166,450000.0,QR_CODE,DELIVERED,0
4755,794,20,475000.0,QR_CODE,CONFIRMED,0
4756,730,,180000.0,CASH,CANCELLED,0
4757,1338,,590000.0,CASH,CANCELLED,0
4758,1529,10,915000.0,ONLINE_PAYMENT,CONFIRMED,0
4759,1936,128,30000.0,CASH,CONFIRMED,0
4760,1366,,480000.0,QR_CODE,PENDING,0
4761,1814,164,665000.0,ONLINE_PAYMENT,DELIVERING,0
4762,821,244,780000.0,CASH,DELIVERED,0
4763,1593,148,335000.0,CASH,DELIVERED,0
4764,1363,,330000.0,QR_CODE,CANCELLED,0
4765,816,,45000.0,ONLINE_PAYMENT,PENDING,0
4766,732,,430000.0,CASH,PENDING,0
4767,978,,185000.0,CASH,CANCELLED,0
4768,492,223,370000.0,QR_CODE,DELIVERED,0
4769,873,167,180000.0,QR_CODE,DELIVERING,0
4770,1197,87,410000.0,QR_CODE,CONFIRMED,0
4771,432,53,440000.0,ONLINE_PAYMENT,DELIVERING,0
4772,715,214,120000.0,CASH,DELIVERING,0
4773,494,236,125000.0,ONLINE_PAYMENT,DELIVERED,0
4774,1356,,390000.0,CASH,PENDING,0
4775,1168,,380000.0,CASH,CANCELLED,0
4776,948,,90000.0,ONLINE_PAYMENT,CANCELLED,0
4777,67,,430000.0,CASH,PENDING,0
4778,835,,130000.0,CASH,PENDING,0
4779,940,155,390000.0,ONLINE_PAYMENT,DELIVERED,0
4780,400,265,80000.0,QR_CODE,DELIVERED,0
4781,980,146,315000.0,ONLINE_PAYMENT,DELIVERED,0
4782,1276,271,135000.0,ONLINE_PAYMENT,DELIVERED,0
4783,487,147,45000.0,CASH,CONFIRMED,0
4784,557,,510000.0,QR_CODE,CANCELLED,0
4785,863,253,235000.0,ONLINE_PAYMENT,DELIVERING,0
4786,1072,,145000.0,CASH,PENDING,0
4787,403,,180000.0,ONLINE_PAYMENT,CANCELLED,0
4788,1903,172,620000.0,CASH,DELIVERED,0
4789,1375,205,455000.0,CASH,DELIVERED,0
4790,373,100,170000.0,CASH,DELIVERING,0
4791,236,,175000.0,CASH,PENDING,0
4792,437,67,525000.0,QR_CODE,CONFIRMED,0
4793,1010,172,205000.0,CASH,DELIVERING,0
4794,1836,87,265000.0,ONLINE_PAYMENT,CONFIRMED,0
4795,232,112,435000.0,QR_CODE,CONFIRMED,0
4796,106,153,450000.0,CASH,DELIVERED,0
4797,340,166,615000.0,ONLINE_PAYMENT,DELIVERED,0
4798,1413,256,350000.0,CASH,DELIVERING,0
4799,49,263,525000.0,CASH,DELIVERED,0
4800,1419,195,460000.0,QR_CODE,DELIVERING,0
4801,1673,32,440000.0,CASH,DELIVERING,0
4802,1112,,275000.0,QR_CODE,PENDING,0
4803,1846,201,465000.0,QR_CODE,CONFIRMED,0
4804,1940,,760000.0,CASH,CANCELLED,0
4805,116,27,135000.0,QR_CODE,DELIVERED,0
4806,276,,410000.0,QR_CODE,PENDING,0
4807,57,273,275000.0,ONLINE_PAYMENT,DELIVERED,0
4808,1764,102,225000.0,ONLINE_PAYMENT,DELIVERING,0
4809,1457,82,750000.0,ONLINE_PAYMENT,CONFIRMED,0
4810,338,212,850000.0,ONLINE_PAYMENT,DELIVERING,0
4811,1169,,705000.0,CASH,PENDING,0
4812,1386,,390000.0,ONLINE_PAYMENT,PENDING,0
4813,258,41,440000.0,QR_CODE,DELIVERED,0
4814,741,65,375000.0,ONLINE_PAYMENT,DELIVERED,0
4815,691,227,310000.0,QR_CODE,DELIVERED,0
4816,1971,281,850000.0,CASH,DELIVERING,0
4817,941,39,220000.0,QR_CODE,CONFIRMED,0
4818,530,,590000.0,CASH,CANCELLED,0
4819,916,248,30000.0,QR_CODE,CONFIRMED,0
4820,502,127,255000.0,ONLINE_PAYMENT,DELIVERING,0
4821,1786,,660000.0,ONLINE_PAYMENT,CANCELLED,0
4822,1822,99,375000.0,QR_CODE,DELIVERED,0
4823,644,,55000.0,ONLINE_PAYMENT,PENDING,0
4824,1812,107,215000.0,ONLINE_PAYMENT,DELIVERING,0
4825,968,259,225000.0,ONLINE_PAYMENT,DELIVERING,0
4826,500,,875000.0,CASH,CANCELLED,0
4827,1014,242,190000.0,CASH,CONFIRMED,0
4828,896,,215000.0,ONLINE_PAYMENT,PENDING,0
4829,1573,80,120000.0,ONLINE_PAYMENT,CONFIRMED,0
4830,521,247,280000.0,CASH,DELIVERING,0
4831,384,,300000.0,CASH,CANCELLED,0
4832,1957,279,720000.0,CASH,CONFIRMED,0
4833,1535,21,310000.0,QR_CODE,DELIVERING,0
4834,150,186,360000.0,ONLINE_PAYMENT,CONFIRMED,0
4835,1393,236,90000.0,CASH,DELIVERING,0
4836,669,,110000.0,QR_CODE,CANCELLED,0
4837,911,,150000.0,QR_CODE,PENDING,0
4838,409,201,315000.0,QR_CODE,DELIVERING,0
4839,204,152,630000.0,QR_CODE,DELIVERING,0
4840,1394,,380000.0,QR_CODE,PENDING,0
4841,689,120,455000.0,ONLINE_PAYMENT,DELIVERED,0
4842,888,158,220000.0,QR_CODE,CONFIRMED,0
4843,1178,178,190000.0,CASH,CONFIRMED,0
4844,1951,4,150000.0,ONLINE_PAYMENT,CONFIRMED,0
4845,250,57,375000.0,ONLINE_PAYMENT,DELIVERED,0
4846,1375,,305000.0,CASH,PENDING,0
4847,255,,640000.0,ONLINE_PAYMENT,CANCELLED,0
4848,1540,240,585000.0,QR_CODE,DELIVERING,0
4849,1754,,365000.0,CASH,CANCELLED,0
4850,497,,770000.0,ONLINE_PAYMENT,CANCELLED,0
4851,1215,298,570000.0,CASH,DELIVERED,0
4852,1547,210,280000.0,ONLINE_PAYMENT,DELIVERING,0
4853,976,,375000.0,ONLINE_PAYMENT,CANCELLED,0
4854,1838,244,510000.0,QR_CODE,DELIVERED,0
4855,973,161,365000.0,CASH,DELIVERING,0
4856,302,,535000.0,QR_CODE,PENDING,0
4857,1873,20,715000.0,CASH,CONFIRMED,0
4858,1953,,470000.0,QR_CODE,CANCELLED,0
4859,542,222,200000.0,CASH,DELIVERED,0
4860,1456,296,765000.0,QR_CODE,DELIVERING,0
4861,1777,,80000.0,ONLINE_PAYMENT,PENDING,0
4862,1172,52,330000.0,ONLINE_PAYMENT,CONFIRMED,0
4863,693,234,410000.0,ONLINE_PAYMENT,DELIVERING,0
4864,1576,,170000.0,ONLINE_PAYMENT,PENDING,0
4865,1558,,230000.0,CASH,CANCELLED,0
4866,1779,90,420000.0,QR_CODE,CONFIRMED,0
4867,560,168,200000.0,ONLINE_PAYMENT,DELIVERED,0
4868,1907,119,175000.0,ONLINE_PAYMENT,DELIVERING,0
4869,1261,,670000.0,CASH,PENDING,0
4870,1059,207,900000.0,CASH,CONFIRMED,0
4871,1975,,90000.0,ONLINE_PAYMENT,PENDING,0
4872,1952,286,100000.0,QR_CODE,CONFIRMED,0
4873,326,277,555000.0,ONLINE_PAYMENT,DELIVERED,0
4874,300,168,440000.0,CASH,DELIVERED,0
4875,1551,,690000.0,ONLINE_PAYMENT,CANCELLED,0
4876,522,219,520000.0,CASH,DELIVERED,0
4877,1466,,35000.0,ONLINE_PAYMENT,CANCELLED,0
4878,1802,,230000.0,QR_CODE,PENDING,0
4879,1226,17,330000.0,QR_CODE,CONFIRMED,0
4880,1308,73,220000.0,ONLINE_PAYMENT,CONFIRMED,0
4881,1688,,815000.0,CASH,CANCELLED,0
4882,602,,630000.0,CASH,CANCELLED,0
4883,997,273,625000.0,ONLINE_PAYMENT,DELIVERING,0
4884,382,213,60000.0,ONLINE_PAYMENT,DELIVERED,0
4885,511,283,195000.0,ONLINE_PAYMENT,DELIVERING,0
4886,460,289,590000.0,CASH,DELIVERING,0
4887,1014,23,690000.0,CASH,CONFIRMED,0
4888,1524,,640000.0,ONLINE_PAYMENT,PENDING,0
4889,172,9,475000.0,CASH,DELIVERING,0
4890,24,,155000.0,ONLINE_PAYMENT,CANCELLED,0
4891,999,,745000.0,CASH,CANCELLED,0
4892,1733,166,55000.0,CASH,CONFIRMED,0
4893,1795,,325000.0,ONLINE_PAYMENT,PENDING,0
4894,1389,,660000.0,CASH,CANCELLED,0
4895,1404,232,705000.0,QR_CODE,CONFIRMED,0
4896,151,214,610000.0,CASH,CONFIRMED,0
4897,1263,192,300000.0,CASH,DELIVERING,0
4898,1179,157,825000.0,QR_CODE,DELIVERED,0
4899,1013,,145000.0,CASH,PENDING,0
4900,1658,61,350000.0,ONLINE_PAYMENT,DELIVERED,0
4901,148,,275000.0,ONLINE_PAYMENT,CANCELLED,0
4902,1830,286,460000.0,CASH,CONFIRMED,0
4903,1413,174,135000.0,ONLINE_PAYMENT,DELIVERED,0
4904,1490,,325000.0,CASH,PENDING,0
4905,1461,44,115000.0,QR_CODE,CONFIRMED,0
4906,1818,,670000.0,QR_CODE,PENDING,0
4907,1895,,90000.0,CASH,PENDING,0
4908,1133,,265000.0,ONLINE_PAYMENT,PENDING,0
4909,469,47,450000.0,QR_CODE,CONFIRMED,0
4910,795,13,105000.0,QR_CODE,DELIVERING,0
4911,1453,,565000.0,CASH,PENDING,0
4912,1477,94,480000.0,QR_CODE,DELIVERED,0
4913,1507,19,40000.0,ONLINE_PAYMENT,DELIVERED,0
4914,1118,,405000.0,CASH,PENDING,0
4915,1198,126,265000.0,QR_CODE,CONFIRMED,0
4916,659,202,150000.0,ONLINE_PAYMENT,CONFIRMED,0
4917,1132,150,170000.0,ONLINE_PAYMENT,CONFIRMED,0
4918,583,50,615000.0,CASH,DELIVERING,0
4919,869,,240000.0,CASH,PENDING,0
4920,398,,265000.0,QR_CODE,PENDING,0
4921,1762,241,155000.0,QR_CODE,CONFIRMED,0
4922,1057,294,250000.0,CASH,CONFIRMED,0
4923,117,190,150000.0,ONLINE_PAYMENT,CONFIRMED,0
4924,457,187,820000.0,CASH,CONFIRMED,0
4925,1901,,35000.0,CASH,PENDING,0
4926,1607,262,290000.0,CASH,CONFIRMED,0
4927,46,,330000.0,ONLINE_PAYMENT,CANCELLED,0
4928,440,84,180000.0,ONLINE_PAYMENT,DELIVERING,0
4929,1295,17,690000.0,CASH,CONFIRMED,0
4930,1978,,460000.0,ONLINE_PAYMENT,CANCELLED,0
4931,1256,252,305000.0,CASH,DELIVERED,0
4932,1547,,465000.0,ONLINE_PAYMENT,PENDING,0
4933,712,265,190000.0,QR_CODE,CONFIRMED,0
4934,1340,,570000.0,CASH,PENDING,0
4935,779,127,195000.0,QR_CODE,DELIVERED,0
4936,1080,53,70000.0,CASH,DELIVERED,0
4937,477,271,525000.0,ONLINE_PAYMENT,CONFIRMED,0
4938,1243,23,440000.0,ONLINE_PAYMENT,CONFIRMED,0
4939,1379,17,90000.0,ONLINE_PAYMENT,DELIVERING,0
4940,342,75,370000.0,QR_CODE,CONFIRMED,0
4941,1024,199,810000.0,ONLINE_PAYMENT,DELIVERING,0
4942,208,143,930000.0,CASH,CONFIRMED,0
4943,1387,,695000.0,ONLINE_PAYMENT,PENDING,0
4944,1067,161,445000.0,CASH,DELIVERING,0
4945,1617,164,30000.0,CASH,DELIVERING,0
4946,1172,,245000.0,CASH,CANCELLED,0
4947,311,285,660000.0,ONLINE_PAYMENT,DELIVERED,0
4948,1760,,435000.0,QR_CODE,PENDING,0
4949,1728,,405000.0,ONLINE_PAYMENT,PENDING,0
4950,1818,150,200000.0,CASH,DELIVERING,0
4951,1291,,300000.0,ONLINE_PAYMENT,CANCELLED,0
4952,1219,,525000.0,ONLINE_PAYMENT,CANCELLED,0
4953,939,,835000.0,ONLINE_PAYMENT,CANCELLED,0
4954,322,235,455000.0,CASH,DELIVERING,0
4955,1000,,220000.0,CASH,PENDING,0
4956,1588,173,110000.0,ONLINE_PAYMENT,DELIVERED,0
4957,1514,282,460000.0,ONLINE_PAYMENT,CONFIRMED,0
4958,1974,,365000.0,ONLINE_PAYMENT,CANCELLED,0
4959,129,248,845000.0,CASH,DELIVERED,0
4960,1468,15,285000.0,QR_CODE,DELIVERING,0
4961,1354,,210000.0,ONLINE_PAYMENT,PENDING,0
4962,802,167,480000.0,QR_CODE,DELIVERING,0
4963,1874,281,965000.0,QR_CODE,DELIVERED,0
4964,652,,100000.0,QR_CODE,PENDING,0
4965,1238,219,605000.0,QR_CODE,CONFIRMED,0
4966,122,184,230000.0,CASH,DELIVERED,0
4967,1684,,640000.0,ONLINE_PAYMENT,PENDING,0
4968,1348,168,455000.0,QR_CODE,CONFIRMED,0
4969,51,23,110000.0,ONLINE_PAYMENT,DELIVERED,0
4970,1741,91,310000.0,ONLINE_PAYMENT,DELIVERING,0
4971,1134,,210000.0,QR_CODE,PENDING,0
4972,302,179,115000.0,QR_CODE,DELIVERED,0
4973,957,,150000.0,CASH,PENDING,0
4974,913,181,200000.0,ONLINE_PAYMENT,DELIVERED,0
4975,1342,281,270000.0,QR_CODE,CONFIRMED,0
4976,320,,320000.0,ONLINE_PAYMENT,PENDING,0
4977,848,270,325000.0,CASH,DELIVERED,0
4978,509,,500000.0,CASH,PENDING,0
4979,1116,11,260000.0,QR_CODE,DELIVERED,0
4980,1833,225,180000.0,CASH,DELIVERED,0
4981,1700,,420000.0,CASH,CANCELLED,0
4982,346,86,565000.0,ONLINE_PAYMENT,DELIVERING,0
4983,1867,237,210000.0,QR_CODE,CONFIRMED,0
4984,1762,,475000.0,QR_CODE,CANCELLED,0
4985,639,,420000.0,CASH,PENDING,0
4986,566,50,330000.0,CASH,DELIVERING,0
4987,329,283,380000.0,CASH,DELIVERED,0
4988,1716,,730000.0,CASH,CANCELLED,0
4989,560,136,610000.0,ONLINE_PAYMENT,CONFIRMED,0
4990,1461,,420000.0,CASH,PENDING,0
4991,1126,254,60000.0,ONLINE_PAYMENT,DELIVERING,0
4992,1726,192,680000.0,QR_CODE,DELIVERED,0
4993,1228,,150000.0,CASH,PENDING,0
4994,503,263,160000.0,ONLINE_PAYMENT,DELIVERING,0
4995,1258,,560000.0,ONLINE_PAYMENT,CANCELLED,0
4996,466,76,300000.0,ONLINE_PAYMENT,DELIVERING,0
4997,1726,156,565000.0,QR_CODE,CONFIRMED,0
4998,1664,133,350000.0,CASH,DELIVERING,0
4999,436,192,525000.0,QR_CODE,DELIVERING,0
5000,75,,295000.0,QR_CODE,CANCELLED,0
