id,name,phone,email,latitude,longitude,password
1,Bui Ngoc Hung,0776412468,buingochung1@gmail.com,10.768486,106.615470,f5cc1627088743fbdacb9286435fa29ab86b4891cdd7174cb35d857e5a92b1d6
2,Le Van Hung,0774351836,levanhung2@gmail.com,10.864155,106.641369,b42a6f3dcc9af522d2aec190a0cd01757312b427fb1116732f4a2d37b2a149ff
3,Le Van Hai,0976359226,levanhai3@gmail.com,10.861186,106.648503,28f97df09d7fb96211a59a3c68fb74788cd53db7fb5148738df5e85353151fdb
4,Dang Duy Anh,0356541159,dangduyanh4@gmail.com,10.855840,106.688306,54bb00960577855ea507130d723786683d47edfbae6b95338a31f06105626f86
5,Vu Duy Minh,0911171628,vuduyminh5@gmail.com,10.763040,106.627818,9515868136d96fb490e2018eb6add2af412cbbdae04f03bd179458e0c17d5687
6,Dang Thi Long,0351935500,dangthilong6@gmail.com,10.810933,106.672044,8b953b26889948c48d2d40a45165ac5f2648859292337186ace1148a2e3a2ee9
7,Huynh Thi Phuong,0779246489,huynhthiphuong7@gmail.com,10.844264,106.686413,62911ae22351f69968d41eb9374f5a8a7ec717bdcb112bacb50953ffbaaa2886
8,Huynh Van Lan,0915615023,huynhvanlan8@gmail.com,10.798169,106.620665,de7de2ad2a07ccc9d0660825164f31022d31d543bd9ec289d37e5efd0a2531d8
9,Phan Minh Phuong,0354073423,phanminhphuong9@gmail.com,10.841147,106.672152,dc408eba8e4ea7ba5261cf4112dbc1c4f0a251f7af58cae0758da6f5474f6c01
10,Le Tuan Huong,0322402063,letuanhuong10@gmail.com,10.746867,106.643256,b3ac69406331dc464b2be8b7f17f90749a7aa2c04b080e298b44f7ad4b802a60
11,Bui Van Tuan,0356908705,buivantuan11@gmail.com,10.732211,106.677276,cf6a9377081fefb7df71c4713e4e3ecc2d37cad317405fc6a3be29b378caeee3
12,Le Anh Anh,0932994401,leanhanh12@gmail.com,10.773032,106.609088,5d4437173be8c299ab7b06f8b8ee8481a4cbcee0c85a4d02d3b350637b62110b
13,Hoang Thi Tuan,0771984089,hoangthituan13@gmail.com,10.780352,106.646754,af8f3293e485fb3779dfafb7b5c5a56ae967ba8055c3063d409d54bf816d8c57
14,Nguyen Khanh Huong,0350308706,nguyenkhanhhuong14@gmail.com,10.845598,106.724289,03f0806798f0aa605a6195a971cafe41c0915b042b4ab05d73450e4e0b2f2ba6
15,Pham Duy Lan,0326988909,phamduylan15@gmail.com,10.778013,106.711416,fd8e8123fd448cb664dabc9dcebd31fad9aa84d87a800f1cceb0e94f47ca1773
16,Vu Duc Linh,0978106363,vuduclinh16@gmail.com,10.854779,106.702055,82b7ea42ec01710a8dd157b1f70f7d20b312e092f8ef481688957414c1615e6b
17,Phan Duc Tuan,0985912671,phanductuan17@gmail.com,10.868189,106.651421,0d0bc0506a66af22d811f7a8c0eead1970065824db49e7d331dca6d4e6444bfd
18,Dang Khanh Long,0358862787,dangkhanhlong18@gmail.com,10.859419,106.660178,84e943676c9cd86e2721f891af7a415c51243314824c2e83efa3c94be6c49f4b
19,Bui Khanh Hai,0980263733,buikhanhhai19@gmail.com,10.823589,106.645341,0605ec72821817f2c407fa764c67551caa0733422e0e5ce281470e74f04d96a6
20,Pham Van Phuong,0353312187,phamvanphuong20@gmail.com,10.811431,106.687744,887c0a74a72d57055453a79972b3b7263b66cfac1b4d6bdcb81210bc77ed61fd
21,Bui Khanh Minh,0916538908,buikhanhminh21@gmail.com,10.866365,106.667625,696e6413f66ed9b310d4d1d10259f8fcafdc3d7e2c1cc7ebecdf163b3cfc8379
22,Tran Minh Tuan,0322441430,tranminhtuan22@gmail.com,10.865112,106.628891,a411acd4c0e7c643494b81e749538ac7b8315ad16222bc358863d0b980f7bda9
23,Dang Anh Hai,0327219181,danganhhai23@gmail.com,10.750671,106.730535,1bca3621bfd6f9402cebce3f972e0924a501066ae939e8fc622ef33b174513cb
24,Bui Duy Long,0979135706,buiduylong24@gmail.com,10.797909,106.692735,7ecabb1424d015e5f5cfebc051e79543d56ce5636b8af759537362dcd99ddea9
25,Pham Duc Lan,0906004837,phamduclan25@gmail.com,10.799236,106.661111,45764a9b0f5013509d1387677d0e6f18c582402ddf5fca1a2923cf65a6ee44a4
26,Bui Minh Anh,0919465718,buiminhanh26@gmail.com,10.844464,106.641832,959b0aea5d0874fdc8e7ba8f8629d81d851665ff7f57c9b8e1886754972c6be2
27,Nguyen Tuan Tuan,0352293513,nguyentuantuan27@gmail.com,10.765422,106.741301,c3572b8f6048736355f982e4833d84f4a7cdee16d93bee301e6d73ef94643f6d
28,Dang Duc Phuong,0908152676,dangducphuong28@gmail.com,10.856915,106.660794,ab66a36aa9c795ca9bcd56094cacbaed709df53c7e2121ca541a4086e6d96015
29,Tran Van Anh,0916840638,tranvananh29@gmail.com,10.828238,106.715491,7b89f087f393568cb38831b9582774df07cf1e01dd010cab400c959be1a76f5d
30,Vu Tuan Minh,0938285082,vutuanminh30@gmail.com,10.866090,106.740656,c8f7f0b30fd4551028270b86990d25e9ccdeea8a6183e3ff34cb92c9f73519e2
31,Le Duy Anh,0905622878,leduyanh31@gmail.com,10.876345,106.605334,0b0f3209c8c31c40deaa950a9744f0eab1c32a03e25d66f58a4c9d320f8c9579
32,Vu Minh Minh,0934596406,vuminhminh32@gmail.com,10.861182,106.682127,aa93a3534d0bec1ada3b73ce603e24a37ea283ce5f5051a9a7dc4160a5e1e8e6
33,Tran Duy Hung,0976566406,tranduyhung33@gmail.com,10.841066,106.742795,c9e525e856c0ca0116d0e5c25475e1a962f2de83d9944ec0b0bb073f52321184
34,Tran Duy Anh,0772659553,tranduyanh34@gmail.com,10.853118,106.618280,6aafbade4d9ece16fc9c0981d78b55814c46af23cfa7ea444b40684f7a627c15
35,Le Anh Phuong,0353917731,leanhphuong35@gmail.com,10.786028,106.644359,10b8d108e37675623c5dc1cd1e9380c644bba479c7ec15339b64d9113fb80c49
36,Phan Khanh Hung,0322136340,phankhanhhung36@gmail.com,10.764560,106.677803,2a91ecbcc2d4c188dcfffc6b94dba84639f8ae3b79e635744ff71cfba1b83c27
37,Phan Hoang Linh,0775308748,phanhoanglinh37@gmail.com,10.744667,106.678546,7f114b84d941a9ccf1c2547c3d0832ca882330d0cd6339918b6fd53e039234d1
38,Dang Tuan Minh,0905860284,dangtuanminh38@gmail.com,10.819934,106.730756,2f7d8b94c9972b3631fc0ad6b963cf088e2110cf7018bee847985daaf64cf7ac
39,Pham Duc Tuan,0933007895,phamductuan39@gmail.com,10.730258,106.627944,9d057920d47b19a37aa6239efdca68bf7961e3c7722b758923f171f02db05938
40,Pham Hoang Tuan,0937691237,phamhoangtuan40@gmail.com,10.740283,106.608148,67119211424285bc14b2c8242a1f0e19695d2666d17c5d40426c27d10de982e1
41,Tran Duc Minh,0938695749,tranducminh41@gmail.com,10.823670,106.634151,65bc33d6523034901c0c4b0e925cd46a3edaf81a6f4bbc8917da2396a9a608b0
42,Le Thi Long,0355340982,lethilong42@gmail.com,10.801101,106.667345,d00f0f4df6f0711c4ca7e866cd0a65261d936b4ae43ee0a5102c1bdced85a3ab
43,Dang Ngoc Hung,0900116668,dangngochung43@gmail.com,10.814583,106.715493,2fb0de2d96d829aec9cd4c337e0d0f025ed9e500d614d0049ce6c6eb891397fd
44,Hoang Thi Tuan,0321562125,hoangthituan44@gmail.com,10.854834,106.671486,3e20b0e604d255e6d607c26531f23cad04cf3fd6f62bd116d7600f541da2a704
45,Tran Hoang Hai,0985841877,tranhoanghai45@gmail.com,10.741453,106.608569,8c232087781e342535f77462b55cb3ab1ca27bc9fd56ea58f5bddaa400b418d6
46,Tran Duy Minh,0909166561,tranduyminh46@gmail.com,10.789833,106.702482,c9d612c4585569376a8f2852facff2222eee52d2f1b289da9164b92d190ffca6
47,Pham Anh Linh,0981753151,phamanhlinh47@gmail.com,10.850447,106.642484,847366b74c8beb14e130442f5ba25e584b1ea158b3aac6f97d7f1b9ef10a68a4
48,Huynh Tuan Tuan,0916787047,huynhtuantuan48@gmail.com,10.833512,106.634116,ceb5ea519e75c2baa89fd8d2012d3d8b3d2c3f48b330584f9ced13df1cd24b02
49,Hoang Ngoc Linh,0978048201,hoangngoclinh49@gmail.com,10.799779,106.682204,a8857ae21b3a38b8d7cfe901f92db39e83d5e063fa5a0e58e35db6659e312812
50,Tran Khanh Linh,0905007327,trankhanhlinh50@gmail.com,10.854939,106.742805,4c2a3bfb941d519948c19609e5b8cdfc8754b017f1ed5986074a42acc6bf7fa3
51,Hoang Anh Lan,0778766587,hoanganhlan51@gmail.com,10.830569,106.717220,45df92d05f600de7307454a4487f5265a18716fc7233cd4e5d3e93085d67478d
52,Vu Ngoc Huong,0907118428,vungochuong52@gmail.com,10.730823,106.704771,d83cbe2750b838bd7774831537f50422617185376faaa670e22cabd1fd4d4d1c
53,Bui Minh Minh,0935365543,buiminhminh53@gmail.com,10.851416,106.662517,ad79c1af357fa30d740d1da7bb4d411da26172a3bfe6c5628647de95e667bb95
54,Nguyen Duy Minh,0981894667,nguyenduyminh54@gmail.com,10.794125,106.603767,a6590c770c9eda4bd949689bb4a3edeec21db395014643e36e96f88e89897a66
55,Tran Duy Long,0776258707,tranduylong55@gmail.com,10.761626,106.727739,cef7f88281f0e4f7e575e2a0553ddac13384129e3539b28935edf9c795c49186
56,Tran Ngoc Hung,0935717412,tranngochung56@gmail.com,10.858225,106.722617,d368e77f0c35d23658d4407070cae7b368044e42a45d98c7d044c283f5bf34be
57,Nguyen Duy Phuong,0981255324,nguyenduyphuong57@gmail.com,10.869556,106.749273,895881167b48dec5ca6bca4cfe75cecefcc721dd4e528b94ebca4d55aaf3415f
58,Pham Minh Huong,0974152515,phamminhhuong58@gmail.com,10.753025,106.710572,ca64b7ebc816e347c12aed2f3eccf203b046c611ca187d2117879a8aa8c3af47
59,Huynh Thi Lan,0357524541,huynhthilan59@gmail.com,10.740031,106.620903,358b468bf0bc0dc0ff509090744e6e6bb46b207f3287aead276b89d1a313ae3d
60,Bui Van Long,0910908055,buivanlong60@gmail.com,10.835066,106.655277,7bdf861c8685660227d06d994e903e1f4fde6491622ac75157b4c6b9ff298d56
61,Dang Thi Huong,0904345877,dangthihuong61@gmail.com,10.770636,106.744816,4f0152da4e6e59c0cacdc40442115c164726c9fd3cf0aea6967c3b1617471ba5
62,Nguyen Thi Lan,0912448725,nguyenthilan62@gmail.com,10.740818,106.720642,0bf210cf8d2bcd78f9095c25a78af1cab557b1f51b210c4aae3542d74c252a45
63,Phan Anh Hai,0359036062,phananhhai63@gmail.com,10.742401,106.662104,6446f6695d5cdb8be7a3c7a6fa38341cdb020d254c69b36d6bd255d7241a8792
64,Tran Minh Linh,0919976111,tranminhlinh64@gmail.com,10.753439,106.680132,be7ec0101902e9cfa33174bd3cd05ef47218fbfefe7ce524430e4017db2e51e1
65,Phan Duy Linh,0977345129,phanduylinh65@gmail.com,10.865431,106.676048,6efbc0a252a4312008b2f7b2cfa02b2ae0a81ac50e748ac41cb1a47e0efb9b51
66,Le Duc Phuong,0324337154,leducphuong66@gmail.com,10.791884,106.696408,8986734abdc6529326cc89a798cbccd59f9b5944d5f265cb1c1ee4470df55cc8
67,Nguyen Thi Hai,0935881552,nguyenthihai67@gmail.com,10.853121,106.656194,dbdcf436b7ef4fa1a72800ebbbe6a712ff2eed4add00fa06ad478de5d57fc213
68,Huynh Khanh Huong,0901220766,huynhkhanhhuong68@gmail.com,10.805318,106.603639,7e52d3fcab2e09f048e439c2c0d11e0b7391e97ba9c27b30b4827d8a9ed19ea6
69,Huynh Hoang Anh,0935189427,huynhhoanganh69@gmail.com,10.815518,106.700506,763e83258c8fde8353f46cfda0dc572cea962726c9ea7302b15efd972ef25679
70,Pham Khanh Lan,0354767410,phamkhanhlan70@gmail.com,10.773437,106.675776,5c24e9ef5bd24b4dba06e96764adb4478205b172dbd731021eb0dad5cdf92fe0
71,Phan Van Lan,0329263359,phanvanlan71@gmail.com,10.769473,106.674211,46d122c34435ed8c372fd482b8d2f816d797601a9cc47209c3711b82a623152f
72,Huynh Duy Minh,0974714247,huynhduyminh72@gmail.com,10.803165,106.679565,388ff64c82ae94a9baa0da940af465a9718e33909a1201d4b5e4dbe9016c0822
73,Tran Duc Lan,0912816445,tranduclan73@gmail.com,10.761342,106.612267,6c61037d355a08d5f198a1253292d1efa4c0246c83de06a32dd05c081aad576a
74,Le Minh Anh,0937091894,leminhanh74@gmail.com,10.800703,106.709849,4cef8ce47d398de2c774e0ea01bb4e7df804df9fe9da77267b9e5351b95dd1e0
75,Vu Duy Phuong,0984746034,vuduyphuong75@gmail.com,10.855340,106.613800,a42edd952fd040620f671168ff79ab7867ec7d0dc45c95c7d014113ebb3cec8b
76,Pham Van Anh,0774648283,phamvananh76@gmail.com,10.834034,106.640330,3fd8e52331295955280c3e3eae929773c1d9786cd65599380fa4fd5d886a79f1
77,Le Duy Anh,0320355223,leduyanh77@gmail.com,10.788650,106.698389,0650c62e01a389855c24286090b41a6c744789f69569b63aae45d440a0c6ac91
78,Phan Duy Tuan,0972496691,phanduytuan78@gmail.com,10.775961,106.625932,f0c05a17dc61fcf8134b3a4e3aa1c2f34b17fefa766f4a825a611021971dd085
79,Vu Duy Linh,0771854374,vuduylinh79@gmail.com,10.833371,106.600948,80ed6801bdc3dc7102a2ac29f29b445f51a5c1704bce727cf8c6dff35a078b0c
80,Vu Thi Anh,0901459666,vuthianh80@gmail.com,10.819141,106.668362,911249d47608fe81f60ef37ba4cf7a7a4ed0a905ee04abc2f5dba850f86ef952
81,Phan Khanh Lan,0931882183,phankhanhlan81@gmail.com,10.785792,106.744952,b63af0009aa03a49f60038e905ee085b70f38625a86e1c5315ded36ae4a0274a
82,Dang Van Hai,0900939570,dangvanhai82@gmail.com,10.837099,106.674739,451d72a99d340a4203b6cb2613bb2b0f53047f9d97b4290b2f595b652cfa625e
83,Vu Tuan Tuan,0329799510,vutuantuan83@gmail.com,10.856240,106.730311,fd321d84574ef4c5ae0470a74c0207a75196574235a8f67ba4156c42fd577707
84,Pham Ngoc Hai,0320993795,phamngochai84@gmail.com,10.836512,106.696002,f21e17c4e82f994bb2eb2c6f11dccb1796c056b26ddb18f586fe3b302422a55b
85,Phan Anh Hai,0359242266,phananhhai85@gmail.com,10.775836,106.630795,24b7c9c738e43ae5dfce80c9be2ecef3a38378d3cb424883053756db76879bd3
86,Tran Hoang Minh,0772911808,tranhoangminh86@gmail.com,10.734335,106.601520,59a8e1bd9c100416c36f6e44cec4c761c14f66fbc5847e549806b675c7dd174c
87,Pham Ngoc Lan,0907646999,phamngoclan87@gmail.com,10.879556,106.728837,62997e67d96a75b5ba53ec1f9367aed185e8d37dabf0eba77bfa3f7fed746198
88,Huynh Khanh Anh,0936225314,huynhkhanhanh88@gmail.com,10.755346,106.687624,e2e12de4afd12e13f8b4d145b43124a175dc30d58e68a8bae779476976002c71
89,Bui Duc Phuong,0939886488,buiducphuong89@gmail.com,10.869297,106.747074,9af75b3ff99a8310a7866f65a3e2db3b7f8de9178119ed8da08cd50daf7cdd03
90,Phan Duy Minh,0982497475,phanduyminh90@gmail.com,10.764210,106.717276,7de75c39082eae65cb5077ffb23acac24b88200207c578e17977ffca3db1af24
91,Le Van Linh,0771304927,levanlinh91@gmail.com,10.764151,106.612259,a3c2936f4bd392cfc49a4b94ba6a236800f670cc282028fc8a062c2124a868db
92,Pham Thi Hai,0776194261,phamthihai92@gmail.com,10.787469,106.682929,2bfce8867787a1e3d3e81acee376e67c243117498467a0afd18002a57f4e4941
93,Phan Anh Hung,0909908628,phananhhung93@gmail.com,10.872005,106.692461,26de9fd2665853eb8583ad878be84e48e88c08c2427eb9a1f50f04c37d203ae9
94,Huynh Tuan Anh,0900043484,huynhtuananh94@gmail.com,10.794012,106.660508,98c2896bd435c693934c8b375a43f68d7dc22ce4a67fa317512fea1ea6217764
95,Vu Thi Hung,0904762277,vuthihung95@gmail.com,10.736527,106.684915,a80e049507468d1efeeb8c0b7e6cba3f823f03abdc45146a6db70cbd63f8d5b0
96,Bui Khanh Hung,0936087730,buikhanhhung96@gmail.com,10.840133,106.662529,6ad6871cd4db5ec4c58be4491c41cf14f24d1ef75e0b13e58651209fb252183d
97,Pham Van Hai,0936842338,phamvanhai97@gmail.com,10.743815,106.685879,8d07104522e6df72114db23094b9efd5235449419f51cbf6f7011317aa0c3c36
98,Huynh Ngoc Minh,0904781043,huynhngocminh98@gmail.com,10.813455,106.737600,0f144dac3de55db4236756051dab86e3ea1d387f4e33f3a0eb14207c79d2b297
99,Huynh Tuan Hung,0916946146,huynhtuanhung99@gmail.com,10.873706,106.646017,34320df792909a43aab0eb672ff40d20e2a510fddf82a016aadfda725cdee03c
100,Hoang Minh Lan,0902314583,hoangminhlan100@gmail.com,10.795326,106.659909,176f30c7d29401e9bb34569a45bf1225318401896079f4bcc284c1a0b66a1cc6
101,Dang Duy Hai,0930682148,dangduyhai101@gmail.com,10.820014,106.635357,94a2adff4cbd01444d69ecce2cb2bf2c90eb34d300708319b2769298bb578973
102,Tran Duy Anh,0350008163,tranduyanh102@gmail.com,10.787102,106.687660,5e502388d42c175d02babdf34c9dc3d06f292b21019950a67afd7c79400d1e46
103,Pham Khanh Linh,0937126583,phamkhanhlinh103@gmail.com,10.798746,106.669391,8c5f6929d2dafdc1f0dae8b47422e49d8d01110533eadf193f5143076ebeee12
104,Le Anh Lan,0931062311,leanhlan104@gmail.com,10.804889,106.726492,069523c4b8dd2b53d4b78354bba1fe6ee44ea46a09c4ad8b7f0af52f394f2010
105,Tran Hoang Long,0354234684,tranhoanglong105@gmail.com,10.834790,106.719908,d171b5970b446ac0fdd0b3ee92ec155eef0ee76cd6ef8d45454c70baf446f438
106,Dang Hoang Lan,0988944067,danghoanglan106@gmail.com,10.848815,106.620769,d1152f99b0948ff99f02c82bb38d89f32a36066598d05c2b46895998a31f8e53
107,Le Thi Linh,0773511464,lethilinh107@gmail.com,10.764644,106.690457,38127dad821d3ce6389e3a4d90bbca13c753ca2f427593cee1c594172b757ab8
108,Dang Duy Tuan,0915377950,dangduytuan108@gmail.com,10.847726,106.649900,ae1819aace22fc3850aa32e561ce2c1427072e3805fa94a2249548443592c445
109,Bui Hoang Long,0970384357,buihoanglong109@gmail.com,10.843529,106.679031,37de833b2b60df85e0cb2f6c87d9c306c99295120c923267bc920352f8b14b7e
110,Vu Anh Hung,0774462541,vuanhhung110@gmail.com,10.879016,106.608536,b1008391d81706b2b69132b4c808dd5ecc9199d8441044f10d1ab519bea54355
111,Tran Van Lan,0355351302,tranvanlan111@gmail.com,10.836839,106.734418,dfdbb22b049fb7854bc2a922013426e2911d0d1ed81f045321c4cffc272f1096
112,Le Duy Anh,0978180049,leduyanh112@gmail.com,10.860981,106.660768,be98b192d911b99524eb8dace6e9b68afcf8d52bc54790f6eb773d98610030a1
113,Dang Minh Long,0936295388,dangminhlong113@gmail.com,10.795333,106.626959,8a2fd91101043aaeaffd91e88f9817f74af6bd41569ccaa40c1a9fe90057ae08
114,Le Anh Minh,0353557102,leanhminh114@gmail.com,10.777134,106.727529,e6b4e02c8871b3fb9fa8b4d7b6b3b105eeda1a57cf28f95c501dc84fa0e35a0a
115,Le Ngoc Hai,0778066026,lengochai115@gmail.com,10.745446,106.610596,031b5a7bf92fd6b449814b2c5a5268a595610d0d28bc974c466cc91c0ad6a327
116,Phan Duy Long,0938457477,phanduylong116@gmail.com,10.780658,106.748823,eb323ccfa6c11fc24948c9f77f64c0628c1ead49082d60e90cee58d8956b7fa1
117,Bui Thi Lan,0906725305,buithilan117@gmail.com,10.813375,106.637277,95877bba78ca73e8070955d17422a886e52cab492bffc6119fbcb9cc0a32fcd7
118,Le Anh Tuan,0973896170,leanhtuan118@gmail.com,10.753012,106.655758,eb7ab5e92503aba2ce527ac72c58d73b30d8b879f6f6c87bfd9a0bf35993820a
119,Bui Anh Hung,0771908828,buianhhung119@gmail.com,10.760612,106.661293,613bb979c15119151d4604f79a9572e1cdbc2065c36450edd38bdfce7a5ad648
120,Bui Hoang Minh,0980864233,buihoangminh120@gmail.com,10.779214,106.667662,aaccbe31b62c17e8b034872754cf92da623eb0a6b90c529e5d046f6087b2e1ef
121,Hoang Minh Huong,0322078172,hoangminhhuong121@gmail.com,10.776989,106.641935,5401459d889a7d46735a91ff656590d165d2406370fd30151a868ba3a1edd6a3
122,Hoang Thi Hung,0980757418,hoangthihung122@gmail.com,10.844772,106.744459,c3dc15ece9937027d75f8ad9dca63e11587187a847066d2fc457ca97c10deab8
123,Dang Minh Tuan,0323673874,dangminhtuan123@gmail.com,10.733924,106.682648,6bd7e64ff8f3131c4684dfa04cdd3984e2ea2833ccd320afdca432f8f0f19304
124,Vu Tuan Huong,0918255090,vutuanhuong124@gmail.com,10.747192,106.665269,c11b2cd6858b308d102ac0764c5867737abd1dc58fda9a56c3253fcb7ffc747a
125,Dang Anh Huong,0977789953,danganhhuong125@gmail.com,10.855794,106.701550,8ec09304843b8034913faa542b40ce4631654dfb42faf50f461249ae86624fb4
126,Dang Thi Minh,0355652005,dangthiminh126@gmail.com,10.761733,106.722898,e27fa7536f77e90a0d02db8ae5a8ff16ab3df99b673de6070756d5061b480d0f
127,Huynh Thi Hung,0977450326,huynhthihung127@gmail.com,10.811926,106.672371,f5e14e314b32e136db5944a71f6eb429d6f1e4dc9abdb297a386d7c9a58c60c3
128,Le Ngoc Tuan,0987741522,lengoctuan128@gmail.com,10.858196,106.749219,934844ebe228df26e9112b3c8f06e8bc728d62b88e44df3e46369d13ea161d92
129,Phan Ngoc Phuong,0779849461,phanngocphuong129@gmail.com,10.762290,106.743597,7af1527e51acc1e36515813683fde74b0844a9cf44d15524cf6753d2290a8106
130,Nguyen Tuan Linh,0353424744,nguyentuanlinh130@gmail.com,10.874015,106.616990,847a4fc4ae72780374bea79ca4afb6d812fb2087e30d9f1d343d27df30c89b1d
131,Le Minh Hung,0987587328,leminhhung131@gmail.com,10.748848,106.634079,d709d2ae3114a280e2a70d43af7ff5a65c2130358f99feb9fecdb49a35dd9a34
132,Huynh Duy Phuong,0908495893,huynhduyphuong132@gmail.com,10.840054,106.724338,271fd65e8283f404f52c84a80524593700bce8f9c3681832fa6138abc8bfc1be
133,Le Duy Huong,0911230818,leduyhuong133@gmail.com,10.841114,106.649625,64f9a3c12a9cc477aed22777614d87f6c5347a43aaca2f9803b1b70b5c76ad19
134,Le Anh Hai,0984051011,leanhhai134@gmail.com,10.877715,106.618792,b813fd4e5144590f0a70c5a05a70d1cf4327a33b39839787b161980d45bc35f0
135,Huynh Hoang Lan,0987036706,huynhhoanglan135@gmail.com,10.814447,106.733816,f330ced6a2a38ae1a61f0fc9bf379d283d9e0ffa341790946f6901d5516e921d
136,Huynh Khanh Long,0909722458,huynhkhanhlong136@gmail.com,10.779893,106.734056,f65388c386ee74d61fda2d6f69cc7d043510cc115f36252397427c94149f05e8
137,Phan Van Hai,0971938118,phanvanhai137@gmail.com,10.751098,106.662822,7d1138027f636b1f1c0bc3542cd302cdac4d28d105be017b4596f43a200f6294
138,Dang Duy Tuan,0988580369,dangduytuan138@gmail.com,10.772847,106.637368,c6c1fd6b4d360550b3c267511aa8c1eba3f0f5070091d0e6b5eae2b7aebcc491
139,Dang Minh Linh,0982262210,dangminhlinh139@gmail.com,10.742146,106.626325,979c6889f1c7d9d7617572b5c3eed9f093b6069bd9231c62a6604fc29d43c3e9
140,Dang Khanh Hung,0772773930,dangkhanhhung140@gmail.com,10.805271,106.604573,7f3ecda22c0d94594d15b2370d11eb86d1690cf0dad2e9155b746ee180c42817
141,Tran Duy Linh,0773630850,tranduylinh141@gmail.com,10.782267,106.724532,cc8c5c4aa01cb97fe20ec89996c8c788a115338052a7695d09ba9b421a2e06b2
142,Tran Duc Hung,0978526754,tranduchung142@gmail.com,10.869905,106.642289,0af0bf5c49527bc35998c8721b3895e6070f794670b945384daa297058932aab
143,Vu Duc Linh,0930240577,vuduclinh143@gmail.com,10.805633,106.611147,a19badeac7dba02ea342899f7d132d4fa7f4232898d68301e0067fc9f217d171
144,Phan Thi Long,0933860087,phanthilong144@gmail.com,10.842189,106.683086,d6b040f5f6034c834ec8951f3c6886545c175bb561fffaf3473070e1d93e1a1e
145,Hoang Thi Linh,0900239629,hoangthilinh145@gmail.com,10.795383,106.691911,9daaf0139812b59645440f01a941ed5a494d722adefe0a4c5b908a6082e5126f
146,Bui Thi Linh,0771139016,buithilinh146@gmail.com,10.849101,106.712908,4873298f4733612c8fb4092c3f674182433364dde6f42550b6785a4eae3b4861
147,Nguyen Minh Tuan,0911979374,nguyenminhtuan147@gmail.com,10.790002,106.690571,a7841c655af0333e8dc402bab89d457f83e9055ebe50e04ae4219c50ad342d28
148,Vu Thi Tuan,0983300294,vuthituan148@gmail.com,10.826934,106.742238,9ef4402b7fbea6be7dbeb2209447734d2228019b62f319f3b915c782337fa4cc
149,Hoang Thi Long,0919214663,hoangthilong149@gmail.com,10.755982,106.697034,c96537000580f1fcc4f234dc30d358a9a9c5c2d99bd9accf41d7e8f0c6bc6ec2
150,Huynh Duy Hai,0779664324,huynhduyhai150@gmail.com,10.764792,106.656304,3455730ba0d529262d1d55d2d5a8801fc1a7def60fbc10e124a15962b58e4b14
151,Vu Duy Huong,0354267826,vuduyhuong151@gmail.com,10.875145,106.683735,12b349d87f88d66ac72de6b52260bcd898130ce112fa5c67925ca3c0a312e5b1
152,Le Tuan Tuan,0908964250,letuantuan152@gmail.com,10.849640,106.673715,a0afabd82ff1cdbf2b870359de53c688acea991c222ac45d58155be682a1f7bc
153,Le Duy Hung,0323325600,leduyhung153@gmail.com,10.738419,106.661906,442e1e1fb0e8c9a46be35face7855692e60fcee1efe9f4232c5369186d61c1af
154,Hoang Hoang Hung,0914565160,hoanghoanghung154@gmail.com,10.870708,106.727558,9109a573cb1c5c9cfe64b1697d7f037d853607b292486a5a5679b38bafb0ab39
155,Hoang Anh Hung,0938575228,hoanganhhung155@gmail.com,10.751274,106.610797,3296e75f9aa4380507ae6720772da61358307ec6c1ee2d158bdcf81c37a13147
156,Tran Tuan Lan,0974979759,trantuanlan156@gmail.com,10.733351,106.675760,d644c4befb4710fc64bd53bdabd2f2f83060fac970f751857844d58e2f1e76fe
157,Huynh Tuan Tuan,0984233439,huynhtuantuan157@gmail.com,10.789312,106.604753,1dee504cc5979c224578a7f686924cfbffb043ec2e7c53e6e56bf38d70a31415
158,Tran Tuan Hung,0777012415,trantuanhung158@gmail.com,10.848999,106.619793,10a4096c36216557e184cc7655fae1d3436401a428b923c906ecbfe4501e3ff1
159,Pham Duy Anh,0975730596,phamduyanh159@gmail.com,10.864947,106.743137,b8c7b4544a5ec53acf2ef0b79f03580f94fb75c0be4c0257fea946a321cab576
160,Tran Khanh Minh,0917088739,trankhanhminh160@gmail.com,10.836245,106.733584,39600c6b735c8abb0cfa58b67eac37c15e1d8ec00bd931ff16d494f890205145
161,Huynh Van Huong,0903318957,huynhvanhuong161@gmail.com,10.782171,106.643344,9d9128532d31aa64f7e2300d638a268b5f836e8761a1fedd95de233d0d725d05
162,Le Anh Tuan,0915904242,leanhtuan162@gmail.com,10.777229,106.690547,3fdaaa7a65f5e427eb7ec362fa395d3f7c7f5929c1aa4f0f1916d94f3cae7e10
163,Hoang Hoang Huong,0328015669,hoanghoanghuong163@gmail.com,10.800105,106.702811,27940d6265faf2f9aa2e74ca032710d1a0c2b764282d6913de6ef1136dd0157d
164,Hoang Tuan Minh,0779359005,hoangtuanminh164@gmail.com,10.817338,106.676084,ce0a1340b06c93b202e04ba2fc9c3f7ab67f456a0d55e6f42c0e47cd5f8cd337
165,Bui Anh Lan,0325075247,buianhlan165@gmail.com,10.803796,106.648880,59cd8ee4e2b96f456d162512eacf9772b119768ece1bad4657c949106c577524
166,Tran Tuan Long,0916269293,trantuanlong166@gmail.com,10.796614,106.735121,34097845617f024c3e19383de3032af33413ee5977958c32513d542e4510f52a
167,Dang Minh Anh,0989893863,dangminhanh167@gmail.com,10.807311,106.715205,e6ca981006cc56224c90c89f9cb7d01b21ec3b8d871bf522d1ab8f6ee20e67eb
168,Le Anh Hung,0911050244,leanhhung168@gmail.com,10.788511,106.655278,5412c8ebfe01be20b8f4ccce74dd098e4afdc328c71cb833b2dce158167dd533
169,Dang Duc Hung,0902388242,dangduchung169@gmail.com,10.760505,106.742692,8959423ffb300a005dafa2692254d3375b34f67909c466f8fa096d3bf28c1ae4
170,Pham Anh Anh,0987705116,phamanhanh170@gmail.com,10.825562,106.602275,82e761fa334e02f7a601faf95a7216d45accd5f31036fbbb2c0fd9b53e015fe2
171,Bui Ngoc Huong,0774008383,buingochuong171@gmail.com,10.847230,106.721983,2143ced835f509bfd4ed5937c5d4a1ad92aa0082eb3f3ca411d1ef234baac775
172,Phan Thi Lan,0938841293,phanthilan172@gmail.com,10.772754,106.701215,443802a969c3e76e8e9caddfcbea027845aa22e3bb21f658528b7d188f628170
173,Phan Anh Minh,0976409268,phananhminh173@gmail.com,10.867937,106.693020,ee6854171b4717765afda923a64b7c2f3d6c1312dc30e5154287a23a0196c928
174,Hoang Anh Tuan,0988467284,hoanganhtuan174@gmail.com,10.755462,106.702567,ef563790fff3aee729c2e1220abc9cffae6887abce349cbc86608d3a7128d64e
175,Tran Van Huong,0352130369,tranvanhuong175@gmail.com,10.735667,106.739709,b2cc94ce6491cadbcd8e862dcd061ba493da11224db5c72348b52a622490e999
176,Vu Hoang Huong,0904856241,vuhoanghuong176@gmail.com,10.871610,106.633374,a5ae218f93cb1cf596697c78d699df76049377e20d8c993ace2ee3b00a848604
177,Hoang Anh Phuong,0970348399,hoanganhphuong177@gmail.com,10.800247,106.744330,6627b41c2161cc6cd7b33e8d130f01edf1050355319fb66680c625628d44adbb
178,Dang Minh Anh,0930100493,dangminhanh178@gmail.com,10.856705,106.742525,3342062792728962e949bd5eca60d3433e52b86a8bf60981ebd838846ecf3d06
179,Phan Tuan Linh,0987142607,phantuanlinh179@gmail.com,10.760184,106.739687,8e9946c8a643e560f5bf25204f4ba933fb62130a69471b01b1800a4268369f82
180,Nguyen Anh Phuong,0329419644,nguyenanhphuong180@gmail.com,10.861047,106.680316,a3907b291c9f616a76afdc9ae9e9b3dc4b0105f963a279266c90b3ad04e03a95
181,Hoang Khanh Long,0983657476,hoangkhanhlong181@gmail.com,10.864513,106.746894,e766880dffec9583eb9e89e0f7e457e21c9c0f90c1060f2e2de6fb66af17f3dd
182,Le Thi Minh,0982319308,lethiminh182@gmail.com,10.857275,106.612880,9b088fd80e55e404284e68e37f2a589032b9979269f0e7d50fc89d8450084a05
183,Dang Thi Hai,0972867617,dangthihai183@gmail.com,10.753003,106.617511,632479159a11aef63ab72b244ee187bc2964ba925d4ed2c44f829403fc82da83
184,Dang Duy Anh,0321812033,dangduyanh184@gmail.com,10.803202,106.607235,c7a032d67a77f6025fb73f731d1e1c26720ec81ad7ae813629f861d61c2dbda4
185,Pham Hoang Hai,0932124961,phamhoanghai185@gmail.com,10.789234,106.679909,3c7f2c40be5896376d0a107b0853f91b1e3e29266323d47ff8ceed85173ed3c1
186,Hoang Duy Tuan,0329669919,hoangduytuan186@gmail.com,10.761180,106.724568,bc1cc0577e6c83e98f123e589be089de8bf2cd463f825d7551c939ef40cb3108
187,Vu Anh Linh,0914591200,vuanhlinh187@gmail.com,10.776090,106.699831,7d6e1229e82beb0ec028d026ca45b20a35b92fbaf3c02c9b4bdd19da4af3bf3d
188,Nguyen Duc Linh,0938648234,nguyenduclinh188@gmail.com,10.860964,106.721978,165b2c44f2b2397c52866a2e2ebddda68f32b24bb26f40e85dd4d295485d2907
189,Le Van Tuan,0351992848,levantuan189@gmail.com,10.814606,106.738217,5c142f1eeecbe62cc499ca003345e4d3520d870535b7a8cc39ec6f35e976b309
190,Phan Khanh Linh,0977636801,phankhanhlinh190@gmail.com,10.867540,106.628840,2913bea5580100dc8cead57e39e8878b1e3814b07b5280f402d45a8ab694aa99
191,Bui Thi Hung,0351505247,buithihung191@gmail.com,10.747341,106.749177,2bb9803234fb49d4dc204cf0a206a3ff90f17bf586f2a7c4eee0d22af4e39b74
192,Le Ngoc Linh,0985440109,lengoclinh192@gmail.com,10.736499,106.663206,fb79412656faba443fb6b5bd9e81917e51c97399306ba72ec14dc5b263f6c858
193,Dang Duc Long,0359216381,dangduclong193@gmail.com,10.854330,106.600495,5a45b81b271fd04185834a78e35d9d39844403fe8f03207b05beab0eafb4d107
194,Huynh Duy Tuan,0975988317,huynhduytuan194@gmail.com,10.744041,106.745817,74bb44295d31541acf7fbe31ba65a1b0382b179011b18d9e189b92442ca92e36
195,Huynh Duy Minh,0356876920,huynhduyminh195@gmail.com,10.865777,106.675792,3b80ee703dda0be5d5c964a2b206aef89242687b33cd36eab147c01a422eece8
196,Phan Thi Minh,0328302426,phanthiminh196@gmail.com,10.788973,106.639081,913b5a8ed108ffa15c88cf897db784ef02635aa6a779cff43fec2d6b17465faa
197,Vu Duy Linh,0987899619,vuduylinh197@gmail.com,10.824059,106.731346,1300f4fc22e6ed3dc363b58f875006c437d982bc0149c649db26204664c5b01f
198,Dang Tuan Anh,0970130670,dangtuananh198@gmail.com,10.792236,106.626787,32e15fcadb79ee21b94987e90e2276fa91150ed6d3107cc84a09213bb1fa5dda
199,Pham Hoang Huong,0774677760,phamhoanghuong199@gmail.com,10.828734,106.638793,2cf682c733af5c342cb09fa696c4039e3d6d3c39adf19a326f3684b88344950e
200,Le Thi Huong,0776687376,lethihuong200@gmail.com,10.835098,106.668616,34213a1b32a85c8b33f8f0706ef996a1f22d2acb891edbc7e37bf8715174b126
201,Huynh Anh Linh,0934318484,huynhanhlinh201@gmail.com,10.849874,106.740359,b5a404822a2ba2784a4f93919c0a63924c857d81b494a9c95143fcd15743a7ca
202,Nguyen Minh Phuong,0775596229,nguyenminhphuong202@gmail.com,10.876011,106.693669,c36b06d3df445d926fbec390ab2376dc0ef1bc0cc0ae25fffda104e7f10221ba
203,Phan Duc Tuan,0774010727,phanductuan203@gmail.com,10.808953,106.685229,154ddc93fed50d74ce09b34f935d05dd82c144fc39a0691bb91e1337161602b8
204,Pham Minh Huong,0985458511,phamminhhuong204@gmail.com,10.849953,106.623583,867ad921a1813162d2366eb26f38811d4fd2cbf1f640f11d29c23b9bcbfe7e3e
205,Phan Minh Phuong,0974541154,phanminhphuong205@gmail.com,10.808566,106.698486,7d743669307f396f01a1238c3264829f991090f3ae0d0bc9745050127a2311a9
206,Pham Khanh Minh,0350551971,phamkhanhminh206@gmail.com,10.833300,106.612862,a7c64b42f73ef6e7beda600f01990d92c41798e3bffb6b9213f21060beb1adf2
207,Phan Tuan Phuong,0973548144,phantuanphuong207@gmail.com,10.878994,106.617395,326d80db57454f981ea131d7d8757cff8e5887325e22722e850072bc74b39ebd
208,Pham Duc Linh,0770700264,phamduclinh208@gmail.com,10.740139,106.662507,300ca910327a1ce6b229c65c262166ae733cb8b74c7373975278fa7e7ca427da
209,Phan Duy Minh,0321159022,phanduyminh209@gmail.com,10.751886,106.674935,aae6fd7a5ac271db0cddd5fab1953dab71d49e65f0d06c91e083a557d6739a3f
210,Huynh Duy Minh,0975395078,huynhduyminh210@gmail.com,10.812586,106.660309,52ef21462fc634e2a881b3d6484bbdd53072ed4b59fca0464639556347b04bd7
211,Phan Thi Linh,0913254409,phanthilinh211@gmail.com,10.748115,106.730913,c04a72aa3665933ced5073a18c7ce88bb45c4bfdd84a060724674985266c8f9b
212,Le Thi Tuan,0916399696,lethituan212@gmail.com,10.793730,106.656107,1e0834246dd4ae5fa162725a42f63e2a3903147491f8437855e580b8d35543b6
213,Nguyen Duc Hai,0975791628,nguyenduchai213@gmail.com,10.773658,106.681416,91446cadabbafba64173cc0498dd4961e8e42bafc509580ce01ff4d062c59cae
214,Phan Van Phuong,0978456448,phanvanphuong214@gmail.com,10.808066,106.609490,7da4ad3c2a06343301d215e2d50606e3430d1e7aa8b060690ff84516d0533510
215,Hoang Minh Huong,0907644743,hoangminhhuong215@gmail.com,10.771971,106.603463,8a1313a00f7d3135b7eac92fabaa494f0749259feef87d0743f6baf86b383020
216,Vu Tuan Long,0355608787,vutuanlong216@gmail.com,10.758047,106.659990,2cbea8be02227717ce710ffea4bf03843149f02e1bb9c3db57fd141a82c783a3
217,Pham Thi Phuong,0978219344,phamthiphuong217@gmail.com,10.875766,106.603783,93e5d403bc91c1d67335256901597eaa4f900b9665bbbeaa0f6d3ec720077767
218,Dang Khanh Tuan,0329054914,dangkhanhtuan218@gmail.com,10.816841,106.600261,b59e3cf99f3d397e79b0c4d453a8369b2865cc4585fda868143ee97cacab6c8d
219,Phan Thi Phuong,0771150465,phanthiphuong219@gmail.com,10.751515,106.738628,98cb061404f12f6ec4d3ced2df983a1f506762c7ebf6e88bdfe6d7bfbde0f0f6
220,Pham Minh Anh,0973153637,phamminhanh220@gmail.com,10.879876,106.635131,820d455a820ff5a17458c3bda24b16359986c7028284ee9ba49ec535fe4232bd
221,Nguyen Khanh Lan,0910729273,nguyenkhanhlan221@gmail.com,10.838100,106.693576,fc4662f059f5f604156fa0ea4f46cb4a57201bde4ad8c55c40d5cd43dd951c43
222,Bui Hoang Long,0901726520,buihoanglong222@gmail.com,10.819724,106.624408,4bf7cbf949fd57ab20b2f8a3926945708a80fde6bdbd784e71cb0dd5b7b554ba
223,Phan Minh Hung,0970095495,phanminhhung223@gmail.com,10.818399,106.648156,b9251b738dad8f848d1b27932135214e39edf9e296c6a97df9ede7dfd0f021a5
224,Hoang Hoang Linh,0359300755,hoanghoanglinh224@gmail.com,10.760746,106.632570,11a77f95196a30110ee7441406033b9c407af201d9c5e84f7b3f67b046a9edc4
225,Vu Hoang Long,0356105592,vuhoanglong225@gmail.com,10.824843,106.722311,b0e8405dc7658339e7b276f7e66b7c6a4b8e9b65ecf8aef1143daaf7a57a4a34
226,Phan Thi Lan,0902302029,phanthilan226@gmail.com,10.848933,106.705477,2c0d8a6135fb116238ae8d2bbddb814810abb3c844afe0b1847fd2d0bcbc5d6b
227,Dang Tuan Long,0323691518,dangtuanlong227@gmail.com,10.732848,106.608240,14147dc54fd7da0693c2340f3c34894cb6bc3e17066a56dcb9ffbe2043c1a307
228,Dang Minh Huong,0977752471,dangminhhuong228@gmail.com,10.791098,106.658994,9d68b461f4c2470ef858c3e4d7477300d03b95ccc377e8434b6b5bfaa738ecc3
229,Dang Anh Lan,0909026269,danganhlan229@gmail.com,10.743653,106.703905,e2cfd87bd885042a850d6bdb75ce24f627d6832fe9c25b6b7e2f0a5f82605e40
230,Phan Thi Long,0930198990,phanthilong230@gmail.com,10.736129,106.667200,f1789a423db1a695c0ecd71dae7c9940c70110c8e7a3751c5bd57207c3abd1d5
231,Tran Duc Phuong,0981035994,tranducphuong231@gmail.com,10.815276,106.610364,d8a73db5429f2ddad99b88dcf061e6407b256703261afd5fa6b89cfcce7f7c9b
232,Dang Van Hung,0328578826,dangvanhung232@gmail.com,10.739781,106.705606,b66edc8b3b5b5c1738e9461c5d623f41274b98b12635207c11c08b21f32fcce1
233,Nguyen Thi Huong,0974235358,nguyenthihuong233@gmail.com,10.833883,106.683690,109f1b386e80007e55053c089422a5f156122ee70624fd59dcffc7724a6eac76
234,Le Minh Anh,0987333996,leminhanh234@gmail.com,10.786056,106.624603,90297d009b3ef259a302de2d23018ecbac970ada1354284a341754ac8a027db6
235,Hoang Thi Tuan,0775275127,hoangthituan235@gmail.com,10.847351,106.731294,5736f126ff299f979e9c790d6a20ff3462774b3557e061613aa2cdd0fe3d6bdc
236,Hoang Duc Tuan,0931242931,hoangductuan236@gmail.com,10.834271,106.690730,e65ab8edb77c420afaee4019f3da9ecd8189d3a3f49cb1eb98a40847cfe03c9d
237,Huynh Duc Linh,0906991427,huynhduclinh237@gmail.com,10.840814,106.615038,2cf6c1552cd626401fc05b58b6bef429cfd103e478f99aaeeca7607c5b168250
238,Pham Duc Tuan,0935980890,phamductuan238@gmail.com,10.752982,106.716956,99a96d42ba6a8e5bbcab317fd338509141459f5c99e2e6d4bf0628e6fb1c5b30
239,Bui Anh Hung,0914398294,buianhhung239@gmail.com,10.835352,106.721268,6ff205218eeae75540fc9bdcfaf0379f52ce08874011655c12f8a5368a59a451
240,Tran Minh Linh,0320530814,tranminhlinh240@gmail.com,10.791280,106.616402,3266abeefb0c09753c7676441a53f75d11f52c73bcfbfda11407de9bc63f9334
241,Dang Anh Hung,0356493938,danganhhung241@gmail.com,10.845672,106.744714,2ec1b329dfd88087dcb0fdd0487128f76910b470a598e2b7ce5b786f8983eb27
242,Bui Ngoc Huong,0986783766,buingochuong242@gmail.com,10.810759,106.665968,5872059c1059095052a869db50d2a14aca660ab7fb79c32c997d5d6f74a04064
243,Pham Van Lan,0911466352,phamvanlan243@gmail.com,10.810685,106.657952,365e15b1e2ba9238ff17847fe390506d9f8075f13cf15ab9f9a45d05b9865511
244,Phan Tuan Tuan,0971395720,phantuantuan244@gmail.com,10.877900,106.681041,da9f519732ecdbef226bcc25225deea7733bbda05e07b0137a880a8199717d85
245,Nguyen Van Hung,0907293396,nguyenvanhung245@gmail.com,10.878915,106.699445,31fc75617d5f348e41ade6cdf36f047aca279d55aec060fd52a030c1a881748c
246,Phan Anh Hung,0772915781,phananhhung246@gmail.com,10.834548,106.619203,2d9fe2665bfd80b21cad0fcca8b0cc43dfc797c703e273340fcb83f23e8b3437
247,Huynh Hoang Linh,0770742330,huynhhoanglinh247@gmail.com,10.777605,106.629887,dd5195a8bba12ab77a2322ec2e9ffea6c95615e9f0fd7acb1a5cfabccd2a68c6
248,Tran Ngoc Anh,0353409365,tranngocanh248@gmail.com,10.830156,106.702142,1fa346d0599a8470caa12d31b40dcbac62a398a0cdd4f1286b2c999c9981971d
249,Vu Ngoc Minh,0905921250,vungocminh249@gmail.com,10.799938,106.686373,698de6e01dd0f5113bb6e4e956b88605cbaec3974e39ec5695b97e7ca3edeb1d
250,Bui Duc Huong,0352772150,buiduchuong250@gmail.com,10.753143,106.747562,48502c065e010aa4f26c3ec66ec4f195a439fdde7d71533931f966431b287808
251,Vu Duc Anh,0983812405,vuducanh251@gmail.com,10.768412,106.717697,ea5af342a14d1d4cb5b3a25bb872472acd5ba25b21244f15691ac851ffee3475
252,Huynh Duy Hung,0771930276,huynhduyhung252@gmail.com,10.745482,106.718379,e754600e9992f62db8d6b1683c04515e0b3a7eaec3d930b9ae9cd80b9034f3b1
253,Vu Duy Anh,0772321615,vuduyanh253@gmail.com,10.810022,106.737655,680f1a78b1e2ce12c6bdea42fc5eebbb1b54ed79aff124d77b2b5e60f9213881
254,Le Van Linh,0357536392,levanlinh254@gmail.com,10.840639,106.700762,b239c91b327dce34e349f3afafdd43d74f4ad1009117830240402e1c9d3563a2
255,Dang Minh Tuan,0323997743,dangminhtuan255@gmail.com,10.764570,106.670033,f9a01381af4f479862b26d6bf45d568853b99f14841edc4f33fbc46164dc6fec
256,Bui Duc Hung,0911456217,buiduchung256@gmail.com,10.739263,106.636032,9ca0b0ee490f51a7c2fc5fefbe50f5c4f8970fbf15539d8d86ce8044fe5704fb
257,Dang Thi Huong,0980217938,dangthihuong257@gmail.com,10.822213,106.601640,82bc34b2c3495eaafea5337694b73bfe8a81c735cb30cd1b9fa5c12f3838f568
258,Hoang Anh Phuong,0986649319,hoanganhphuong258@gmail.com,10.843508,106.692027,b4c8ace8e1c9a05f106f7d00a85b854cdd8a34d71f01e69fc74b19a5599d6e6f
259,Huynh Thi Huong,0935189915,huynhthihuong259@gmail.com,10.779920,106.712071,0538e872a6ba2fe97b8cecc1ccedd8fde61e3b5f29d16ce322e88484d5631854
260,Bui Thi Huong,0904563226,buithihuong260@gmail.com,10.765771,106.717292,40ae39313b4839dc5b98aad2a46c52179c0c434f6d28919732e97d93bf94ab93
261,Pham Anh Hung,0321629840,phamanhhung261@gmail.com,10.739235,106.713050,24035d53786e8ddf71efa338b659e93398aeb119ec3e4cc0f622e45d72830e89
262,Bui Hoang Phuong,0771548144,buihoangphuong262@gmail.com,10.812633,106.637645,0478bc5a84e2817d5726246aecdc0385af74f16a04e112e98aa80695714529ec
263,Hoang Minh Hung,0328331273,hoangminhhung263@gmail.com,10.767080,106.655324,d6710d670c383865e1877c7312da027db9bf7867c1ec0089f62527f002c6ca21
264,Pham Thi Linh,0907404149,phamthilinh264@gmail.com,10.852594,106.652658,aa510246bfa519db2bb955139038e28433877d495c91e2de2948d6936fe6e9db
265,Bui Van Huong,0981991587,buivanhuong265@gmail.com,10.875809,106.649331,924bebc5b840983671514ecd7e17ee0289a08b6f0c1492fdcf025f7affc641fa
266,Dang Anh Tuan,0971404469,danganhtuan266@gmail.com,10.876498,106.610313,4931303ab38341641185a0cff09d15398544144d4130e4f9767317ebe141bc9b
267,Hoang Hoang Long,0356090436,hoanghoanglong267@gmail.com,10.771447,106.603687,a1749e7b1d4ba2afab5a905173f345ebecabc5ee20a54e31aacd696339593450
268,Huynh Duy Anh,0770855230,huynhduyanh268@gmail.com,10.873534,106.696717,ea8164e1e98e8a3ad202d3251cffec30b1084894dd553a0388d3333897b1e152
269,Pham Duy Minh,0937987147,phamduyminh269@gmail.com,10.769372,106.707694,3e005423da052acfacd964bf6c26f88282cdb8e6219f115661041422ef1b9226
270,Tran Thi Long,0973982812,tranthilong270@gmail.com,10.753714,106.743437,81e1e7afc9035eef2562f44b3057f5d6c47a32986a409a0511184a19c138c068
271,Nguyen Thi Tuan,0917256966,nguyenthituan271@gmail.com,10.811305,106.742163,a22300d30e5bcbabdb6a97d93ff59ab4b89c090c622da3d23d30ef7708324d81
272,Bui Minh Hai,0905164790,buiminhhai272@gmail.com,10.800806,106.699594,15d322cf5129f07c519d92bfabe3652033dab5cbf88c30faacf26ba70402f46c
273,Pham Ngoc Hung,0939777839,phamngochung273@gmail.com,10.732764,106.684032,f3ac0c32c59eb7bbf8ca36fa3890ae550e4929575b4aaab3e065728a2808645b
274,Le Duy Huong,0321122274,leduyhuong274@gmail.com,10.755708,106.724264,78559fc09c0ee62cfcfc5e033e62b5005aef279e08dfe4e25bffb60a3bc05f17
275,Dang Minh Linh,0906090969,dangminhlinh275@gmail.com,10.858307,106.673994,c164b528bb85e198efa506e7a7510ee9120414bd52a829aa3316b36ee6a1ef36
276,Dang Duc Long,0908311910,dangduclong276@gmail.com,10.757825,106.738970,1a686925043e34d685b50d72f614a87867536d8455af43bbea3d0bbf75560eba
277,Nguyen Hoang Lan,0909886287,nguyenhoanglan277@gmail.com,10.795606,106.613328,ab46e9ab37cd25528d2367b17ab64458c25933e1a68727d448eca297ba4cbd74
278,Pham Duc Phuong,0901535485,phamducphuong278@gmail.com,10.849438,106.713946,376473f7a8d579151a893ba7d3bd42467e5faf8f529b252843d532baa86901f0
279,Huynh Tuan Huong,0934614796,huynhtuanhuong279@gmail.com,10.777089,106.701227,1daeb4c969a876ba1a980530cae18562cebdaa0df56984d9941df79ab51cc551
280,Dang Van Long,0911242443,dangvanlong280@gmail.com,10.812582,106.621763,9b3d961d692d44baa734b8b765392bd43c94b6756bc606b6b1639382127981c4
281,Hoang Ngoc Huong,0357735945,hoangngochuong281@gmail.com,10.879557,106.737801,cb1c72a7b9a8a8850d43fc26d53d99b95f9ea1df0e3a5c4e3e23e25bbe88f551
282,Dang Duc Lan,0908849951,dangduclan282@gmail.com,10.879085,106.645915,5b54f4d67346b04f254a54c66324b75ea8e655d34fbf23b2f2ff03a54ef98e8f
283,Huynh Ngoc Minh,0770221007,huynhngocminh283@gmail.com,10.736563,106.662603,c37f3274072a241ae38b6c41499ff66c897cd57d983bebe8bd89283bb0dfc40f
284,Dang Khanh Huong,0980503850,dangkhanhhuong284@gmail.com,10.819207,106.707569,e53074ba534440359a51ba30fe542b613ec6299bf927e3fe8c064f528d19773c
285,Huynh Duy Phuong,0939262917,huynhduyphuong285@gmail.com,10.855371,106.621048,265298ce9d2dd974de2cbf532c2fa8285790ec0603404c85e1d48d1d6118c81e
286,Vu Thi Anh,0939332117,vuthianh286@gmail.com,10.734038,106.618164,d9113f0fdb4cd5b79e3f05198382d2258bb2161a1f230cde26ffd48cc8b450bd
287,Huynh Minh Anh,0353641580,huynhminhanh287@gmail.com,10.730256,106.705648,ab0fc5d41fbe6ee295cdd349130e37fc34b3b43bf7a490429ad2f8c4d1cf0f24
288,Tran Thi Lan,0979054020,tranthilan288@gmail.com,10.766428,106.627998,cb6e447df9db159dd7372a5ff3dd6a0a90031d45b05fbd0e813f13a477d47e3a
289,Vu Duc Phuong,0911117375,vuducphuong289@gmail.com,10.800473,106.699863,94d368a124931a5a0dcde1fd7e29c0e40f1f5d85d11b347971fb5f0fe97be13b
290,Nguyen Van Hung,0350022990,nguyenvanhung290@gmail.com,10.840235,106.659743,21163892d28e4755e868e06895d27839c4610f6488879939431f6f7c26ed07e3
291,Nguyen Anh Lan,0327449124,nguyenanhlan291@gmail.com,10.749235,106.683595,378a114d4893fbe2cdcb3e053a3de31e0b70019b0df11c49e8a747082c526a1c
292,Hoang Van Hung,0972473125,hoangvanhung292@gmail.com,10.872708,106.737993,dc07595eb5134ddfa26a2e9b7f3d04b488c157478313d39f2a38ad8077566a92
293,Nguyen Thi Hung,0909079920,nguyenthihung293@gmail.com,10.830779,106.732209,e5e22298713797321ad0b0265951ab7944edc532594726248c09490cdd7087f2
294,Hoang Hoang Huong,0910322872,hoanghoanghuong294@gmail.com,10.765645,106.665713,ecc0ee5b3b92d29b6d77d735351d31c2de6b90d734fc90904c338b45053a5121
295,Tran Van Linh,0984314787,tranvanlinh295@gmail.com,10.845039,106.729044,80faab44da8aa88a496c9e1d3bf9565ded561cc3bc405ba4eef472bbd78a8c70
296,Bui Duy Hai,0777741526,buiduyhai296@gmail.com,10.874600,106.605596,2481c27c2972afa9ec4c5cc5be657a9198796e272fad9e7647f345bcd62720cb
297,Dang Van Anh,0936595609,dangvananh297@gmail.com,10.825807,106.615625,3f24032b5119651e1b569e3d9e287c54519752fb10401838ca068eb8475b587c
298,Le Duc Linh,0777920966,leduclinh298@gmail.com,10.809002,106.693542,899e998119d560660f6232aac1d7a29d105ddb751a7b87b659062a1a4a29b235
299,Le Khanh Huong,0907451040,lekhanhhuong299@gmail.com,10.791639,106.738964,8abee060ab946162159154508ab774c3e9b53384c8e819c8b4c9a7dcc6e61335
300,Vu Khanh Anh,0976795698,vukhanhanh300@gmail.com,10.819563,106.649723,88108801eb35e83a8aa29c7ea81f3ce9d833dfd694acd852a4965d71bc06c64d
301,Bui Ngoc Tuan,0353812332,buingoctuan301@gmail.com,10.734958,106.741874,898e085c3e1907d5215c7f30894ca361d544906c196abe841ce67a266d1f78da
302,Le Thi Hai,0907699598,lethihai302@gmail.com,10.879826,106.607154,df99f305b12bd7ab26cdf972b304ea781dd9382e4cc81a6f7f1b367334b93fb3
303,Vu Thi Linh,0906444309,vuthilinh303@gmail.com,10.865873,106.698609,ed560965121d60beba038b1f4d08fc2d09c51b8f0a3e766d43406ffe23461629
304,Le Hoang Phuong,0774731861,lehoangphuong304@gmail.com,10.853812,106.688461,02aad962961a85eb1d3b86071b52cdec386fa85117dfd88a8d121406151eca2e
305,Bui Ngoc Hung,0917993049,buingochung305@gmail.com,10.793533,106.706203,e53a0c1010435e57a19d2e08024f54fe63ff290a9d68e6f63c839a875ef09014
306,Vu Hoang Linh,0936662926,vuhoanglinh306@gmail.com,10.866324,106.713904,baa41b981379e126ea2b743bf2da17a5cc53951f7a02fd972f0d92c7bfaa2079
307,Vu Duc Hung,0325519382,vuduchung307@gmail.com,10.734679,106.666292,c116ce15d21b2e3fb7389bd1abc522ffe101c5ad4305c51a767d432d2b19c3e2
308,Huynh Hoang Huong,0357141423,huynhhoanghuong308@gmail.com,10.758023,106.710745,76cda4267f72d47a6fe483f2873f88b0f161985c24a19a193cb1e906a01f543b
309,Le Hoang Linh,0938854257,lehoanglinh309@gmail.com,10.790003,106.634512,950f8280023beb2df0f011e8ef9059023dcf91c09735bda8c580051175676ff3
310,Vu Thi Anh,0979493518,vuthianh310@gmail.com,10.745435,106.635518,f0674061056675fac8d058d5588d9b9095e2743d43036ae168acef3096f9324b
311,Tran Duy Lan,0356130769,tranduylan311@gmail.com,10.780599,106.617809,96eeed0db0595a2f6acd96321b0c89b41cc0244505448060da8ba00c32b7e297
312,Dang Duy Huong,0322857400,dangduyhuong312@gmail.com,10.746356,106.647637,96e191b1277716eee1cb89f1186b967120680dade1177f95a16eb5ce3de49c11
313,Vu Thi Long,0354760954,vuthilong313@gmail.com,10.851774,106.744142,8313174190179680a6f847cde7007dc597c95771970ad5a1c264e44d9c5be01f
314,Vu Tuan Lan,0322280096,vutuanlan314@gmail.com,10.853516,106.743591,26dd44de41bd05c465270cf8dc79b6da5f253e06cf886660cc7b772a3fad9b7b
315,Pham Duy Anh,0777888419,phamduyanh315@gmail.com,10.813794,106.666894,f5baecdf85fdbfba24a2f4db72d5d61eac24baf51d452fc473866da46ba5ab86
316,Dang Ngoc Long,0329133245,dangngoclong316@gmail.com,10.761649,106.666860,b6b0ad90098ac5b6c17de141b3e7aa426d209327083a1b2bd93f56236d9aaa1d
317,Huynh Khanh Hai,0350597263,huynhkhanhhai317@gmail.com,10.772758,106.649804,5b39c93b1b14d8861761caa59fbe90444a0b731b4f0551d9a34502c38ab922bb
318,Huynh Khanh Anh,0905436100,huynhkhanhanh318@gmail.com,10.749900,106.655468,c85b2c11d837c473ffdf22b31843fb64d69497cebf0df8009b5a183965d77038
319,Nguyen Khanh Hung,0909533522,nguyenkhanhhung319@gmail.com,10.779627,106.659644,fecdac9ba6fc50e9a7f63f8d5f12cfc15c43fd3e47be61261db2370ef4fc738d
320,Nguyen Van Huong,0327253208,nguyenvanhuong320@gmail.com,10.850099,106.609747,893a9484cb9e010e3bdbf6ab496dbf21b4b17a5434f059edb9ec052648c96ad8
321,Bui Tuan Phuong,0989297523,buituanphuong321@gmail.com,10.775219,106.610249,85264bf4f4459f7f631f76c48cb4e00a23300dc2869ea21cf6a3151006b97aae
322,Le Anh Linh,0971590567,leanhlinh322@gmail.com,10.854636,106.720292,920e95d4dc6b37f4cd651d20a2f96ae2c2a17af2d0b85bc1d9032c661696b0ea
323,Pham Hoang Linh,0934926443,phamhoanglinh323@gmail.com,10.754864,106.611984,88e9774d56c89fb2261c5c407217242b25952717babe6486554d3a64f7636642
324,Nguyen Van Linh,0773735678,nguyenvanlinh324@gmail.com,10.822625,106.677775,ae246c61d1501f84e672abc9908b07cec8ae5869e3fb36bb754c29be4ff0ca7d
325,Tran Khanh Phuong,0919720306,trankhanhphuong325@gmail.com,10.815341,106.724193,94f184049f392599c9c64dce24726302daaffa98aef23df064d7c5530dd7d817
326,Tran Duy Linh,0979014155,tranduylinh326@gmail.com,10.742542,106.720421,906d360b26324d7d3bb75f632d8ef9a3cb4e27ddec40db9c7f1dec1c681b65cb
327,Hoang Hoang Lan,0776018618,hoanghoanglan327@gmail.com,10.757770,106.635162,7d9276ac25fb9586bc7c3e8d9f30080003886a5dea60aca3f5cc650a4d0d78ce
328,Phan Ngoc Tuan,0772761521,phanngoctuan328@gmail.com,10.746667,106.668925,b6ab9759f0ced8dcb3c067ae95ee4f6ce21dc1b04ca80eab3ba25d6fb3541294
329,Dang Khanh Anh,0358519538,dangkhanhanh329@gmail.com,10.781692,106.650336,03e89703c9cd63d799b136e83b7826c26de15c2b2471d7091c9b55ea612162c7
330,Vu Hoang Hung,0989006658,vuhoanghung330@gmail.com,10.762609,106.699406,eb235bbe3863f44a7a8cf235e765a42e24065a6cb96f5ab9c732e42b718a4c79
331,Vu Ngoc Linh,0980110561,vungoclinh331@gmail.com,10.786627,106.717919,58234b3ac2943d86aa07dad7c1809bfc549cd7236b9e20736dfb3904515d843e
332,Huynh Thi Hai,0350939988,huynhthihai332@gmail.com,10.737630,106.680073,d744863bf3a405f4721bd64ed16591153b04c56dc668fede78daa93ecba3401f
333,Tran Tuan Hai,0910004893,trantuanhai333@gmail.com,10.800184,106.741311,172e56fdf1f6491ea06f99e8313cbe2873226abc488b283936f5ec67aaf4b32f
334,Phan Khanh Anh,0904608979,phankhanhanh334@gmail.com,10.864491,106.707819,2c77fb5bf5f8638dfce0ad708d8ce7911357b538c499df868e3d8997bbef4429
335,Pham Minh Lan,0355464598,phamminhlan335@gmail.com,10.827339,106.612709,47f943dd2fdb4e8b3c353654b9dfa55c7d22a90bb73e308d887386ba19a4fd65
336,Dang Hoang Hung,0776554014,danghoanghung336@gmail.com,10.833839,106.741381,447414f9ed9edc382335126fdd5b766c1df123b7a586de0d13a5b264baec40e2
337,Vu Minh Hai,0986080931,vuminhhai337@gmail.com,10.815292,106.699265,380a994fed2da6ca4d3cd3fa914ca1479565755f43dae98790a4e684218093cf
338,Tran Duc Anh,0904108094,tranducanh338@gmail.com,10.835178,106.747594,941d615eb3cf236e2c85fb17ce6a5bcb413e331bfcd0e3fe8b55190f506387c1
339,Bui Thi Long,0351613821,buithilong339@gmail.com,10.822138,106.717260,c62e5f34005e35c538bc38a6b0cbd72f30a76dfe254e5af9816fb84842ad09fb
340,Huynh Hoang Minh,0918839592,huynhhoangminh340@gmail.com,10.854783,106.723613,e5114d0cf697070636d2b525a98b36de0a9a42ed4aac7fe62fc8cef31de8c82a
341,Le Duy Hung,0971395119,leduyhung341@gmail.com,10.834466,106.631605,55742fc9252c1d3e340bf3bacf6f47757cdaccce508459282480faa1f6d2eaf7
342,Le Hoang Linh,0777115740,lehoanglinh342@gmail.com,10.842161,106.658580,a949ae66a070c0341f817a7f522821a1eb8859552c8b71c1c32c7e0a2686cc52
343,Tran Duy Huong,0358883230,tranduyhuong343@gmail.com,10.802624,106.651465,b14ee4b8c8130171599688bb5bc70b8a41c0478b9c133629688100251f001642
344,Phan Thi Phuong,0917898529,phanthiphuong344@gmail.com,10.870891,106.718738,1eead400af420f6aa6c453c0dc60936c5c157da525b6f7c1cc2b22b5811bdcf4
345,Bui Tuan Linh,0978243305,buituanlinh345@gmail.com,10.759941,106.642942,38f2f4d6445746af438b699a686b3ffbc9155b607eb03868a0352f0220adc29d
346,Le Thi Tuan,0325492959,lethituan346@gmail.com,10.825608,106.728873,2272d8329dff1bd5d36eea1d3f9acf887b17682986f3206cbd1f3aa2b45b9a3c
347,Huynh Ngoc Long,0912761477,huynhngoclong347@gmail.com,10.879444,106.630302,25031b77953e511cc3aa70a667d17e9b81047a27025b41021905f23a9da52585
348,Dang Anh Hung,0974257440,danganhhung348@gmail.com,10.852098,106.602906,4eb3734ff641d2fb226518f3da3bf9a6187be913234f62b90bf6cdc02a976f57
349,Tran Hoang Phuong,0972815650,tranhoangphuong349@gmail.com,10.776027,106.648325,6aafdde0450dd7a4e55443a307526ebf6a7435f7233c52173b6a38f1096ccc67
350,Hoang Van Lan,0324429944,hoangvanlan350@gmail.com,10.818048,106.698467,dcb2615c923fc489b1de00a366d9c8c4813b49eebabbf8d8de9712021e4751a2
351,Vu Ngoc Hung,0352465140,vungochung351@gmail.com,10.837156,106.668039,f34684d62e4227ea7b70f4c952344afe290852898206859e471b00078051b97a
352,Bui Anh Long,0327383832,buianhlong352@gmail.com,10.784230,106.606671,a6f402415816256106ab912e1b8dc7201da77d908e56cbbbcb56a1a238c84966
353,Tran Khanh Long,0972211873,trankhanhlong353@gmail.com,10.811780,106.696901,29c9c0fab3043c7c287bac49e06e720c3dc109311f916286e57777fe4b098e2a
354,Pham Tuan Lan,0352636311,phamtuanlan354@gmail.com,10.875396,106.650976,238f0980c0b2d79ddd18492774b39c2cad6cc9d1eba1b7a862a3b2bb3eab8ce6
355,Bui Hoang Hung,0907486150,buihoanghung355@gmail.com,10.753973,106.711757,5e030029fda8e13e6abfef8d4a6b78e4479f8146927a1079699f2452869ffe9e
356,Pham Minh Phuong,0973154279,phamminhphuong356@gmail.com,10.830687,106.628387,cd6ff9e42d8d86fd6a7cd619ef0681a4b2844fe8dfdab0d641da5c495c9ce943
357,Tran Khanh Linh,0771170057,trankhanhlinh357@gmail.com,10.862333,106.663616,cc727c20ae27fba24dd94fda24b8245bd48d93ad020c32d98c4c6d42bd3f8a85
358,Phan Van Phuong,0323621068,phanvanphuong358@gmail.com,10.837897,106.686840,18bd5dbe69f9bad03d76dff7930e7b61f865c71f53c637115f9bd1ab4f7a846e
359,Pham Duy Tuan,0933275362,phamduytuan359@gmail.com,10.846035,106.727289,737c26853bc875c4ae3af564fca682306ba62236494c248c67ea5d7b002c128d
360,Bui Thi Long,0911931656,buithilong360@gmail.com,10.805241,106.739272,1379894878518f79110d4f8cf224de899ec39de04095494d70715927740f093c
361,Bui Tuan Minh,0900101220,buituanminh361@gmail.com,10.820621,106.742713,4c6b0342261b057d4076187ca8dfbc884a3b4f50f3e96d4fe3239b3ee52ce48d
362,Phan Minh Lan,0320314060,phanminhlan362@gmail.com,10.831929,106.666626,8e3caf90e96db4bef87a1570e2a917b923bf859b5a98161c4c88bc71aa9ec55b
363,Hoang Hoang Tuan,0984256729,hoanghoangtuan363@gmail.com,10.752168,106.609545,443c65812e44419b243e7ac2c60ec67cfc360ce68f7b73af00f0bfd2a9e46b03
364,Le Duy Phuong,0359496169,leduyphuong364@gmail.com,10.879783,106.604328,9f3006961c7213554f4b5604f87ae20f1b7a0d4fdd08314c422ee991128390b9
365,Tran Ngoc Tuan,0917801679,tranngoctuan365@gmail.com,10.765678,106.724679,54f9caa3979a8a1b1c046a70c1227a31fd5cce9fa98af2f277168a8f2351a703
366,Vu Duy Long,0939589391,vuduylong366@gmail.com,10.756990,106.651840,c244474d7049c494270b43f4c1cf009b592fdcd1d6066d4b503b6d8c922edc09
367,Phan Minh Long,0974545182,phanminhlong367@gmail.com,10.876255,106.688153,5971474f4b2330e320591f684334ff00e77eee906ae6ccf91f1f87a15022c102
368,Le Minh Hai,0909504086,leminhhai368@gmail.com,10.772737,106.636819,3448a891ba227e0a46eb6125e255c9080aad165980257cc6d652efe2dc7ec71b
369,Le Thi Hung,0329098307,lethihung369@gmail.com,10.859672,106.730847,48b541358e030d77738ccc1062e1462ec7bf52e22f7f6a60ed6eba55c0c0b932
370,Dang Van Anh,0771941654,dangvananh370@gmail.com,10.753226,106.712209,2bb54f085d0751248e5d8d0945fbfc191e7cccd2ee35f18925b5bd36370efce0
371,Huynh Khanh Minh,0771382241,huynhkhanhminh371@gmail.com,10.847596,106.727101,8e7328ce8356d510bfcbc50abb149101eef9714c594fdd9869f2e21bbc8cc608
372,Tran Duy Long,0906955795,tranduylong372@gmail.com,10.855306,106.650401,5a714a23696b470e97f7d2bcf85363ae276ebbd7ef75cae7e9cce660c8a07a0e
373,Bui Duy Anh,0973948412,buiduyanh373@gmail.com,10.811616,106.635902,413d62ee2a217af1c37c0cd48ea57933732daa091766d084e8e8bc779e57a325
374,Tran Ngoc Long,0771598025,tranngoclong374@gmail.com,10.770419,106.670653,4142a3817b45039fd677846e3d1416dd25d69866dff6d47b2890ad97baad48d0
375,Huynh Duy Long,0777579527,huynhduylong375@gmail.com,10.798251,106.642058,660a3dbae4dadce11defcabd92eebd3353c659c0abc2de15b5e5ca06034d3122
376,Le Duy Huong,0772477321,leduyhuong376@gmail.com,10.878874,106.625395,8197f6c07e0a5c5f35a98103c7544dd8c44f5c820984ff1d5c359a68de3a1306
377,Le Duc Minh,0930807434,leducminh377@gmail.com,10.748869,106.680577,702f69bb3d85be3433803ca853aca5647035964b532b3c687e018d3cba640550
378,Vu Anh Huong,0321676926,vuanhhuong378@gmail.com,10.834515,106.715093,f1cf054f0fc6def03402a954d8c0fad0315bcf1c0e0aa52d883b245eb8c5449e
379,Phan Van Tuan,0907214921,phanvantuan379@gmail.com,10.777166,106.677219,058f41853cf35799f29e089e65c8b080738617b6428c40a3bd9cfe36003d1313
380,Dang Anh Lan,0915267351,danganhlan380@gmail.com,10.859425,106.672598,e510d3952aeb9ac73a7cdac57f740912efa2e13d802df72af5233b36cacde9f0
381,Nguyen Khanh Long,0981445746,nguyenkhanhlong381@gmail.com,10.853644,106.638469,8c1d8a985c4df5c714bf2a19210a8a880c7d8ed61db193f60fa96cf7b1af9b36
382,Dang Minh Huong,0938549781,dangminhhuong382@gmail.com,10.862819,106.638970,3e68aa558cdd27540aab7063e2d86daf653b72039f16041ea26c860a4dc650dd
383,Dang Anh Anh,0917912935,danganhanh383@gmail.com,10.731863,106.655443,688e342e902fd3b890b58a5e88c9cd053d60056272ec63fb28acb2d9b91a2f5e
384,Huynh Ngoc Minh,0933292809,huynhngocminh384@gmail.com,10.769734,106.610950,468286a74385d9e8fc5cd3a8817dca37904d4484194c566aa4c8ace06e4926bd
385,Tran Hoang Lan,0904668287,tranhoanglan385@gmail.com,10.840546,106.734287,3abaf78a06773920e0077e7dae82bab8e992b1914f1a75277522f324c95aeaec
386,Huynh Tuan Lan,0934430144,huynhtuanlan386@gmail.com,10.787418,106.610583,2efffa0927a680a7d29e7a54862a129a5dcd76ec8a00e7f91160437a2817a0b5
387,Bui Khanh Hai,0908899336,buikhanhhai387@gmail.com,10.806178,106.704290,0732b812788d78e3172ab3fbd689581097ee9536dfdd8318850aef751ebead61
388,Le Thi Hai,0358393766,lethihai388@gmail.com,10.815081,106.706375,c0d0cbe21eca76f6a4b5f11f802f22f7042906a5bd0b2cfcd2b92505ddb74233
389,Phan Ngoc Hai,0912659241,phanngochai389@gmail.com,10.745332,106.644274,9aba2a9c07335b5a59741934d4cbe7705cb5e13404066017a13bb988c80e018c
390,Le Anh Lan,0323597535,leanhlan390@gmail.com,10.762019,106.645203,77286b1163db9e33dbe380d32ff1790193b6ff6d57ebd38233606e8585bcf400
391,Bui Thi Minh,0773770288,buithiminh391@gmail.com,10.739634,106.619102,6c1684a0dc60583536c71af44a1b06d1f38db966e8e60cdf530f3b19ad58cf0f
392,Dang Van Huong,0772891874,dangvanhuong392@gmail.com,10.830111,106.648017,50d06088b7e2517c9b4b8b5052331af9700bcfe506e41738bce3ee514fab7040
393,Bui Tuan Hung,0777455137,buituanhung393@gmail.com,10.876674,106.654880,4060cf8656b9220620c4a1e5d19892eb5d19a5c480de607802aa5943408beb90
394,Bui Hoang Anh,0932194313,buihoanganh394@gmail.com,10.822009,106.630140,1420727220a70bcce05b97f8aa62ee553ef5d5743d6dad6bc17a64173556606d
395,Huynh Duy Tuan,0325483870,huynhduytuan395@gmail.com,10.856676,106.632771,4b0855b20e20423e1d699d218970543afdbc04c876eb4472bbdf4bb28d721ab2
396,Bui Tuan Long,0770092211,buituanlong396@gmail.com,10.747040,106.720422,b88dca8a41e5cfd9b167426429485a3326a14a33a63b86e79f9bf8d1b1130bb6
397,Vu Hoang Tuan,0938344568,vuhoangtuan397@gmail.com,10.741490,106.695927,d84990d07ce3b91a445faa9e4161f924877183263993f142f087a9c6288f8dda
398,Huynh Duc Lan,0916950438,huynhduclan398@gmail.com,10.868538,106.672399,f2868c8bfea38fc200b783064d6c3fb60dcab89a63d11ab71597dba0d0411719
399,Hoang Thi Linh,0359303489,hoangthilinh399@gmail.com,10.769674,106.715392,e6ddec13424fa9a1fb65a52210d80344020cd5e68b6ee13f949c0c0dd7a8100d
400,Nguyen Duy Hung,0970905217,nguyenduyhung400@gmail.com,10.786271,106.664338,f156a21ca1d1d68bc59daee864b653bd17dd85414001bb350b586f5ba5a59d88
401,Vu Minh Hai,0918190827,vuminhhai401@gmail.com,10.794645,106.691113,fb94ed63c31e800a5c50ec8f49e1fe534357503e1d25157542df705b031b9150
402,Nguyen Anh Hung,0777590969,nguyenanhhung402@gmail.com,10.874946,106.604087,6ac319391fe078f9851865b757b38388c3574cc43e9f8976215f74843b718c3a
403,Pham Duc Huong,0982160534,phamduchuong403@gmail.com,10.864063,106.622953,141872e6fa29c2fecdcc33693d4072337a86b1ff3aee2d9bcc67aec8624d399d
404,Le Duc Hung,0982412982,leduchung404@gmail.com,10.809451,106.633517,c252a9cd55c6518187c81133ea653a16e21bb086f8560061827876c81263137d
405,Tran Anh Anh,0904298061,trananhanh405@gmail.com,10.742520,106.719361,2e5c7d45a85c034c9ccb0913d189a1e44257d7a250ad3b5b9044269a68820a4d
406,Hoang Anh Anh,0986325691,hoanganhanh406@gmail.com,10.768742,106.694100,5e097f82b91e97c2a3062d3a3965b7a1320373dc984fb33f04ccc8b5319c9edc
407,Hoang Khanh Phuong,0930900256,hoangkhanhphuong407@gmail.com,10.759409,106.739909,6948c7ebd225c8d871163ff2f2588b473c49e89513b2b28ed5cfcf9eec6adfd2
408,Pham Tuan Hai,0918270197,phamtuanhai408@gmail.com,10.800653,106.697131,34be143c10bd440ccf3a51f50cbe2386cbc679ef73cf344a13528e16f3f88919
409,Tran Duy Phuong,0321488016,tranduyphuong409@gmail.com,10.743479,106.626434,f41f07bff7a1abed27a1a4f2fb492726abc317b8d84f4babe4b39a0fc5a6fc2a
410,Pham Minh Long,0984749346,phamminhlong410@gmail.com,10.793209,106.614549,63e8acb8f4f2f8d8e39cff7ecfee8c181071ea3d5e88736ff412cba885bc11c5
411,Vu Duy Hai,0988631363,vuduyhai411@gmail.com,10.802069,106.680442,0a23ca260d24660c44253c6d349dadcc63ae80b409a598cd15b5034aea100948
412,Pham Duy Hai,0985377126,phamduyhai412@gmail.com,10.739328,106.709353,8422abb97adf5ea3536d74f53172597a1591347ca5bb8c74188fb4cf7e6b824a
413,Le Hoang Lan,0902437105,lehoanglan413@gmail.com,10.770866,106.609868,29ca944a465c0c6e4bd811335c9b5a8322a9317869e2e72222377704e55a754e
414,Le Tuan Anh,0900336383,letuananh414@gmail.com,10.773790,106.659630,90f8207ff327fbe119bdcd457b9226e815760ce7c7ce2748085d78caaf2e46dd
415,Vu Van Phuong,0323535295,vuvanphuong415@gmail.com,10.870265,106.656928,9e67f29af12b5829e7e027713b0d41e08e110f065c0efc2d277efa93d27ad006
416,Le Minh Minh,0979814190,leminhminh416@gmail.com,10.758584,106.714656,741d2f0d485117128c561cebe495ad87026bb03e35de99a1b96c7a8b77656d9b
417,Nguyen Hoang Linh,0772558527,nguyenhoanglinh417@gmail.com,10.824441,106.722357,84ae72a4548583ffbda1d3fbd0e6c9c520c5e43915662f576f2fdb727e37aea0
418,Pham Duy Tuan,0975889222,phamduytuan418@gmail.com,10.822788,106.737864,f2eb73008455dd07b50ef7b7489c91ef3c7ec715a83fc9bfc26103e021ef3009
419,Dang Hoang Phuong,0903336709,danghoangphuong419@gmail.com,10.845988,106.723354,ef236fdc5b00a91bbe72f471f38e82b6b5884cd5cd1c44d4f093b2857f5d5933
420,Huynh Van Tuan,0980114301,huynhvantuan420@gmail.com,10.765699,106.655103,9c37892dbd4fbaca9f5b1a28e644daee44d7ca01e5aaace8b024c3668beb09c3
421,Dang Ngoc Tuan,0989206599,dangngoctuan421@gmail.com,10.785404,106.696481,67fe3468d6cfca6c846cb7403f93ccf11c189a140ebef1bb68602bdfe60679c8
422,Tran Hoang Lan,0906267305,tranhoanglan422@gmail.com,10.759274,106.679510,261babcbdcc4e5d49ef51e18ddc9c8edbd29cf0caf40661803edc3856c61e062
423,Phan Anh Phuong,0973237048,phananhphuong423@gmail.com,10.761755,106.627846,8c73014a806362e79e999dd8e9307a14a07f965993fe6f1babfd1dad7d6154e3
424,Dang Ngoc Long,0356144577,dangngoclong424@gmail.com,10.759168,106.738094,63ea764f78b55e9d61360709672a82c911a1bf88b4c8c103bc31da865c782994
425,Phan Anh Huong,0918026462,phananhhuong425@gmail.com,10.839331,106.617573,b1ae1b26e9c174e566e8a6fc07dd6a9a8ce51bf24c4e83f25d03db5949604f07
426,Pham Ngoc Long,0354323485,phamngoclong426@gmail.com,10.814888,106.730067,9d82f478cd48050d1250907f1240ac7779314cbc457a0512ac6805eca88dbbcb
427,Bui Duy Tuan,0913321155,buiduytuan427@gmail.com,10.878648,106.710970,ae52b1f38f4d0feb140c2f5af40a9670e4b2685b87cb883faf294aa06aaaf652
428,Tran Khanh Phuong,0972219384,trankhanhphuong428@gmail.com,10.765453,106.608855,901784d963bf8b963d142f570d4077437d47a8d7269a024ae36d53d04c6509bf
429,Vu Duc Hai,0913356683,vuduchai429@gmail.com,10.748770,106.663329,e312e6301d789524beb19a46e34b5c4d97346bb23fd8aa277461ade034cf22bf
430,Tran Ngoc Lan,0770203517,tranngoclan430@gmail.com,10.811660,106.722778,f1f68809657e64a13daf86250260686259ef068abed23c8e4eb9adfc1995345a
431,Dang Tuan Long,0914153106,dangtuanlong431@gmail.com,10.781574,106.728950,0125e994d5ea78fcbbc47dc2395b69a2d9b371b12bcc6481054e45c6a3a9b9ad
432,Phan Ngoc Huong,0974811170,phanngochuong432@gmail.com,10.820473,106.643542,77aff3a5ff148b83d0c92edce6ca82619f7dc3d83bfd140b5424ac14efc1b9c0
433,Huynh Hoang Huong,0901739600,huynhhoanghuong433@gmail.com,10.816194,106.648803,2be73211a7ad340070b8c5033390ca2cf3040e13cf829687938cbe0b7fd29003
434,Le Hoang Hung,0322801484,lehoanghung434@gmail.com,10.748903,106.684428,151fd17b02e466bb8d7cd51fc66d365e84505f0158f7a25b63ff4e67584aa6f0
435,Dang Van Tuan,0324044144,dangvantuan435@gmail.com,10.732757,106.629561,2d865703c9eb55a9d7433036d21256b94b8052f63cdbd356d2ea032cac6e7e2a
436,Huynh Thi Hung,0932660308,huynhthihung436@gmail.com,10.829113,106.608755,d1bbd8e691784ee28c87d6705fe26cccbafe02474e3c497d041fbab31c2de57e
437,Dang Ngoc Hung,0980002325,dangngochung437@gmail.com,10.813910,106.620054,b763ed0b44864fa641b6584685f96bf6aa6bfd5600a5dd5f9c5c4d978ea1ee4c
438,Vu Anh Hai,0971205013,vuanhhai438@gmail.com,10.817260,106.675097,f35377460e1b8ee9ce632e903178061c1646124343ff98aba787f1aaf583f3f3
439,Nguyen Khanh Hai,0918823548,nguyenkhanhhai439@gmail.com,10.746076,106.719116,0d67449cc3729ecc607b6496ef50437aa63f431d2a41c871a63591bc7ebb493c
440,Dang Khanh Linh,0918850792,dangkhanhlinh440@gmail.com,10.743113,106.712179,959bfb86f7019a405399ea9c60f8dadd5c23088e71aa2ba9e6658eb69c60708f
441,Vu Ngoc Linh,0980368049,vungoclinh441@gmail.com,10.835858,106.618941,13042c1eaf7d9fb77598ee543a3897e229cee5d7db01df95ccb7837972a43742
442,Bui Van Phuong,0939589998,buivanphuong442@gmail.com,10.831496,106.626282,ed2f8b9659135c30e021fa02b24b6908ff29e0717defec3186d9fcab479d3486
443,Phan Anh Huong,0352571464,phananhhuong443@gmail.com,10.857188,106.615193,f4ae979163a5231f607b09f2bef9a3023db54ed01146c7e77fac2bdb1f2bdce2
444,Pham Thi Linh,0907689553,phamthilinh444@gmail.com,10.832956,106.642960,90011403e914a6095cab0080dbb6af191fe4666d560d28a6c3553947c929ff32
445,Huynh Khanh Lan,0327018261,huynhkhanhlan445@gmail.com,10.789678,106.656456,10034cd7f6311b1140fab7d3f3e8d8aac758b3c97e031fe32bfe53fc3ab44fe1
446,Pham Tuan Tuan,0931314587,phamtuantuan446@gmail.com,10.857560,106.729511,6a9d8c29362cd15bad08f562a2918e53231aa26b7dbf895b650acdaa24030fa9
447,Tran Duc Hung,0930992015,tranduchung447@gmail.com,10.763044,106.629540,d88477aac41fa1ce79532a9533e5cbd250b0892808d9bdef61a222f47da09e2b
448,Tran Minh Minh,0971745932,tranminhminh448@gmail.com,10.846157,106.608288,42a3f26a8ca737bccef7fdcd357a35585bb4c88a2aeff4a03f2f30d85350ddd5
449,Vu Van Lan,0938697366,vuvanlan449@gmail.com,10.753542,106.652245,24ca1e884fc0f1a7a42694530f8db54011aef26e3cbcb256158eb261297e02a0
450,Huynh Khanh Minh,0982780879,huynhkhanhminh450@gmail.com,10.814688,106.607620,cd3e23e9e94fe14fbcae6c44459353ed4a1de0af2863617442bb091a04d2808e
451,Phan Thi Long,0930949009,phanthilong451@gmail.com,10.793332,106.669668,118cbeef7da7e176264a3c60b75b9ff294d2047ac86886958992b0008342920c
452,Huynh Tuan Hai,0988447410,huynhtuanhai452@gmail.com,10.857950,106.734085,4c178550bce027e73c127f69fa9e2ddd14686d7290e78b2e18d2c44a94c2c1ad
453,Huynh Anh Phuong,0918995414,huynhanhphuong453@gmail.com,10.830958,106.689370,8df979158015a83b552e92b6a189f4ee44451de4fb125af4da22b5718d6f135d
454,Huynh Ngoc Minh,0906605580,huynhngocminh454@gmail.com,10.851235,106.740626,04a4371011a8ae3413c42d3da12dea63625ef534b98464d64b4a51a85961f85b
455,Dang Ngoc Long,0939702286,dangngoclong455@gmail.com,10.755787,106.626232,2f4cc389b24ce5955f95b716c05a15c7093b6a5832d32b80968e93d2024d2dfb
456,Le Duc Hai,0939079081,leduchai456@gmail.com,10.745151,106.699978,c4a8972557c6e30142f3fa30f6c70cde900bef95b0e73aade52cf7d2a429ebda
457,Bui Minh Tuan,0912301135,buiminhtuan457@gmail.com,10.797849,106.695207,0089a18af7822f6afba5f5fe86a71fda7702a95c36bd6ee8abfa6cbea58e4485
458,Dang Van Huong,0902560427,dangvanhuong458@gmail.com,10.782829,106.672047,14adb1ef91f1b8dcea69ed6a91171e00a99de5085e4b1eb9c6ff8d5cb124ebd2
459,Bui Khanh Lan,0358640220,buikhanhlan459@gmail.com,10.750939,106.744240,23e90dce6edc4ee8737fdb276c3b5dcb12c9d7901335b48a86e30a1613b59c4f
460,Bui Duy Anh,0972322426,buiduyanh460@gmail.com,10.801029,106.664948,c4f31e1bb9d312f1cc3856c0d9e56be0ebacb8fa78a11361c9d67103550e1870
461,Pham Tuan Phuong,0908677757,phamtuanphuong461@gmail.com,10.776717,106.612243,ab8c229a4e5928860937164b72b41cc04d51cae19b68b3ff86a663612af7292d
462,Hoang Tuan Minh,0778085495,hoangtuanminh462@gmail.com,10.858128,106.617916,02aaea0abe96d3f0b6aea8288cadd93ff01f7c62f78b1b9ebf82b7696df37df7
463,Phan Khanh Anh,0919681319,phankhanhanh463@gmail.com,10.834512,106.741891,74022cf4b4ebe0e10fa633fe820e40aa56fe71420f9eb60261cd68e3397f19b2
464,Bui Tuan Phuong,0977794877,buituanphuong464@gmail.com,10.733729,106.745956,bf9ee6a2b9fe321b9047250a28ad009cdb01e19ed330a718a7bcdb7ba0c6f738
465,Phan Hoang Long,0980455591,phanhoanglong465@gmail.com,10.784636,106.645347,50b9e31b3dab9fbdc6d47043fa918de834f147ac21fbf235a78ef4a8b0e2cb87
466,Tran Anh Linh,0327358195,trananhlinh466@gmail.com,10.788742,106.629824,bd627fd6b4baee754b7ad1b5be0f6e257c33b6ace37088214a67d0bc789a3d55
467,Nguyen Duy Tuan,0918278211,nguyenduytuan467@gmail.com,10.730798,106.626469,1b9e779c31295b66a282f1e8c7b7a1a4a71b6c5e315dc5f3007de72fe4e42d2b
468,Vu Ngoc Linh,0328744496,vungoclinh468@gmail.com,10.840206,106.703897,0f4dd517e23e38cf55039e875c64a5332f69d7bcfba3b2bd02978c20f29796f1
469,Hoang Ngoc Anh,0919343817,hoangngocanh469@gmail.com,10.829417,106.690069,e4918ee9e75d46a3985f0921a991fbd524c5f22c05a9beccf3470475b1265863
470,Pham Ngoc Hai,0352846779,phamngochai470@gmail.com,10.833861,106.664609,9a19b1631819970c46a863337deea61405c86bad16c3d0e73532337163a0dbf8
471,Bui Khanh Anh,0358418224,buikhanhanh471@gmail.com,10.777446,106.636778,71cda0894eb66eb9ff3ffcd8fb5aad567140544d995ad0436eb87d170f7f557d
472,Pham Anh Tuan,0984678503,phamanhtuan472@gmail.com,10.758046,106.703688,c6a107b50487b29090edad975d21f06e1b1777c82b9a3ca190b17f4107fba962
473,Pham Van Tuan,0986956448,phamvantuan473@gmail.com,10.805707,106.718429,4c8eb6b3dda9b725921e95dbde03fa2dd91207ac1a09ffa098de5580a173f2aa
474,Hoang Minh Anh,0978991496,hoangminhanh474@gmail.com,10.873208,106.662723,e0f71e69d5c43cac0331e54980c2c6bd21fa4ed0a7cebfe265874a9f7212844d
475,Hoang Thi Lan,0351628971,hoangthilan475@gmail.com,10.754296,106.618415,a6c5a3fe064c8ec94d8a755b0efff00d1a91113d5457ded062cc305bd4713e99
476,Tran Hoang Hung,0352713756,tranhoanghung476@gmail.com,10.741893,106.687985,b205c58f99fe1122c67ee642487d9c58dc794e045c448bfa58d8c8928f198b6f
477,Dang Van Tuan,0971054930,dangvantuan477@gmail.com,10.781503,106.654208,188774fd6cd66a80864237f6dd5153fd2a382ae2340c1f91189dc61103277760
478,Bui Minh Anh,0931541964,buiminhanh478@gmail.com,10.745583,106.735396,d89c86c250a6d0251c3193843f38af0c3eae5be9200ce674537b6621cad4f92e
479,Nguyen Duy Huong,0973246444,nguyenduyhuong479@gmail.com,10.730423,106.728468,65cc46003fcf1bf713d1511f0be59d38ca7029b0200d35b514f893a258cd57f4
480,Hoang Khanh Long,0320049190,hoangkhanhlong480@gmail.com,10.836822,106.619733,60dcacf7fa659fe06eb1cf7a375470694c19e1a041858a8f26435b77967c6800
481,Bui Hoang Hai,0931735096,buihoanghai481@gmail.com,10.841851,106.647560,b3fd23c40d4004ee8c1ba5694c2a2b7e3718abcaf3836caa7e21b237a1b6d235
482,Tran Khanh Huong,0976718205,trankhanhhuong482@gmail.com,10.879223,106.719408,5abb1195a39d6af92c65e5be94fbfd972692ee7152bed8b0fda790580a246d7a
483,Phan Ngoc Linh,0776342273,phanngoclinh483@gmail.com,10.777170,106.639484,951de4938e2768d5c74aefe6dabfd68bde6d66eebf441344a0712912e78f50d7
484,Hoang Ngoc Long,0971810695,hoangngoclong484@gmail.com,10.786673,106.670616,6b4058d2b7c2b0db5f2573da7a3691a741e50766fb5a17a043e616505d052e87
485,Tran Duc Linh,0902525899,tranduclinh485@gmail.com,10.799116,106.693154,2c5a1db4b38e30098b91d2fcce97cc14ea55c75c5662a189a2a85a35c6943621
486,Vu Anh Lan,0983743598,vuanhlan486@gmail.com,10.879617,106.638866,c0c9abd25b85a2fc54113171967a97f41fe8fa3db37d752386f22f818a20a5f8
487,Bui Duc Anh,0777971909,buiducanh487@gmail.com,10.759586,106.727730,d9bd2d8eea804435669347369ebab8107b691497fa9809e5c8bd956fae4f16bd
488,Phan Van Phuong,0932745247,phanvanphuong488@gmail.com,10.779387,106.641851,1f849404a52618a27b55f81a744855c02bb90dd8a52f3cd1fb7f1d1c6dfaa8fc
489,Phan Hoang Phuong,0988381097,phanhoangphuong489@gmail.com,10.756542,106.695278,0547878efd7fce04b64dcd3bfa8aba987ffb0b10e776a612ccf3221994cd5c71
490,Nguyen Thi Linh,0919261656,nguyenthilinh490@gmail.com,10.823222,106.713947,3513984f47d184a446d3d021ec126d9c92ce1d42494dae2d46777c7daad415b5
491,Huynh Anh Tuan,0931036798,huynhanhtuan491@gmail.com,10.786855,106.624463,dd3e89bd6d884fa12fd6b10838136210e9cca505bbf4751ea845b869c81b02f4
492,Phan Duc Anh,0972376447,phanducanh492@gmail.com,10.838531,106.737142,7a8028a0d5283e20aa82855027872359387c85d1a53aa87aea37a8709acc3f52
493,Vu Anh Lan,0919433153,vuanhlan493@gmail.com,10.769805,106.656578,2d928d7389daf758039a0bcf3e9b2c446e94498d3565e37dc4a2761b18db4225
494,Hoang Duc Minh,0931035128,hoangducminh494@gmail.com,10.740444,106.699220,cb42685efd8c10ad768b9d669e2f6a120aedbda725351b31c973e1d97195e327
495,Nguyen Minh Long,0972118545,nguyenminhlong495@gmail.com,10.747475,106.682433,940284934417c441567ccc6bbd360ab731dc63f0b5b51f450ebb64d80b97109b
496,Huynh Hoang Minh,0936314071,huynhhoangminh496@gmail.com,10.789612,106.744819,17b179632714a7d0bcfe5450fc59183c8528d539c3e9411be1321e41efab5fd0
497,Vu Duc Anh,0910032802,vuducanh497@gmail.com,10.850590,106.602076,379c667334ecf1647bf73c18dec07480d9ba671804c08d65415af50c9ea77490
498,Pham Hoang Phuong,0919470674,phamhoangphuong498@gmail.com,10.809614,106.602897,ec00eff154f4d1c562b104cdd0636cdcde4f8810ab4d1c22d3e27e9d4696482e
499,Hoang Ngoc Lan,0350511588,hoangngoclan499@gmail.com,10.809489,106.616740,f9972289faca0b8df66a4fedf823b319ad45986628a01c8e4db0f7f64b4decae
500,Nguyen Hoang Tuan,0906885136,nguyenhoangtuan500@gmail.com,10.792274,106.637129,674ae864d05b21f7aeafa32137faf85c90fb09c3e3afb447616072da5d7287f3
501,Huynh Minh Phuong,0938475996,huynhminhphuong501@gmail.com,10.809832,106.640877,11cbf7308afc0084a35af096f11c32754bb3d8539b9024441540e1d16c4cd23d
502,Tran Ngoc Long,0935892754,tranngoclong502@gmail.com,10.807663,106.716342,22fbe987472457fa0d67438dddf2120d14591e043873ee61711e908d5a9220f1
503,Dang Hoang Linh,0326618704,danghoanglinh503@gmail.com,10.808054,106.663112,84f02864813f39d109b1057c56e839252593ec4e7ea516bd9b4e84007c2c37ce
504,Dang Tuan Minh,0977772533,dangtuanminh504@gmail.com,10.765017,106.737597,0ec991c374400bd055b9bc529161615717a10c823303d6c2e17e536832570082
505,Le Minh Anh,0985850768,leminhanh505@gmail.com,10.799195,106.741824,fed02cd5216b295e8910142c648522c6ec9afae0d3974b0e307e5c0fe5d2fe0d
506,Bui Duy Hai,0983323154,buiduyhai506@gmail.com,10.872587,106.740207,ab3f014034abb0186f4fd766e2e776638470734a65ae11b21af17faee89af452
507,Phan Hoang Linh,0936032576,phanhoanglinh507@gmail.com,10.834051,106.678338,afe4da9aecb34878a03d61a98d72d6e08d44aaed26162b4c00351b04bb535638
508,Tran Van Hung,0931273227,tranvanhung508@gmail.com,10.854510,106.625727,ad257a89b888762e5b0788ebfc702e9b8958f38118713e3a1ea7eb4dbb2c8af8
509,Vu Tuan Anh,0770527259,vutuananh509@gmail.com,10.807690,106.605090,dad062072396d6c7e172d0192ffaf2dee4eab338d6d683a0ba44e4921880f1f2
510,Nguyen Minh Hung,0936154103,nguyenminhhung510@gmail.com,10.733063,106.723842,82ed01cec061c3413d8dcf9c20903650f206b4dbf60c801d9ee70b1b828f7aaa
511,Phan Duy Lan,0773673833,phanduylan511@gmail.com,10.861250,106.622852,74ea0003ecce622b6d34c6c9573b44281f4ce5635412c0e332addc0f061cdabe
512,Tran Minh Phuong,0988554113,tranminhphuong512@gmail.com,10.857767,106.618660,ddc861f5450da2dc1206bf02200fd734daf828529948d8c6995c61ee53007882
513,Pham Thi Hung,0779826778,phamthihung513@gmail.com,10.801211,106.656257,4878d0a2335f79186425c1bfdc2bfb07c7d39cd2c8cf294f058fe0e08b123343
514,Bui Duc Minh,0918147957,buiducminh514@gmail.com,10.750193,106.693868,8ce604f1dcb0021e9e74791e7a3fa93d6571fdeeae923fe2784ac02ef5785076
515,Tran Van Hai,0321173415,tranvanhai515@gmail.com,10.797192,106.702192,957360c492eb6bb9338ab60c320f52d9df3eadc4d368751a5a3a4bc12fb03927
516,Bui Hoang Anh,0359482946,buihoanganh516@gmail.com,10.795183,106.648715,a9ca4b9858b03a0c856c7be5248cf0b9663535724e696bf314beb8cb2b9265ba
517,Phan Hoang Linh,0909933081,phanhoanglinh517@gmail.com,10.753615,106.676343,96c4eef9ff07b09f833173f82d2a250dcec2b111e5855f9a953eef0caa20677a
518,Hoang Khanh Minh,0773101491,hoangkhanhminh518@gmail.com,10.824025,106.691082,1a5e2a29915feff6d780019f77d8c5a361f953f6a89e4a8441af19188e50ec5b
519,Le Khanh Anh,0355453682,lekhanhanh519@gmail.com,10.752217,106.730262,f57ee307039a52911c4ffe0706bf7df60f28fb31dcccca9caf9a90dddd4b1ee3
520,Phan Thi Tuan,0937896103,phanthituan520@gmail.com,10.857531,106.718941,de98eff6b80b526d2264fff30803e3f528f1cd03ff3f585b0c7b70dec4bbe7b3
521,Le Hoang Hung,0900911774,lehoanghung521@gmail.com,10.795948,106.697106,668e60ecab0d92ca8731623a5947e7f2915d25f2c2336ef4bf78792ab15d3673
522,Pham Ngoc Tuan,0983376841,phamngoctuan522@gmail.com,10.740185,106.653930,41440c1f40330d6bc21b004662e11b5c13252b82113245417fc91a950d904ce1
523,Phan Ngoc Minh,0320124411,phanngocminh523@gmail.com,10.763103,106.668133,9be7b0b912a2a2dd3f84012a3ca8a0f3d4c8602030450736786855069fd311e1
524,Pham Minh Phuong,0980463433,phamminhphuong524@gmail.com,10.749137,106.746360,fe5ee2b68b49f31212c74365a546a764a1f4e6c149faa66a0ac956a9045005b1
525,Hoang Van Anh,0320316748,hoangvananh525@gmail.com,10.770277,106.693974,36bd3df78d8b7f017cab7961ef8fc4d13d45f4c3bc9bef700299615823b2abdc
526,Bui Duy Minh,0971340773,buiduyminh526@gmail.com,10.771887,106.697609,1671609d025e65e7285ccfc82cee0460d195d9326f01c1ad686f7eda5a6ea40b
527,Huynh Anh Linh,0936713831,huynhanhlinh527@gmail.com,10.774949,106.607708,0bca7017c38224fa13a20ebb81cf3980c58587010c7a9c5181a608522f43d694
528,Pham Anh Anh,0918937972,phamanhanh528@gmail.com,10.835461,106.617827,dda1d87c61b7e345842352ca22066053e54f8c3038552e8de13477403ac16c8a
529,Bui Khanh Long,0917749238,buikhanhlong529@gmail.com,10.745594,106.715515,44cd52c6cd346a277edcb30242ff6e653ddc5bd2c58a6beda46e6d2109a6b3e4
530,Bui Khanh Tuan,0904635788,buikhanhtuan530@gmail.com,10.855027,106.718056,675791e9aa074b740e19f3cacab0d71114d64659c72c6c65f46e406bd4ea485c
531,Bui Khanh Hung,0772460326,buikhanhhung531@gmail.com,10.828184,106.732200,9d8dde6c480f7bd8c5a54bd2dcc86c7df9c2a7c05991f151e88f6a10dc2071db
532,Nguyen Hoang Anh,0900485047,nguyenhoanganh532@gmail.com,10.800706,106.740252,929339d55f9d390ae75c1ae330e8c4f333bd0f343babf52324fbcfebb48ff039
533,Tran Van Minh,0901024322,tranvanminh533@gmail.com,10.867393,106.661154,8faac3e18533189a39551fe85f5f95da970db4732de44be841d7f3dbd23d1e20
534,Pham Anh Anh,0771808637,phamanhanh534@gmail.com,10.794792,106.726699,4ad304f27a8afcfab2e938806ab85b720ccc639c2d47b3323e39058982270629
535,Tran Hoang Hung,0776501487,tranhoanghung535@gmail.com,10.863866,106.607472,19f39ea26b0265f6a3b5006a6073b2ab9b685da1e269fd8c63387b9f05577954
536,Huynh Thi Hung,0934976791,huynhthihung536@gmail.com,10.753714,106.637196,a655097691424c997b45464719bfa5f3363d2562f301625539abd9faf05874ff
537,Huynh Ngoc Lan,0775943223,huynhngoclan537@gmail.com,10.841205,106.604185,af46e333e11ec3557276fe3978c47ab26ca490cd10f6b883f48807d9a47ba6aa
538,Hoang Ngoc Hung,0939297329,hoangngochung538@gmail.com,10.734831,106.608353,6ff80f745c705a86e8bf2371eed1d59f6ce28405d0fd520ce94d6bd2fc444044
539,Phan Ngoc Lan,0777743323,phanngoclan539@gmail.com,10.730475,106.629322,4281ae78aa207e7d607596cb8848fa32c41ac7e3b9c792095c754ad9ad9385f9
540,Dang Anh Phuong,0906349794,danganhphuong540@gmail.com,10.748689,106.654725,d194d5e048c163593a1fd78292b60f325943954fba07181abd4a2a74b2303c4f
541,Dang Van Lan,0974089956,dangvanlan541@gmail.com,10.842772,106.672219,b2204ad5b12e3d1514d65f798149d6df83decbf4256dfd010a33ea741c40cb69
542,Hoang Thi Linh,0937811838,hoangthilinh542@gmail.com,10.823891,106.728970,0408b871d8211e844af621f7beb040880940a1ce15564289a1d9a1a1b55ef354
543,Hoang Hoang Hai,0980652316,hoanghoanghai543@gmail.com,10.750795,106.626247,7ab01526818193fc4ec0b13ddbca6a22da0f08df6478839efad5258c660582f2
544,Pham Van Long,0930339104,phamvanlong544@gmail.com,10.846074,106.611345,c35d2f75404163115cb72c9f60a6aea3a7b80970b862721c5f4b578abe5715d8
545,Bui Duc Anh,0972342190,buiducanh545@gmail.com,10.817375,106.668101,44765913401fdd7ead5c9c07aea67099816043ffcb0de1d9c596e765ba87a403
546,Dang Duy Tuan,0909196507,dangduytuan546@gmail.com,10.841779,106.701663,bbf6b5e838a54ff6c7b457b80f4a49368972f5bd54bedc3a3f44e6791c2efb6c
547,Vu Thi Tuan,0982091609,vuthituan547@gmail.com,10.798606,106.701945,a0830ecd590dcefb75b78ca573e2dc1371946619f7066c1876c0dd56cbbda930
548,Vu Khanh Linh,0774132390,vukhanhlinh548@gmail.com,10.874424,106.660365,9ad2fde3cfc7b12cc22c70bb65f45abdd88793fce30f61b62d2860e8fb26ad56
549,Hoang Khanh Lan,0907695669,hoangkhanhlan549@gmail.com,10.744223,106.662934,0209aac77125f13d9e81c81bea124c4a5f93fd8f93e1310d630f6d967673a522
550,Bui Duc Phuong,0977695037,buiducphuong550@gmail.com,10.869511,106.697230,b99acf422597bb2585688d79783c1bb7853b6599d8d469382bd9f39ed84afb93
551,Tran Thi Linh,0930868649,tranthilinh551@gmail.com,10.748141,106.643295,5aed0ebb2cb4cc59261ecaf52b2cc82900d9843078826d45171bba5bba731d9e
552,Dang Tuan Minh,0773975876,dangtuanminh552@gmail.com,10.862282,106.747050,3aa68feb66fe73906b24fe63d09132b46ec1511eccee25faa05f12b28cd21c4e
553,Hoang Van Phuong,0930358370,hoangvanphuong553@gmail.com,10.854909,106.624907,6fa292c9d200d118aeba89c9202129aaea3f73ebd2a4932656f29f1e00864892
554,Huynh Duy Hai,0351354143,huynhduyhai554@gmail.com,10.847824,106.644899,684f503662fa4cc180fc3e4e49ae944467b78c85e2ca64e55cc0524a6c905c26
555,Bui Ngoc Hung,0939318441,buingochung555@gmail.com,10.784557,106.741956,9bec8e76b1d964f068500938786816e45322ba480e8e8a9faba970e7c121e1c7
556,Vu Tuan Phuong,0914770078,vutuanphuong556@gmail.com,10.871969,106.661418,e4d13ac9fc171ab371a12f69cf877b0f0ad1526162f9de56dc22646bee69d216
557,Nguyen Ngoc Long,0907638289,nguyenngoclong557@gmail.com,10.840917,106.689697,e6203e119d4be4e1ee8c9b4cd55447cb6f32c1cb741e1f73d06ea3526b95fb75
558,Hoang Duc Tuan,0978708128,hoangductuan558@gmail.com,10.860104,106.619808,f9d87b26306c7cdd73f54dc1b87f328732b9111092bdb809533efbd8500eb1f3
559,Huynh Tuan Anh,0970882107,huynhtuananh559@gmail.com,10.862197,106.669675,4975c3b39f555f0196207cdb8638476ecbd5bb2f4406cf4a6566b15a259a04b4
560,Phan Duy Tuan,0910085655,phanduytuan560@gmail.com,10.791693,106.627787,87f1b23b03ff1a178d3059115557632719391848f091985d0dfcedd9948dd692
561,Bui Thi Phuong,0329208407,buithiphuong561@gmail.com,10.812371,106.615759,133d34bfcce43bb9adb5865bb8ac510142adf21435679b8205314028b7e3b178
562,Le Khanh Hung,0353549510,lekhanhhung562@gmail.com,10.789135,106.627371,55b40b56ab8f2a8c024739156d489d3f58e21e2407aa7adc8f7176a185644026
563,Le Duy Linh,0775853276,leduylinh563@gmail.com,10.788738,106.700195,f49c0ab8ac8f0609b9728a7d5e71fbf1e5a4e6a2769ea23c8e80fe65af3d9091
564,Dang Tuan Anh,0989030120,dangtuananh564@gmail.com,10.846585,106.631709,a0b6d8745fe4c4d131a74ee80eaf9877ed86d61329dae8ee56d3ab1eb6776cc2
565,Bui Hoang Huong,0351563760,buihoanghuong565@gmail.com,10.879092,106.632078,d7f335601b338213cfc3dd80e0f0b8999f676f3bf58e508c0f757bee61818ee1
566,Huynh Duy Hung,0328623712,huynhduyhung566@gmail.com,10.851453,106.741723,c74bb28976fb3a9e614bab8993d7e69ce258cd92a1ea0d27170dc8ade0e41b15
567,Nguyen Duc Minh,0930477986,nguyenducminh567@gmail.com,10.813330,106.715265,f58eebdb9742f5a2d148dfcdc4c8c9164aa28ba8309be06599aedd23bd96db6d
568,Hoang Duc Hai,0971041104,hoangduchai568@gmail.com,10.740796,106.629366,7a2702a981d4cbc4bccc315938fbf6b8639cd2e704c956fb1d59c942231d4834
569,Dang Duc Anh,0779558983,dangducanh569@gmail.com,10.755980,106.642069,32dd9e2ede7c42e50e54bff380c365ac8721d1658d46b6d91c88753e39224fab
570,Huynh Tuan Hung,0359194505,huynhtuanhung570@gmail.com,10.745835,106.643313,c6d16654698ebf2966d3f6fc12781cb1672e173651cdc4b205ec9c1397f0d81a
571,Pham Tuan Lan,0773717072,phamtuanlan571@gmail.com,10.854779,106.676969,5422833dff25238d0c830558d473e7fde81fcd69e0b3d5064b858e68d6c277da
572,Le Anh Huong,0975219813,leanhhuong572@gmail.com,10.845909,106.734831,9eedb73c2775e88ccd528e84bf7eb04cf77087174ce16a0a06c775f8047efedc
573,Pham Ngoc Tuan,0981555234,phamngoctuan573@gmail.com,10.765501,106.681238,050f16b059958bd1afb9c05b30e87965304c77416c58790bfc4bb78e396cb39a
574,Hoang Khanh Linh,0771112391,hoangkhanhlinh574@gmail.com,10.856653,106.711006,360fe178e104a6aea09dcd6f38ad27676709de36341d0660d32a89fc78a16158
575,Phan Duc Minh,0901574551,phanducminh575@gmail.com,10.842264,106.666733,17684816423479edfd41957e2df70ecac57c67258b0f8826a371d4a9dc6fc82d
576,Nguyen Tuan Tuan,0917263752,nguyentuantuan576@gmail.com,10.784029,106.700918,69723abd6c5447f00c10982bcefab4f053c2ea6f85e4ff8336b796ab0dd020bd
577,Phan Anh Hai,0931299816,phananhhai577@gmail.com,10.853218,106.632712,d1c82a1612bc0bff02b3a7948dd176753d26b1b22926d2d5d5307ca925418e33
578,Vu Tuan Anh,0777860946,vutuananh578@gmail.com,10.764172,106.650036,be330d2a38c7417271b2b8269366d7183bb36462882fc40d9555be0cb9949ee1
579,Vu Hoang Long,0327963498,vuhoanglong579@gmail.com,10.785006,106.608311,4bbb7799022874957c087d25b058a8cab2399a18c39138bccdc72abcd104ddc6
580,Pham Minh Huong,0935523575,phamminhhuong580@gmail.com,10.757244,106.694062,80837dbeb909b5592342292bda486e7bb5f390fb382b3788d0cb476c76de9e62
581,Le Van Linh,0913379602,levanlinh581@gmail.com,10.782688,106.674548,075be627fce110fc53123e7fc9a14b8018a4dbac1d0b4a7bdd9b05ba7b9df75a
582,Pham Van Lan,0774874482,phamvanlan582@gmail.com,10.848926,106.621441,6e39f1b37bb56ffc91f85e39ec9f924f2180f1e267fd80ae75bfb935173edb6b
583,Dang Tuan Phuong,0974364285,dangtuanphuong583@gmail.com,10.863871,106.723332,3fb38e79b1b66fca04f010bb3ddddb4ffe764b877bdf1974f9bc27766f1c7c82
584,Dang Tuan Hai,0902148091,dangtuanhai584@gmail.com,10.838110,106.625257,14b1eeb819d972c9815b8138693800328361486acde26d5677444456957470a5
585,Huynh Khanh Hai,0914052651,huynhkhanhhai585@gmail.com,10.808534,106.740210,d5776d070bf6baf8e01fc91b10d7648b44ee034c912f07e01bfb4e0700df1077
586,Nguyen Van Lan,0970473345,nguyenvanlan586@gmail.com,10.770190,106.610299,898dda3a980917bcf69e49626fc2cca5524e360ea5ce60f8eff489f3926e59dc
587,Nguyen Ngoc Hai,0980950491,nguyenngochai587@gmail.com,10.855875,106.706231,16e181fa3d9e3e5b6e1c354db62074fc421a8571bce137671e56a57c20645c6d
588,Huynh Anh Phuong,0904814144,huynhanhphuong588@gmail.com,10.784490,106.655496,e80f516bbde2efbda985d62005730d32e03af4bd191ac79b9564865a60898b2a
589,Tran Anh Hung,0323968260,trananhhung589@gmail.com,10.843095,106.614238,320a0676976dfdfa147c2faa973d7187e48c07a0af9a779ca4d8a6a54fef0175
590,Le Anh Phuong,0912015631,leanhphuong590@gmail.com,10.789269,106.732875,a0505cbf552c3a8b9eb39f3f156abfb1a0e2ef9237d55bca6db74f9b5ecb5acc
591,Nguyen Hoang Huong,0351061282,nguyenhoanghuong591@gmail.com,10.791748,106.608176,2a0a97e21976c1d3ad12afff3d2a8f17f474da08c83e4d6044f0a6d50ed5648d
592,Phan Minh Lan,0906370757,phanminhlan592@gmail.com,10.876868,106.656215,19671457bc0ab097c5a7bc84265224b19110110403e1636c3a3c2e0b344b26b8
593,Phan Van Linh,0933995897,phanvanlinh593@gmail.com,10.799745,106.662939,6d8761a583ca45fef01f31ec99fe59572c1274c7c96eb3516e523f245e1a911a
594,Phan Thi Tuan,0930947364,phanthituan594@gmail.com,10.829445,106.651570,015defdba0d0a888336a8bbb9efd53435a378a30e834db08293ddeba7003d807
595,Le Hoang Anh,0909885276,lehoanganh595@gmail.com,10.845551,106.646889,658f75f704ecd7adda1d687635fb4df3b15676797bd1fbda8e81428839bd246f
596,Dang Hoang Lan,0320136809,danghoanglan596@gmail.com,10.859137,106.714405,0abca416566099ea3203d4991bc4bb4e88485502c388ed261d0d706ed5bca601
597,Pham Duy Linh,0771420121,phamduylinh597@gmail.com,10.784005,106.665068,c56858d43d47d54360676d505a5556f5660cb04348f36e2b4888208195c2e6d5
598,Tran Van Linh,0985751456,tranvanlinh598@gmail.com,10.829323,106.606036,4b5b3398d3d4824e715f5740a6e653a1ea9f975e915e295b77ac5a67718de624
599,Nguyen Khanh Hai,0356988924,nguyenkhanhhai599@gmail.com,10.748385,106.660764,a87ea0552f9a740df740948e7e1f3fdb469b4d4bb7bbf9294af837640c4fce76
600,Tran Tuan Hai,0907711525,trantuanhai600@gmail.com,10.856233,106.737496,2c5da44f990f0f7d516eca19a2ef30fcfab6cf0d430a4b65ae6ff2dfb41b14c3
601,Le Thi Hung,0325072373,lethihung601@gmail.com,10.871168,106.643738,2fda104b51f18bf82b45222c20f59676f4cf1f1cd346f6c02f6e284d03190d8b
602,Le Minh Tuan,0321576381,leminhtuan602@gmail.com,10.786102,106.629887,f3d86ee8afe01e93d4d0a92a8a347dd45ce7da45a43c01c02c250db3b507fcb7
603,Hoang Duc Linh,0917564403,hoangduclinh603@gmail.com,10.823506,106.728513,cfe416ffdc9c394da5f306a5359c4772258d506eb930a7744040e42a11b3931b
604,Tran Minh Tuan,0938075352,tranminhtuan604@gmail.com,10.791699,106.749823,7add3e5522edd07971f160ff8e263519140c290556eea143e8cf7ea0a7ce5040
605,Dang Duy Minh,0989589448,dangduyminh605@gmail.com,10.842648,106.662893,db8f913f7808511fece3b1956cc61a130e48911a66fe2768a6c71079c4a2642e
606,Bui Tuan Hung,0350386101,buituanhung606@gmail.com,10.736676,106.680552,6a799cc2292a2406d77c2b6eb6fb82f75a965d863c512f08a4c38467e139bef3
607,Pham Thi Hung,0937243886,phamthihung607@gmail.com,10.797011,106.621670,66fc7aa878222d0095328533bcfeeb7e3224aaa2532be7dcfccd174f2922e9ca
608,Pham Van Minh,0776397245,phamvanminh608@gmail.com,10.857679,106.638051,758e1a3bdab8aea5a4b3c5b2d9b24108e079fa76fa74f7d2d14e971e8a22185e
609,Huynh Anh Phuong,0323423294,huynhanhphuong609@gmail.com,10.754105,106.603198,f4a216eecdd9aa137addccbead36df28d0f1a0d17e69ff9f7fc46a3b8e3a6f3c
610,Vu Duy Minh,0357287168,vuduyminh610@gmail.com,10.767123,106.651990,d98105fc07ca11b2786e2491936a30f12e9be876d4a6ed4e4c4391290f66b6dc
611,Le Thi Hung,0934698926,lethihung611@gmail.com,10.744328,106.740951,67d4083c10d5a0994e61fa1a77e99a44a9cbd0cc544eb788c41a24f4838e81cb
612,Tran Tuan Hung,0981661048,trantuanhung612@gmail.com,10.782783,106.635672,7de6d129b87378e39062163b68e5c7d9cde3d9e1f202fea624382742a7d824e5
613,Phan Hoang Huong,0972288932,phanhoanghuong613@gmail.com,10.730207,106.682535,14e8381339efd19148999e6ea4691239a92efa45a5cdeddcd461aac9841c3288
614,Dang Minh Huong,0902433461,dangminhhuong614@gmail.com,10.785083,106.652573,2d1df784f04657e014780e0558d6f158ab6b5f92b425bf8f0b194676f5b952d8
615,Hoang Duc Minh,0357869315,hoangducminh615@gmail.com,10.832092,106.642799,d19e21fe30bd597f75f098b8a85ed468261f91188750b890a28d2530b37dd02d
616,Hoang Minh Huong,0976432591,hoangminhhuong616@gmail.com,10.832958,106.742802,87a835c5a40a7a00e078051d61d8bac958c2b323bf4662a93a52604262994e24
617,Vu Hoang Minh,0905202988,vuhoangminh617@gmail.com,10.767075,106.728599,26e0a34b0c5c11ef83e17878cf7ef8b2ee85af3f2e05d11036dc8c1c23dfa18c
618,Huynh Hoang Minh,0975439762,huynhhoangminh618@gmail.com,10.812904,106.736295,b3f61e8fe3daf9f9d76e7674694eafa3267fed29a00257908d65839d0a53c657
619,Phan Tuan Long,0354069349,phantuanlong619@gmail.com,10.734943,106.600995,6aed6f11a930fd06eeaa2003ccc152921887dc6b900f4b9dff927809c57f0e5e
620,Bui Hoang Minh,0770994037,buihoangminh620@gmail.com,10.836770,106.618657,04ef1764f6cf7894d07026224b15c2cbc399adbbc2add84ef02578a10625b3cb
621,Tran Tuan Minh,0329514522,trantuanminh621@gmail.com,10.745086,106.709628,983a30685caf22f98c5c34ea46aa369f168b10e4de48fd430fc451a75f6ca6ba
622,Bui Khanh Tuan,0904038934,buikhanhtuan622@gmail.com,10.795785,106.721981,64b57da382f5942db77f754704acf03ea32b5bc253fee3a7e43262de377e4002
623,Bui Minh Anh,0914504623,buiminhanh623@gmail.com,10.846094,106.646145,f29c828a77213d18db71c551a03787dd07057a16f7ff0b69cf112bb6d0ca9842
624,Phan Duy Minh,0976647169,phanduyminh624@gmail.com,10.743486,106.664857,bdeb8a43958f815df1e9d6227cfa02943c97ad93bacd726e557feb207e5b95ec
625,Bui Ngoc Long,0988894736,buingoclong625@gmail.com,10.847200,106.656772,5944d4a78c815e0fbd5988a5c4f0be4ed402887e563b34d34c01e299b3467ae8
626,Vu Khanh Minh,0321239242,vukhanhminh626@gmail.com,10.844963,106.631142,e647caeae3a9ba829cafb466ec6c925e3b3ef9e462cee461760193617f5f589e
627,Vu Minh Hai,0323468793,vuminhhai627@gmail.com,10.866187,106.612067,8ab0f19278dca90ce4c349e97f233b5c8e299faa995885b837be5059175d69da
628,Dang Ngoc Anh,0935711101,dangngocanh628@gmail.com,10.805809,106.723344,60f07fa9841b97c935df52c0e65e6715c1dd1681895153563774ec98c7d410d4
629,Tran Anh Huong,0930798705,trananhhuong629@gmail.com,10.829644,106.637001,bfe5435a80eed262cfbcd2f9ec2d798ff7faaf0b4d9aa0533e85878d95ad7db1
630,Dang Van Hai,0937175071,dangvanhai630@gmail.com,10.858236,106.678762,d4f427b9c6a6f725afab920218c246961c137137f4f08698b68b115f0dcab0e1
631,Vu Van Minh,0359213202,vuvanminh631@gmail.com,10.850431,106.710824,80b2f3169692ffce5b87426a9797fd9b1d828c158644927196684c4d8beef586
632,Hoang Hoang Lan,0350120601,hoanghoanglan632@gmail.com,10.734136,106.646080,9800c2e82b9d4185fd34998f87e6fcc02770c549e4cc9e91db92880657c4bb01
633,Phan Hoang Anh,0984422645,phanhoanganh633@gmail.com,10.730270,106.661200,93288f9551129fdd07af9de5dba258fa98f075a60a25dfe1226d57a9d4b079c4
634,Dang Van Huong,0324843251,dangvanhuong634@gmail.com,10.803839,106.707504,99fd2f93e6406dc8b209ef11d70eecbcc5ad90413558b6a51b2670ff6fbce559
635,Phan Tuan Tuan,0980506393,phantuantuan635@gmail.com,10.756034,106.703480,4cc1de77809c179cd8e249ebed00843f8d20d82eb3a73bb1d76e6da99806b1d7
636,Phan Van Hung,0354421247,phanvanhung636@gmail.com,10.787465,106.663585,09a060297e6bba408c166e5878fb58d26eee577cee30626a16356c88b04fe415
637,Tran Van Anh,0978299850,tranvananh637@gmail.com,10.830588,106.711831,3fca89ec841faee15ebeb9f06a5ee073578be96c3c2c685cceb802ec2c7edf26
638,Bui Minh Hai,0914489773,buiminhhai638@gmail.com,10.849144,106.633613,7a5701bc074669b585ea96225e80006a4e8c3b94fd77cb5243a1d3ca5b820111
639,Bui Thi Tuan,0775691190,buithituan639@gmail.com,10.818475,106.742108,08defc4b00a68db644cd2d6668de0d738eb453d06d9a09ed48e077421548c636
640,Dang Ngoc Tuan,0357345730,dangngoctuan640@gmail.com,10.863629,106.687066,743111cd4a60d5d6370077ece0bb5db8a235198ba006c336781f96535e5b8ec1
641,Pham Thi Hai,0979274723,phamthihai641@gmail.com,10.780398,106.730373,3f94d28990cc2cb8cca64e795116fe4cd8219d01176406d8b8d4e559f6379dcb
642,Pham Duc Linh,0973680519,phamduclinh642@gmail.com,10.786429,106.603075,1871cd9c02ed54827e0e521e332f194d7b1d8a061f2b0cc52d79be56c849e506
643,Nguyen Anh Tuan,0934524025,nguyenanhtuan643@gmail.com,10.762896,106.743315,b8f7799589b80c4bb5ca4521076cd5cdc5d1a295306fef12edefc25c6c4c1f19
644,Pham Thi Phuong,0771177071,phamthiphuong644@gmail.com,10.855983,106.706581,363c27bcbef94f2dc2dcd389fa0273310d7121ab2a6889053dfb4e7b3b0b058d
645,Nguyen Duy Phuong,0904798560,nguyenduyphuong645@gmail.com,10.771410,106.645043,e43eaed4685862982c6d0779190024507d76db0143e45b86545c82fc1e496d4d
646,Le Thi Phuong,0775117291,lethiphuong646@gmail.com,10.807726,106.719266,a2f3dd3b74d1a16c70fdb0f9b3924b90d3efe81dc0132fcb738bf02b76e2e24e
647,Vu Minh Minh,0914333902,vuminhminh647@gmail.com,10.838233,106.717337,74796b7e5cf076d9aba9b50decbd36929ca8c42fd6035129dcc24cf216d6a81e
648,Nguyen Van Hai,0936300869,nguyenvanhai648@gmail.com,10.831951,106.645145,3bbb1aef1893561f9040373fa9d47a9ae1ae215d6c6b32348542016a81f7b463
649,Tran Khanh Tuan,0981027736,trankhanhtuan649@gmail.com,10.770692,106.605802,fec737a4f98bbd1498262ba42b2e3890188c315c1d1f22edab7a8f9d7b391478
650,Vu Anh Long,0937405941,vuanhlong650@gmail.com,10.731467,106.715309,39b394568377af7c5fcc0499cad9a6dc66fbdacc6b18472a4864837373d2f3ce
651,Le Tuan Phuong,0905826971,letuanphuong651@gmail.com,10.743159,106.649949,900768cb6e9e258ef3bdfc00549f0f5ca039ccdab8156952340cd15ee2cd84e8
652,Nguyen Anh Linh,0933687040,nguyenanhlinh652@gmail.com,10.824613,106.601429,6a40a6128a9b81344b26106a2478449af3853c0613de3e4cca58db42c599486e
653,Le Khanh Hung,0776227270,lekhanhhung653@gmail.com,10.785656,106.659459,273bda35efb7281b8be7a8453873446181ce394d52ffe409c3bc1e2d724a9b31
654,Huynh Thi Linh,0777330327,huynhthilinh654@gmail.com,10.862547,106.646421,a5ca67e9eedbd6ce9b53d07d73003e7bbad258cfb35c017ad8b714c81e3c3fc3
655,Hoang Thi Anh,0354652151,hoangthianh655@gmail.com,10.811607,106.711963,311d69b6c6715b2c339c6b5831fd901c36a4138795e1135a1fbe27729b6cf655
656,Huynh Tuan Linh,0357439056,huynhtuanlinh656@gmail.com,10.749532,106.710137,4127322ff57c7eecb70bd57bd56cbf8ef2ac1fe72dec9b20e131b2b6212da877
657,Hoang Duy Minh,0322662991,hoangduyminh657@gmail.com,10.834095,106.684198,3a3ca692c30d464e6b29e3deb9dd5315fbc9219ca9daab477a63f6a72db567f0
658,Dang Duy Anh,0939778524,dangduyanh658@gmail.com,10.744769,106.622569,b7fd1d1802ba411a2770a0779188777d3c504e18db4a8383ed8341fefacca137
659,Hoang Tuan Tuan,0775895048,hoangtuantuan659@gmail.com,10.817587,106.650476,a01014f22c8ebc22a3bad4b46323357fbfa1686f9d92f6e6ba10cd316987c3ac
660,Bui Ngoc Phuong,0916484072,buingocphuong660@gmail.com,10.864959,106.648054,9a577d1f0e0a4560626125c0e50611a599ce3fd411408eda82abbb812cd010bd
661,Tran Khanh Lan,0320916653,trankhanhlan661@gmail.com,10.792344,106.747878,a309abe279ad5e18b44550c26a96f40bb0f65c8e064d2ca9d72ce9594446cba5
662,Huynh Thi Phuong,0984812100,huynhthiphuong662@gmail.com,10.791177,106.691457,235e8b115798d1db3c982f7cc45376a7c1b05a72fc463c93b2845d8eaa339fa9
663,Bui Duc Hung,0772180216,buiduchung663@gmail.com,10.816265,106.634492,a21210d12c6bba51a84fe3b10513d18f07720ca4ecb53f8fd51c5477201d2b91
664,Huynh Khanh Hung,0916735793,huynhkhanhhung664@gmail.com,10.833080,106.711999,cffe42881baaf731f063689de4e3bee8369e3f1d01ca7c830d689c5bacd0db75
665,Bui Anh Lan,0976689403,buianhlan665@gmail.com,10.838473,106.679085,c956ccd71c7d5be8ca510558b572c365a406414c97bccc148ff15787e30a9047
666,Phan Duc Hung,0979893837,phanduchung666@gmail.com,10.822230,106.655072,f7075fcd54be87251ba3895030d7df1d50c91527490bb4989f36ad3c32b0a5c3
667,Huynh Minh Tuan,0978146069,huynhminhtuan667@gmail.com,10.866389,106.699623,77194f32bc038f40ca1c40d698a017936528479c61f866291ca64eb52304d341
668,Dang Van Hai,0770989855,dangvanhai668@gmail.com,10.848676,106.744838,cecb27f947f5de50df55a2e1a2eb8072e1eb3fcc32bee82d69abf004826e9c8c
669,Nguyen Khanh Hai,0935035037,nguyenkhanhhai669@gmail.com,10.769650,106.686605,85b67575b791b03714f84134f97831896870882f3de7ba398326115fa8d204e4
670,Hoang Hoang Linh,0977436562,hoanghoanglinh670@gmail.com,10.778257,106.672359,0ddccdd6eee121c2b7495623de3e5a37a3ee7dd464c8b129b37ca0e4d1d770ed
671,Dang Van Minh,0938892547,dangvanminh671@gmail.com,10.754818,106.741838,ad9278569e02e98d2f8955d18a185aaaae8ccbcda35e75d9bd6faa2897b5771b
672,Vu Minh Huong,0328991515,vuminhhuong672@gmail.com,10.739085,106.732477,25e2225423579d777bd9bb372d9b965989e2627bc46ff0f032c38224380b5982
673,Huynh Anh Phuong,0358239371,huynhanhphuong673@gmail.com,10.842119,106.732562,24e0fa537a3318fcb8521e72b5297b477a63c440be4736f2107aa9168ba72c3f
674,Pham Duy Phuong,0354466956,phamduyphuong674@gmail.com,10.768342,106.740803,d2acc38fa6e25a175021c5a26e0cb8218d015852a917b15f5ea4701dce056ef6
675,Le Ngoc Minh,0930403872,lengocminh675@gmail.com,10.802548,106.680364,05be3f0a55b1fc3fa34cc22e29f5be9c6d3de3b97b452618daa0bf663fcded74
676,Nguyen Thi Tuan,0770639775,nguyenthituan676@gmail.com,10.877212,106.714165,0ad1ecef1f2c1ba996e7d5edf8203966c03eb0292254b69380a097368ebcf792
677,Bui Ngoc Minh,0770430777,buingocminh677@gmail.com,10.749883,106.704038,9acfcf5552794f3aafa780ba60d4d9ba1608933ce5ecdd14ffdfc3912c17b06a
678,Bui Thi Long,0935468662,buithilong678@gmail.com,10.820296,106.734481,9c00e6002f9149bac57b6199df443c607f69840d3ae31b42224581c0c7ea1b01
679,Le Ngoc Minh,0779858675,lengocminh679@gmail.com,10.754507,106.616479,5fd650fb36142fe1d6fc475ff03e37648e4cbe09e81b18e0c75d4c9e35211211
680,Dang Duy Hung,0907380320,dangduyhung680@gmail.com,10.858085,106.684213,340eea44e4b65c51a6fa72bfdf6b1136f50cdb5849f49cea5dc27015fdb2d7ee
681,Tran Hoang Linh,0936466341,tranhoanglinh681@gmail.com,10.855119,106.668106,d60ed2187e497cfa29398e5dc3b58d8df50a407e2d8c424c88210e669c284da0
682,Huynh Hoang Hung,0938705103,huynhhoanghung682@gmail.com,10.771250,106.665931,c09f122263cd408814980189d5cc1627b5a71d6c83ea371f510fa6d58dce9bcf
683,Huynh Ngoc Long,0985681873,huynhngoclong683@gmail.com,10.757551,106.707155,4c652c65f26e1f2875fea2ecc6543261fe40958154108504428afb742f452ab7
684,Nguyen Van Lan,0935965092,nguyenvanlan684@gmail.com,10.826557,106.614435,3657e744cb56d19a3f13df59adb48f71167c4f2e10e4bd400a2abff70e3a6174
685,Bui Minh Huong,0910890493,buiminhhuong685@gmail.com,10.817930,106.737624,74a0184af52c024890ccb173c53d3f048b28c56ec0ce27e9f30777d8eab5a98c
686,Dang Duy Linh,0320485496,dangduylinh686@gmail.com,10.756755,106.618878,d00de4fb545915ffeb756ca41044a5e6d46d3e11ea5b68059092e5ae8486303a
687,Tran Duy Minh,0939051790,tranduyminh687@gmail.com,10.848655,106.613962,fa8aafcd6992447b39f22cd6fe81f0dabe7f5eb5b4a1b70bf3965eafb6bccb62
688,Huynh Anh Lan,0914391989,huynhanhlan688@gmail.com,10.790767,106.735544,c690b3c14924d4f9ac027c02993e5a517fb699ff9bed0e8a2a8817541e337d80
689,Nguyen Khanh Tuan,0930755692,nguyenkhanhtuan689@gmail.com,10.868521,106.730103,107385e3d8d24f338cae4d2961e726e6c5f9ce1a9c1423ac59e3561b9a5754c2
690,Phan Thi Minh,0778540029,phanthiminh690@gmail.com,10.832015,106.664664,698c0a17807e27873e13c25d833e3e91280b1bb6caa3635b6f4095760374f817
691,Huynh Hoang Lan,0779908059,huynhhoanglan691@gmail.com,10.852867,106.694682,7e51e459bc3c91dcd4a8078204c4e5f9815a7cc3331e20f4ec01bc7f94ef470a
692,Bui Minh Linh,0913044461,buiminhlinh692@gmail.com,10.856167,106.654838,e416918281950dbd75c8ac7803afd740b5ac0102f6294dfc893465c4cee2e7fd
693,Huynh Van Linh,0779880833,huynhvanlinh693@gmail.com,10.796654,106.625957,8f339a826e63fa0902925cc87d690ae9cf3e08a5ac717653d8feb123567dcb39
694,Phan Khanh Phuong,0937727600,phankhanhphuong694@gmail.com,10.786579,106.723011,e5ad4680d227b17359fa5b80c42edce23456ef2f7dd437b04d9df7548fce2556
695,Huynh Van Long,0974412994,huynhvanlong695@gmail.com,10.868970,106.633518,1091871546dbac0ca247fc321273dc9539c5874fd4133cb8ad56106bc36e3e5a
696,Phan Hoang Hung,0329124209,phanhoanghung696@gmail.com,10.810920,106.747471,ddc4df800d18bbe803e22c26378b0cf3766602ab09cf0c6101cfbe9c142e8e01
697,Hoang Duy Hung,0321534907,hoangduyhung697@gmail.com,10.766901,106.715355,129e03147fe7517d84362c19c5ef0c0dd1227cb1fd1799083f35665f50d97b4a
698,Bui Thi Tuan,0905694832,buithituan698@gmail.com,10.855890,106.739698,67d8907536be43d65dcc7ea55e50dad0fdfb9e69d2f30b35b1fa48735ca466bf
699,Vu Khanh Lan,0321568442,vukhanhlan699@gmail.com,10.774417,106.639131,833b3c8677e2c88771a23627525614a3c213c4a450f93596a9c97cbf159cf7a8
700,Nguyen Hoang Hai,0324980730,nguyenhoanghai700@gmail.com,10.764420,106.735419,e84e449b95f1846e87c706c42e007f089738503533f3d5f426f17e281fc673be
701,Le Duc Tuan,0919140917,leductuan701@gmail.com,10.846245,106.725886,f7343632ec0789b7cf3c560fea6ed50582e927844eae6a50efc3ee0eb2af95f2
702,Vu Ngoc Minh,0936153288,vungocminh702@gmail.com,10.757451,106.636624,b251a6565a9cb02d1c673748bf6dca81657071f41c601f5aa0d648bca050d643
703,Phan Minh Long,0356391273,phanminhlong703@gmail.com,10.805275,106.626099,5c69145d4f040a7161de636a3a714e52951460c651b91c33fee12efa1879ab1a
704,Dang Khanh Hung,0324353229,dangkhanhhung704@gmail.com,10.790130,106.700963,9a4236001f65724315b63e701504c61e4bba23504051ca3ac707688495da91f5
705,Nguyen Anh Tuan,0910325609,nguyenanhtuan705@gmail.com,10.760758,106.715991,4010acd6703b9156275aa8037791611a627a0f94acc17ce0930fab52dd39525c
706,Phan Khanh Phuong,0989988659,phankhanhphuong706@gmail.com,10.846914,106.711674,89edc0d9444a1278d2e7184a6c60df3e9bf8ef4469300be7a6f40794dbde4f1d
707,Bui Thi Anh,0352199925,buithianh707@gmail.com,10.815850,106.735316,6a333b222bfb95702b5332cfba33ce5d682aaa030e2ec25915394ef737b07855
708,Tran Ngoc Hung,0915621708,tranngochung708@gmail.com,10.767007,106.739554,6bb8e30aa13c885d6a39d0610a810251c448413e978917cb7e29fc1b2a0c354d
709,Dang Ngoc Hai,0985064611,dangngochai709@gmail.com,10.840203,106.717297,ea32306bd195809c6ff5b4ee31c3b3de346a167acc91497cb7e8a35a8f2b348d
710,Vu Thi Hai,0987589052,vuthihai710@gmail.com,10.741511,106.744533,747e1edd422025e80485eb8a481fce423f15042f6d3355b3437d5a9ac6e59d3c
711,Pham Duy Anh,0359676422,phamduyanh711@gmail.com,10.846411,106.732744,a96eb7627931219ae6bdcaca817a759b8d56b50dc3f944b2aca2ed825d25fff7
712,Nguyen Tuan Anh,0986198565,nguyentuananh712@gmail.com,10.864915,106.727821,7ece0aea5d146a929867ae8c02327e107eb6ccc2f6287b2eaebd35cc738dd84e
713,Tran Ngoc Huong,0327013765,tranngochuong713@gmail.com,10.813227,106.712116,173485a1a00b15b1bb22e2bdbcae90315d364619a178aac4cedcfdbe52479e5d
714,Bui Duy Hai,0977561412,buiduyhai714@gmail.com,10.854161,106.654194,9ee8d6da8a7256eec93cd7f3eb31b94a17d2a10fe12ee85cf313788ab7e1c684
715,Vu Minh Anh,0358285659,vuminhanh715@gmail.com,10.759732,106.721502,600012429dbad3b69e40339d50a6bdb534b8ce62e27c3f8551af2d29cfc942db
716,Phan Thi Phuong,0323212071,phanthiphuong716@gmail.com,10.829738,106.609079,27cce47682d9c2bfe4a9c993b0aa46f8007df37530d785081ece1384db64eb3e
717,Nguyen Ngoc Hai,0771137970,nguyenngochai717@gmail.com,10.858531,106.660758,cb5d022315bf00fa201b50f59be5b819163cf35a56b77e13b355c824cc8a5794
718,Bui Thi Linh,0930794140,buithilinh718@gmail.com,10.736288,106.632919,99626101f76151036a8d3e6949eb7614fe79382df7c23f75b0fa832d1c5f9dea
719,Hoang Khanh Anh,0770794119,hoangkhanhanh719@gmail.com,10.852937,106.642078,7310fc661695e83a9a3b8756622724e50f78fb1cf191c0a8e52efdf82e75b3c9
720,Hoang Khanh Hung,0356657461,hoangkhanhhung720@gmail.com,10.818747,106.666936,6babc88b3514c60d236fc4d72070bb1818c0c08adf36cdf8351b299bb8c160c0
721,Phan Minh Huong,0974125337,phanminhhuong721@gmail.com,10.740810,106.626125,e5e096fc0e60a46c5ec61b81ec47dcb0ae68059f466ad02e573390ba7ea5b1bf
722,Bui Duy Anh,0350079442,buiduyanh722@gmail.com,10.848360,106.740040,459db8d4595e5b1fe344ca8a1280b142df31b734a3175b20017a5e8bb6fe08b9
723,Pham Tuan Huong,0350541000,phamtuanhuong723@gmail.com,10.873699,106.704450,deb7b61c8b5fe5a614ca4eb3999bef9d7112fc860ce33f030ac5be230bb4b114
724,Tran Minh Huong,0910280530,tranminhhuong724@gmail.com,10.803158,106.683811,5ff5b77add9da0239a1f5f4956f9fc2286275219ee61989dfef5c2d4fe115bf6
725,Hoang Minh Anh,0978438624,hoangminhanh725@gmail.com,10.808770,106.655349,12621f0f8e10fcac6c79c8a02242cdafb5634c57fb130e67d44173b17d25cbe8
726,Huynh Tuan Hung,0911395593,huynhtuanhung726@gmail.com,10.852929,106.616561,6b9590d206b0eb551ba186b1efb0e14d8cb081bf8e27889ba5658e97dd1da51c
727,Bui Duc Linh,0985523843,buiduclinh727@gmail.com,10.828773,106.618759,26717908639b06ac2a6853840efdbf100416afd1cca976bd131a75d2a3f31987
728,Hoang Hoang Huong,0912693724,hoanghoanghuong728@gmail.com,10.879098,106.699698,62119927b404c7b7b4176aac4784f457b6f425d00c7e33fa2b8f665450aac608
729,Huynh Van Tuan,0981156969,huynhvantuan729@gmail.com,10.740246,106.678857,5c7cdfa5d3b663c6448a8b69da84d55baa221eaf4803a043544a370c7f9883a9
730,Vu Minh Anh,0351371135,vuminhanh730@gmail.com,10.811498,106.604266,eedbf667944cc12fda63686edb1ea37871e82d83ba5e2ae24096873fa231cef7
731,Hoang Tuan Linh,0939223518,hoangtuanlinh731@gmail.com,10.861276,106.670109,4bdae39959eb1219539b26b2c3d309b6df9f2b39f2ab67eeca7d72de5a8ec53a
732,Pham Van Anh,0986170837,phamvananh732@gmail.com,10.833330,106.737126,41534fea39e4ba335204c987724d522a6127acbc2b659d64212b5b1b11b5e958
733,Pham Thi Hai,0773734148,phamthihai733@gmail.com,10.847762,106.705892,74092e89d61a74fdcae3bda4613c3e98314d3176442ec93760d4e0237620f6f1
734,Vu Van Minh,0976394419,vuvanminh734@gmail.com,10.825669,106.671161,2836a7ad0b6d8f0bf8273f856505341b77a5012eb1d01f904c76acd5297f795a
735,Vu Thi Minh,0979435259,vuthiminh735@gmail.com,10.755222,106.634928,23283ca1e68b854371bbae6d4eee3118deef36100febe9b2fe0a9cd5ef028e5c
736,Pham Anh Minh,0937635804,phamanhminh736@gmail.com,10.793255,106.723766,93683103137f7108443e45d74f85d38660f231fcc0077cb257d1d4546731e2c3
737,Pham Hoang Linh,0774012467,phamhoanglinh737@gmail.com,10.733232,106.720762,91a4a679ec9307ae1dc320344597b8245431c07e9d4510836fe75167669867ff
738,Hoang Van Tuan,0980352031,hoangvantuan738@gmail.com,10.849267,106.670818,858a2a462ea92436d8742e04eefe174b765cc2c00be2f351e673570c39d4dc21
739,Phan Thi Hai,0325656910,phanthihai739@gmail.com,10.824399,106.630415,2fa2faef7e61ac9a1b5db2366dbf0b7ed8c2b74ccfc3873487d23aad45a46974
740,Pham Duc Long,0904041658,phamduclong740@gmail.com,10.760933,106.637699,5a087e7ae58e9b3775559269afa0773491976a24ab357fa09c232d7272431a2d
741,Huynh Hoang Hai,0932699667,huynhhoanghai741@gmail.com,10.781497,106.700353,d459e036f8bcf503c1e1cce21bfa580703df5e7804bfe29107d23b97f19dd1e5
742,Tran Duc Phuong,0910204833,tranducphuong742@gmail.com,10.796742,106.607620,17bc28254bf25dd7a131ac8941ae72662ab57520052c66222f3ce76fd51425d9
743,Vu Duc Phuong,0776891803,vuducphuong743@gmail.com,10.876684,106.734112,ea63b758623c298bd594b748a2e3b5dd875430c09a5d2a6cd572e8e1facc5f4c
744,Bui Thi Phuong,0325422231,buithiphuong744@gmail.com,10.796235,106.653272,f0786a615f97483530bcaf7dce901c431056297335689a5d156ce697b053ce7c
745,Hoang Duc Huong,0359583598,hoangduchuong745@gmail.com,10.777492,106.698845,42106d3c2f5ef6a3144db81356ff7c1104a9d1b32f2b11303230a46f7798acbc
746,Vu Hoang Lan,0981093751,vuhoanglan746@gmail.com,10.836994,106.691214,f9ae17bb885e37173648cc587195084d68da7d70560642a86ed91165227214c6
747,Tran Thi Tuan,0356408974,tranthituan747@gmail.com,10.766692,106.643952,a6e1e3d19b837ee1c75db9cdd981381ba37cb7ac547405a21f0eac1f84dd47dc
748,Dang Khanh Linh,0906227788,dangkhanhlinh748@gmail.com,10.869623,106.714291,d71a244626faeedaf54da489bcea6bd3f9fa5c4d9a247dc47a9ac35386a4301f
749,Tran Duc Tuan,0915423066,tranductuan749@gmail.com,10.816989,106.719400,93a0ffef63049abbce5ec066fa22f6309b20d7175941ed4d3d1b94d2a6b03429
750,Tran Ngoc Linh,0914499944,tranngoclinh750@gmail.com,10.749628,106.613742,5716c938b610bafe5882047990b719c365e4b2586efadb08663935dee8302f0c
751,Phan Van Linh,0352431479,phanvanlinh751@gmail.com,10.783026,106.721652,5cdcd80e96061ec3b4f4b5c547c7c4af66f72c363ad92cb93b85a64d98910342
752,Phan Khanh Linh,0907363923,phankhanhlinh752@gmail.com,10.869602,106.735788,cc977ef5cbaad888ae3a97d90f18c96d587740f92231bc813f5116b2b53b06e1
753,Huynh Tuan Linh,0918032140,huynhtuanlinh753@gmail.com,10.816690,106.712549,301d2ff8fe9dd4cb8196910b1470700c01822169cd4026edb1b4980119d57b99
754,Pham Duy Hung,0773188991,phamduyhung754@gmail.com,10.783831,106.706677,2ec8aa0eae3c437ce29a67397d9d661c4c119dcbfa300131b4a920108701c39f
755,Bui Anh Long,0983979937,buianhlong755@gmail.com,10.843279,106.727654,1c156610c9de4e7d3b7fdf59ae669a4a4e9babb0c2ce8adac88ec6ed9693e19d
756,Pham Khanh Anh,0350835290,phamkhanhanh756@gmail.com,10.754344,106.695750,0c05397f655766a80acc42e5c2c1cc346ae10ae66aa9d950070e31077641044e
757,Dang Van Hai,0779605054,dangvanhai757@gmail.com,10.828977,106.651063,a007defb1037d2d618996a94392aae0b5ab3b453f36824fca3c17a0a492069fe
758,Vu Ngoc Lan,0357972593,vungoclan758@gmail.com,10.780672,106.613387,5fbfcf78d97b26b96e3ff522fe0a4b9d2202f330ac7626cafd1f441b7349767c
759,Bui Hoang Hung,0930791760,buihoanghung759@gmail.com,10.768857,106.607493,07b7b9805b306af8bd9a0e2fb53a708c9cbdce73ceb2528dc69f2bc544ce7465
760,Le Thi Phuong,0357315830,lethiphuong760@gmail.com,10.811443,106.602172,c14b07de0e0128f0db0c6a08c1d6dc4b68ea2a04b9eb5bc65e784eb6792d9d42
761,Tran Ngoc Hai,0972174137,tranngochai761@gmail.com,10.782808,106.658706,b5a982e9379006bc5993276f50b118398e60cdd20b87039a64d2161749fafdd5
762,Dang Van Phuong,0908624032,dangvanphuong762@gmail.com,10.747611,106.618892,1c5a9f0dfe62be9cda91717bef706fbf80e5f7fb06b068bebfc06b42465ceebe
763,Tran Van Long,0778235989,tranvanlong763@gmail.com,10.794272,106.748336,e96b74a8a0d1b0069f8175ca4a5ddf7d56dfa9bbb7339ea77b137e8950470381
764,Pham Khanh Hung,0771898740,phamkhanhhung764@gmail.com,10.750875,106.742108,56da776daee0e91e997257af09a3208c921b58ca2411f70a127a63bd105ac958
765,Bui Anh Lan,0971143680,buianhlan765@gmail.com,10.785244,106.664024,0b05253c561cd5f45a2f356e419015a5abfa4613b539b34edf601ecd47eddc6a
766,Nguyen Anh Long,0933397944,nguyenanhlong766@gmail.com,10.764692,106.703624,d3d48bd77f5db023b9de481094f85c9437e572f50cf871004b1b565e6c891b03
767,Nguyen Duc Anh,0326789710,nguyenducanh767@gmail.com,10.814947,106.676160,29ceb8313d08fbd86f482df1d332a5e43c6f5889c93d5a8c476a1bc382ab1f08
768,Nguyen Duy Anh,0971852363,nguyenduyanh768@gmail.com,10.745121,106.664525,34386a04f223446850622ba6d7c35fefc7d3a2481288fd2619d65c5ff221c578
769,Nguyen Ngoc Anh,0988330651,nguyenngocanh769@gmail.com,10.872986,106.717417,08503cea724517c378ecc4e5c137c8dcaf9c7ebcda9fe38d7f412804fe07d2b2
770,Phan Minh Hai,0971169910,phanminhhai770@gmail.com,10.853796,106.739260,f53625e91ba18edbef110a9202bdd9095136703f6fe67c63e6887ddc58c5bd79
771,Pham Khanh Huong,0775640830,phamkhanhhuong771@gmail.com,10.735208,106.646721,9a912d9a44a08b521692b277317305e33e250f72116ca1ea91359bf82d81e621
772,Tran Hoang Lan,0981012141,tranhoanglan772@gmail.com,10.849557,106.674759,8ed6c202e684a6159317e31e7101f913989b7574a5dfe93a6cded084d2eafe6f
773,Pham Khanh Linh,0900025725,phamkhanhlinh773@gmail.com,10.747532,106.603402,c7e83dbba1de9bad512ecc40fa49a9f323160d710ad029440d78306e885cfc07
774,Pham Duy Anh,0320198151,phamduyanh774@gmail.com,10.734204,106.626841,004755918efcc07461184f4cfcb6f3f8a47e0ea8570cb036d43c6a37293941e2
775,Bui Van Long,0322688197,buivanlong775@gmail.com,10.831725,106.624909,f6a0f732b52c09893e2981e8ac22129208b9f7d2e3e9beac88e2cc4de6e1dffd
776,Dang Hoang Anh,0938233915,danghoanganh776@gmail.com,10.737748,106.600141,950e6d1a4bb256635098e93d737cb90eb8cf1e25f3dc982304de7c55d2001030
777,Huynh Ngoc Anh,0777461778,huynhngocanh777@gmail.com,10.748352,106.687140,1a98c891439eb1df8cb8c26b100287faaa3ff614153214a52f487289c919f5bf
778,Dang Anh Hung,0905583758,danganhhung778@gmail.com,10.866456,106.682203,a93d211e32f0a37bbfa797ab43377c8925d4f0bb080e38c1a5763dbe8b3704cd
779,Le Anh Hung,0777779517,leanhhung779@gmail.com,10.818424,106.602560,df3b96d2455ae28d36ff8c5d1757bbacaf04e61266316e3c9a3f667b1915d691
780,Tran Thi Phuong,0354076887,tranthiphuong780@gmail.com,10.858613,106.604318,0420d9fcfddeb32ddb42ddc195911ec8f1e16b27340a1c91ef73cd67d6f06512
781,Dang Tuan Phuong,0913396711,dangtuanphuong781@gmail.com,10.830425,106.612856,e5dcfb30a683e5ef691166e3be945c9cca4744b9a25e6dc28745f4b1bec9c4a4
782,Dang Anh Huong,0911058879,danganhhuong782@gmail.com,10.754340,106.617160,d0147a48703c14ea87ca06a857f3dd7d6f7e5c880fb89a907263f316aa6b4883
783,Phan Van Phuong,0326123250,phanvanphuong783@gmail.com,10.829125,106.744380,89a0fadaeb4abadff2ddd9e86db42eef169e86f95552796f847271ccb475186c
784,Huynh Van Phuong,0931923092,huynhvanphuong784@gmail.com,10.828544,106.605357,556cf95bbda58184cd603d460bdd74103b8dfa3ff8a23ef19c6351deccc3647b
785,Nguyen Tuan Phuong,0919834743,nguyentuanphuong785@gmail.com,10.845094,106.738291,60f8f00edfcbf0fbce73360a71aadb244289c2e5eba40e77fa40bcf6fb6560c4
786,Pham Hoang Anh,0936834600,phamhoanganh786@gmail.com,10.827114,106.724630,d397295db042a586db228cdaa00f5a28095368f61a258db9cdf862f6a432743e
787,Huynh Duy Anh,0324771644,huynhduyanh787@gmail.com,10.874882,106.647699,3f08cc8f163b5f5f36b1bf9dd1214803bcbad7d65d1dabc4415f353b46bffd5f
788,Hoang Hoang Hai,0986872905,hoanghoanghai788@gmail.com,10.835989,106.743750,dea7744f0ae7c61bc5a872f15a6bdf5e74a0269459284c7f3f14bde9a99835eb
789,Pham Thi Hai,0985777295,phamthihai789@gmail.com,10.808128,106.606530,7941e339881be8f6cb6997710794f948cd3d4632b51eee35e63725cfd60838b1
790,Huynh Van Long,0971586703,huynhvanlong790@gmail.com,10.836427,106.728800,bf7077baba16764028ad500f309fef102521e559793a812c2a7c21295b0c2f8e
791,Phan Minh Anh,0329175996,phanminhanh791@gmail.com,10.781139,106.666618,46482e5ecf5ae3ce77a1702a12fc7809aa33a221d9f4582fee11ddc10a4d84d7
792,Nguyen Minh Long,0981375813,nguyenminhlong792@gmail.com,10.732462,106.622681,fb11fffd74319080a21c73881b5a0d5a4b50bbb51f40f3a39bbd6d4b5c3b577a
793,Bui Van Hai,0918472415,buivanhai793@gmail.com,10.797932,106.670502,1be2307e713e16947bfbba15c4c55ca25b989d89cc8bdbbcf8ad6d02436caea6
794,Huynh Anh Phuong,0323251829,huynhanhphuong794@gmail.com,10.818653,106.671244,799a01697caf25db54a57728b88276d568fffba3996347c8b3f148a338b527ba
795,Dang Duc Anh,0933850737,dangducanh795@gmail.com,10.846028,106.674289,59b564155b82b0deffc03b25f0295564748d2b56b0a0163b86f91a52a8430aef
796,Dang Duc Tuan,0981050140,dangductuan796@gmail.com,10.773017,106.681816,00e519ad42bc0ec70a153992ce57bf22aef1140350d447e0aa331cb11c77d378
797,Dang Minh Anh,0352853405,dangminhanh797@gmail.com,10.808836,106.613717,924d59bf932ec061ddadd6a37bcb71f4444ad84840e04145aab307f25486825f
798,Nguyen Van Long,0358181562,nguyenvanlong798@gmail.com,10.742518,106.708306,d5d9ca8254e8e7e2fb5af0248dea30046f7e4ce64d9258c3bce64662c00b191e
799,Hoang Duy Huong,0986294133,hoangduyhuong799@gmail.com,10.837138,106.673077,f9b161d1d89132f05c228015ea9494f547a923895546de0491c16f96e55a80b9
800,Pham Tuan Huong,0915988766,phamtuanhuong800@gmail.com,10.785571,106.737531,fd455b25a70a3c1e52226cd7c60e0c20c254c5b7314b6158d0d92b20995f6f2d
801,Dang Khanh Anh,0903442134,dangkhanhanh801@gmail.com,10.803253,106.679088,96418ffb5ef0eb06d16e83d86cec687f8c48f2d01857199326573e008b1dc541
802,Pham Van Linh,0356514650,phamvanlinh802@gmail.com,10.776298,106.693798,e7ae233d75dd7a2f2068e224634ec3347d25592bd978b591ff4023184d252df3
803,Hoang Hoang Hai,0932010201,hoanghoanghai803@gmail.com,10.870177,106.717930,4da3283032bb74011660df9b84abddb6aa146817d372a3ce32569eba2a393b97
804,Pham Khanh Tuan,0903313001,phamkhanhtuan804@gmail.com,10.788547,106.677771,9f6dfae5c7bc70ca512f0a8b4adff2986a0a781c249ee6f9213222a8f00c4ea7
805,Nguyen Tuan Hai,0913095892,nguyentuanhai805@gmail.com,10.778321,106.698177,8e876f8d11cb1af7dfa18127eec88e055bae8aa224a9a8ae0179697fb26e9029
806,Nguyen Minh Minh,0320409812,nguyenminhminh806@gmail.com,10.740939,106.662706,a1ca20d6d5e38aa0005101424fa75bc5b83b5dc04fe3af21e8b7e37b135bd550
807,Phan Ngoc Hung,0931808920,phanngochung807@gmail.com,10.795481,106.640087,85c366d3c01c9ddb6858cdeedd934dd8a7f5e78efe5ef05dc647ea71eb622509
808,Bui Minh Huong,0938105492,buiminhhuong808@gmail.com,10.785730,106.607237,1d4f9594a57eb42352bba038f6dd0e779a1002673ff60a7ba6eabb8d8ce31d3e
809,Le Minh Lan,0978387110,leminhlan809@gmail.com,10.793469,106.711450,ac0e5a28f5be9b296cd55265c7e0643e256f2764336c2f80a862d06caede5a27
810,Phan Tuan Linh,0980266283,phantuanlinh810@gmail.com,10.855875,106.701843,239d31c6f7d5a61a30c51986a5a9d6a6f7340a57c2d6436646f2ef8338787e42
811,Nguyen Ngoc Linh,0989443132,nguyenngoclinh811@gmail.com,10.797385,106.670257,879a3d16bd9a45feae8b6177c1eee807d0f91399e559686b8b61c2f457b36782
812,Le Thi Anh,0917581068,lethianh812@gmail.com,10.778502,106.622581,26ae8188771a72cfae4aaeb1c30e5a4f94c54caf72b6edcc6ef3d4b0af10b797
813,Huynh Hoang Hai,0937657424,huynhhoanghai813@gmail.com,10.778513,106.712779,6ef1ec52bbf0971a3b6ef1c5da33511208cbd63eee411e5d690ef8e7d0a0ec59
814,Dang Duy Hai,0905137669,dangduyhai814@gmail.com,10.879106,106.651826,f56f311abdd085f09d58b26fc74907fa60ccc812877b54566f49126f7236badd
815,Bui Minh Hung,0903487499,buiminhhung815@gmail.com,10.748032,106.651407,5110d8c2decd4868b17a4dfe01a3d1c7ded122bc051156d6e90152a31baf30b1
816,Dang Ngoc Anh,0902488187,dangngocanh816@gmail.com,10.755123,106.674785,efa52ccc0cda18750eca23a6636aec8c7c68c817d8c02e8b99c7750a59f0c889
817,Tran Van Tuan,0354405135,tranvantuan817@gmail.com,10.805608,106.673957,d1f7416dc7d079629cf1791fe9de8902aa505d229644dabcdea69fe52203b088
818,Hoang Thi Lan,0903534576,hoangthilan818@gmail.com,10.831274,106.602829,92aabcf0d629f51029ab4cec530a829debd5fa546e618ee26bc6fe774701328e
819,Pham Duc Huong,0937764460,phamduchuong819@gmail.com,10.871003,106.742480,14f1ad13bd7c620c9e02fb02e7db33cd94bb736f3616fd285d2d7d1f83fd377a
820,Hoang Ngoc Anh,0931054691,hoangngocanh820@gmail.com,10.862982,106.644682,3ec94ad3e595e3359720d5ccac3619db9abd70a6d8013fed1d171d97bae16480
821,Huynh Minh Long,0914431176,huynhminhlong821@gmail.com,10.813133,106.738570,9c50c20386a55adf98de659a0f7c91b49f2469598040866d635bf912aa69eca1
822,Pham Khanh Huong,0937024324,phamkhanhhuong822@gmail.com,10.744502,106.745025,617e1dd368e0239b400a2bdb2616e5e405ab840226e3ab0944f44215030decd8
823,Pham Duc Anh,0975860444,phamducanh823@gmail.com,10.827007,106.626759,35a4ce99d21b01d2912f15d57d2a4d850a55e9b4c5651fcc4e52a3a8932bd372
824,Tran Duc Phuong,0918286410,tranducphuong824@gmail.com,10.760128,106.682981,55aac1a4ffd181daedddde52477d116e9dca359bc9ac50adbbdad652c57178c2
825,Le Thi Long,0901533326,lethilong825@gmail.com,10.755839,106.684391,7e811ac0766b95dddfac64c381ea9f79913dba85ecff4655cd5dd0c762d8850a
826,Tran Tuan Phuong,0907129251,trantuanphuong826@gmail.com,10.828093,106.670722,826ad8f49d526f4288a65f9dc56518f94c36b6befeae6abc4f1cc1b63b869fb2
827,Tran Duc Lan,0970886791,tranduclan827@gmail.com,10.832988,106.660450,7f0b04eaf8797c4292e5781fc86af877e4e02247487caad970d47066d6f78251
828,Bui Anh Phuong,0975819279,buianhphuong828@gmail.com,10.731233,106.619506,2ee1997fba5d3d5771335ddd6afe9ea2b3df73de3af2a8c3e218c26968ca7cd9
829,Le Anh Hung,0972916686,leanhhung829@gmail.com,10.791000,106.725496,cd5c6515244463d0338d09e6df9dfbd4cdce4f2a8f02fb4c431ea2b1c44862d3
830,Pham Duc Long,0323548061,phamduclong830@gmail.com,10.787800,106.630607,1ffe42bf01612be05c7da48450721cedeae350ba210653ea29a8114df9d3e6e5
831,Pham Ngoc Hai,0932996613,phamngochai831@gmail.com,10.838074,106.701706,7897723f86e4b2d9bdb034c1fc23a3880c0135ccba848b176afda25b895bc1fa
832,Nguyen Tuan Lan,0907903578,nguyentuanlan832@gmail.com,10.818878,106.741423,bec9c7e4530f732c931705d4a532d3f9581f02efef267f6b20110b730f0d9e06
833,Hoang Duc Huong,0918165784,hoangduchuong833@gmail.com,10.877453,106.654224,b3881b5275d19c856403e71ff58da237ea1234a65211edf0eac2172732854f4f
834,Tran Anh Minh,0771027055,trananhminh834@gmail.com,10.859037,106.714498,5ea1397f7d1979debfda18f8b6be11fbbe5f2f57398f89dc9d37eda00ef5dacb
835,Huynh Anh Hung,0989934643,huynhanhhung835@gmail.com,10.733654,106.673207,4ed7303c5eb29dffd4e673914a2db3ce8e667ddd5010e842bd4996f7b80d0ebb
836,Vu Tuan Huong,0902788913,vutuanhuong836@gmail.com,10.753877,106.621643,6eeefd458ce0a59360f872f7a29a2cc2eb17fb77e7513ce4e83488f87d6f4d69
837,Huynh Tuan Lan,0774550796,huynhtuanlan837@gmail.com,10.798256,106.699777,2a99909763371971ef26e7227cc60c9e00176294bfd320d8dbd02fc75cab4739
838,Hoang Tuan Minh,0932874219,hoangtuanminh838@gmail.com,10.833616,106.650137,8c4c933ba28998ee93a58135d973e8a4a1ca0a04f04b1ed0d942a9f3a74175b6
839,Hoang Khanh Anh,0934407466,hoangkhanhanh839@gmail.com,10.795783,106.647897,9794f2a4964eb42ffd659e16e9b042372c816938ccfb3e40ecc9e32a1701e3fc
840,Pham Tuan Tuan,0902807719,phamtuantuan840@gmail.com,10.857681,106.608742,dc0bb1f18d1e243258e897eba257f903e30d06a4e0065eceac26d5d8333e1da8
841,Dang Thi Minh,0350313192,dangthiminh841@gmail.com,10.858470,106.603616,d6d3aecb200b5665d1473a2a3b1f7f4af7f8e79e71c5c8f1c04824ff04b57187
842,Huynh Minh Anh,0915108168,huynhminhanh842@gmail.com,10.763775,106.731329,0c8458f6171e09d57a72725d6d0b935354ccbc49bb54d5fccb39762ea89364d2
843,Phan Van Huong,0355004867,phanvanhuong843@gmail.com,10.876477,106.604335,bb91084b42aa3a51a0d62e260e841d799fdeab1cdbe0585f7d34e4ef9bcf9d5f
844,Phan Khanh Linh,0357172382,phankhanhlinh844@gmail.com,10.812167,106.679211,cd8e7be59f1a8c0b079fab32705e3563cb09e7bb05a5c722b837397942cf9a47
845,Pham Van Hung,0901050212,phamvanhung845@gmail.com,10.737477,106.625777,e2cbd876b66efb94f13c778615e9c873e3505ac7ba07fbe55d03ccd0da2f33ef
846,Vu Tuan Hung,0328092579,vutuanhung846@gmail.com,10.753027,106.703944,406b89042cd4b6bfa04c78ff9a543fd14f08c825b572da0755e8f25e369cf974
847,Pham Duy Huong,0974990352,phamduyhuong847@gmail.com,10.858502,106.735811,bfaeb8f588b42ea071c0db70d1e5036380a4600e497d27d244403ad7354c617d
848,Hoang Tuan Linh,0919467244,hoangtuanlinh848@gmail.com,10.833871,106.658182,f5aeb6b0f3a5a45a19b334283f4530300fc15d8480c669caf03b42986165355f
849,Le Thi Long,0982564082,lethilong849@gmail.com,10.758396,106.695342,7320d819e3c0d54e6a382016ad9a90ecb56ab8c0ad0268506e3c1479bd90d898
850,Hoang Khanh Hung,0323038828,hoangkhanhhung850@gmail.com,10.876835,106.700363,926c712eae73f2e45c772f6c7671137e74b38cedcc38036a82518b69b07082dc
851,Tran Tuan Phuong,0937365306,trantuanphuong851@gmail.com,10.856453,106.623304,3fb2c24d3ca4ca897e59288dd6c9dc5a1e1a32bc46f2858d5ea8c72d3994d26f
852,Tran Van Linh,0907767362,tranvanlinh852@gmail.com,10.877138,106.732889,5dc24e79abfea5f1d5aab5f4415b861e2d163db2c612b959094797999bd7b033
853,Hoang Thi Long,0322282108,hoangthilong853@gmail.com,10.812935,106.640563,59b5abae5ab7c8ee568e97472cf2db2e3abde42b7eb9bf0c198fc64db90414fb
854,Pham Van Linh,0906051409,phamvanlinh854@gmail.com,10.766826,106.611834,2c33d43e028a4367e23c3499d612261829dfd0aea3b454875a2a118672b3463b
855,Le Hoang Phuong,0357943080,lehoangphuong855@gmail.com,10.846059,106.730712,8f5c6a8183874ea0f6ae640b3a6ea550925e105a60e65d7c1e87b880e2bbe1da
856,Nguyen Ngoc Tuan,0909340379,nguyenngoctuan856@gmail.com,10.800515,106.634572,5b3646fdabff63596117e8f01118967d813f48c8474e4c053b61646c300627b7
857,Hoang Khanh Hai,0989113091,hoangkhanhhai857@gmail.com,10.871450,106.720905,d78bad5fa946fb0d7ec6be98de5787397d1d5f85a113756e7c990963f250c8cf
858,Tran Thi Tuan,0358247184,tranthituan858@gmail.com,10.827063,106.697609,c61e99732c688ea8f86b85f9302a5aae5354fd99e6fd7bde029f3b433eb09a47
859,Bui Duy Anh,0987272005,buiduyanh859@gmail.com,10.808775,106.683716,be1a5afeb36e5ecc755ddc17566be6687c306f294666cab22a487509b3972c88
860,Vu Ngoc Long,0930383628,vungoclong860@gmail.com,10.830774,106.600255,d7964b01e1225f60aadc4cee0c47a92103923766f8925867c221e06a3b53d610
861,Le Duc Huong,0903944961,leduchuong861@gmail.com,10.742253,106.625266,7248d7e04be3e35f0e7ac145393ccf6244d5b7a11e6b518da8ac95c8abf7ac5a
862,Tran Tuan Huong,0983357677,trantuanhuong862@gmail.com,10.808422,106.643214,7e1b08967f0e637a4c78ca558d63ca771458c9d6aeb1f42870b61af503ed080e
863,Pham Duy Long,0326878516,phamduylong863@gmail.com,10.740072,106.606889,3e6b75b0c51341faa1c855cf968bc78fc554ae6e0b5b5a661e75f70b0ea60bc5
864,Dang Minh Hung,0900105030,dangminhhung864@gmail.com,10.869076,106.733995,767cc1a57fa411f32561a27afefea428839c968d466ac6d404a50460ad1f6134
865,Phan Khanh Linh,0321308397,phankhanhlinh865@gmail.com,10.800282,106.615736,8a0439102cc1038b66d002be95eb6f757d4b742751cd31e5033888f79fb29851
866,Hoang Hoang Minh,0900671051,hoanghoangminh866@gmail.com,10.834230,106.636037,281c0c7b6f75a905ced932fc97bc2d32167033569c05270675478638ab0a94af
867,Dang Anh Tuan,0987246750,danganhtuan867@gmail.com,10.745768,106.655791,ba22c3d40601b4dc894f90b48894bb2255b842b8abdd0f19d0fafc7867647681
868,Huynh Van Linh,0971989445,huynhvanlinh868@gmail.com,10.739372,106.656213,04a4c110ce1f2fe40b6c8909052ddb4bdda40889c755084f3a51c1bc7625b76f
869,Vu Thi Huong,0777282007,vuthihuong869@gmail.com,10.772586,106.656604,e661238cac992a3fd6562f17c843aa168f84048d84bc66b9127b76b6ca31a8c7
870,Vu Anh Hai,0933818473,vuanhhai870@gmail.com,10.817929,106.612643,daf6cf40320e8e98942687d98ea1402ff3b9884610d40fb52bc797b89da25048
871,Nguyen Khanh Linh,0931565991,nguyenkhanhlinh871@gmail.com,10.749462,106.659273,e23f7b2fa0507cd3244c393b50bfafdd5edec5d2f566985c4f5d259120735a1b
872,Tran Khanh Long,0358176601,trankhanhlong872@gmail.com,10.798371,106.743105,cfbd46470b626e94fcf1a6ef77605c687dbb68836c6fd0c448f7cd53105f5039
873,Phan Duc Tuan,0350806194,phanductuan873@gmail.com,10.748358,106.688405,ee516a6f864f4c8d3cb73571c89fbb3880369e423662250ad1457b98a7f7b6a3
874,Le Ngoc Phuong,0904160441,lengocphuong874@gmail.com,10.771553,106.740851,f85853110710849862319ce132431baeab0c8c015cde3e550956486bf31e8d6a
875,Nguyen Duy Lan,0935166846,nguyenduylan875@gmail.com,10.814327,106.656839,5ae31c43fecb4f652890207add4ca9f42a7e052cd36c6edc2977dcae1f3cebd8
876,Huynh Duc Tuan,0916326992,huynhductuan876@gmail.com,10.844990,106.650232,df6607df800b459faa96f20d3c205800ee74d45e59c2b6442199c3ef962efa15
877,Bui Thi Minh,0986183985,buithiminh877@gmail.com,10.746423,106.674549,5777a9faf8edb3f663b388d3617a8c5e91d6213767cccc0d3e97f5ff707fd5a6
878,Le Thi Hai,0904639327,lethihai878@gmail.com,10.791710,106.635368,69526acefc06f4d203efcef9bd34520e4330c0c466fdf2b99518b99b095216ea
879,Hoang Minh Hai,0910191891,hoangminhhai879@gmail.com,10.836830,106.729934,dd01e9cddfd19567d24ff15f292ee51419fda14de06d8b64727632c39f0f4aa2
880,Nguyen Anh Lan,0904937726,nguyenanhlan880@gmail.com,10.855762,106.672649,771c494ae8635ef4dc88fc8ce43e84ba30a184df5062d8075c733a5ab43a4bd5
881,Pham Duy Hai,0986037066,phamduyhai881@gmail.com,10.738847,106.724057,7786a72434b22228a6bbe69b32cb46be7d8bb8095cfcbba01fb060891088b790
882,Dang Khanh Anh,0973002949,dangkhanhanh882@gmail.com,10.792626,106.617667,d7946d84ea881f323f23c537c5a9d8b05eddf56b0a1ea3c95390ce746faeec2d
883,Pham Anh Anh,0982344418,phamanhanh883@gmail.com,10.755638,106.683780,a66561c4a68f2b56304e551ca7b6507d677adc97d7ca822247cda2c7b051377c
884,Hoang Khanh Huong,0981152105,hoangkhanhhuong884@gmail.com,10.839474,106.720166,b6b288474360cc3200a86f116c0ec800c0a5be0a4127a66d433a9962f6c88a4d
885,Nguyen Hoang Huong,0328439126,nguyenhoanghuong885@gmail.com,10.766557,106.662834,1b61b7ff062df56f1ae716e249cd6bda453228a7cd2ea3507834ce5059060007
886,Huynh Duc Long,0978389718,huynhduclong886@gmail.com,10.769614,106.732666,a99d82e07d22c5f4f12ca2eab0eac633a573f46151baacf01e1fd8482f752636
887,Bui Hoang Tuan,0977536621,buihoangtuan887@gmail.com,10.817762,106.629780,bba1594e1380d6ed19eeb58b3ebde6e8417ea4227dd0697ce1906734d35a0248
888,Pham Khanh Hai,0770466581,phamkhanhhai888@gmail.com,10.772626,106.740702,94f511787296ee31c47700dc48b102969dcfbddb35ba73742f5fbc7ed8205b77
889,Dang Duy Lan,0777567578,dangduylan889@gmail.com,10.805726,106.634107,6a4034b05787ac0972075c49e2ffc67626425cb904bcb836033181d4baf39729
890,Nguyen Duc Tuan,0977117790,nguyenductuan890@gmail.com,10.765839,106.692711,21bf8c6f082983c1c12b4cb77de6a6414e548ba488cb9a8e5b940eb417374fcc
891,Nguyen Tuan Hai,0989725127,nguyentuanhai891@gmail.com,10.749061,106.670359,c2c635396cd13c44f8c7ceb0614df6e731b5f0ea9cd23b0c7b97db6fbe222189
892,Phan Khanh Linh,0328653672,phankhanhlinh892@gmail.com,10.872580,106.713715,44986cb4afa40ddb26009045092f7d60316528d59ab0622c60e4b3ef0f725ce6
893,Vu Duc Linh,0351323743,vuduclinh893@gmail.com,10.796558,106.601957,4b437fafd1aa44e07d0771f2d9b50de9f55d645ca4ea2c227ef5684e7354cbcf
894,Huynh Minh Anh,0328804093,huynhminhanh894@gmail.com,10.871195,106.639463,c160847b59557cfa916535f9bb57b876e7a646869d4e5075703965ac922f3b8f
895,Vu Hoang Hung,0905848908,vuhoanghung895@gmail.com,10.780244,106.738892,48cb93837f46bea963cc199c5334b7073b03f5cd1497b1fe0f218c1ba5d048d8
896,Phan Minh Hai,0911344442,phanminhhai896@gmail.com,10.852999,106.699286,faa80950418073b2d2dfdb1838d797c29bd0d0da821ece1083b7e55b41096579
897,Le Van Tuan,0353463037,levantuan897@gmail.com,10.791476,106.692455,6ae9bc232b6e38f36b4bab8f57766dc4cf439584d0a3f6327a30044fc9212c8e
898,Pham Thi Lan,0980580163,phamthilan898@gmail.com,10.828818,106.679833,f8a883f0ffb566fda8ec4185ed7885a493f54593e4425f93644c92e938bb6342
899,Bui Thi Long,0915211245,buithilong899@gmail.com,10.861564,106.743116,438ab9371361f7427d972862a1b44e27e00f0bc81bf74ed4aa501b978225abaa
900,Nguyen Khanh Anh,0936658685,nguyenkhanhanh900@gmail.com,10.828960,106.677715,b04c2c816efacfe308b69ee46430b73032a1ddd5f352c809afa50b298e130a1b
901,Dang Duy Tuan,0977258615,dangduytuan901@gmail.com,10.835572,106.691546,607ecf87b81e5beca622c851500628b9083265e56d4edc87b849ee7768edf42c
902,Hoang Ngoc Hung,0930973677,hoangngochung902@gmail.com,10.807810,106.661317,e601e55941f4a705924fc60aab01f566b795f1dfeef98a703210a7ebb2571a38
903,Huynh Tuan Lan,0908151593,huynhtuanlan903@gmail.com,10.813130,106.690189,0ab250ec0be3c4d8991895a3a924333d0de2e9a22bb88cba751127af53fd958c
904,Vu Minh Tuan,0915537412,vuminhtuan904@gmail.com,10.804633,106.669115,d819a6231ff8a2fe6f1bc0f74485d318fef3be57fcb7d7d93c717d6f798007a0
905,Vu Ngoc Long,0986562175,vungoclong905@gmail.com,10.819241,106.745678,c6f488e7c7c4f952da924064ca9acb6b778d911435d306fb055269e8dd0dc6bb
906,Phan Anh Anh,0324019130,phananhanh906@gmail.com,10.824033,106.605508,39b6727dc9677edaaacd0235e92cccb010ffd815c161fd8bdadbb36cb50e2d58
907,Le Duc Huong,0911375511,leduchuong907@gmail.com,10.868194,106.604845,9c80f373b40cf7a9a3f3dc92e2524406b7af8b75e8a44b5183ee8e6594fd4c23
908,Bui Minh Phuong,0322107251,buiminhphuong908@gmail.com,10.794536,106.648252,3bb94ba7c42f5856ad90c3c9a2717240a05b9ee07d86dd7a2f1a10cd17df960b
909,Vu Ngoc Huong,0900930585,vungochuong909@gmail.com,10.782765,106.697888,d486ea1edac2440d460cb2765f4ab3c1df13498f7f453e16c663bdfb27a4c52f
910,Nguyen Van Hai,0935902313,nguyenvanhai910@gmail.com,10.854640,106.606529,1b5f475071ab43b003a74d4f494d7a6f8a9e5e77e5cc77904dbc8ba0a24fb4ca
911,Pham Duc Linh,0918591007,phamduclinh911@gmail.com,10.738425,106.726255,6dbca1aba2546f071ae81eedd814f237a051d40f27be160b3561998021c64f6c
912,Le Anh Hung,0914178499,leanhhung912@gmail.com,10.799777,106.716137,f28bcd85725927d9182bbdf6c00aad893fe1aee027a116813badee65b5ab12bd
913,Bui Van Minh,0914428060,buivanminh913@gmail.com,10.864348,106.692803,9b8cf89bed84d89109cc2e809a270e5823691ad34f3a7f0c610e5540e91cc333
914,Phan Tuan Anh,0983708498,phantuananh914@gmail.com,10.829983,106.741458,5f1bcca1a0375e5f9ed0bc34ee6928baf1f3263591b8a290bf2b6092d0922413
915,Tran Anh Phuong,0354405704,trananhphuong915@gmail.com,10.814121,106.727296,3a5f138945dc0f5628be46378c1c2e8661a54cd6f8ba463d8e368ba37ef42316
916,Dang Tuan Phuong,0987876591,dangtuanphuong916@gmail.com,10.810644,106.727072,ebf321c06adacbdb8f1b629597444daf1db5f2bc34fc09043f9b0ea2e94f1fe0
917,Pham Khanh Lan,0357986260,phamkhanhlan917@gmail.com,10.731712,106.727275,e9ad37ed2a25c2c2e870204c93e02c553782be4aee169d71c141092bc60e3640
918,Pham Thi Long,0975587358,phamthilong918@gmail.com,10.803585,106.614952,c2408238d112659c3b9384e87b01caf5672826827c42a4b0cab45c46ea8c49e0
919,Bui Van Long,0971705900,buivanlong919@gmail.com,10.733903,106.677690,06b53a87eeb7e2bea0f87388aba87c8ee189980554012fe609e17afd9c3b93c5
920,Phan Khanh Linh,0323291583,phankhanhlinh920@gmail.com,10.778185,106.627073,af2961c8a803a6d6ef775c1c7151f48ce8ca63ab65373c73feb393f8b63afab4
921,Vu Hoang Long,0901634757,vuhoanglong921@gmail.com,10.780467,106.749391,bc673c6a85063d23161542e5616c7b5ce9333872d1395cecf6ca64026db73e3a
922,Bui Tuan Tuan,0912434726,buituantuan922@gmail.com,10.760324,106.705243,031d2be5baf1662534c893f687b4450e0d608dffde64b1f4afa990f7ef3a4b33
923,Dang Khanh Minh,0933213575,dangkhanhminh923@gmail.com,10.754714,106.636447,8892b933211417e9e4a8a4df8210648722be05329c9d9542e721483a553981dc
924,Hoang Hoang Long,0937643695,hoanghoanglong924@gmail.com,10.734372,106.711937,9b68afad7f46d3ef7480178b1122c576b9a92c77ccee93e50d982f9b94059b96
925,Bui Duc Huong,0986718346,buiduchuong925@gmail.com,10.858381,106.606673,79e41b9ea73f8b6f7d748bc4a572357aaf6eb5c176e7a6b8a433de0cd9663c37
926,Hoang Khanh Hai,0913103973,hoangkhanhhai926@gmail.com,10.784493,106.668171,e8120061e31aa7a3adc8309b3da1850860154986e2cef7e16882b35b879d0c25
927,Nguyen Ngoc Anh,0918547950,nguyenngocanh927@gmail.com,10.760234,106.643316,b63e55f53060e27951698c22e0895abab1cdfbca8f5688a6d1bd20cdddefb0ce
928,Nguyen Duy Hai,0323003901,nguyenduyhai928@gmail.com,10.777292,106.619483,1e7f97edb7766e5cb6a44e2ece2b6076b7411c6b8ecb757f2b63ba49f7acd03e
929,Phan Hoang Huong,0908607579,phanhoanghuong929@gmail.com,10.739577,106.640651,96c3459dc6992925120cc645350c79f5a302f450af8e0ff4c0a80aa60b789d73
930,Bui Khanh Hai,0973172506,buikhanhhai930@gmail.com,10.865948,106.742051,5c0e0104ed2a0f21a84d8c52f8fcbc8b5723187e1fbf9263df37c97e77b4dd5b
931,Huynh Minh Lan,0325883932,huynhminhlan931@gmail.com,10.737061,106.723577,783c078d8baa9205684da0001df85dbc9f80b4975c813f5cf2dec5f6b06b47ac
932,Tran Khanh Anh,0910614093,trankhanhanh932@gmail.com,10.785832,106.660466,2139873736a1c681c36848becabb26ce2bcb5a97c78954a3f5f940111171b15e
933,Dang Hoang Phuong,0353086892,danghoangphuong933@gmail.com,10.838227,106.719913,64d8a67a4a8aaa23e139a27f4406efb520f00d35b5923fb81285c3c1158e6d36
934,Hoang Duc Lan,0906800382,hoangduclan934@gmail.com,10.738456,106.645878,84ea36a1490689b9f05c65115dc5eb19ecfbda84f674576a242b55d732dafcb2
935,Hoang Anh Long,0939329127,hoanganhlong935@gmail.com,10.770469,106.708025,3976496673ad23a7e4370233cd1cb63d9206ab45ad693d0faed410d00b5eb7a4
936,Le Anh Anh,0359904891,leanhanh936@gmail.com,10.864069,106.604802,0c9b01d6d6824d80b76d60816d796517d386bdd9a0c5bb5bbcc225e3b266b644
937,Huynh Minh Tuan,0350148081,huynhminhtuan937@gmail.com,10.822176,106.709291,11ebcce39a3fa99267b8808033344eb0d59927c85e92c7b4eca9754d47713a85
938,Dang Duy Minh,0324788381,dangduyminh938@gmail.com,10.742378,106.645971,f7bdbb698dcf082b7d5fc326f9c220a8c323cae97c0f1a851fc9fef3c9b41227
939,Tran Van Hai,0982689489,tranvanhai939@gmail.com,10.874155,106.663794,46cda82bacb9651cb215700e836da3b9a2c7180ac8af640e0229a5c67c322548
940,Pham Tuan Anh,0983934332,phamtuananh940@gmail.com,10.767485,106.708516,ab9b7270b63eacc87a46cccb7ee1a9b299b1968e1859fbf24865cb8890a7b9e7
941,Tran Van Minh,0776239999,tranvanminh941@gmail.com,10.798143,106.650347,4b7010fa09dd6be28bc4146e44dde58413374cc1a2c6e2ade83042162f945091
942,Hoang Duc Phuong,0329699412,hoangducphuong942@gmail.com,10.752810,106.640738,c6b731c93095026861eee40ff52cc8faa6ccbcfc6ffd5a6b5dddd8045ebe99cc
943,Phan Duc Linh,0930028601,phanduclinh943@gmail.com,10.829227,106.662874,6bc6a931f5335556641e480100ed8ecaed8fc3d765cba197f50a19caf3d26113
944,Tran Van Anh,0327086960,tranvananh944@gmail.com,10.849896,106.610466,2defa21aa57a7b8b75f47cc4fc30df69bb87da4e7a89788f7528e333fbb0cf7f
945,Pham Anh Lan,0776972685,phamanhlan945@gmail.com,10.744926,106.725727,72c9a25c4782ff85934c1c08996316506b656f988fbb02981688b55f0311b571
946,Hoang Khanh Hai,0350929895,hoangkhanhhai946@gmail.com,10.866831,106.616307,68ba8c5220447ad46479febe1aa43847596f09e1d80f03026ae931e6360dcabd
947,Hoang Duc Tuan,0322847537,hoangductuan947@gmail.com,10.811757,106.670466,e3a6c7c976b653e94b688e6c03cc1659375bf557a6c847e86d8ac0953e279577
948,Dang Duy Long,0772508615,dangduylong948@gmail.com,10.737323,106.735427,7f97a3721e217c35d8e9aeb2e8db931f9226c2085a56d1acfe18de37b3fd50e4
949,Bui Thi Linh,0358579802,buithilinh949@gmail.com,10.777732,106.619481,189c7eda4aff583828d0ae9c235d695a1e645840ec55397a1254df1ca72e94ed
950,Dang Duy Anh,0320984893,dangduyanh950@gmail.com,10.823119,106.708618,b31d8256dd30a289d8d34b5282b744af27e2296345867c4100e8696b2b09c26f
951,Pham Thi Anh,0976549098,phamthianh951@gmail.com,10.854490,106.744348,0ff4ad2ce150c9f666dc45b73caf191b181c9168102d1a40cb8f212e3d7ecd17
952,Bui Hoang Minh,0325163022,buihoangminh952@gmail.com,10.793717,106.659563,3433eb163fb47323064acafa6bb6f6f8117728418f6ca98baa39d9d7ef25e9e3
953,Bui Thi Hung,0988277352,buithihung953@gmail.com,10.737079,106.651082,f1f91042e99d79189639ad868c19619c96b4826ddbba6f2363d02932f479fb90
954,Le Ngoc Phuong,0912863162,lengocphuong954@gmail.com,10.766035,106.723919,33f5a4bacbba806039cfcbd4d205be5eecf758847d998bb72066943e5a3b8abf
955,Phan Anh Minh,0325749451,phananhminh955@gmail.com,10.847660,106.609306,35897990932c19d88d7e89bf089115aa349aece772578ab03ae2203c6e1bd675
956,Bui Tuan Minh,0351597142,buituanminh956@gmail.com,10.856478,106.719372,05ddfc0521e87110ef86e543c4405ee3c03b1c6bd5ebe8ff23799afe42911d78
957,Pham Van Tuan,0912110181,phamvantuan957@gmail.com,10.791510,106.735698,e65d8acd018d142a7aa94c0d26daf3e14de563abfca025de6261da4444c73c44
958,Nguyen Hoang Hai,0359266233,nguyenhoanghai958@gmail.com,10.742689,106.612819,8d6c3e86e639464c1051bf5a6e9c318da44b403410f793518e96a90d405a6d47
959,Bui Duy Hai,0356562593,buiduyhai959@gmail.com,10.866303,106.735451,f0792f83ef7a6eb704bde9c60e029ce3258e378f8827a3f4b6899ca98fea2ea4
960,Huynh Thi Lan,0913060673,huynhthilan960@gmail.com,10.789957,106.703474,a0951f76c26f5ebcba27705be12438f9ddbd9266bea8a5756a6b267ecab79417
961,Tran Tuan Anh,0773491113,trantuananh961@gmail.com,10.874639,106.677218,711aaca230ac344bd10048dc11488b77dd506d710706c4e6e23d11d734b56251
962,Huynh Thi Hai,0324753187,huynhthihai962@gmail.com,10.797281,106.684219,a9ab8bd9f179917c9dac49088aeaf5b87881f04bbc209ed08929c1daaa0143e0
963,Hoang Van Phuong,0989038959,hoangvanphuong963@gmail.com,10.833750,106.689518,cb69834c65fd8047f57d4db4b7f255a61b8e40fe125d5416c95b032a8922baea
964,Tran Tuan Hai,0327084970,trantuanhai964@gmail.com,10.762896,106.706670,ff4f845915c0b92a6a763e0216803afcbcbf650e189cc0d6929bf6ec1bbbb412
965,Vu Duc Anh,0984407642,vuducanh965@gmail.com,10.849202,106.627664,8e302b1b2770500a0edf659fc433be5410d012e7a16a65ea2ccbefb33055548d
966,Dang Duc Tuan,0937095215,dangductuan966@gmail.com,10.785183,106.719966,da305e5945eac330e53393f1c225343b4cd0c63161c6b2f12419a0e071224a36
967,Tran Hoang Anh,0932403558,tranhoanganh967@gmail.com,10.784067,106.720426,4930222a4a560d486bd7c7f0bdde4c729c8d0357b90cf32b489220e6e6894773
968,Hoang Duy Hai,0913760624,hoangduyhai968@gmail.com,10.795973,106.654681,0dbf662db11f5e03afe1360a5ffc6a9b4fbd042a27cb59739df082f4bea4b881
969,Le Anh Long,0776933165,leanhlong969@gmail.com,10.752272,106.602741,9d5a79b0696619a221ddeed26179579e488358c26a34974473be350e1903edba
970,Vu Thi Huong,0778320568,vuthihuong970@gmail.com,10.861259,106.697258,806c1ed5b162559f74949943d3061dee07b654b1cea4c838f5941801b68e5afa
971,Hoang Thi Hai,0979767023,hoangthihai971@gmail.com,10.872812,106.641592,01a053e12c3822e9c10b8a0c3b1f7393eae8b750a4593f5b27947e2dd483ad7f
972,Nguyen Duy Hung,0906412254,nguyenduyhung972@gmail.com,10.745838,106.629216,117e2632246bc4354de3ced7b3df613b68eb6cd4d41a0679b11cef76bfdb7c8c
973,Phan Minh Anh,0358762951,phanminhanh973@gmail.com,10.805326,106.733445,af4ed11280702af8baab2b44705848cb933c9104e83257c5585b6a9bfbdadad3
974,Le Duc Hung,0327269045,leduchung974@gmail.com,10.740570,106.671349,594a34b80d6899ad3234e81cefd2178b721726be35a7415c937e8b24a8fd5d5a
975,Vu Khanh Hung,0974103013,vukhanhhung975@gmail.com,10.857424,106.607554,8e5d3b54a83b4529b0444b1fde6264430f01f14c471d8ac43d4540616acfa65b
976,Vu Duy Linh,0915449785,vuduylinh976@gmail.com,10.779413,106.623302,a8c290043118f32e02bd7000c4f9614e3216adfddc24f44def80cfdd67e28c4f
977,Tran Anh Phuong,0971969218,trananhphuong977@gmail.com,10.867445,106.649582,5526a3777713df1adb321e5792ba6641fdeb943224cf2d3ec54438ce221b50ac
978,Bui Duy Hai,0972301273,buiduyhai978@gmail.com,10.756015,106.671357,052131f4b5a99aff2c36a349f28f81a0172cd62be88236e82a753202e261a9e3
979,Bui Khanh Long,0354830816,buikhanhlong979@gmail.com,10.764619,106.631881,52db599a1afe146187d82a5f0ba53181a23338085f45485336277130e1a363ca
980,Phan Minh Long,0324458854,phanminhlong980@gmail.com,10.861415,106.694183,0ff92e377ccfff73d59e1433936891d33d7435717254caa199de50e42fcb811a
981,Dang Anh Phuong,0985187402,danganhphuong981@gmail.com,10.821712,106.698739,d6dadbddb8983d620d69fc68ec5f2d158bdd37e9cb42ad09f6d3724909ca15cf
982,Dang Van Linh,0939872071,dangvanlinh982@gmail.com,10.838994,106.636841,de3e3c0cd1eb9b01e323c0fbd458444f208271db9d9e3b77165b1386c1594eb8
983,Bui Khanh Long,0326314667,buikhanhlong983@gmail.com,10.744976,106.630483,619d30ad9bedbedaf3c6a3ff57299d2d1d004f79a3670bd58df1b1caac82819a
984,Vu Tuan Hung,0775117366,vutuanhung984@gmail.com,10.808506,106.622018,162161ac085ce8382644767d3a623d12353a28390c6a56809b63acf9b83977e8
985,Nguyen Ngoc Long,0900068582,nguyenngoclong985@gmail.com,10.759193,106.731345,27278b954ed28131b60c41a8275df913f8d9abc8e7a292f5d7f3074d7b8d81ea
986,Phan Van Linh,0914638320,phanvanlinh986@gmail.com,10.876816,106.744920,9753b0ceba084c5403c286df703df20bf41c23f5412df3020ab52665e666dc7a
987,Pham Hoang Long,0770202838,phamhoanglong987@gmail.com,10.759234,106.703123,88507b6cf65358ced769bcc3af9196f5fadc45accf7175b0a7de1b4fdc26a61d
988,Huynh Duy Anh,0772132049,huynhduyanh988@gmail.com,10.786881,106.639827,e57311df1216be53756f562cde14a5a9dc2e59c3d5289848c4fc3c3ec1001f9d
989,Huynh Duc Hai,0985103699,huynhduchai989@gmail.com,10.787480,106.705940,4384e2b5992f6faa1841b5212710de584bc5085fd0372b2f9f7587d1f6fa86de
990,Hoang Khanh Tuan,0989098764,hoangkhanhtuan990@gmail.com,10.801232,106.709105,7b7cfa4fec0c9273b47fa87bc01d3998482e2eab1d5e07ea907a3b7139e381e1
991,Phan Duy Hai,0320713318,phanduyhai991@gmail.com,10.870267,106.708057,e70de29b17cae62c6173b2085e777bc7bba481c45432cfddb120706b07bb9b99
992,Tran Tuan Long,0986068796,trantuanlong992@gmail.com,10.768298,106.719802,1779b70eee294823694cfa51039da58a63eefe233664cb84b1ef77118109c4b5
993,Dang Anh Hai,0900611596,danganhhai993@gmail.com,10.785295,106.652139,6f39a8d1f3b96d379839517f6870b2aadec74df6ead1e413d600b86091c00edc
994,Pham Minh Long,0939490738,phamminhlong994@gmail.com,10.766868,106.711451,26f21bca0565e4cca49514f9ae8a167095c66f3cb100c0a2105fa9672c7fac9a
995,Le Anh Long,0985300778,leanhlong995@gmail.com,10.739935,106.717517,7f1a9b08c7b463e53f64515da2f1cd728f40afd0b868d3a6a8b81a155656e60b
996,Nguyen Duc Huong,0324055048,nguyenduchuong996@gmail.com,10.761203,106.700578,ba22914b92b5c6dd67c84dff2a85fcb8e732f2291ca19b15777a7e2f68dfe5c5
997,Huynh Khanh Anh,0355621478,huynhkhanhanh997@gmail.com,10.850330,106.610002,5e7253e989119ede2c181b54afd2111b1cbeb7ebc42616b169c08ed38a56824a
998,Phan Tuan Anh,0907622678,phantuananh998@gmail.com,10.738129,106.613476,6c2a200d7e5ef1c3ed840df9382be10b2cf86259f31dc2d764b9390434cb3d4a
999,Nguyen Duy Huong,0934256041,nguyenduyhuong999@gmail.com,10.735584,106.635507,90b2cd6464e45c9e7439811c768445ffadc06310932157a6a050ea248fb58ded
1000,Bui Thi Huong,0772809368,buithihuong1000@gmail.com,10.762885,106.745351,b80920af1c702867ae234d834b7b3b68722796c309fb37c456e3dfb88e4953df
1001,Pham Hoang Anh,0771742167,phamhoanganh1001@gmail.com,10.786396,106.693098,0eabf8d6652d4802bb1cdd20fbad8038298075c667105c5d30d19291ff1f1e9d
1002,Huynh Anh Lan,0979899485,huynhanhlan1002@gmail.com,10.828633,106.735362,f04b88602e90b5aad67c9d3e80b001e11010472955bccf6995b0fb5d75a2fb04
1003,Tran Duy Linh,0911266871,tranduylinh1003@gmail.com,10.833452,106.714852,11db0a8f8d82a8675a387f86e2bfccd199e4458ddf8aa6ae7ee246215341b444
1004,Le Tuan Lan,0971381867,letuanlan1004@gmail.com,10.859893,106.740501,0b6f3178a8d3cfb592d5976c2addeb1013f1f9e60e26ffca13738ad5cd7e3252
1005,Dang Van Lan,0935387496,dangvanlan1005@gmail.com,10.792921,106.643834,c0a0146eb39b2b514e4d8dc3acfe4e8533d0c544c1849b6b003ebc66371f5772
1006,Bui Duy Minh,0774751031,buiduyminh1006@gmail.com,10.828037,106.600387,b19860149a08145add462867a581d1efbf33ab6fdf3ef42d14b5cac56084a00d
1007,Tran Van Long,0776468322,tranvanlong1007@gmail.com,10.762266,106.675474,20b0452b8fe19d5f87a7282bd0ef928c1eb0add12c973de75bbac4a0c5b2c3f0
1008,Dang Thi Phuong,0772610855,dangthiphuong1008@gmail.com,10.778387,106.663923,e17382dee924230569378046925c0ac2f5052ccd9b892170fdfd74965c596baa
1009,Tran Minh Lan,0978216705,tranminhlan1009@gmail.com,10.852179,106.729774,e6b64601ece4f81fa108458f57137f5cbe42597c14263924a2f1db8c7686e044
1010,Phan Tuan Phuong,0987940682,phantuanphuong1010@gmail.com,10.867293,106.638314,0174b28dd26ccaf6e4abfba2320196fefb60db24cc3af72f4f32c458ca3dbe6b
1011,Bui Tuan Huong,0773550153,buituanhuong1011@gmail.com,10.857929,106.685236,a792012f24313d6b991f9237e27024db2294ba82753bd1e7f704356a2b60c54d
1012,Pham Duc Anh,0917444534,phamducanh1012@gmail.com,10.789518,106.700605,c9bb25250afecc0e6744c539c7e94b959e026dd86e3b9689731a6f3e8450c713
1013,Hoang Hoang Phuong,0351342186,hoanghoangphuong1013@gmail.com,10.769084,106.679395,807667919de8c4f8bd36885cc7419e9fa9914adcbcefb9efe05ef43c1a0e9179
1014,Dang Anh Hung,0918818296,danganhhung1014@gmail.com,10.731670,106.601882,cdddcd04121f2ac85dba5e9002bceb2045a2333bf8e2d769d682d074bc7938b9
1015,Hoang Duc Phuong,0901342788,hoangducphuong1015@gmail.com,10.742659,106.694472,9e9e365b287a16115142be41795fa4f96e3eba880d16ced57df50edea038f886
1016,Tran Duc Phuong,0985967215,tranducphuong1016@gmail.com,10.879627,106.678550,3d2353711a03647759e11e5af85b191b4efda9022da50a101bcc5218a1fb3e36
1017,Nguyen Khanh Tuan,0904220040,nguyenkhanhtuan1017@gmail.com,10.781063,106.687921,6c067010815ff4c3b8268893be099339a78aca9b17b60424fb1686aedfc9ce87
1018,Nguyen Minh Long,0902849543,nguyenminhlong1018@gmail.com,10.743669,106.731295,82679fa8b7d607e4ffee46e12a447e92d8c94d5287155b5d97e698ab37f58a81
1019,Tran Thi Linh,0919168293,tranthilinh1019@gmail.com,10.746966,106.711582,bfb429db012ad1e9c681583605baacc0b26d6cc26b63f47bf5e54dcc52df97bc
1020,Nguyen Van Tuan,0776500312,nguyenvantuan1020@gmail.com,10.776755,106.677770,6d7eaa544d229053f1f6221d271eb1b3063347a453bb7ab7cafa76f684263c36
1021,Nguyen Duc Long,0934581125,nguyenduclong1021@gmail.com,10.816881,106.603496,44d9ba5de37a91cae46c52d50f20c212fc036a43998eb1e7d32ce691e37152e0
1022,Nguyen Duy Hai,0771261860,nguyenduyhai1022@gmail.com,10.746872,106.643842,158151d8bf1975ab5321fe6a68508db5f9da5ca2f7fa551f483cd7aa042e8b54
1023,Le Khanh Tuan,0911551641,lekhanhtuan1023@gmail.com,10.832601,106.638417,681346766c5a30ad57b6f580477bd810571563bfdba8241b5e9d6bce1914c023
1024,Phan Van Phuong,0911630522,phanvanphuong1024@gmail.com,10.825030,106.710348,a75a167fcf6f433dfcc49cc344d05d831316f7f846cc11f56d84fce2c7ffd238
1025,Pham Duc Minh,0987553180,phamducminh1025@gmail.com,10.846736,106.719703,2b3f45a32efb94ddf0b37b1e3aee9eb63a37d56e1fcdd4c0568c1b7f783825f1
1026,Pham Duc Huong,0988150091,phamduchuong1026@gmail.com,10.752568,106.653194,aa03e26655c11ab9a63e8ec6317573f9b0358eef5555164ff94a2648057bbf7b
1027,Le Duc Huong,0914095587,leduchuong1027@gmail.com,10.867454,106.721189,32564b90e15dab541cdfe1ec8e17d5bc565382a70a0e5da34d09f9617eab462c
1028,Vu Anh Anh,0355154249,vuanhanh1028@gmail.com,10.764866,106.722247,eae2e208b81dfaa8fee261a6a23988f87b362deb4d779f6c7d9795eef55ee8a7
1029,Nguyen Van Huong,0972909045,nguyenvanhuong1029@gmail.com,10.864914,106.668386,3f0c424bacf958799e02eb884d70717fb0cc317ba46fdbcd3e4ad7cf6b36b955
1030,Huynh Khanh Lan,0986045575,huynhkhanhlan1030@gmail.com,10.757659,106.736050,7f63f0ea0f74e60995761ab4acfae99064b590a17d7969f70f5fc0b998051c6b
1031,Phan Anh Huong,0321311087,phananhhuong1031@gmail.com,10.877110,106.605278,b49d69eb5d5912b8a8695079b32f5162420f1f6735e2ca93178c7e01da7a8bc2
1032,Dang Duy Huong,0973906582,dangduyhuong1032@gmail.com,10.748538,106.624350,cddb38e0cd479fcb01dcb199275f6af610cde03cc99e28b866d7203ebb12d734
1033,Le Van Long,0930660684,levanlong1033@gmail.com,10.732572,106.714991,04bec4f2892c352651eee766b9af0c31dfed258fc45f17aa342c9df227fedc25
1034,Huynh Thi Lan,0357872071,huynhthilan1034@gmail.com,10.832905,106.708573,850dd756ee4b1024f0bc46d0c70873bd992486d4f3d380e8d32dc11556b409f7
1035,Pham Van Phuong,0775424176,phamvanphuong1035@gmail.com,10.772444,106.730806,69de94d51814edd6b34ddedbf6fee5cae35b714ce2d304407126ff1b33f4d89c
1036,Nguyen Duc Phuong,0351250186,nguyenducphuong1036@gmail.com,10.867490,106.609280,d9699e2022cb7f890957cca8473d93735bf839a3b297d47f240f757764894e8b
1037,Tran Tuan Anh,0939666340,trantuananh1037@gmail.com,10.826368,106.742380,c1fdc266c2df5769b2b2b328da0001b38b077eaffc1bc323cd240cca8dd676c8
1038,Huynh Ngoc Phuong,0356599018,huynhngocphuong1038@gmail.com,10.856326,106.706572,d0b73db7e58194e7cd553831e20903f7cb711ba1de7a0dc20eda0aed09202f13
1039,Dang Duy Long,0770985507,dangduylong1039@gmail.com,10.810809,106.699116,f54b98b0102bfdc1b409cad005bc2186d8132c5b45faa9c107659ddccd0d1cb7
1040,Hoang Khanh Phuong,0974370303,hoangkhanhphuong1040@gmail.com,10.842180,106.736645,2e3b0999dc62b83ddaa9a5a60376ef9c8dd48c49960fc3d00dae1ba5ccf05d06
1041,Phan Hoang Minh,0977709975,phanhoangminh1041@gmail.com,10.858109,106.604541,920632c24322e2a903382c95b2c888bba7d245eabe85dfc4d8ce64758d1db871
1042,Le Thi Linh,0770446570,lethilinh1042@gmail.com,10.812894,106.679864,ea128aec52b907aa2ffe78b60511290fd24576265ac84d36aa7572f509f70a5c
1043,Bui Anh Anh,0918646516,buianhanh1043@gmail.com,10.757202,106.688165,93a3661c1a1b0484be139c1e06140bac1e58f0d946c392711902e9b53c53f4b2
1044,Hoang Van Lan,0320842359,hoangvanlan1044@gmail.com,10.831421,106.655500,37b01cb07c7ef8cbd8b9ce6942610bcc2d7fa9321ecea18310ab2e5790520daf
1045,Dang Duy Huong,0353303371,dangduyhuong1045@gmail.com,10.820009,106.625761,f0a402aade69c03550facb13ccdbdbcbf7824186632c01889e3e72d86c46018a
1046,Le Minh Long,0912479140,leminhlong1046@gmail.com,10.858534,106.697119,33b8ded35cc09b5535c01a4b8feb807e581412e1484f1fbb9b60aae71e507e38
1047,Phan Duy Hai,0909885503,phanduyhai1047@gmail.com,10.835091,106.679694,0597108d3fb70f5ce7f2feaaac5aaa0d2f507631139df321f46a536673fe3bf2
1048,Dang Van Hai,0915703931,dangvanhai1048@gmail.com,10.830390,106.667237,4049c7a7486450a8c995a6a04df60ca41bac5c38bec17fafdbaa1f9f1d0ca94d
1049,Huynh Khanh Linh,0328828928,huynhkhanhlinh1049@gmail.com,10.825830,106.657807,24dd43dbbd62cbb0fcfb998f3e13e39abbacca5291f907ae2a203077b2b1b167
1050,Vu Anh Long,0985097537,vuanhlong1050@gmail.com,10.733107,106.631504,61ee307db1b2593739f3104c740ff8006b0dfa370dbe113ac81fe004fab8c0cc
1051,Nguyen Thi Linh,0908850926,nguyenthilinh1051@gmail.com,10.737609,106.674845,4448fcf417c5aca21e110f79b45ef5053c2795295b8bc11fb284fdec2dba4b10
1052,Hoang Anh Linh,0775133586,hoanganhlinh1052@gmail.com,10.876004,106.723061,4d07ddbe1dbc2be2afca063355c13fe2fc5e45a5396846965b08b0180f24c283
1053,Tran Duc Phuong,0903235781,tranducphuong1053@gmail.com,10.854505,106.719929,a83c3826e8c6e31d01c96b2a70cd3e108f2f29927dcf83b9819644d61f99cb67
1054,Phan Tuan Anh,0903738692,phantuananh1054@gmail.com,10.867912,106.738810,0c06a0725529ca7a6762b42a90189ec4daa3f6b1276224da768154abf1ace73b
1055,Tran Thi Long,0916061760,tranthilong1055@gmail.com,10.757174,106.662199,bb6ea9249dd74dd6f50f809e6ed0fc67ca9e3547775ad2bd1a16364822919b24
1056,Nguyen Khanh Tuan,0902663387,nguyenkhanhtuan1056@gmail.com,10.748951,106.615291,ca7c0946e2cf73bc20fb205b9aad670d0c171a5cf465363fc0a8cfc9e7e0d809
1057,Phan Duy Minh,0973543114,phanduyminh1057@gmail.com,10.760783,106.727046,024eb74902c83e058afa5f303083ccac9e61ce27c73da2cbe4f048f33e8cfb9c
1058,Huynh Van Hai,0917253295,huynhvanhai1058@gmail.com,10.845483,106.618950,aadff55ad79572f2aea5f42a84f4b987e4fbac00448846538f7ade0eb9e05de6
1059,Vu Van Huong,0937904107,vuvanhuong1059@gmail.com,10.750133,106.741361,241808ada19086f4ae0f5e96fbdfcf796b7e1dfce7d0bb97298d3c60e6c3ecea
1060,Pham Tuan Hai,0980127305,phamtuanhai1060@gmail.com,10.758212,106.643595,1ac891e0552cc5c75230f575541fee07458c29815523106d2f728cb6149a12c2
1061,Dang Van Long,0770803152,dangvanlong1061@gmail.com,10.822445,106.696079,ee30bc745895c7fff6c5dd55e7acc80379a0fd4d44f32efcabf3c8298b8de47e
1062,Pham Anh Phuong,0779778771,phamanhphuong1062@gmail.com,10.824886,106.747786,9e6f2f85c6fa1d5266e33159500a9c1cd3fdd9fcbfc10389eb75c25c0a1a3073
1063,Nguyen Minh Linh,0982356824,nguyenminhlinh1063@gmail.com,10.740482,106.636494,df9a1184f37ba4e0137af2826b0566262d94af1d0aed59a1702e2ec4060ed462
1064,Nguyen Minh Lan,0322361978,nguyenminhlan1064@gmail.com,10.779729,106.600738,ab4a0845c8c1e08cec06ae9500f0350f122dc06991b7a02e055b4c498c0f3eb5
1065,Bui Ngoc Minh,0355923516,buingocminh1065@gmail.com,10.732683,106.725539,f4a972f02969c71af0858df79c88c88f02ed38f64e1439675489a34da5e8ebbe
1066,Tran Hoang Minh,0914571189,tranhoangminh1066@gmail.com,10.788809,106.654328,8a15507e23dca1b0eee8db002ccf29bce0ccb9a78e84c1ec64b155fee27cdc27
1067,Vu Duc Linh,0353836043,vuduclinh1067@gmail.com,10.771345,106.646970,94babe6ce24ec56321d1f43b075be9714228d58e6fefafa02cff1af7da92b6f6
1068,Nguyen Tuan Hung,0906524083,nguyentuanhung1068@gmail.com,10.855638,106.702384,cc01359ba9304e28202d170e6e336dea5618bdbe5ad16b69acf806d7f25a1282
1069,Phan Van Lan,0982524874,phanvanlan1069@gmail.com,10.755665,106.653406,b9b3d222e9e694533ccaa4f3c1336be2ad9009418ae5362efab217968a46a86c
1070,Tran Tuan Phuong,0982651799,trantuanphuong1070@gmail.com,10.783410,106.707264,48ff59205f10b3c60e7b36f8164b1c1979795eeb4836c14738bf74cce95b57df
1071,Bui Thi Anh,0912875302,buithianh1071@gmail.com,10.790858,106.702648,431c644ac9edda3e7153d08e66d4a19526d4a276d9effabf0f72330e0aa0d61d
1072,Pham Duy Hung,0914527354,phamduyhung1072@gmail.com,10.837146,106.633904,6856b7807fac0834ef612f7a29b3f2f6704b3ffbc4719ba2dec13761dc11df20
1073,Hoang Duc Hai,0918323165,hoangduchai1073@gmail.com,10.866089,106.602849,9a3645e2d4fdef532df7a1a2c8a0b7a4da776db072320085fc8e95619a779044
1074,Nguyen Minh Minh,0976539177,nguyenminhminh1074@gmail.com,10.869822,106.644182,a69e02c2f293a6290bb9ca9f3ca4de4628c6f98068c74b34199aa787c71c1396
1075,Bui Thi Huong,0904441219,buithihuong1075@gmail.com,10.772147,106.669624,de4b0a2be9fa37daa9f8d053d4e1a5278ab4dfcda7dd86192d2be8178ddaecd9
1076,Nguyen Hoang Phuong,0937173712,nguyenhoangphuong1076@gmail.com,10.837038,106.621033,dc22a8e5cddfc09a26531d78b3ed2e25e4fa74803565f31df29071e196d41492
1077,Dang Ngoc Hai,0356649076,dangngochai1077@gmail.com,10.736884,106.607253,a012440773acc68c3c0c4506eb49cfa4026945d09e0885240cf3de1a9f117e18
1078,Hoang Hoang Long,0986135884,hoanghoanglong1078@gmail.com,10.813549,106.665399,d7e24be6420b1b7ea7dfe681c84bf540f60f07ac3c8e3b27897eacf6394f8940
1079,Tran Anh Tuan,0979136638,trananhtuan1079@gmail.com,10.869727,106.700667,ac0e2b87c23cf4cb37d7eebee724f2b18fd8356885ddd7b8cca70a39b3418e9e
1080,Tran Duc Linh,0930577291,tranduclinh1080@gmail.com,10.869667,106.669891,ecbde90cbc0bc0781ddbdf0d32f4d73b52cabff44e57e2df13df09ca77a04e68
1081,Tran Ngoc Phuong,0358317753,tranngocphuong1081@gmail.com,10.832058,106.628468,b5180095ebff4568f81664efa5250688949a8cd2aad8ce16863989c692913ea5
1082,Huynh Khanh Minh,0357262464,huynhkhanhminh1082@gmail.com,10.833514,106.706327,c5cd49a9083749379332f51c5b761ff71ae0a45833f54efc74b44e928d3dafbf
1083,Pham Thi Lan,0901808469,phamthilan1083@gmail.com,10.842163,106.704143,65764c0b4db84abcdf644cbeb586962ff7e788a4cc4ee1418fc3c5ec701ecfca
1084,Hoang Thi Phuong,0936741454,hoangthiphuong1084@gmail.com,10.816022,106.674357,a74fe4ea16c063c24ebe55b5cdf1811746527a53e6b1040c42d6662024f23b27
1085,Vu Hoang Minh,0986518962,vuhoangminh1085@gmail.com,10.762235,106.626556,65de1b675bfe7e06872336bfe14f193af424f21441398429420f9f764287d835
1086,Bui Duc Huong,0775157867,buiduchuong1086@gmail.com,10.734685,106.666009,b5df6f4b1c61c5ab8a03001375fd4a7f154b828ee531de512d2702e530c2f916
1087,Hoang Van Anh,0936776743,hoangvananh1087@gmail.com,10.826091,106.614193,1fbca4be769612f2df61a347e774bada3554f7e265ec0da068d9d8c231bc190a
1088,Hoang Tuan Hung,0324747941,hoangtuanhung1088@gmail.com,10.861627,106.691692,f79a62cd5a9958c1fe976e342132d912198e50d4073d9e1a45760d73866d7086
1089,Dang Hoang Lan,0970303770,danghoanglan1089@gmail.com,10.763487,106.641982,e2aedce7cc5e73439d92e9f2b7c717f47355874db165d32c6f8a79d7bf777dd7
1090,Tran Anh Linh,0912291974,trananhlinh1090@gmail.com,10.802860,106.644069,6b5e8ebafaf42753b9266debf260fdd76b2affc569b2555fab336ddf80b74156
1091,Le Anh Minh,0988464281,leanhminh1091@gmail.com,10.838450,106.655372,f4bd35cec3914492de8ae2e5f4aeac9752230a3c9761c534310c7041819d6ddd
1092,Dang Duc Minh,0326088768,dangducminh1092@gmail.com,10.839094,106.691806,2b4c380a2c349ebe363ef6ea2b4aced1910f51ecbcb919cfb164cd252e6f72c1
1093,Pham Minh Linh,0915339977,phamminhlinh1093@gmail.com,10.834723,106.692150,3daa1eb2ad91608aa32e48c9a3939de240ee4139bf868ee65a4a78dcfba1baed
1094,Hoang Duc Linh,0906385253,hoangduclinh1094@gmail.com,10.858052,106.621549,15258161d003c6b329647ab952a5467bce2857e2d1db28f5131cee899ddc6772
1095,Le Anh Lan,0774165911,leanhlan1095@gmail.com,10.863388,106.640821,28eb6bae44187b0333499eab4e5f50b477fe6cde99c070c5697f93a2fed29659
1096,Tran Ngoc Anh,0907728074,tranngocanh1096@gmail.com,10.847394,106.695478,e78b33d52c80525966277471074b81d4a7b88f66e4a94e2ece37460d9c0bed7c
1097,Nguyen Tuan Anh,0900390991,nguyentuananh1097@gmail.com,10.796056,106.723187,6fb61b32beddb99aae9d1c8b8b055a994308141641182bb36770302c491aa07d
1098,Le Van Tuan,0771826210,levantuan1098@gmail.com,10.856997,106.606958,9d970a97d4f3015dd4a2df3b891d99f18c1b919aebe0f2f48b253af13fb76564
1099,Pham Duy Tuan,0908603063,phamduytuan1099@gmail.com,10.829799,106.707566,924fdfc3a818954c8fd874c627dbb5d9a3af50e9dadb60d4a5fa611cf3349eec
1100,Tran Anh Phuong,0774690534,trananhphuong1100@gmail.com,10.744540,106.675497,1857135e88bbe59ce9d97dcdceed46f9281f69bef0971e64928ec6f84d331541
1101,Dang Minh Huong,0326586271,dangminhhuong1101@gmail.com,10.790147,106.623306,bde9a7f04ae1a2d614404fbd2c375da92722d1271a7b0e4b391134e428422824
1102,Hoang Tuan Hai,0901999078,hoangtuanhai1102@gmail.com,10.758507,106.634733,ca3b40c6f57566136dcb7eb03149370ad5f37c2d9d94ff931e9b317c819e0354
1103,Bui Hoang Minh,0975937115,buihoangminh1103@gmail.com,10.870494,106.640854,e7f6cf40d0930f59bd4c0abcad7ff32227ac2e2ddbbf2c186c5c32fdedcfed3e
1104,Bui Khanh Hai,0774404589,buikhanhhai1104@gmail.com,10.878476,106.686983,f664e3666c680dd4c6c0ff2e1dcc657e5911c49d026160cd848e74b75e9d5fce
1105,Nguyen Khanh Minh,0977107462,nguyenkhanhminh1105@gmail.com,10.818915,106.731376,3cf3b85f0105504f9bfeb2a107d7a6eae6390598fa5a2239b20835c43a083707
1106,Nguyen Hoang Linh,0356414565,nguyenhoanglinh1106@gmail.com,10.795283,106.640969,25027daf5dc1a5ee8e6251358c5a3d2ae59d9896ada4ab1996ddbbd4c07a457b
1107,Huynh Duc Hung,0984605815,huynhduchung1107@gmail.com,10.811950,106.662769,c8ec48de4503c8c388bc37678f80fc09e1a8776114e4ed0e6a6de745a22ec75b
1108,Vu Khanh Hung,0775624059,vukhanhhung1108@gmail.com,10.741863,106.697092,ea14edf21716c3d28ec7c8c809071f7ef1dc39d92c414446970f88438164590b
1109,Le Anh Lan,0907288686,leanhlan1109@gmail.com,10.805669,106.639960,39012725d65f469afc7378b8905c61f432c22548ed1e2b69a6c381358e9b0535
1110,Hoang Thi Lan,0900373999,hoangthilan1110@gmail.com,10.830940,106.702632,1599d895bab409b88468baf96da774028d186a7ccd2e59bb115d7eac90f7d0ee
1111,Nguyen Khanh Lan,0773777662,nguyenkhanhlan1111@gmail.com,10.874531,106.740539,12e83a233aae09f28e1172d84fc9115fd43bb42a21be9a6a908c8eec1739a373
1112,Hoang Tuan Anh,0975094883,hoangtuananh1112@gmail.com,10.771534,106.681407,a5fa3f5268dadda7a0701eade5edd1fe1dadc27a687d80e071792b5a2e7f743f
1113,Nguyen Van Minh,0359583913,nguyenvanminh1113@gmail.com,10.843704,106.692973,7de59a90dd59a7cfd1af92a5477f6530109f39d57da62e9903834de48bfc7811
1114,Bui Van Tuan,0329247128,buivantuan1114@gmail.com,10.860691,106.662873,1c1a31ffcb514d2c005d1c555680c09852ee78e7c1a2ec5365b43e253b1a9cd7
1115,Tran Thi Lan,0777424282,tranthilan1115@gmail.com,10.798848,106.626794,fe4567851b3f651ed5b47b1373f6eaf46291375c5b9e9cfb8800f873db6d172f
1116,Pham Khanh Phuong,0971986718,phamkhanhphuong1116@gmail.com,10.823564,106.661499,c09aa0ebc592d8acb74cf54990cd99a2f1f33359dfa96c2b9951aa4753985028
1117,Bui Hoang Minh,0323078999,buihoangminh1117@gmail.com,10.858598,106.744272,9f4fa839a9cd36191a517a3163b84b936a0025d30093885fb8bd29f9f9690771
1118,Pham Ngoc Lan,0775387120,phamngoclan1118@gmail.com,10.820614,106.681851,c8f27c3d0b2a4e3dd9fa45320b428429fcdffd760180f37133f5f9f2e36b03d0
1119,Phan Anh Minh,0353140278,phananhminh1119@gmail.com,10.746198,106.713139,27bfe1457f0df3dbdf4a7d7446b72d559e8761089153d3cef864104449c2838b
1120,Nguyen Duy Tuan,0322993283,nguyenduytuan1120@gmail.com,10.798921,106.748080,ba672d6943985a5a4fb7dca6041fa2cc63190bdb685b8ad0677e00476b156d06
1121,Pham Hoang Lan,0903661352,phamhoanglan1121@gmail.com,10.865295,106.720982,6c748d005c96155322d0b6c6b952b5b4c9fd537b53b9041ebbaba2a0024ee69a
1122,Nguyen Duc Long,0915361045,nguyenduclong1122@gmail.com,10.776343,106.680617,bc16ae122ab4e9b39fba16693042862114aaaae57ef5da0c3976b45112bbd764
1123,Nguyen Tuan Hai,0325289597,nguyentuanhai1123@gmail.com,10.760161,106.651475,19ade07e9f02d23d223732f2be7d20f5d12bb171d75ef8de63bb41236ed034e2
1124,Bui Ngoc Anh,0905661043,buingocanh1124@gmail.com,10.840059,106.704721,2b0744224fed7ac69891040e5bf2703ee7921d208b13b6aec460bde0cecbd705
1125,Pham Thi Hai,0916727392,phamthihai1125@gmail.com,10.750330,106.624769,c8e500ba34a1b355e0c245a670da8e77d154b5220bf5837af2a9394f664d1117
1126,Hoang Tuan Hai,0931591099,hoangtuanhai1126@gmail.com,10.772564,106.672534,0219e685601c9a84a17f3951640bde473d738a371b771e2e277892523bd6dac8
1127,Tran Minh Anh,0911209458,tranminhanh1127@gmail.com,10.793964,106.604693,01cda59cbc757693b5b22b5de9d6d657e435218b3dcf066b4af669bfcc4f2288
1128,Dang Ngoc Phuong,0774078513,dangngocphuong1128@gmail.com,10.808725,106.612795,629dc2230add187e20b6997358ddc15a6a483b48c0e7658dd03255a5f13e01f5
1129,Nguyen Van Lan,0907717767,nguyenvanlan1129@gmail.com,10.870188,106.722733,5f83da49206b653de75f5b44b4818c099317f2d350bfe4a9f8fcfd93d89de657
1130,Pham Minh Long,0773663690,phamminhlong1130@gmail.com,10.854692,106.729909,ad7d3f3393a0e62534d04594c9731deebc708af3e44e1f4829fee36b6361d502
1131,Vu Hoang Long,0915653548,vuhoanglong1131@gmail.com,10.771077,106.613848,ee3b8272e011232abc608f9012bd45398c9b5c005ba8a4413434c9c39d21d973
1132,Nguyen Duc Hai,0910639828,nguyenduchai1132@gmail.com,10.814840,106.657196,7c39de4d9686c72b754789c660228b4f92ef0725fc6aee183739c64fb4b87d97
1133,Pham Duy Anh,0983699121,phamduyanh1133@gmail.com,10.790879,106.619434,e826a53f0a3f3fbe2f5575ba343f16eb492b18a64356ac7fb117f94df36e97b1
1134,Pham Khanh Linh,0916189602,phamkhanhlinh1134@gmail.com,10.872512,106.693891,59cd31f7df8c448e90d391f4d269e63a266b858d5bfd92d726c373a20c208732
1135,Nguyen Khanh Huong,0914840237,nguyenkhanhhuong1135@gmail.com,10.845532,106.716692,d71e2dbb59849068be990d05e857258c0e3d100ae3d100564597214bd356c903
1136,Nguyen Hoang Hung,0919138005,nguyenhoanghung1136@gmail.com,10.801734,106.678103,93bd8abfde108fee842ff2a25eca5ed79f8e9394a39371d3fb674091b6b7760b
1137,Huynh Khanh Huong,0354557159,huynhkhanhhuong1137@gmail.com,10.864892,106.732598,41ad6a972139b1cf125edd815f731e0cc9818c15290cb48973e41d11b79fe6f2
1138,Pham Khanh Phuong,0355852793,phamkhanhphuong1138@gmail.com,10.769560,106.680762,d82d8cdfec08df92100283b2acf74e2cb48bdf5a7928308358339ff1d220be4d
1139,Vu Anh Phuong,0938352351,vuanhphuong1139@gmail.com,10.849798,106.727566,6a1f0311604a6400268d2a90799af98ca84a0ea0790e7efc41fc40e37cd8680b
1140,Bui Thi Hung,0906921410,buithihung1140@gmail.com,10.853546,106.706778,6d4d41c335b01648ba44b7a40e66c906ab089dc544dfa8b7cac8ddad39ed2284
1141,Bui Van Phuong,0912970800,buivanphuong1141@gmail.com,10.795359,106.725172,ebd67c47c895a4b2c615f91ab4b2d46227b9836c0e932f2ed84bb39675e3023a
1142,Nguyen Van Tuan,0910163812,nguyenvantuan1142@gmail.com,10.871518,106.620137,daa2d6a615819de4775bbc97c20f7cb151a01a736cce7b4ccc687cccc898116b
1143,Dang Hoang Phuong,0975648812,danghoangphuong1143@gmail.com,10.779816,106.668266,9ada42bd9dcb082a96207bc49f76dd79f34d2902aa89dbd9ea25f916e9c77c0c
1144,Bui Minh Linh,0772399765,buiminhlinh1144@gmail.com,10.824109,106.737889,dc995784e70e89d4f0cae5412e53abf019b0abbab85779acafd65ed406b63aa8
1145,Bui Ngoc Minh,0910124351,buingocminh1145@gmail.com,10.810075,106.730637,8770c56bdce629aa95121d618c717ad31187af7304dda4c7694c3f98760313b4
1146,Vu Minh Lan,0905419251,vuminhlan1146@gmail.com,10.748660,106.705604,615b58687b12d7dccc50f52078bfc539cb48e0d56834bd5e368d5e8ff371d34c
1147,Huynh Tuan Anh,0900819639,huynhtuananh1147@gmail.com,10.808152,106.665474,000b176c4a35af7158fe4cece0f1772f82f4434075548887d1afbb9e82448337
1148,Phan Duy Anh,0975332254,phanduyanh1148@gmail.com,10.765474,106.644916,aa0a16318a816ce037c6b0db31896b5e6fb20f86f9fa70b569ee9f1e00752dc7
1149,Nguyen Duc Hung,0971725369,nguyenduchung1149@gmail.com,10.761192,106.660167,86c0570e62f2e758be7e17ac87635d22a64c0710768556dffd39d4b915baf951
1150,Vu Tuan Hung,0907967734,vutuanhung1150@gmail.com,10.820980,106.683065,5eed93aec25bdc0163764614acbc7f6196833f80b1493262fc4a28e2eb866fa2
1151,Tran Ngoc Linh,0981365564,tranngoclinh1151@gmail.com,10.835057,106.646991,45df5db6cf7a4884182096b127e53683061f6e71cbe78eb618dd730b647e7497
1152,Huynh Minh Minh,0904281115,huynhminhminh1152@gmail.com,10.842185,106.607056,268d576b3ec51ff43badaf49e72c4167ec181080154831b777f458aa8ab4e8f1
1153,Hoang Ngoc Huong,0905814690,hoangngochuong1153@gmail.com,10.733742,106.708885,395809405d7086717b4067393d8781ca6f9bb1a1f70506bff88d36c9e5e26df7
1154,Phan Duc Minh,0977772509,phanducminh1154@gmail.com,10.810190,106.632767,88fc15b36cdf9a061b0582ac00ea56dd7f3dbaf1710fddbf67159764c275a703
1155,Dang Khanh Hung,0934160384,dangkhanhhung1155@gmail.com,10.827330,106.610527,1ccf44de75fae81968c836e0b14bb222e371d887f4c45d400a7498ff707ee578
1156,Nguyen Minh Linh,0912127722,nguyenminhlinh1156@gmail.com,10.837804,106.741852,57032b6e3207f49f9c86bd82636fa7b631d5bdd6c3c6229a6a39069f2bb23778
1157,Vu Tuan Anh,0327166308,vutuananh1157@gmail.com,10.780980,106.727225,914f84c16ae26f9268c85cdaaeaf3cd2ae891e4b52cfbf48b30269d566ca9e83
1158,Hoang Thi Long,0973333437,hoangthilong1158@gmail.com,10.848403,106.740659,793f40569b93db8c467962b83b706347c646a9f09357bd4ae60b84ba4d5a8db8
1159,Bui Hoang Phuong,0987787638,buihoangphuong1159@gmail.com,10.783843,106.666547,9f35e3eaca3c1774b53e023d862b05325a5805d228a14e127a3092579ac6baf5
1160,Dang Duy Linh,0773595349,dangduylinh1160@gmail.com,10.862721,106.689282,9f0b507c83030511fc6bd3b3a057eab829ddcc9bef8fb6737c2354dd33079bfc
1161,Tran Ngoc Lan,0931163389,tranngoclan1161@gmail.com,10.877870,106.656502,8e2757bd3d95c3f3b0fead2f82610b81e019a28ac68f7449327fbf8cfac4479f
1162,Vu Tuan Tuan,0359855982,vutuantuan1162@gmail.com,10.762479,106.650677,053b1b63a8bc61d224b07d8930d329ba8af7559c1c05cc44f32748258b13143a
1163,Le Thi Lan,0930822127,lethilan1163@gmail.com,10.852897,106.747056,92eaa2c17b6dbb1d6a2f62146d5ccdc11c01192114dc9fb6ecf5424ecb90cffe
1164,Huynh Minh Hai,0326131083,huynhminhhai1164@gmail.com,10.801198,106.624815,d89d2610a1260cdd56839d627e3d6f46925740978775d84112bc0b8ef4aa1c97
1165,Tran Thi Hung,0771324868,tranthihung1165@gmail.com,10.781496,106.667981,aa2a27083918a057658e259a558b7060d011d1b5d1237722d9ca7ff1dc2f723c
1166,Nguyen Duy Hung,0981355088,nguyenduyhung1166@gmail.com,10.842327,106.600486,54fa28c5db7150c0d8db854aa408eea66775d47e355942dda4f76d60ce22d2d7
1167,Bui Minh Lan,0903917308,buiminhlan1167@gmail.com,10.867521,106.653856,407aba93affbfa78dc7bad8f51e5bf5a8cc80106b1dac2674b479fae2b6f7eb4
1168,Pham Minh Hung,0352573615,phamminhhung1168@gmail.com,10.846587,106.626131,cb65c219de9efbef4aaf9b779a648bcf59a2e94bf746fdff7030f29062ff2a18
1169,Tran Anh Lan,0971039703,trananhlan1169@gmail.com,10.796754,106.610924,1a841a5106d709988e163b05257f84c8aa7c3a09456dc81f5935d05c535bc66b
1170,Vu Duy Linh,0770587693,vuduylinh1170@gmail.com,10.777825,106.727624,9b57e3022fce1eeff1ce947bbb61fe537ed30065336af1780ebb70cdff511470
1171,Vu Ngoc Huong,0778443875,vungochuong1171@gmail.com,10.763562,106.611222,ecae44561c49d7c76bd744baf9709fb8ddb819113b4543a3a05652700a82f825
1172,Vu Khanh Long,0931789705,vukhanhlong1172@gmail.com,10.821853,106.633872,c142aa3f843ea6e37388d08c2f053a13f084b1a48fe942874bef7c3295eb2689
1173,Nguyen Khanh Hung,0329406116,nguyenkhanhhung1173@gmail.com,10.795389,106.719824,61e035e0cedde0065bd673644e98417185b81c0c5673aaf9129119765a6b2c47
1174,Bui Duy Huong,0978331066,buiduyhuong1174@gmail.com,10.737402,106.735374,997e142edf05d8d2d9979b8e5c298e3381106298213c5df14665494a090a8ad8
1175,Pham Ngoc Tuan,0977254459,phamngoctuan1175@gmail.com,10.838885,106.734991,5d022358acd6ee8be5923686d1d791c438c813f517ddf98456b37c6f76ee59a0
1176,Vu Anh Lan,0353380699,vuanhlan1176@gmail.com,10.809563,106.689466,a91ab13eab502033034bd3ffcdf11b13ea924a1e23fe159e81371cd5be0655e3
1177,Huynh Hoang Phuong,0919168273,huynhhoangphuong1177@gmail.com,10.831329,106.727790,cc1cf7094d8e92c76c897eb34058f33d6c2fb6a149146303c924f02d30f9ba2b
1178,Bui Minh Phuong,0772567223,buiminhphuong1178@gmail.com,10.742233,106.747485,725bedbc8cb740ea4716d2b7e5238e72143131fad08692238d02449ae883d6d6
1179,Tran Hoang Phuong,0930828965,tranhoangphuong1179@gmail.com,10.758167,106.693430,f6c4270fef192192a763c9c8fd1ba7c38e3b2a12c551b8d6efe09b5531130e10
1180,Hoang Van Minh,0323127757,hoangvanminh1180@gmail.com,10.737499,106.704299,f3dd2fbf2c118b79e3a9463de7a03ac14b52aefedf67cbe1c9ef95dd3185cf8a
1181,Pham Tuan Lan,0977296457,phamtuanlan1181@gmail.com,10.755576,106.664126,05c4c889c3338b660a993801d2b7aa53aee44481e12d36dbe8e6208b84ffa907
1182,Hoang Van Minh,0975300662,hoangvanminh1182@gmail.com,10.736643,106.738607,c92e6ac75dc4beeb4d32884d028b1e81e0135ec64a5f97b10ceda406b9c4cb8c
1183,Phan Khanh Hung,0329993257,phankhanhhung1183@gmail.com,10.873095,106.677946,87bbc05f9819acdeaf6fb07cca4c1572f6a7bd93de0a9f3c4c8e906b02658e75
1184,Bui Hoang Tuan,0779292041,buihoangtuan1184@gmail.com,10.760498,106.696269,df2fe000115d6af533d10569510fca15c76efca64e57cb480d4af6ba55c51766
1185,Dang Minh Hai,0772036261,dangminhhai1185@gmail.com,10.731922,106.607704,94f95ac881e0c254ea01e45ba474912ec61710d1e590c7893babc27fd8e39f61
1186,Le Duc Hung,0971842423,leduchung1186@gmail.com,10.771766,106.633216,2dcb545f13127fd9717dc1618dc9d530bb4c1b9ca62b4a4056f7addd7bf6db9e
1187,Hoang Thi Phuong,0901462954,hoangthiphuong1187@gmail.com,10.775036,106.626671,4ad9230e55a6e08d40d1a74d58bbde5609c6811ca10fe03ad44a8162866b18d1
1188,Dang Van Tuan,0930600674,dangvantuan1188@gmail.com,10.823098,106.721925,c3c5192e2bdccc4ffea65e1bd60991b058e0c936dd10fefd3cf0bb07f51e319f
1189,Tran Anh Long,0352638261,trananhlong1189@gmail.com,10.802803,106.735741,efbe7205e15a4536d2981c6615b12b313191fa74b4e17bbbb42a546558b58041
1190,Phan Tuan Linh,0919893233,phantuanlinh1190@gmail.com,10.827390,106.686511,3fd78ba32c191a58cd32c4a3ebed6d9b1235d2ca2737cb363b93dfa7306ba589
1191,Vu Van Huong,0907965190,vuvanhuong1191@gmail.com,10.822586,106.681376,40e73614cd9df65c89db2e71c92b91d10b7cb4fb1bf26a1fbf7b596b17b38045
1192,Nguyen Thi Hai,0918271150,nguyenthihai1192@gmail.com,10.794623,106.640556,514b3a5505101f26920275dbbd56be194e641569d7b61bd3224e2e9a515e95b1
1193,Hoang Duy Huong,0352354281,hoangduyhuong1193@gmail.com,10.792254,106.682889,b546217d77a23db22c2d3c5f290542d1f608617763c3fcd7e715ba92092e7a3b
1194,Dang Minh Huong,0903973484,dangminhhuong1194@gmail.com,10.873693,106.737299,c0f2bf8f61e17a245035b5e5542f20b6d45508e305af4da498ed9b1099b3e04f
1195,Pham Ngoc Lan,0910001229,phamngoclan1195@gmail.com,10.807183,106.603074,80d99cf6cfd5a597acdf75fa4c4b57a5c5aa41a0f91f213e8bde5e0c9c4c2931
1196,Nguyen Duc Minh,0771583541,nguyenducminh1196@gmail.com,10.776273,106.668951,aebcc74b18116d867d51225f221d97d68042ebdc1ee2c34dd470565fc3073ddd
1197,Dang Anh Minh,0989340511,danganhminh1197@gmail.com,10.864604,106.749848,0ab2491086996405a811282ec49bd58d102f23d08046a7ae9419d8e3877accac
1198,Tran Ngoc Phuong,0979080394,tranngocphuong1198@gmail.com,10.790395,106.607917,3c5d310fb64e181251bce98e3b70ece2e4ab4ed392b5b4bba406378e4cc3d79b
1199,Hoang Tuan Huong,0938975644,hoangtuanhuong1199@gmail.com,10.812134,106.721606,5f81be7a46f97ba9b1eb272f52bfb52807b6c56818aaf9a9d50c837d0f55c023
1200,Tran Thi Phuong,0918105537,tranthiphuong1200@gmail.com,10.738253,106.701048,ed14ea1ac99c8ad9274f67f6d786027f187a1a110cc77bad0fc19539abcbd80c
1201,Pham Duc Phuong,0970625995,phamducphuong1201@gmail.com,10.790119,106.711469,4ebfde9b075c7c8a908d142a98176811095791fd70d26aa4eef8e3070c861aa1
1202,Bui Duy Tuan,0977081574,buiduytuan1202@gmail.com,10.766480,106.621639,eba94ce6ba4a69ff42182815a34e67af187ea26c974f4ff4a28af39b4f2c544a
1203,Pham Hoang Huong,0937910679,phamhoanghuong1203@gmail.com,10.805949,106.636532,5fe1f66054caac91e9ec7d8b6b9303a0e8ebd34f6cf1d117f3c545393abdf927
1204,Tran Ngoc Tuan,0778920148,tranngoctuan1204@gmail.com,10.802689,106.622240,ae039773e70dc236a839aab496ff2b980d4b51350d1d23653054ccb5e6b98a89
1205,Hoang Duy Tuan,0358877054,hoangduytuan1205@gmail.com,10.798784,106.692955,812039d3d8b8089fd2a566f8b1ca28867da9ec75415d1ac16c88351dab1f366b
1206,Phan Thi Tuan,0354775317,phanthituan1206@gmail.com,10.767846,106.602489,2e9b9f4706d964f83e480730259f55662965efed4f9d09d59ae63091b03f9427
1207,Tran Duc Hai,0321355008,tranduchai1207@gmail.com,10.845447,106.635577,02819fb046e0f1bebce30f353fb72bed61c1717c8c12c04af1334bbe3c44cab1
1208,Bui Van Lan,0775754488,buivanlan1208@gmail.com,10.730546,106.695769,2847d2b39c49cfef2d7b876e271950d08eddfd463306322dd61e888ee6415be3
1209,Hoang Thi Hai,0906033684,hoangthihai1209@gmail.com,10.754872,106.601481,347edc170be51d9cb4004277a355693204863b28ea65687cd5bcf6e1163f9511
1210,Pham Van Huong,0913966025,phamvanhuong1210@gmail.com,10.857030,106.728649,3f0bdd13b8be69e43885f9e6b6d8c3b43ddba76b303b4834dc0ddf9b1b4c7706
1211,Huynh Anh Tuan,0935476600,huynhanhtuan1211@gmail.com,10.874355,106.631942,a1f42817ee241bdb4b593a903875a7044ea547606069dca05796d39f769fce84
1212,Phan Van Long,0772191538,phanvanlong1212@gmail.com,10.857712,106.633969,a8d7a71ad1b89b4f91cc7f6a76cf1f7dbcbd1677bb83558ad2be24c3a1a4ec8e
1213,Tran Van Phuong,0326723389,tranvanphuong1213@gmail.com,10.846668,106.620360,7ea689a4f558633a096014faadc792cfeecf36f4e89a4906b28acc20f6045a04
1214,Pham Thi Long,0974207059,phamthilong1214@gmail.com,10.745908,106.603402,02e7ae257572ae84234b6ca71ab74585d1e424bcfae4a6818a003b90d451847b
1215,Nguyen Duc Anh,0984994897,nguyenducanh1215@gmail.com,10.774441,106.624986,0ce54926d64d46767e37a665967bfc96a101e5c4c36634c4cab0dce0ea3586c1
1216,Hoang Khanh Tuan,0776878607,hoangkhanhtuan1216@gmail.com,10.778316,106.665586,dc6e7287b2c9f77a83d578a7a529e1464ed3da71ae514aad7ca1a5a53fabafe6
1217,Tran Thi Long,0324319142,tranthilong1217@gmail.com,10.748852,106.740757,adb3e45a4850b416766d02b4cc6d6f7e592e607fd3e3e78c7bba00cadca427c3
1218,Tran Minh Tuan,0901339208,tranminhtuan1218@gmail.com,10.806302,106.710469,d6cc6f27994268c02e754feba515f09a193dfb7250b470996860d48f30de3a66
1219,Dang Duy Hai,0971619852,dangduyhai1219@gmail.com,10.789905,106.681547,26ff4620c332601363400629ea2985b86b5d8e457b18834df187a532090a7451
1220,Le Duc Hai,0354340576,leduchai1220@gmail.com,10.812734,106.665914,e094271b716a75b0400d18ea4179bfd9401c434007bd33773dee066881c6f180
1221,Hoang Anh Anh,0911250181,hoanganhanh1221@gmail.com,10.860616,106.702505,d900544f327d45b64ae311b1331fae27042b956a54094427d58e4f131f5ef208
1222,Bui Hoang Lan,0975292027,buihoanglan1222@gmail.com,10.870605,106.694229,a73004b10b282fcee7319b8659e69e0b594fc0773ea3b4b4e2d3b04eca7589cd
1223,Hoang Hoang Minh,0909755382,hoanghoangminh1223@gmail.com,10.866908,106.616615,3bb6ae4a531640a3f738c09cb4e9dcfcf953cac8aa86080f81e5d03765e97e62
1224,Bui Tuan Minh,0356782978,buituanminh1224@gmail.com,10.781168,106.728047,6c16ffc7e70ba96bd8b6ec15163b5eeb26c6296be7e2e2ed131fbc6582df883b
1225,Pham Van Anh,0970796351,phamvananh1225@gmail.com,10.858948,106.642588,a02e502e404cc511d98cb2c0ba691fa1f973385ef97b0f63382ea810c83afcf0
1226,Vu Duc Phuong,0772865066,vuducphuong1226@gmail.com,10.845680,106.684350,b944ae5bc9035eb8992eef59cf930f6d31adb14ae7c68bca99bbd024ea3d82de
1227,Vu Van Hung,0917666521,vuvanhung1227@gmail.com,10.814678,106.735961,ed23135aff5231b025d7c2517b9875cc51f5bce650fb1c00b2b85885be257324
1228,Tran Ngoc Anh,0973320661,tranngocanh1228@gmail.com,10.812571,106.613432,f7e9068f8188d50f576ff86daf7e343a8586584c2de1528e276ebdd8315500a2
1229,Hoang Minh Phuong,0778985656,hoangminhphuong1229@gmail.com,10.856819,106.617494,80c1f6199f4b719e1b589e180df748cf9dbebefc8a8a0d35ca49f01d6457e91d
1230,Hoang Van Lan,0909808309,hoangvanlan1230@gmail.com,10.752535,106.665266,f6eb951a669d2e55f44dd8ede03fb8683e4fddc7c4e3d4d37663905b4de30a31
1231,Phan Anh Hai,0988471137,phananhhai1231@gmail.com,10.747477,106.655802,238cea2b5daab37e44f88db81f3b49571c3a293042fc37093ce05fb757afb844
1232,Pham Tuan Tuan,0933729485,phamtuantuan1232@gmail.com,10.796453,106.600639,78a70536647411f6fb4b090fddb6c454802e1ab21a876365bd21e16470a5cdd4
1233,Tran Ngoc Tuan,0914829878,tranngoctuan1233@gmail.com,10.795886,106.630470,defb9ec78e776701e95007cf1ec142c0053206cc401787549fffa717cf238a49
1234,Phan Khanh Lan,0977266055,phankhanhlan1234@gmail.com,10.786073,106.619333,d958e9719ced901a66d47eac6a618b18184d26ad0deed8eda6f6e9be9fd38ef5
1235,Hoang Ngoc Hai,0934214670,hoangngochai1235@gmail.com,10.798351,106.741722,44cc5afc7224aca3f75badf0f75fa87866fa01b24b52356a423466d7594faf3d
1236,Huynh Tuan Tuan,0915730214,huynhtuantuan1236@gmail.com,10.874252,106.643414,0e078658b37e4d7e46e91156bbf41dc81fb7a1744591d349031c8e8968205d8f
1237,Pham Van Hai,0359578097,phamvanhai1237@gmail.com,10.798012,106.646561,c8ce31d392f64f91168cbe46d1c27d9ffb978afab665a334f0906935a7f26c11
1238,Tran Van Tuan,0358203417,tranvantuan1238@gmail.com,10.876017,106.730781,995d75d434626bfc93b4f2bf45950d4472b6e889e64c3a603fe3dae1783de097
1239,Phan Tuan Hai,0938266320,phantuanhai1239@gmail.com,10.730680,106.644119,bb4e2f3f2f5286b4951c81cb37774535fa495241db0c9663c7a7e7b0626495da
1240,Bui Thi Minh,0358093106,buithiminh1240@gmail.com,10.846692,106.648791,ffff28859f98f9256cf44df4afc0d39c0158d3318c87520d2bcce55bf0fa0037
1241,Le Khanh Anh,0972956475,lekhanhanh1241@gmail.com,10.792269,106.628381,f110683bbf6ff4da3f5f54ad69386611cd1f162ccf014510d94c07f31a389e86
1242,Vu Anh Hai,0359359627,vuanhhai1242@gmail.com,10.739806,106.732330,b41c3aa7f05d4d0cbf66d460e8fcfef5ad0b1112e754284f2bdf0dec696c1cb0
1243,Le Minh Linh,0775538115,leminhlinh1243@gmail.com,10.807290,106.648726,2cd3bb9d35da0c8727c2777b12f100019aa720c27bbed00dde0541440441a32e
1244,Huynh Khanh Phuong,0935284174,huynhkhanhphuong1244@gmail.com,10.797402,106.632185,038d886d026b193b7c09163992a45ee40f78c7a783944800bc30446471521d37
1245,Pham Ngoc Phuong,0325017927,phamngocphuong1245@gmail.com,10.781627,106.693496,9b2cf5c58b69971e6809a72a8fea6670d7bad3ce1e29a2b5ee8feebe5360c623
1246,Tran Anh Linh,0900932467,trananhlinh1246@gmail.com,10.861813,106.675901,4e7bfa677f73d552d6254d9e483fee7496e2e735b2f69efc387671033b3d5dc6
1247,Pham Van Phuong,0917187848,phamvanphuong1247@gmail.com,10.813495,106.658664,944a96a79187233234a2ac1da899298caf9ad670fc0c9190874945fda19ed500
1248,Tran Minh Phuong,0904128872,tranminhphuong1248@gmail.com,10.757472,106.669349,87f5b3369df9e97372b0bf66d9275c14a0a58379e5186ccb264ab9a61e1bd293
1249,Nguyen Van Hung,0350515036,nguyenvanhung1249@gmail.com,10.776457,106.735173,38e91c738affce44be77bc7541e6bbeb887ed8412a94ad6981b40a60c263bef8
1250,Le Minh Minh,0325207839,leminhminh1250@gmail.com,10.878239,106.700112,5531ad78ff950e7c8524bf6417bc82f6aa2ff51970d4a40946d53a48191b8f90
1251,Le Duc Anh,0328836169,leducanh1251@gmail.com,10.866373,106.607259,442a2223e407eb3e403344da11f873a1406bfd08d098b9d2b1c1cf00e27287b5
1252,Huynh Ngoc Huong,0351437634,huynhngochuong1252@gmail.com,10.829342,106.631945,54b65760a92ed5338af3cf8059267e6a1572f2f9872276b4ec8196eb5210a531
1253,Tran Hoang Anh,0917984164,tranhoanganh1253@gmail.com,10.757146,106.620352,fc6c0023e6f003b860d3076ec5c7d2c8047b9d89f3a0740af07299897943ab86
1254,Huynh Khanh Anh,0912619846,huynhkhanhanh1254@gmail.com,10.876666,106.717286,be668d1246952146af674d439a40c8a6d53097b62537c201c384323b829592ad
1255,Huynh Anh Tuan,0904116048,huynhanhtuan1255@gmail.com,10.870450,106.653738,2ccfefe842f38e78b6814e127c09eece32133da8ec0b5c0ac8232f9164389fa0
1256,Hoang Thi Anh,0930525245,hoangthianh1256@gmail.com,10.831499,106.682131,3a27c89ffa5f505016771d9f59ded87747e3887d415623ee6f4bbd67984c21e7
1257,Phan Ngoc Anh,0919468248,phanngocanh1257@gmail.com,10.856601,106.617682,e4edc76453fb19b16bd6539d1567e01c43a63bb8af114ea23f370d0f328ff62d
1258,Pham Ngoc Hai,0911926595,phamngochai1258@gmail.com,10.848973,106.662720,3dd0e1ab80de6022a4b522f41fbc62a6141975ff39095e42b24e634142fb7762
1259,Le Hoang Hung,0930941103,lehoanghung1259@gmail.com,10.811119,106.690604,55d7d7cfd8fd2cfaef6cee1b1e816c371759eb6c84d958f022ba0651da434e5d
1260,Nguyen Duy Tuan,0977232046,nguyenduytuan1260@gmail.com,10.767730,106.733077,a155dc00303a4686e802d3a5022fdbb4e198c52016039bb5412c7d4be662707e
1261,Bui Khanh Linh,0989828961,buikhanhlinh1261@gmail.com,10.875860,106.649653,4c58f472ae78c63678c7282bbe31261c4c95640a40a7c59575b226ec4a09d5c7
1262,Huynh Van Phuong,0901364823,huynhvanphuong1262@gmail.com,10.757163,106.663704,80b92addc221c7da3229e6aa34554de2186729afdfec7348bb48e36ec11395e6
1263,Dang Anh Phuong,0916169937,danganhphuong1263@gmail.com,10.823045,106.725040,f20fbbc3cc1c5c1fdf7be4485a12e2268642b81aa570d14abe65535e27c666d0
1264,Vu Duy Hai,0777113866,vuduyhai1264@gmail.com,10.818923,106.722678,ce6b7d9dd78d75b7c521532f02ad86c92e6549fea57227b4e0259ee28802a645
1265,Phan Thi Long,0903306302,phanthilong1265@gmail.com,10.746409,106.741010,754e22cf1e1e7aa5cc4be288a4b091361cface19ad385e00d888a8f38a834bdd
1266,Huynh Minh Minh,0972050103,huynhminhminh1266@gmail.com,10.820074,106.630358,37e51b01e0e8f79914ab21c09112c675eefdbfc5212d3910f93afad476f86bf6
1267,Phan Duc Linh,0912953041,phanduclinh1267@gmail.com,10.856158,106.657586,7a34e39d04b08bb5ac30fc728e12db7cb700ac5b214180742feb8172bd51659a
1268,Huynh Thi Hung,0978905522,huynhthihung1268@gmail.com,10.813582,106.707234,9c7183e89348205de5d138f65e1d2035ad0dca40e08f45482d1a8dacb0c9661d
1269,Hoang Khanh Long,0325625666,hoangkhanhlong1269@gmail.com,10.809457,106.727827,34f5c47635991e044ce017bb72c065fe598c1ceff996a33671cff83684fab861
1270,Huynh Khanh Linh,0900781154,huynhkhanhlinh1270@gmail.com,10.775238,106.690307,2666513076cf4b57b5bab40f9466fe127a75133df627866a637f606a869f5a7a
1271,Hoang Minh Anh,0350566541,hoangminhanh1271@gmail.com,10.790709,106.671387,a8c2329d36c6e57c2a5016b4d7ef3b5432c127d3e1c37bb461a2e2066efb5d6a
1272,Bui Khanh Hai,0970101214,buikhanhhai1272@gmail.com,10.765119,106.707918,90fb493b324c19b5933164a60e1016e37ccfc718f7956ace856e2338326e19e1
1273,Le Hoang Lan,0775386110,lehoanglan1273@gmail.com,10.863879,106.653624,e741ea9cf9792f08bdea6c177cbe2676da14dba233d7346d14a56cdfa413755a
1274,Vu Thi Hai,0986256034,vuthihai1274@gmail.com,10.878313,106.600306,56f66d49b88d29e0fd8fcfbbdfcfc5ed92cbaa8612b808cf2641880782baf30d
1275,Hoang Khanh Hung,0324036188,hoangkhanhhung1275@gmail.com,10.873581,106.704738,988f469fddf11073d9e9891f8d4061830dd31dbbf4df1634e1fc1c04bd0c0d4b
1276,Huynh Minh Anh,0908060963,huynhminhanh1276@gmail.com,10.831275,106.725221,1831d59513d03d2e5fffa34765839261510e84987123120e0fe145eddff40185
1277,Tran Khanh Lan,0971226553,trankhanhlan1277@gmail.com,10.785834,106.636965,5677f04667cdfcab536230e606672d024aaf57ef021971606098e4d8330ebc15
1278,Tran Duc Long,0325759005,tranduclong1278@gmail.com,10.789878,106.637981,b70633d9ee5a7c7bb0d92eb17e536ea684b893df9f9277669baf0a227667f17e
1279,Le Thi Hung,0912867931,lethihung1279@gmail.com,10.864178,106.691385,916996f1ca10c9984c3c10a54c7bdf082ca2a2597888ca7dcb70c440bc9acc3f
1280,Huynh Van Phuong,0770177442,huynhvanphuong1280@gmail.com,10.802392,106.695007,e2508d46bc9d8d195ea4ecacad5b1c94581244a0efaf7e6fa70ef7573a0eddb6
1281,Dang Minh Hung,0320093083,dangminhhung1281@gmail.com,10.793664,106.642992,2b929807c30a7b832925acce033628f87c785f78e05f8948d4d214802539b29b
1282,Vu Van Anh,0325116566,vuvananh1282@gmail.com,10.793108,106.729067,ca713951b2daed58b111891fe97d96bdfee1710b760243b54f3765d7f17f87b1
1283,Vu Van Anh,0912401123,vuvananh1283@gmail.com,10.825599,106.735491,a5396c267fc192334ed7434c404536655475deb2b75663d977e8461afae4fc6b
1284,Phan Hoang Phuong,0358224718,phanhoangphuong1284@gmail.com,10.747819,106.717820,c02c2509bff5263197dae0731f6bf2c0d11337ed8a9f8fee6c37d86569a38f7e
1285,Le Tuan Phuong,0325032040,letuanphuong1285@gmail.com,10.744284,106.655484,9a17b4cf88e0fac451b60d1bb1f241cbe0c806fad14a42a366f4e919ffc0d225
1286,Vu Khanh Phuong,0320821828,vukhanhphuong1286@gmail.com,10.839110,106.671720,0979e9b4a5ea85d7813d3a808207efef24803e3b0eedb414a4b5121f96b0aeba
1287,Huynh Khanh Phuong,0972849046,huynhkhanhphuong1287@gmail.com,10.739834,106.601033,05b2c0779020d2fe5ad4a5ed2dccf63495351ec1e4d482b7644bf7fb43d9bfc0
1288,Bui Hoang Long,0356299609,buihoanglong1288@gmail.com,10.759611,106.622561,1c648ffe7342bb3743fcacd59874b200d2b9e8ca5ae8da11e02b695ea026d807
1289,Hoang Van Lan,0909651689,hoangvanlan1289@gmail.com,10.824463,106.724978,0d9a781bb0ed40cdae541a965fc1cb6cb644aa1b166e68bc4bd062988880abee
1290,Tran Duc Tuan,0774528206,tranductuan1290@gmail.com,10.835774,106.676200,4a70460a96fd8e068b1e84c81d90ddaec2f4ed689730ddbe6b8f17d82946d09b
1291,Bui Thi Hung,0354983447,buithihung1291@gmail.com,10.859963,106.607425,c77f08c23274617fe8181794593cbd5e0c08fbeac39280ba349acef47c95186c
1292,Nguyen Duc Tuan,0981094843,nguyenductuan1292@gmail.com,10.836028,106.632296,2ce49528afccfd3873ca9817276f3e4ca2d0a877fee83ce746a09855cbac90b2
1293,Nguyen Ngoc Hung,0322417511,nguyenngochung1293@gmail.com,10.782843,106.647939,4c81156eb58d0091aa7065ae84eb2a7114794f528679d06ed72b6d5dfc3f6269
1294,Bui Anh Linh,0325921761,buianhlinh1294@gmail.com,10.870901,106.719591,40e56ef1d1104dc40731611979952011b443bb222b1a98b87d49ea1cfea27418
1295,Bui Anh Minh,0979974873,buianhminh1295@gmail.com,10.770251,106.608475,04e3605134cef3cb4cf32b1d8f1cb2c463ee98d1b14b74c1b29abef036359fb2
1296,Huynh Minh Long,0935727583,huynhminhlong1296@gmail.com,10.827290,106.610407,a4ee96d0f364f57521b656f4b16e32b3edc37eb574bcbc24787d7af24673f53e
1297,Hoang Tuan Phuong,0773984592,hoangtuanphuong1297@gmail.com,10.782151,106.721413,79c0721a51c31f2b84ecedcab6b01c076266bba85f3839bb51f7852ebc6d0035
1298,Le Van Phuong,0324374511,levanphuong1298@gmail.com,10.752259,106.659931,7bf696b644794ddbb88fd91ef333281165275b86da57b6f2f24c7f6bfef0624d
1299,Bui Hoang Huong,0985044751,buihoanghuong1299@gmail.com,10.813119,106.607570,c3980b2cbbd22c25c0f4b327edc978d946de78c9f90945cdc6ecbca217b56c00
1300,Hoang Van Hung,0971256044,hoangvanhung1300@gmail.com,10.770984,106.614941,326829b53ab25fb6f7e7e49605ed37a7ad21564ad5434fe0dc931d428d54b543
1301,Le Van Tuan,0779118971,levantuan1301@gmail.com,10.775025,106.738669,58e432759ab66b1dd923d350bd3f2a40cdb12bc3ba96eceb458ffc48c7f5a2c2
1302,Bui Minh Long,0355598086,buiminhlong1302@gmail.com,10.875657,106.653407,71b335e5861d35ceb2a3c4846e589befd79e82601a6979bc8d16f11495a7cbd3
1303,Hoang Thi Hung,0982528450,hoangthihung1303@gmail.com,10.878659,106.725825,21bc585b1b4c872eae0df9cd7dddf27227f636f1160f3fb97148f96cccb23fc4
1304,Tran Duy Hai,0914388652,tranduyhai1304@gmail.com,10.774891,106.609148,548ebb5042f9e887a61f30feae3365cf0b547d773fe7f7f73d03997dd04a2fb3
1305,Dang Thi Lan,0325590151,dangthilan1305@gmail.com,10.740476,106.664525,f46209c31690852111f4fe41afbacd20084c29ba8ad363198ae13b592777f7ec
1306,Hoang Van Tuan,0989093193,hoangvantuan1306@gmail.com,10.862960,106.603087,890e0bbab913188a9f5ebb39f46d8360b47cb734c283c16ad2813746d0335673
1307,Vu Thi Linh,0325987328,vuthilinh1307@gmail.com,10.855022,106.657381,c21890b0ce10e2c5a2449cf0b4bb782b7e910d4b5339a80cd1a17faf33230ec8
1308,Vu Thi Linh,0321553308,vuthilinh1308@gmail.com,10.851171,106.731890,bc66b195ab2929481528bbec003d5f5ef8e9bb39441b0c3a4b30bb1b1c7b88c2
1309,Nguyen Tuan Linh,0932598495,nguyentuanlinh1309@gmail.com,10.848866,106.711887,60cfd9dd514dbcc10d55b72dd9e189f62a50593dd7f900c249b90cd388fceb10
1310,Bui Hoang Hung,0975919630,buihoanghung1310@gmail.com,10.744583,106.696404,350e4d2d64266d9e023510c52642c7f950f81812fd1a8179ec5965f81af9539f
1311,Huynh Ngoc Huong,0902196017,huynhngochuong1311@gmail.com,10.861066,106.638224,7fbb72fb5a8e428414717ef722d4c8f5616648147f42b2423c5457bd7010e919
1312,Vu Ngoc Minh,0972473104,vungocminh1312@gmail.com,10.735608,106.658934,7a8b950fbc725a71893a83973ac78c5090e208663e33d31dfa83a2c22bfea0a6
1313,Vu Duy Huong,0909556954,vuduyhuong1313@gmail.com,10.844243,106.714955,3560e565d434d7cc68a06d11328a909276fcdcd7ea8e17e8ed723bf0dc12688e
1314,Pham Tuan Phuong,0974882069,phamtuanphuong1314@gmail.com,10.865734,106.684442,9a03ba3ce4d9b902bc3d7dbf566ac3af677313fdc9dbf7c73e25beedd57d8b16
1315,Pham Hoang Linh,0987770245,phamhoanglinh1315@gmail.com,10.804416,106.635697,73d33ac3bc54d14eefa23d4c5ed03d8ddb26bdabf0107757bd3e0761b1c56e8f
1316,Huynh Van Hung,0973704577,huynhvanhung1316@gmail.com,10.871495,106.679688,a012b097734e3f2e675c43242ed0aa9bf64caca02b3ef7340498e1763d1fa571
1317,Bui Minh Hung,0350120575,buiminhhung1317@gmail.com,10.779777,106.602995,e946447b5fc4dc443ea8a263eab1da1085cfe0688aff5a4a72541d868ecf6cfe
1318,Phan Van Phuong,0971523938,phanvanphuong1318@gmail.com,10.851763,106.644533,93cc68c8fd646643883836d9ff1cdcf9ed840a34e4fe613145707820e13ff0b0
1319,Hoang Duy Hai,0981671177,hoangduyhai1319@gmail.com,10.768868,106.629939,483e68b1376d35bea04c9c0f6853829193ca74f4914ca8f9f15355dd1147e61a
1320,Phan Duc Phuong,0327521526,phanducphuong1320@gmail.com,10.734608,106.614660,81bab33d5a8adb000f8183316a5d9577d1950616b1e4cc24789039be0a54f4c1
1321,Huynh Minh Minh,0359427429,huynhminhminh1321@gmail.com,10.731400,106.613981,fba40871e61f54a977a1afa04f607177f1e5236b716d449ce4430753e394ee87
1322,Le Anh Hai,0936928694,leanhhai1322@gmail.com,10.850380,106.614172,5d479660afd29da22cb58563d2b118c0e861d4ffdfa1b1839690e0e0f81f7098
1323,Huynh Duy Huong,0907175000,huynhduyhuong1323@gmail.com,10.874168,106.618097,397d7bd2b8524d6dce88ff49506d3032a4ac56464660dbb63e95ed28747705af
1324,Nguyen Ngoc Long,0776724108,nguyenngoclong1324@gmail.com,10.848464,106.630975,d93b7d22d078cdc69b0d7f2d04d50981e32dc18dfadf2f869c663d4473191f35
1325,Huynh Minh Long,0774931255,huynhminhlong1325@gmail.com,10.830670,106.729100,e60d864344e54b2a4bf26151b63714b3cee76252ad81e4330d90195c874748bc
1326,Nguyen Hoang Linh,0775201071,nguyenhoanglinh1326@gmail.com,10.786088,106.731482,a50018500814287ae233efaefc13c242218b06bfaf4a5916b56582104e31ffc4
1327,Bui Duy Long,0974526958,buiduylong1327@gmail.com,10.844818,106.645378,ed4b696a3d54b40fc95889fb2cef3b919b0d9cee1ec08c4aee1115255b2c8bc2
1328,Huynh Hoang Linh,0901124387,huynhhoanglinh1328@gmail.com,10.839590,106.672271,af30ded2bc25ea79395156d0bd949d13af12eec5cf26711ac10aaab99c7282c3
1329,Nguyen Duc Tuan,0913345493,nguyenductuan1329@gmail.com,10.740403,106.710475,ec30a7de887ca01920e9136419c74299e9b0cb4a15fc98cab85731cec9f3cb5a
1330,Tran Duc Linh,0932232826,tranduclinh1330@gmail.com,10.794746,106.622991,1570de3376e89873ca05f32ebd25c4d4d9a3f451bd0c4ca69a64ce19f2ceacb0
1331,Hoang Hoang Hai,0934959639,hoanghoanghai1331@gmail.com,10.873022,106.614607,1eb3d627bb9ff9e4b8f851e20e9efa3fbc305236cfee012597a9704378caf665
1332,Bui Duc Anh,0908306726,buiducanh1332@gmail.com,10.877998,106.709240,f1dedae76485adbd3054fa957c3acd50449f36d9fcc535da6b48fd4e024b7d7d
1333,Nguyen Van Linh,0914830615,nguyenvanlinh1333@gmail.com,10.878253,106.650772,bd0cbdc2db8d17630df32a8b685b1168e385e23b48acad37472fe059be9d0f8b
1334,Le Duc Phuong,0982104626,leducphuong1334@gmail.com,10.742115,106.603254,5250a01ab013ae9657749d9a7e7cbf4d517ce47377c2c65f30abf031aaf40b46
1335,Nguyen Thi Anh,0974584837,nguyenthianh1335@gmail.com,10.876167,106.739418,c1b94839aa78acc1e535890ef5f0d1cc0bddba9b298ebd5ee090f3a53dfd6ed5
1336,Bui Tuan Tuan,0772379894,buituantuan1336@gmail.com,10.757558,106.738065,fd6cf7a5e3f3d47024db8155d3c64e7a0c9c67a80ff5fc8dc2cc73794e281f21
1337,Phan Hoang Anh,0323737773,phanhoanganh1337@gmail.com,10.787636,106.658910,82ad37841b2fb47cdb0e261503e1f6ce71c06c799b0f98cd84e0e7a5f33917ff
1338,Phan Hoang Tuan,0905846232,phanhoangtuan1338@gmail.com,10.754139,106.642582,cbbbe969ebb2c7f07d8742df9afc1bc9fef93ec3357f39078eea41a2f1508024
1339,Vu Ngoc Anh,0932345600,vungocanh1339@gmail.com,10.842807,106.644694,d6ca883df4f546e389e2112ca19b49904f6d46a952892feb09e9d05c8446341b
1340,Bui Duc Hai,0984039923,buiduchai1340@gmail.com,10.803778,106.739861,b4b09e22a1dd27700b4db980cdc30157e33b664c07cac14f1003ba41c9b20878
1341,Hoang Minh Minh,0322231842,hoangminhminh1341@gmail.com,10.843233,106.712138,1a52075fa588f1558d5bea4b25bb8be6415705a7619d7da2ba068e549b93910b
1342,Phan Thi Linh,0351634542,phanthilinh1342@gmail.com,10.816600,106.645973,7a6eabed525f57b63bf2a8ffb0d1d3f5b2d9da98d6b263ed066f847b9c9b7558
1343,Phan Tuan Minh,0918110775,phantuanminh1343@gmail.com,10.780726,106.746387,75f6b1e6901d9d048b9e2a7d200ab329d8a6b9f64927b76f81defa37b431c97f
1344,Le Khanh Long,0989815591,lekhanhlong1344@gmail.com,10.839005,106.669727,0d123462d70175ebf2d57445b05966e12ff5244d2bafb90a1f32095677eca7ee
1345,Bui Ngoc Hai,0910166015,buingochai1345@gmail.com,10.846455,106.626501,d0a0ee8603e0d606c3495f032100bd589751baea68e913073e09fdee2c0a5e93
1346,Le Minh Minh,0778980145,leminhminh1346@gmail.com,10.827010,106.660138,02477f4bff7a0c993899aac0d3b05b5a058ad396205a5dac43eb6b78a4104bec
1347,Hoang Ngoc Long,0982381108,hoangngoclong1347@gmail.com,10.798762,106.718914,0d66c2fa981374d2a61f4b04c676d7be18328033c8d32161a76dc096234d31b2
1348,Pham Hoang Linh,0939890192,phamhoanglinh1348@gmail.com,10.738627,106.682611,4391da3de1cbf0d5a9b25a01776477badf2e7f2305381cfda8fdded1ead3cc1f
1349,Phan Van Hai,0981475978,phanvanhai1349@gmail.com,10.844485,106.672346,e369ac38324b002c2e9d689efad95059f2c1d86b563cd523a3f41c18f8209f91
1350,Nguyen Thi Huong,0930432626,nguyenthihuong1350@gmail.com,10.849758,106.630710,3f1ce66a95856b97f43e97f76e5b346c1cd3cf42f23c136a3edde88363821eee
1351,Vu Thi Huong,0908548589,vuthihuong1351@gmail.com,10.854421,106.670435,1f115aa599daa3767f712e4ed3be0de8d680c3e544f36bca6ed021e2cb5a68d2
1352,Dang Minh Tuan,0320563977,dangminhtuan1352@gmail.com,10.780109,106.734383,38a8b191739a3ac5e0e3442bba916afd880fbd6cfa2fdcc749ab7e5df086b088
1353,Huynh Ngoc Long,0911893294,huynhngoclong1353@gmail.com,10.854727,106.725220,d09a427d2162feb2fd6e805d1cd250451c4859ddf1c2c6be67f68bb9fd4ac71f
1354,Bui Ngoc Tuan,0980905489,buingoctuan1354@gmail.com,10.830749,106.602265,497a35baea2594f8c4014f669a73bd949da3e0933b56ad0a9cf7885a558586a6
1355,Le Duy Anh,0323551223,leduyanh1355@gmail.com,10.765200,106.700417,91cd7775c47db7274fb4717180136f10d5805c27b1e843ff21312f630f00eb82
1356,Pham Duc Tuan,0932532053,phamductuan1356@gmail.com,10.813206,106.613464,2a13899af9d373197122fbafb0b7fffe39b12a6c5d621e44ba629637422bf327
1357,Vu Thi Anh,0356770166,vuthianh1357@gmail.com,10.772933,106.668358,90fdba76c47f595166dbe010b2dbeb40cb708eeb256eabbc918d90159db83502
1358,Tran Van Linh,0980120086,tranvanlinh1358@gmail.com,10.797351,106.601307,4cfb70234a19f02b52d2ee62f2af572cd566b05719edd5eace59bfe96cd033d4
1359,Huynh Thi Long,0977448021,huynhthilong1359@gmail.com,10.832688,106.621851,6949cd398dafeaa2f258012e11b832e6cc5d61414b9a651084a34617ad384e88
1360,Pham Ngoc Linh,0351292489,phamngoclinh1360@gmail.com,10.785193,106.675209,1eaacd0599b8c8bca55fa7ee482134b3cf7803273d2b8897d87d970ee34eddac
1361,Dang Minh Anh,0771315890,dangminhanh1361@gmail.com,10.871418,106.698081,f22d042e9cc8796d98254dc0c82d231238d67b51b4956e3bb81244f8d569e2da
1362,Pham Minh Linh,0328547052,phamminhlinh1362@gmail.com,10.852091,106.643082,e074b92f314516083f87032d22b98e0ce594f2afad4b928986b1a69a6e97ab4c
1363,Vu Khanh Huong,0939667821,vukhanhhuong1363@gmail.com,10.859233,106.746840,869f47ad1b619bee8f1e53874735bf1ff8c575f2af4a2d64b6d809ddb2432ef0
1364,Pham Thi Huong,0910210709,phamthihuong1364@gmail.com,10.775290,106.740851,c11bbe4dce25be80647f1217919f0760a224181dcbeba1dd0a0474154905da7f
1365,Phan Hoang Minh,0328360124,phanhoangminh1365@gmail.com,10.730128,106.736866,37fbdf3a9fda32880e304f261a51d32cf64e37d0b3b978d03d21bc40a649f395
1366,Pham Duy Hai,0779596988,phamduyhai1366@gmail.com,10.771393,106.635708,73e7d6d2d222387b51746dad296e737abb42f54f9fb302ffcbf5b3e57fcae97d
1367,Pham Minh Linh,0972476187,phamminhlinh1367@gmail.com,10.852781,106.744151,43feab9b74f26b807bf8346ddf1ba2bbf29686d05f4f04f024919968af0bfd55
1368,Bui Ngoc Linh,0772466991,buingoclinh1368@gmail.com,10.765523,106.604066,f1cf74144b9ac57d26c1e9561742d8e1d6ebf2a0414f93c893c9268e2350e18d
1369,Hoang Anh Anh,0988459604,hoanganhanh1369@gmail.com,10.744911,106.688629,8a45ad3a550af1fc69699ee25b55c442e5ec5f93637147525e97f16e1c7d858e
1370,Nguyen Duy Tuan,0939196643,nguyenduytuan1370@gmail.com,10.796910,106.688155,88b5b7ffb41be112575a883f00d8266e9a91053186eb2d7d32dbb49d7365ce8a
1371,Nguyen Duy Anh,0773796703,nguyenduyanh1371@gmail.com,10.771715,106.633811,34305b1d97fc1f600c54d5deb103a929887544ca37bad4b824d22c1c3434055d
1372,Phan Minh Huong,0933101915,phanminhhuong1372@gmail.com,10.779035,106.713564,3bdba0ad23c755f127aa6a7d552490cf9264ef792531fb90838ccfcf1f918f43
1373,Vu Duc Hai,0350498342,vuduchai1373@gmail.com,10.749035,106.721906,d671451e474bae5d6d84e245431b7833c25b4b76ba7756275c6a2cb42c0a4d73
1374,Huynh Thi Phuong,0320157200,huynhthiphuong1374@gmail.com,10.843673,106.607840,9ef30d9b4eddffa46568fb4663af02a82d805349f9882b00fb6f359df0795083
1375,Dang Tuan Hai,0324147632,dangtuanhai1375@gmail.com,10.749730,106.745462,5863103a8a16f5473e470da5b00ed554eed5c5a534f67657a919b08526c6cf17
1376,Vu Thi Tuan,0778068442,vuthituan1376@gmail.com,10.806509,106.743219,43248ac656345cb7e97e578b664a07cfe3d96cc903fe2b62ed4b489375cf7681
1377,Pham Khanh Long,0970616301,phamkhanhlong1377@gmail.com,10.846340,106.608076,a209e7251c0e771e5684782e2b592f323170fa01127e8b7bd0ec73aced509c21
1378,Tran Ngoc Lan,0972645630,tranngoclan1378@gmail.com,10.854185,106.709851,3e1915dd91fc47385c30e0dccc0c2fef8767667fc6071720d701be651f469f09
1379,Le Van Hai,0355056115,levanhai1379@gmail.com,10.876925,106.635488,4dbcce8a1180bab8ce305c9f342fff0205238b2bf66d790e3c3dea06933bf2da
1380,Pham Duc Huong,0970379949,phamduchuong1380@gmail.com,10.737017,106.604176,9e82dae8c3eab2ca102f99aa7564d60d38f1af4466de40fc42b3ae3318d66d95
1381,Huynh Minh Hai,0984521008,huynhminhhai1381@gmail.com,10.760654,106.704451,57be52874b6351bb2fcfbdec2e201de1eb18e9b162d7243f16e81d59e829d119
1382,Hoang Minh Lan,0325004244,hoangminhlan1382@gmail.com,10.823325,106.612073,8c17e911f33be25d6077a1c6eb426958ebd340a278dc608df7540dd1120daa3f
1383,Phan Anh Minh,0329500992,phananhminh1383@gmail.com,10.771071,106.720630,7997c8f422761eb868673ba2f18fef56a3753524f351781cc7c46f3ad0648312
1384,Hoang Tuan Huong,0356971073,hoangtuanhuong1384@gmail.com,10.778349,106.641838,83f0df4a245dcb070ac67209dddce7d1a70839c7f255280ed2be883ae49ed5ca
1385,Nguyen Duy Long,0322494246,nguyenduylong1385@gmail.com,10.743387,106.717453,030b95f95e096758cdb2af1f1805a85cc399fd8502bdda1dd5c6d7b7736c582a
1386,Tran Duc Anh,0930750184,tranducanh1386@gmail.com,10.799242,106.724865,d2322333fc502623c0340b1c29e1103025368817302eee421e7105ad26bf439e
1387,Tran Ngoc Hai,0984697854,tranngochai1387@gmail.com,10.789875,106.618509,e3b9cbf0cbb080584782a9d1bab63e75f346311596fa20bcb840c455d3df81af
1388,Huynh Ngoc Huong,0935810283,huynhngochuong1388@gmail.com,10.865207,106.623188,68b4ab52be2b56929850cad5da36822500783f328b4f9b2a1946845190c08b66
1389,Dang Minh Hai,0916629026,dangminhhai1389@gmail.com,10.756728,106.641461,be55beec279037684a9bf6a993469bb141a57e111ce2bb235d44bbb40872c2d1
1390,Le Khanh Lan,0321691348,lekhanhlan1390@gmail.com,10.786841,106.677017,8513e8530ffcdc7743ae8283e66e81d8d1727e68918b0c2424f7301a48dbc9f6
1391,Pham Duc Long,0351571710,phamduclong1391@gmail.com,10.732598,106.664655,d819a1fbd1bb7e3b70aab29f930e451da5e8a4cd841c090d758818626b808a3a
1392,Tran Thi Minh,0939874751,tranthiminh1392@gmail.com,10.763302,106.608896,d38d59ccd72e13a748964daaf82fe1c0aec203f68f2ec70f774ab9f80a936cd7
1393,Phan Minh Hung,0930471870,phanminhhung1393@gmail.com,10.839322,106.620484,3bfbbca5b69fe0b8d92a90dd7b7c04ecaa93fbc961aaff31e2866492456f93bf
1394,Dang Thi Anh,0973694213,dangthianh1394@gmail.com,10.789281,106.726690,ad5b8739cf417435fe23ee379e48c8d7b2210f1e347b0573653ef2268ed33a78
1395,Hoang Van Hai,0328837410,hoangvanhai1395@gmail.com,10.768528,106.659589,ff9ae56cc82dc22b72168ef27f2d01a7765eb362fa7ba47f6cfda79bd711926e
1396,Huynh Hoang Hung,0986762333,huynhhoanghung1396@gmail.com,10.851578,106.687278,524eb1abe37c38e639629141bcda5103497b0a0f332596cbd95bbe014bb0a125
1397,Bui Tuan Lan,0908782203,buituanlan1397@gmail.com,10.800672,106.628756,bbf85256236ff1c2c245be3b93501abf6340a65cf6e224fa1af7e743f2a06ce7
1398,Bui Ngoc Huong,0970788109,buingochuong1398@gmail.com,10.765753,106.675784,92a140c2f1dae41f753171f682526d5002cf6fd7841f37f47e2cf7c412e0635b
1399,Huynh Ngoc Tuan,0775705421,huynhngoctuan1399@gmail.com,10.827325,106.624772,a7e8a6a70e6734964a99e3dffcf808244e6ce394615f4e2feb7ce3f7f5411f75
1400,Phan Ngoc Hai,0329362649,phanngochai1400@gmail.com,10.764301,106.696943,32eda43276a28482d9ff72ead03e3d0afc50099700d6cf91fb6de7b8e558fe1e
1401,Phan Minh Lan,0913624747,phanminhlan1401@gmail.com,10.792578,106.700007,8adb8205ee9ee6d48ccbcfd4fc2a3cfde162be99796d51687f9321eeb4ad789d
1402,Vu Anh Hung,0981391243,vuanhhung1402@gmail.com,10.733517,106.620720,7a6d79da97d3f7dbb15c28e44234b8f5b78b2da06ac5317ef3329c5bbd624952
1403,Bui Thi Long,0775841198,buithilong1403@gmail.com,10.772278,106.744002,47c13a16a359a4d898b49a755d8457501f34aab71d97b99a01bb1d7119e4b4c2
1404,Vu Hoang Tuan,0982739581,vuhoangtuan1404@gmail.com,10.789677,106.740534,ab38d95de08abd516e189a16ae72199c86c3b1bca480d9a3260b4dc45d2e9ef0
1405,Huynh Duc Tuan,0900726475,huynhductuan1405@gmail.com,10.822632,106.662948,76303b99d56db716a5614ffbe5d1845dc5abddb6147a87f92dda2c1450f6607d
1406,Huynh Tuan Hai,0776825925,huynhtuanhai1406@gmail.com,10.730563,106.602319,e17451dd96e01ba11b75f3dee48fd3348595be35c458e273679c5610850aa315
1407,Dang Duc Tuan,0910992426,dangductuan1407@gmail.com,10.842548,106.726031,deaa1039de2039d18035457b8edd7d5bc488d07878cdf799140a5bb0ef4d8c3b
1408,Hoang Thi Hai,0989756846,hoangthihai1408@gmail.com,10.778983,106.739383,f546f8339764a142aefa474d90e4b45ba75c6be42698c047dd1064150f4b3bed
1409,Tran Tuan Long,0982279810,trantuanlong1409@gmail.com,10.733983,106.653795,d2764adb411f89d5c2ac8b748b6a7c362e97f402b351050463ca3d6e11637727
1410,Phan Duy Linh,0989692504,phanduylinh1410@gmail.com,10.783750,106.749512,d8c43c2979a59363e644c669435a7fac8b8d168754513fac13958eba030304dc
1411,Pham Duc Huong,0773613541,phamduchuong1411@gmail.com,10.821350,106.705890,6233163d5342b0484317ca31ae8bda60b1a3b127b67713101eb3ffe7e8a6a6c6
1412,Bui Minh Lan,0938991468,buiminhlan1412@gmail.com,10.758200,106.680439,d136d266d9de6b93eea5d474acd7534e2630185933f35dcc52ba38c299cfa43b
1413,Bui Tuan Tuan,0356509110,buituantuan1413@gmail.com,10.741161,106.706161,733edb8becdb696ef2e0ad19fedaad2ff4cd6526bf272b8f95f264ce0f36300e
1414,Nguyen Tuan Phuong,0354236934,nguyentuanphuong1414@gmail.com,10.777659,106.670044,a12b6248cf149e477c151179d95e28650d1e9e7e34983d1ca475a08c37114497
1415,Pham Ngoc Huong,0776073710,phamngochuong1415@gmail.com,10.754500,106.622667,37a249786734e59744e68d3d6877bce793ca97d8a3921a73ce08a71cbbdd8d9e
1416,Dang Tuan Anh,0770830706,dangtuananh1416@gmail.com,10.751024,106.645294,8cf56a04145ecafe62fb98acf9aafb8da26fd5c66e1b2a3f8aac09c389c0d4bf
1417,Dang Duc Tuan,0773868870,dangductuan1417@gmail.com,10.845403,106.734629,1a7e87e14abc7fa1d4e5ccc133e2cb610fc83ae42603e62149236306b7d2fb9f
1418,Le Duy Lan,0936048301,leduylan1418@gmail.com,10.822954,106.739627,7d31e52e35a3810f802c2046b5b4778bac0251557db1e985c90fdd6753022ffe
1419,Hoang Minh Minh,0350585990,hoangminhminh1419@gmail.com,10.833084,106.713255,131ffba5f0121c242fb851f863fdce9a30119bd9ffe97a3ed2e41f1eea7cdecd
1420,Le Tuan Lan,0914611709,letuanlan1420@gmail.com,10.841273,106.682175,95555f02b774e494db6ddf8bf403b62de76f5b1bbe0032190ced9bf254cdde12
1421,Bui Anh Anh,0976860904,buianhanh1421@gmail.com,10.878088,106.661421,82b77c325a90400c2d774091ba1a066df19b8bd1435e7d31bc9f72de7ef348dd
1422,Bui Hoang Hai,0900362712,buihoanghai1422@gmail.com,10.788531,106.692408,ed4a97139fbb1c2579bfa8f009278963d758c00473c8ea00e0aaa59fbd5c1150
1423,Le Duy Long,0980140300,leduylong1423@gmail.com,10.744126,106.679412,50bda23cb22e8139f77d826ef0e0c21838fdcb7487e7ffe2725f629a042edd54
1424,Vu Ngoc Hung,0939669289,vungochung1424@gmail.com,10.859015,106.746518,f849c3007680a3d38392494773a37d5279dd4cb4a06eecd99ce54cabac2cfb04
1425,Le Duc Linh,0981704993,leduclinh1425@gmail.com,10.756413,106.695175,ea5bbaa6f741f6ab597bf8bb0cf403ec098adcb6472fbe0676b97738d4962fd7
1426,Huynh Van Minh,0905101432,huynhvanminh1426@gmail.com,10.862368,106.630242,197e2fa33ee448d772c79634a69dc3f847bf60a1d5a135dff4ee18b29239f90a
1427,Pham Hoang Linh,0934505204,phamhoanglinh1427@gmail.com,10.853860,106.602077,58bf0bd5e2e584f80217cdd704affa34891cc9fedb0a05662b57e1f60554ebf2
1428,Tran Minh Huong,0980102559,tranminhhuong1428@gmail.com,10.833891,106.666231,53b6a5aedc155c475aaf3fcd9bac06415b2d03940b9fe28426fbf3fb8a255c4d
1429,Nguyen Tuan Lan,0775541760,nguyentuanlan1429@gmail.com,10.825561,106.662942,bebe2d4a4bad60b4443c101037c5fabb1ae29ecd4d104227fba64e3314c05cfc
1430,Vu Thi Huong,0913151101,vuthihuong1430@gmail.com,10.760944,106.673051,2dad0f46dc859489cb9038ebfa04dc29e3813ea0dd9af0e26a591cd0213d1eef
1431,Tran Tuan Hung,0931331174,trantuanhung1431@gmail.com,10.759339,106.625218,8a166cfea6948b45725c676b1bc07157f32fad001ae21a21879222adecae455f
1432,Le Tuan Hung,0988661948,letuanhung1432@gmail.com,10.874989,106.689987,52761f55a2ee2bccd0824c39d39e44c9dcf97a7d9d4b3cc4be1b81f05da48468
1433,Nguyen Minh Anh,0914089851,nguyenminhanh1433@gmail.com,10.871059,106.620648,0b82301c09275b90d8a0f0d2259337cf7a9cde16e14b5b4d48e734834702e2b8
1434,Bui Tuan Hai,0976036767,buituanhai1434@gmail.com,10.755895,106.741098,03de2898f6d86b31ae2d6c29d177e86ea7e4d2312068d1b7bc6a4de2dd0f9b5a
1435,Le Tuan Huong,0353502799,letuanhuong1435@gmail.com,10.764939,106.652894,339d83f3b5a05b99e1f10ab89c249de7462fb2ed49be9c940b45230dd78734f9
1436,Huynh Duc Minh,0983468700,huynhducminh1436@gmail.com,10.818965,106.645895,4b45ad525ae9792fc50d4c1c7c4358eb007f2a35b3904eff00aa6f1374e6ffdd
1437,Hoang Hoang Phuong,0355733396,hoanghoangphuong1437@gmail.com,10.734391,106.602552,91ff630a004982cefc3b5b103f8f577709aa6e739185910f8b53a7fe9bc3691d
1438,Pham Tuan Huong,0972302798,phamtuanhuong1438@gmail.com,10.746656,106.730499,3d35ca663f448ce507ef5e1fa2e811237512c481f98a0a5efc8150baa10e14e2
1439,Tran Duc Minh,0987884806,tranducminh1439@gmail.com,10.829596,106.640228,89eb5066c5d254cd7d101ebdc9166770aaf4cf9aed0c8ab749253e91adce812f
1440,Pham Van Anh,0904310134,phamvananh1440@gmail.com,10.855288,106.621917,89890d70d05b751acb3988dbc8f22759248f4e01a38ec603affc38aad222cbbf
1441,Bui Minh Phuong,0984782504,buiminhphuong1441@gmail.com,10.849679,106.631493,7dce57fd05e838c0fa260e44124f9b8ca5b8d163173146fa1408eab8c887a726
1442,Hoang Ngoc Hai,0357118011,hoangngochai1442@gmail.com,10.730324,106.740203,fcbf21659c6e2ae180b2e0efb386f354ff73a8b9eb84fa358d808d3be9d47861
1443,Tran Tuan Tuan,0978955977,trantuantuan1443@gmail.com,10.807580,106.709259,cec4ab318ae568a316af9bbf22cc4a15494c792e41894da09bb1f5183dd39923
1444,Phan Tuan Minh,0973773474,phantuanminh1444@gmail.com,10.756869,106.635493,1006b89c10aeae2830a7bdab21d39515c7ef6f01c972b43c7413c11d220f2ea0
1445,Le Van Hung,0976561000,levanhung1445@gmail.com,10.828159,106.666735,777cf32914924ff805a46b29d3841d702c3abb78bd571e994ef6f4ea395da2aa
1446,Hoang Tuan Hung,0770659512,hoangtuanhung1446@gmail.com,10.827240,106.694126,3ce607816c9f69966dc2b07443629237ec493f4fd83ebd7d11f567fe60ad8b53
1447,Hoang Minh Minh,0770656161,hoangminhminh1447@gmail.com,10.772917,106.720913,e69d68027cb0470767aae81c4c95d0ec9e63f86a87bbbbf8103c35254cda8e97
1448,Huynh Ngoc Phuong,0911176971,huynhngocphuong1448@gmail.com,10.799919,106.631013,3a66d0c8d490c722007bacc38533b8182803c04232e8b8200337ef5d20a91fb5
1449,Vu Tuan Hung,0911959561,vutuanhung1449@gmail.com,10.806558,106.704106,8bf59ad097c8576119d2275b6459f93761d388b826591167a6e795cc2f2a0e3e
1450,Pham Duy Minh,0916963145,phamduyminh1450@gmail.com,10.829156,106.661299,ff976424c922f3f3d962295a14be01f01b66b2f9ddd7c82c0431d47a67edeab1
1451,Vu Duy Lan,0351937758,vuduylan1451@gmail.com,10.846748,106.600288,bae9c4ee35e673b447f0f41daee92aa5937c14dd902ab26288a8f9c9f277c7b9
1452,Huynh Tuan Linh,0772752591,huynhtuanlinh1452@gmail.com,10.778076,106.627247,e9c53d50cc1ba074d17836d629f300dee3cce6531a35e5740804f889f4105192
1453,Le Van Hung,0325815836,levanhung1453@gmail.com,10.794049,106.724434,a5ac806fd21d58c6fe821e4cdd644cb0c582ab18ccc12e2128cb3518e514f113
1454,Le Anh Tuan,0775547467,leanhtuan1454@gmail.com,10.740872,106.729216,21a623a5fafce750795ea1e91939fd42281027f790821c5348a79e9ebb55835e
1455,Tran Khanh Linh,0917414977,trankhanhlinh1455@gmail.com,10.753130,106.603524,9d17dedd13f0ca81d4731bbfe51c5d2a852120a67a483f4b36abf4184489f8ee
1456,Phan Hoang Anh,0772642805,phanhoanganh1456@gmail.com,10.807257,106.639915,1554125c66f7666ac7b2b239084948f3fcfb1478d329ae0063452e1399fb0ce8
1457,Vu Thi Minh,0911661432,vuthiminh1457@gmail.com,10.812341,106.738583,4e01e221c54673063cda04dad89f1a62c745338b4eab6b039936bf4da3c13002
1458,Hoang Ngoc Linh,0977724862,hoangngoclinh1458@gmail.com,10.828779,106.630549,1b6f772c0c30578618e115a6aab7d71d36fe46fb60ded684a02a11df511dafd8
1459,Huynh Ngoc Anh,0972359352,huynhngocanh1459@gmail.com,10.732525,106.640740,e7f3c8fc58b7e3c74eacb6f00c1e5dca1254e117d7fd912aae327b5ec37477a3
1460,Hoang Tuan Hai,0974334920,hoangtuanhai1460@gmail.com,10.812635,106.624132,35ec9143899b68e5bc4f33712ce9c964d6457fd0120f4f0f05f3ef58f4e81300
1461,Hoang Khanh Long,0904757075,hoangkhanhlong1461@gmail.com,10.739510,106.695205,a9ad2b56f13c5aba8139178e05d768da46d976a702f9ee41e1371963dcb31186
1462,Nguyen Hoang Phuong,0906118577,nguyenhoangphuong1462@gmail.com,10.755232,106.622301,b6da5d4d0f3c2a3c1cd6ed74ed83bccffb758d964f2565bd99f76c7bb902125d
1463,Vu Thi Minh,0979997762,vuthiminh1463@gmail.com,10.772769,106.732077,e40626e6edc6a580d1ed3b0137a99dfe881f611f74381568bd0141fe53ea702d
1464,Bui Anh Lan,0325311189,buianhlan1464@gmail.com,10.757274,106.730873,0ab39f7d8f804e651bb83b56ae69b01010ddcf79a3b5845c648f99ac57c4d70d
1465,Nguyen Hoang Lan,0329840879,nguyenhoanglan1465@gmail.com,10.871924,106.614983,aa00cac252ac47166a246702e07e449af5b776baf5a022ab76cc396d2b266d7b
1466,Bui Tuan Hai,0988990154,buituanhai1466@gmail.com,10.840758,106.643676,be1bafbe511977bc71f28080275f1af2999a59568972dc86a4f828af06b5e6e9
1467,Hoang Duy Hung,0327902196,hoangduyhung1467@gmail.com,10.858848,106.702092,edc036f6897220f58462a2f41997f06315fc3a62112f0d3926f3412d9655b931
1468,Vu Thi Huong,0357746558,vuthihuong1468@gmail.com,10.772199,106.693624,a62c50aefb2a642fd931f083200f175c54d5f279442f033b3881cc66184aee14
1469,Vu Van Tuan,0917387248,vuvantuan1469@gmail.com,10.736276,106.710848,df96513c60b82fb5a6730d0bf1e076bec5830cf3d665f5928777a08dc8021d6b
1470,Pham Anh Huong,0776005233,phamanhhuong1470@gmail.com,10.809020,106.729913,5d2a9ddec7f85bbc5d5e2ae8c9bd86f691a0551810a2ff6653444e5415d169ca
1471,Tran Ngoc Minh,0356032277,tranngocminh1471@gmail.com,10.785258,106.615013,d0b59f6ff4f6dbb86c68cd9b46458695813ce95a6d6d2a7d255ea271176e6269
1472,Nguyen Tuan Huong,0972401850,nguyentuanhuong1472@gmail.com,10.859676,106.663621,ae021c5d46d85926efa0dab679a19c1ed6b38bca7f732c40e054f65e29f65139
1473,Pham Duc Tuan,0777694155,phamductuan1473@gmail.com,10.765572,106.608087,56c2cd8e81a63ca704a70bab332eace92b0ad01c86ec537f29e0a4a6fedec7bf
1474,Pham Anh Minh,0320727960,phamanhminh1474@gmail.com,10.799070,106.638139,2000bb143ec625ec2938d78edbacdb02060b01207d3de30e269bca9b05f2a036
1475,Pham Ngoc Anh,0989856611,phamngocanh1475@gmail.com,10.750739,106.634945,330c02c83b92454906088f03ad4bcd5a1334fb568bd0ad6ebf436991f9b3838c
1476,Huynh Anh Minh,0978778987,huynhanhminh1476@gmail.com,10.753843,106.704380,43304ae9c7d7051ff642204f6011f5434f7adc83e54f15493e850e70390d75b7
1477,Le Tuan Minh,0329349082,letuanminh1477@gmail.com,10.860998,106.732900,b71a69e21c0b65cac2dfe07502e5fb2ae6c13908ea85232b835985cad2031817
1478,Le Minh Linh,0989245864,leminhlinh1478@gmail.com,10.794964,106.748022,c9b924a825a59ec2c27b05bbae71a05ac740fa32c1da51804f88cb921881b580
1479,Tran Thi Anh,0774434552,tranthianh1479@gmail.com,10.828062,106.725326,79d4797d2f80e61a62d7c3ce84b8fbbc01e4313ba1f5022512125a2e976a36b9
1480,Vu Van Long,0986765915,vuvanlong1480@gmail.com,10.869925,106.688392,3c7a9b5ee196b47f2a4e49974c17cee5c94e9428cb6469fe21cfa0dd967febe6
1481,Hoang Anh Tuan,0775904780,hoanganhtuan1481@gmail.com,10.757297,106.602098,9a14aef2d5f33343ae09fae14e1648df09abded72e68e424c02c964cb7360109
1482,Pham Tuan Hai,0329604874,phamtuanhai1482@gmail.com,10.733603,106.618500,dff9992d50ca1c3793b645e52c2c6e373196f016c7159a3e6ae45977586975cd
1483,Le Van Anh,0326322246,levananh1483@gmail.com,10.802480,106.631999,1f4d47e5c821f22c2fa87bcb0054bbbd434951de609f8028da96da6c82206c38
1484,Pham Khanh Hai,0329832659,phamkhanhhai1484@gmail.com,10.773321,106.637984,f112cf708f085f11c8e2f2eece8c56bdd0ba858a5ccfc39649f4fec81836c5d6
1485,Dang Ngoc Long,0904770745,dangngoclong1485@gmail.com,10.740433,106.685029,0cfe149227efb34cdd3b53a7d072c5fbcb4b40b0388cd454d7e4daf6c658560a
1486,Dang Thi Hung,0936897999,dangthihung1486@gmail.com,10.743927,106.716819,2fce89ee4e65e59e9083e00a080cde062bb6a33cc53af9b0508a4e808e556924
1487,Le Hoang Phuong,0906511039,lehoangphuong1487@gmail.com,10.838100,106.749411,ac976e63846a2251e4d2b2b0ce3dc869a80d987b5dd04b0ec9553b6ad7557821
1488,Tran Tuan Long,0915864025,trantuanlong1488@gmail.com,10.792007,106.660348,2a6feef26ae5b06a9c4af06d2a020b778212f46329c2dbd527b1037b3b696bf5
1489,Pham Thi Lan,0321559314,phamthilan1489@gmail.com,10.805309,106.679320,ff33fec587411e03ab8aa594a23be375a3ce58b05262a15bfc3e34e02e142a13
1490,Hoang Minh Linh,0775138174,hoangminhlinh1490@gmail.com,10.795853,106.701101,7468482df0f1960c63e30a54590ec8d5a20a8b64e2f289d76f8cf99ee2bce44d
1491,Hoang Tuan Hai,0778200721,hoangtuanhai1491@gmail.com,10.791444,106.736863,f9ec4b56b41ad0837100e7590bc6e00390a5bc2c280157c8a7ba84fade9cd08d
1492,Tran Anh Hung,0359024133,trananhhung1492@gmail.com,10.777774,106.737962,0f7eda4f59efdf3ed443258dccfd86955be339946e769d1769041f2b33d58f4e
1493,Pham Thi Long,0918479414,phamthilong1493@gmail.com,10.821936,106.732735,5beb62ea8fd935266aeee80ff9fcc4af6a214de0d1caef2e4cf4ef9752f459b0
1494,Pham Van Linh,0900410106,phamvanlinh1494@gmail.com,10.749178,106.742094,a5a03d9b0249a655981556596a736ddbe1a30aa962ece1f7aeb2d27f8260f97a
1495,Dang Minh Anh,0978232973,dangminhanh1495@gmail.com,10.755937,106.667591,c7e411e98b8cc3b218e951e48dbadb5d1e75406c6ad8affa885782f66f53071c
1496,Le Tuan Huong,0980894463,letuanhuong1496@gmail.com,10.737761,106.634104,455d1f3b85826bd49b3f981be118842b6c2a259b5adeec12b79bd05682452085
1497,Nguyen Khanh Minh,0776295009,nguyenkhanhminh1497@gmail.com,10.783978,106.660727,672ed26da1c0c141175ea60706b478c1ee0aaf9a9566862967b38b8046cd0df8
1498,Hoang Khanh Linh,0917322126,hoangkhanhlinh1498@gmail.com,10.784552,106.606817,429e8ad38a41a87c4a25731051e29d352017b7f7cc52481720732f1971232618
1499,Vu Ngoc Tuan,0352644776,vungoctuan1499@gmail.com,10.868058,106.730807,945443e6a1ef10201231d0c882213653cc5775837962cb391f96e151c68017d9
1500,Le Duc Hung,0901807513,leduchung1500@gmail.com,10.834917,106.670516,4006d7146f90df918ce82ef8bc565c0bc2332576a80aea47a64fdf27a692f500
1501,Pham Khanh Huong,0776485311,phamkhanhhuong1501@gmail.com,10.813801,106.614624,79b495522811cedd3a616020797f049546d424dc4c9aa80f014a0951e848c59b
1502,Pham Duy Minh,0936996501,phamduyminh1502@gmail.com,10.841497,106.660658,8087a1078d48d671593f82719902c5c4fa9d6d55e224d9312d249faf77461a8d
1503,Dang Minh Anh,0971539227,dangminhanh1503@gmail.com,10.769023,106.662874,196a281cdb93fe333dd7fdeb7a21ae187a49b3bfbb2fab46ff3eb0bf60b3a1fc
1504,Le Duy Linh,0327862788,leduylinh1504@gmail.com,10.793195,106.706615,e918a89a434d0fcabcad71626688d71edc4e01176bbfb29c764b4c23e29cdfe2
1505,Dang Hoang Hai,0328713053,danghoanghai1505@gmail.com,10.837208,106.653615,b88cc93891e86c5341971abf4bd10be89284a5c71e3fe1808256f492899d585b
1506,Huynh Hoang Huong,0986532553,huynhhoanghuong1506@gmail.com,10.867909,106.647977,f427acbf140823a892fde2967cbcead5486e1061aa4065c337b3fc3808a8a7e7
1507,Le Tuan Hung,0324013989,letuanhung1507@gmail.com,10.771521,106.717473,b4a2dc56853ee65b87c851e84b532937c6337da36f474c25a6f1a0f1e6014715
1508,Huynh Tuan Huong,0911646513,huynhtuanhuong1508@gmail.com,10.847440,106.725883,fa82d9e76543fcf05bc2f5f4cfc472036b3a75789de37d70af94a957ea3489bb
1509,Hoang Tuan Huong,0983857728,hoangtuanhuong1509@gmail.com,10.824720,106.649746,60bdd8d5142d2f06b83c3617a37adb1a6208a8704b46dbfd95309663ef6283a8
1510,Dang Anh Lan,0910711975,danganhlan1510@gmail.com,10.839626,106.603222,3e6df586a6b3d0c203d6a375a8766a27cd84cca82731dcf03c72c5510a844b28
1511,Le Thi Minh,0914741231,lethiminh1511@gmail.com,10.736342,106.654087,ba885081fdb87670fc3d2a70a2f152e734140eee28c2b4e997378aa3333ae490
1512,Bui Van Phuong,0353894470,buivanphuong1512@gmail.com,10.802489,106.683501,21a9d6f0baf9d22b57dc36d0beae4278050329cb692d0b3994059f69b4e3719a
1513,Phan Ngoc Hai,0987095566,phanngochai1513@gmail.com,10.879558,106.612271,17746b69fbe8289f770e1878cb507f89376e78206f4a9c8135acc901369a83ca
1514,Tran Khanh Long,0982394877,trankhanhlong1514@gmail.com,10.815339,106.677585,36d6586f5232777de75816f8f92cb2a743017031e259ed26f4ef74f23dc8244b
1515,Le Thi Huong,0919449743,lethihuong1515@gmail.com,10.793525,106.674267,26cb419d82205835c773cdfefa1b6606bb5ba337122e630482d851b9cd6596b0
1516,Phan Duc Tuan,0900655545,phanductuan1516@gmail.com,10.847747,106.735836,7c23bb56cad8cfa98e0db06cb68814259f792b3f47096491c4e86739ec3b4fec
1517,Tran Duc Tuan,0328422122,tranductuan1517@gmail.com,10.777250,106.664222,d16110cdc23bba83baa206124afe4532204741c267390717cd9ce14440800021
1518,Bui Hoang Minh,0326450362,buihoangminh1518@gmail.com,10.829793,106.661658,fcc55d03f71eb7db0f05e3c4a05aac3ebb578222b6a0cfdf905410e2e5f2115f
1519,Dang Ngoc Long,0930735122,dangngoclong1519@gmail.com,10.803948,106.644945,293d8f240c9519bb4dcdaba7f86127adaa43b359b02db8a43dd90a4085f60e80
1520,Huynh Anh Minh,0918718393,huynhanhminh1520@gmail.com,10.748348,106.689746,375ff7eb3b58bda1d36a7d7b31c8b95c692ba34bfe5e3e8438cc1549bf743e2d
1521,Huynh Hoang Phuong,0989709003,huynhhoangphuong1521@gmail.com,10.821202,106.617634,e4ddb28b5da8a8f3cb6482110fd2d87806cc55e4c138195f3f5afe527c40dc9b
1522,Phan Duc Lan,0931442966,phanduclan1522@gmail.com,10.731316,106.647846,b6889397093b5119302cc50f649ba792dc64b2a0339c5cd573a6dd0c29f955f8
1523,Tran Thi Huong,0980354769,tranthihuong1523@gmail.com,10.778666,106.643089,fb98920e5fe9c91d9917134e6593cea00cfcfdde5e3d79cce1c3208f932191c1
1524,Hoang Tuan Minh,0912594056,hoangtuanminh1524@gmail.com,10.765525,106.638723,147bf614fc41e065641ea55735f81ae4e1075f48c93730c8ae625d64b10e69ab
1525,Le Minh Long,0971992879,leminhlong1525@gmail.com,10.750249,106.603675,91d7dfb7eb68a19b35ffa89440f5f8aabc44798ac6330b2c84cc9268cf1fbfbb
1526,Bui Duy Lan,0902549081,buiduylan1526@gmail.com,10.759029,106.748979,734a74f8c9a4ab5626427c2e00259d73381b7c63fd8f854a3add2ecf3ccb0e88
1527,Huynh Khanh Long,0935954690,huynhkhanhlong1527@gmail.com,10.739111,106.716724,326038ce6f992cdca482fa15004fbbd5e604bbaf8cf6d63a611b4224c352a60c
1528,Nguyen Duy Phuong,0777967668,nguyenduyphuong1528@gmail.com,10.832398,106.634001,f5d03d446a639b3f5caa0723b45839fe383dfe1dddd495e6f9609f743884388d
1529,Tran Tuan Long,0974450880,trantuanlong1529@gmail.com,10.800416,106.618290,4df5283533f801907bb4ef159bfc79c0f4ab507599b276d89c991f75e8642286
1530,Phan Anh Hai,0354196837,phananhhai1530@gmail.com,10.731409,106.703439,7f973a6f7008c152d7e9616b08f069080509dd900ce4bb6b8b9cf42f39bf72b2
1531,Phan Khanh Anh,0328616917,phankhanhanh1531@gmail.com,10.856519,106.658866,7a941a175d11b61aa275812fda0b8f5da78ae29bf77a63a178d530af595a75d7
1532,Tran Ngoc Hung,0915156870,tranngochung1532@gmail.com,10.811473,106.746317,552b835dd686606047b4e3370d717e064f211f6726d8593b7307e19da5fbe9ca
1533,Le Thi Anh,0985907470,lethianh1533@gmail.com,10.861110,106.614498,3a9868de1963818012af9697c96e8129a63270f7aa8850d220e5841f9c6a2abc
1534,Dang Duy Huong,0778582126,dangduyhuong1534@gmail.com,10.825243,106.746816,aa99401030b091673e862dc6f5e6bba521fb0fd2305becce191be23176d7f1b5
1535,Pham Duy Long,0939114746,phamduylong1535@gmail.com,10.855332,106.631867,b259c8027c25c440e1b07449e9b8e1c70b81024cd3f6f09bdf3369d2696f39f9
1536,Nguyen Ngoc Tuan,0939110549,nguyenngoctuan1536@gmail.com,10.876608,106.619051,a027325520294a8d381d85eda83e4087f229dc7faaaa7497a84f013af8db9565
1537,Pham Hoang Hung,0903469957,phamhoanghung1537@gmail.com,10.759139,106.719391,d83c1770512077ac43311b1d4a073c07be37d5d79dc72370df37facaeaf4c663
1538,Hoang Duy Hung,0774885500,hoangduyhung1538@gmail.com,10.841075,106.646235,a798c0b454874b80ec670d1a4141e5281f297a95240897b78c804ee4263ec496
1539,Huynh Duy Long,0989131191,huynhduylong1539@gmail.com,10.816971,106.636741,67730cd017ea4b7b0effd6ee8ca769b8d78c8dda84c109f45a3e18379cc93f3f
1540,Dang Tuan Hung,0329631896,dangtuanhung1540@gmail.com,10.861727,106.643466,9b4f536bd39b2d94c22af7283f1870b6f68e03f378faeabac8903ce5b68968eb
1541,Hoang Duy Anh,0988999439,hoangduyanh1541@gmail.com,10.824120,106.617724,95cc85e5242685d4165eea84cc44a8400d77277b8b9730db1af6f2bacc8893cc
1542,Nguyen Minh Hung,0910534153,nguyenminhhung1542@gmail.com,10.752566,106.744077,4e3570bcc841e7a734e1de27911218210894268bcca6b8358d397fef08621ab4
1543,Dang Thi Hai,0912213927,dangthihai1543@gmail.com,10.751912,106.727898,6fd393ec58af3c04536248f81ed094eb32a9579beea6a2960598b04a4923cce3
1544,Phan Minh Tuan,0777987288,phanminhtuan1544@gmail.com,10.764350,106.644997,4d1bfddec5ca9f4e34111e38d8d9c1886418768dfe5d85c7a2d37b738a96aa45
1545,Nguyen Khanh Huong,0354304228,nguyenkhanhhuong1545@gmail.com,10.839647,106.749559,a82a9d15889e3759399e23f2d86126bc4a1bdfc853c453e57ea4d030a2cf0657
1546,Bui Duc Tuan,0936348490,buiductuan1546@gmail.com,10.737168,106.715705,a524bb6e09103486f6229c9cbe15810b20596d1ace92336b2339610270f81ab3
1547,Le Ngoc Anh,0357556497,lengocanh1547@gmail.com,10.803383,106.683654,98fb9ceb774a9fb9a6a6b0077856b1d2df4453fc1021db697a9472ca28b853d9
1548,Nguyen Tuan Long,0985932612,nguyentuanlong1548@gmail.com,10.769452,106.621223,34fb6fe7b8772f1c206d036fe7c779961aa46dc8a8b74ffba8f897acbc84e237
1549,Tran Khanh Long,0978091377,trankhanhlong1549@gmail.com,10.829572,106.716582,e89bc2a5e5466553bd7bb0c48caea5947b0bcd90f5eaebc8bc70e43ac0381d3f
1550,Huynh Van Hung,0352446090,huynhvanhung1550@gmail.com,10.797773,106.608344,6c4e17ec953b49ba6c47a3aded912e7f565267d20d6f3491e68d9616abc916ff
1551,Pham Minh Linh,0911268194,phamminhlinh1551@gmail.com,10.879738,106.670241,d37cf2c43f4903ae9e89306790ca3ac892d0c5b8a52658705f118fcd0071a568
1552,Hoang Van Huong,0775322909,hoangvanhuong1552@gmail.com,10.855919,106.749017,fdf7245f3b415b5783bca9c8812c1731beb080ba72f0e7d3deac508b56ac61f9
1553,Le Minh Hung,0322380129,leminhhung1553@gmail.com,10.828476,106.701486,d11723872bf37e3e707a5bb2b34efe8bf3eb4376ed40a103ff574d3bf8a3f9eb
1554,Nguyen Duy Tuan,0983503409,nguyenduytuan1554@gmail.com,10.767422,106.670337,a4172c0a23eb36c788d4a69ae9de36b473d63ca234c58a4d73f652bdf6e863ee
1555,Huynh Ngoc Long,0908412615,huynhngoclong1555@gmail.com,10.747665,106.717358,c9c485a266ea09bde10baeb1e03af1cf8469d0be16afccfe4f446bc1bc901bd7
1556,Tran Khanh Huong,0971832017,trankhanhhuong1556@gmail.com,10.759779,106.746796,e1a440224d19da0261baa05cedf3d38e4f9ee73eab7f12af7729c58a109abb0c
1557,Vu Tuan Phuong,0325374027,vutuanphuong1557@gmail.com,10.752592,106.654563,339664e284f0055063e05bd94a5791e9491f58dcd3e1a6056d2ef1b67396266a
1558,Hoang Van Anh,0908750307,hoangvananh1558@gmail.com,10.853593,106.701871,d8690ed745b7cc79a8570aeacf151e6ca17bb30149f1f349c8ae18b1a400fedc
1559,Bui Khanh Linh,0329467754,buikhanhlinh1559@gmail.com,10.769043,106.723352,478833ccc34de4ede61a07b0f625038b4a53455f0eff9d7b10457cd6eed96ade
1560,Nguyen Ngoc Huong,0320389220,nguyenngochuong1560@gmail.com,10.792849,106.720420,a918d2662bfb6b54860a9fe7c05e50b10784a178be38ff54062614cd39694724
1561,Dang Ngoc Long,0936130938,dangngoclong1561@gmail.com,10.798537,106.729770,dda565bc8925612e2eb66dda55ef1a538be57857113cf4fb95d62bfead3b5454
1562,Hoang Van Lan,0777475013,hoangvanlan1562@gmail.com,10.829473,106.672016,e1a503a391e07c374d53fcf8f93c5e1a036745eb61b9d2499cd00976d3d4e3a4
1563,Hoang Khanh Huong,0914157896,hoangkhanhhuong1563@gmail.com,10.803273,106.647409,2e21e9a28899aea46eca39a8d9f276d15acb77a8e0dc7a038c664554fac9a46d
1564,Tran Duy Hai,0350277897,tranduyhai1564@gmail.com,10.811183,106.651398,f683a9a77bc3f60a5c4b4ea8553d371981ea211deee6d2ea92e74a1da2e6f203
1565,Le Hoang Minh,0774503123,lehoangminh1565@gmail.com,10.830824,106.693639,e9f217547fe64c0d4a95ef1580f451bbc4e5073a2a1bfe4a9b858c0c94cc694f
1566,Nguyen Duc Hai,0350137178,nguyenduchai1566@gmail.com,10.852213,106.663903,99c77f74a30c49e777925ec806db49dc1f6ac3819397e223593feddb236e7686
1567,Dang Duy Tuan,0320132525,dangduytuan1567@gmail.com,10.843200,106.733553,94a7379cc181184e48d2a8220bd82ed96dab84b56f5746ed49f06b87c9f4bb78
1568,Le Hoang Lan,0983083217,lehoanglan1568@gmail.com,10.853058,106.684839,94c711c38fe23ac6d29195e89c8dc51f510c30f61aae564bcd4f66c223238c20
1569,Vu Ngoc Huong,0939942502,vungochuong1569@gmail.com,10.843711,106.602457,7c721cbff5a36eab82fda74e7ef87f879366855483fc446facca545c59a0d39a
1570,Vu Van Linh,0901802122,vuvanlinh1570@gmail.com,10.835461,106.727936,d6f998413f37c2f43fb5067a430cebe347b8bdb7e2c32755426cea4778e1221f
1571,Dang Tuan Hai,0987035724,dangtuanhai1571@gmail.com,10.858771,106.633489,2dac32461cd4f50364770a28ffdccb3932a114e5461143a43219e8555761f205
1572,Huynh Anh Linh,0909166202,huynhanhlinh1572@gmail.com,10.865968,106.728717,766277a81d5e5c6b1b111b1e71943f6cb6da7f4b6b720fde92233e366a23dd8e
1573,Vu Hoang Linh,0974228115,vuhoanglinh1573@gmail.com,10.794491,106.685549,f0dfa21ee09985d617a4109d5523b7759ab45f5961627de0203efe401990ce67
1574,Pham Hoang Minh,0320550468,phamhoangminh1574@gmail.com,10.784065,106.714459,3845fe460518d76779fbb00142bfa7dc64838fb95dba192358b74bec0f49f7c4
1575,Phan Khanh Anh,0937617534,phankhanhanh1575@gmail.com,10.861930,106.603579,23618745828769d37e463532d057991b042d0cdf0f1440fb783c2eb291b0fa2f
1576,Hoang Duc Phuong,0983246696,hoangducphuong1576@gmail.com,10.835333,106.715120,68afea6f1392bd2d0c5fc1ff792ae778cc9ce247ebfec91713f13edcc46ace1b
1577,Hoang Khanh Anh,0932712535,hoangkhanhanh1577@gmail.com,10.864341,106.682871,5fd37dd3db36a989267d09d51318d31d93e08d0a045df1a308f730dd5d016734
1578,Dang Van Minh,0912613434,dangvanminh1578@gmail.com,10.764172,106.606103,82be0a40e5495478dc69b411a183698454cc907bf63550fb589e51aa5c9c0cf1
1579,Phan Duc Long,0905267605,phanduclong1579@gmail.com,10.761145,106.749158,72fd17516632cedb52f6012e2a42b4ac5dc32ce9f8e547ed86d7bd982759096d
1580,Dang Duy Hung,0912316465,dangduyhung1580@gmail.com,10.745199,106.658360,48cb9f99b471e9b327bc8eaa8df16f1b4a696d5d85e3e194d5abcf6e723e4406
1581,Tran Hoang Hung,0327886515,tranhoanghung1581@gmail.com,10.822564,106.607490,29cf674ef3fbba814b38374608b87deea0dc60bb0d1650f832ca2cc7da88eb39
1582,Bui Ngoc Linh,0915959370,buingoclinh1582@gmail.com,10.764116,106.709324,0f49c3cd1ae61c91eea7fa7a917a2add52ff91c431c6508b938311727d98ca01
1583,Pham Van Hai,0986284125,phamvanhai1583@gmail.com,10.822611,106.670606,eb3adf62b2b6d44960f59210984a8b85add10ccd0816314ffb35d8e9d4cb4271
1584,Phan Tuan Hai,0320085585,phantuanhai1584@gmail.com,10.873081,106.702175,92903110068ef805c32777a801a6d409e40cd5a5f2e0ac825088712113389266
1585,Huynh Van Tuan,0353125433,huynhvantuan1585@gmail.com,10.803188,106.715310,6f6e4bbf4ee3299f655965cec6aadc5e5b880c0900b1326d0f00e6db4c304d9c
1586,Phan Duc Linh,0937526269,phanduclinh1586@gmail.com,10.750324,106.614304,9a19295bafed49b9929c7f0358b33d7998e726a3c9a6e4fa4a95546bf6919238
1587,Bui Anh Tuan,0900516656,buianhtuan1587@gmail.com,10.759476,106.650799,c3f08e745c5ab2623f417ebff29ef08050a59777017c42b1183574ccea87345b
1588,Le Khanh Lan,0901776509,lekhanhlan1588@gmail.com,10.764108,106.612331,c5ab16d0510d4244b40dd978d0717167834b0fb79351be2cef3b4ebd35bdb75c
1589,Nguyen Hoang Hai,0904973620,nguyenhoanghai1589@gmail.com,10.879755,106.614228,d246ffb5d0cf48281ac5479a20822313acc1fb8b71b29a955617d8bd8c151e44
1590,Hoang Minh Tuan,0974905255,hoangminhtuan1590@gmail.com,10.793466,106.636454,f3755c4b89af717e98f13ca98c1033fa6baab7e349ffd9cd3f45465f7a3ddc94
1591,Le Van Huong,0900538547,levanhuong1591@gmail.com,10.813384,106.698532,d476959abb7d6b57425ead09be10cad6437fcba8c0bf91dd7c54f481276c26fc
1592,Dang Ngoc Huong,0350085908,dangngochuong1592@gmail.com,10.734670,106.618245,7ed06c44d0ce6430e01f848e643ff947aaed98f6dc9d4dc1b6fd534b61d8aae9
1593,Bui Ngoc Huong,0328523634,buingochuong1593@gmail.com,10.839792,106.689911,a3df6ad932112c3e3df61f757e6db4bb6f694aedef0c27905552abd918f19c93
1594,Bui Khanh Hai,0930665390,buikhanhhai1594@gmail.com,10.831614,106.667087,9e78e5dcd863fe379a5da0e494870fab96439d56d5931fa45f249725598d55e3
1595,Tran Van Minh,0988944946,tranvanminh1595@gmail.com,10.765659,106.715323,64104695f13b52514d28b3396139fdc3e3a1a7f0a98683b7caf4194be41ff0ad
1596,Dang Duy Long,0904846898,dangduylong1596@gmail.com,10.825550,106.694724,44a05af2a617a5a8bf93b513971f8994b1adcf281df272071fd9e39fd25213e6
1597,Phan Anh Huong,0930145968,phananhhuong1597@gmail.com,10.812274,106.718879,92042550615868e51296991ade1d5917881d79e54678b1a65d9c82349fd72056
1598,Tran Tuan Lan,0909053159,trantuanlan1598@gmail.com,10.828064,106.740462,6453de2a2fa59c613fa67ca9933e5a0802a5a0f5ba7002c66a958bd5ff8dd72d
1599,Hoang Anh Linh,0327025301,hoanganhlinh1599@gmail.com,10.856397,106.661419,04a9d29272a2086e5898378e47d6cd64427210db34cde2413bd68d5e2d401c0e
1600,Pham Khanh Minh,0902656478,phamkhanhminh1600@gmail.com,10.860966,106.677622,d0206c9ca0967593d8c26e46390210ffc3e5f65b8933c623e97a751006a37566
1601,Tran Hoang Linh,0777762466,tranhoanglinh1601@gmail.com,10.876689,106.618376,94024f1306ae09dee93ab7c8bb253908ab3189705a8026d70cdeb062ee26f7fa
1602,Vu Tuan Phuong,0354537884,vutuanphuong1602@gmail.com,10.818631,106.711006,8aa446eec53a95455bb593c58675f997a6579cf6926712d4bf6073a3d55418c0
1603,Tran Hoang Linh,0905211389,tranhoanglinh1603@gmail.com,10.769613,106.716186,26084fd6f3db6a8f55a28e8b83551976ee1c90b5c85af5684a9136fc4235ff57
1604,Pham Ngoc Phuong,0985274466,phamngocphuong1604@gmail.com,10.861655,106.655413,a7b5e1e42f2f84732132d05d9e6135fef5ac4e7968018c7a70ff498ce26ae423
1605,Nguyen Hoang Hai,0933344797,nguyenhoanghai1605@gmail.com,10.745632,106.704668,0b16c6a5355602caf1c00b6808f3dc85a320bb9e27922e2faaa11118ae27b257
1606,Dang Khanh Minh,0329418666,dangkhanhminh1606@gmail.com,10.878815,106.694206,712729c76019b681f80739a1f91612128f7a39524d652e3e52213566e0591339
1607,Phan Thi Huong,0901520639,phanthihuong1607@gmail.com,10.853928,106.728386,6407be4135bd9e922145b1dae7f14a843e559e8f8e68164921ab2b32743793a5
1608,Phan Minh Anh,0985197114,phanminhanh1608@gmail.com,10.819946,106.745931,6a36fc83d268c5ea3278d10eec097383ff2edec17ec106cd76aef1e7c6d61c7a
1609,Phan Anh Anh,0971561314,phananhanh1609@gmail.com,10.843678,106.613333,3c0e7bf99be0cd95eb10f5fad1655378d073f82afa9e683619dee322ada1a6f3
1610,Huynh Tuan Huong,0772749894,huynhtuanhuong1610@gmail.com,10.870689,106.634921,d62aaf493a84df511ecc8bedbe7f7c6d1aff18738ded21325d3bcb60cae095d7
1611,Hoang Anh Lan,0917238266,hoanganhlan1611@gmail.com,10.841915,106.705517,8ee5c9c6b552727e592145e08fe6d0be677d6d233720adeaf2b64a58bc609023
1612,Nguyen Tuan Linh,0357799973,nguyentuanlinh1612@gmail.com,10.747263,106.707519,f5639bfc4259dd5f6aec0d2ff10e437d8169416c17863dee51168ab0e642ca35
1613,Vu Khanh Anh,0356123017,vukhanhanh1613@gmail.com,10.785380,106.689591,134d952e758d31264fb5cbae8c310b3a7699155954c3523025a2b6f9c407b02b
1614,Vu Tuan Anh,0324968798,vutuananh1614@gmail.com,10.828227,106.704821,7e9063fc995523e16b86debb7439494ff32c19b3f76f1b423740cde8c5a2b4c7
1615,Hoang Tuan Linh,0357474968,hoangtuanlinh1615@gmail.com,10.804145,106.610742,c378ba16b9f929c53aff37112750062c66f4f1c9a653f56d827e198298986dcc
1616,Bui Ngoc Hung,0353949656,buingochung1616@gmail.com,10.823442,106.618552,b995f7843698eb2f8808d705ba50bfc6779c238add6e67ae1d72b74cd24cab42
1617,Vu Ngoc Anh,0977036807,vungocanh1617@gmail.com,10.856244,106.629898,db29bc39b08ef7dcdeded28f26c1b2134d137e33ad3ba8c8283f3c35298f901c
1618,Vu Duy Minh,0771234973,vuduyminh1618@gmail.com,10.801932,106.709723,6e70b428358150670d88c5a853018410fc8952fbeac816877e15212c632939be
1619,Phan Hoang Minh,0778209630,phanhoangminh1619@gmail.com,10.806899,106.610468,ca03427968a7c838c71f0ba4458f0420d9f73d68b1ec3c9621a593d6997cd86e
1620,Tran Minh Long,0327972434,tranminhlong1620@gmail.com,10.773142,106.615888,800837391c3703ece3524f26a54c37f69aa0ce1530202051bc0464776014985d
1621,Nguyen Khanh Huong,0352090589,nguyenkhanhhuong1621@gmail.com,10.771402,106.715319,e0eea885a7adb3ebf99b39a62ca84208b37efe86aa9f4a89e3b17a2812f3fb9f
1622,Pham Hoang Huong,0936022792,phamhoanghuong1622@gmail.com,10.758081,106.695786,5f2cc4c0831bed1837dd49e5d3056ba31b1991f5aedab1701086892bb2a8f0aa
1623,Pham Duc Hung,0975045489,phamduchung1623@gmail.com,10.837047,106.699894,d212af295f5476f0bcfa1fdc5eb2b1d6f0cbfb148f43b65b8ccf54fdcedf741a
1624,Tran Van Phuong,0978773577,tranvanphuong1624@gmail.com,10.752183,106.731678,55f61e88e55c1005079aea7bf916f393814a736cfdcb70fc537b5b1317437bf3
1625,Vu Minh Long,0981321694,vuminhlong1625@gmail.com,10.741326,106.648418,862005f764379c3287d2005c2afdfd123690b828bff1d5690baebe00aef185b5
1626,Pham Duc Linh,0771905861,phamduclinh1626@gmail.com,10.806936,106.730280,0631e3bef20c69e2e5cfa40bda7c957992d45198f4cdf22f7040ca2070deef87
1627,Nguyen Anh Huong,0776278887,nguyenanhhuong1627@gmail.com,10.874129,106.734529,e2ed42988264bea3689bae6e1b21e8b183c1864d0d855f5b8fd0d4ad00525e40
1628,Bui Thi Huong,0323357763,buithihuong1628@gmail.com,10.792323,106.709703,632edf9ab3aa88ec732360cf5c0d439083c92d573bedd0a5f146ecc46efb268c
1629,Pham Ngoc Phuong,0905817115,phamngocphuong1629@gmail.com,10.828325,106.710703,7cea5562097f7010b8f773d9662779432363a6a4157aaa083dc55d0ea0a25a68
1630,Hoang Khanh Minh,0908702588,hoangkhanhminh1630@gmail.com,10.790370,106.746796,5fa2814bc3ddcf359945b2db2631fbce65d5e555eadbd1889ad5b00dc28b0b64
1631,Huynh Duy Tuan,0905868103,huynhduytuan1631@gmail.com,10.834500,106.659492,db9ba5abd391c9e621bfb9d0cf0492760a346eac104adf8993159833b9f2c2df
1632,Tran Duy Anh,0776805696,tranduyanh1632@gmail.com,10.772382,106.685868,47bd94fbd0774589c167fdb9385c694d58df81879e15ccfcae5f3ee720033047
1633,Nguyen Thi Hung,0976718574,nguyenthihung1633@gmail.com,10.837928,106.652579,215777d3835f08f5a4b9e53998c5e97f3991f09b602b5f3591aff10bbf7bbd1c
1634,Huynh Anh Lan,0771703252,huynhanhlan1634@gmail.com,10.783184,106.721834,d2e1bad714af511bfc120bad66ffb708164b73bb811ae6a277b39c58d248e831
1635,Pham Hoang Long,0912513694,phamhoanglong1635@gmail.com,10.775658,106.729267,a6d59d8d1ec5c3cd5b30018d47032c2afd3660586fc9621644a56717ed5b7383
1636,Vu Khanh Linh,0323724052,vukhanhlinh1636@gmail.com,10.739191,106.656678,5ad37a3c6fcb420b74100785a0ec72b671b902e6d43a8b03d7a2f12bfdcbca45
1637,Vu Khanh Lan,0774970273,vukhanhlan1637@gmail.com,10.788769,106.738991,d7f877d8e937b3654ab487425f2b18fcdba99e8c7e38d7621ec6cf0cc3a1f2cb
1638,Pham Thi Hai,0977722527,phamthihai1638@gmail.com,10.749949,106.699333,6db25b69e191cf1d1e80d4d834c47d6b08573d5f4578e50c08b702a3ea57aa68
1639,Nguyen Khanh Anh,0986242878,nguyenkhanhanh1639@gmail.com,10.741455,106.687331,8515a8cb92c81ae021abce17955cd5e5ee7fe58c6a35c89e4f6ccc329fae24a0
1640,Bui Hoang Tuan,0975377107,buihoangtuan1640@gmail.com,10.750108,106.701744,54ec41ad7d861973c19f60c62a097f77af4834b6a24f7c22aacbc2c5aeaa9ccc
1641,Tran Hoang Hai,0351220027,tranhoanghai1641@gmail.com,10.841532,106.736852,e09b6b3748e4aa0a67ae5012b680c31ff3068b2a5e5e89d231d265c2e1c69e46
1642,Dang Hoang Lan,0329641874,danghoanglan1642@gmail.com,10.739527,106.623402,7faf3625cb3c5b2edfd0e4743cb9eec811759c6ccba34b8d72ae4d9af8fcf89a
1643,Tran Duc Hung,0775421589,tranduchung1643@gmail.com,10.820696,106.668899,eded8cfe0bafddcd8cef98e1a97a992f84f9005219c9d1ccf1b38685bf9fc209
1644,Tran Van Hung,0779454436,tranvanhung1644@gmail.com,10.868144,106.619058,43211f9e8a111fea09394888337b1760ff21d53e675a469bd53812656fc73250
1645,Vu Van Long,0351461478,vuvanlong1645@gmail.com,10.842436,106.676304,7471c6405f9e5ac11e0cd8ffc8890113c05ef1e87ef8e0c0c08c5efab6fd1913
1646,Dang Thi Lan,0989303851,dangthilan1646@gmail.com,10.761982,106.697907,987ebf45dbb16c61948105911398ef409244d815ea884d95b699f576bb53e548
1647,Hoang Thi Minh,0913871014,hoangthiminh1647@gmail.com,10.798190,106.681857,05189299e47a72b9e803ee40d70dce616997680122d24d0f09a0afffa2bfd5ab
1648,Pham Ngoc Anh,0988242999,phamngocanh1648@gmail.com,10.778602,106.740725,6b96179eb0537f8fcc6e70c348bf0c3d362c82f97f1c15b4d4ef71e97a6c9038
1649,Hoang Duy Anh,0979686911,hoangduyanh1649@gmail.com,10.739928,106.711785,fa9fe284317eef4a26e185cc4c4fe9e6eaa415b00dc40bbb704efd6f2e6588a5
1650,Tran Ngoc Huong,0353337782,tranngochuong1650@gmail.com,10.814815,106.722015,25e40b5dda40bc6330989c09b29f88c6a7ed4e22918ff39e007bbe5f90fda60f
1651,Huynh Duy Tuan,0915917863,huynhduytuan1651@gmail.com,10.798219,106.619257,1762e1cf58349da9c3fd821c1181ed9034d3d44168f4a281006a86ca7f21b44b
1652,Vu Minh Minh,0939940498,vuminhminh1652@gmail.com,10.866829,106.742819,7a7398dffc80be3b860d2be7567fef9b73ea38fa60ad0c577a4b1b2784228311
1653,Pham Duc Long,0772444218,phamduclong1653@gmail.com,10.782568,106.637019,dedebcd58f6b05a96d37783b181614c441d19604123e1c18f65ee396bf0b31e9
1654,Huynh Duc Lan,0322482411,huynhduclan1654@gmail.com,10.750354,106.634895,facdd6d5952b31d0eccd03d2cde949dc59c03470f78312921c2886e4abc27165
1655,Huynh Van Tuan,0326958648,huynhvantuan1655@gmail.com,10.775950,106.684579,3f53c9b1dcd5acb7e3d2486c0bd45f70b82e0a9a632b34f48d2da1a3fe6415b9
1656,Tran Ngoc Tuan,0351655815,tranngoctuan1656@gmail.com,10.778592,106.710340,83ddb75e9d9c83ae36af05ec7d0af3614219268d801f63482280a77f7f954042
1657,Dang Ngoc Hung,0912810864,dangngochung1657@gmail.com,10.733954,106.614874,d19ba55b9de5d1607eead5087555fe85579238b4bb2f2d30440dc80fd2f26e47
1658,Phan Ngoc Linh,0901897775,phanngoclinh1658@gmail.com,10.739427,106.633870,833e7e1d78a3127ecd4fea4851aaa4b852995561b98aba35e223275c49a77f6b
1659,Le Van Lan,0776155196,levanlan1659@gmail.com,10.781609,106.643993,1b33759391aa78d6510f6559e674c88b94f82cc3665b5f5837eb86c687c94d8b
1660,Bui Anh Linh,0914889857,buianhlinh1660@gmail.com,10.868038,106.611145,44bb5ef1d6529ee9851e8c125ec98aa2ef774d8f727bcffe9bcb303b725b59d6
1661,Huynh Minh Tuan,0328422408,huynhminhtuan1661@gmail.com,10.782008,106.609513,455375be4bf30b42b6b9497b435c63d3e1323cd9a8e7c389b2a98adc62d956ad
1662,Phan Van Long,0989664506,phanvanlong1662@gmail.com,10.804704,106.600900,a933eea02fe30110d9c0e55da7b2c999cb7545b611b9f9a92555d314a25bd861
1663,Nguyen Tuan Phuong,0770702295,nguyentuanphuong1663@gmail.com,10.830493,106.723352,9cd73379315c88261390cf9c66ee6efbf8ed5e7d43dfbb307defc2b2503de121
1664,Phan Tuan Anh,0989483517,phantuananh1664@gmail.com,10.862461,106.683788,fe27f3885d0b08eebecbd609a2f42859f7e6b0fa7f7ef17a604e15d6f6ba3e9b
1665,Tran Duc Anh,0972179583,tranducanh1665@gmail.com,10.799638,106.628617,34726c590f08aff816a57e4893401a4662a4fec30677b78a17f2ed045e3d4be5
1666,Hoang Hoang Huong,0901934552,hoanghoanghuong1666@gmail.com,10.804436,106.611575,9104532448c4b0f48bb4883592e724676b41afaffe5a3c3f133d17b2aa00748e
1667,Vu Minh Lan,0981848835,vuminhlan1667@gmail.com,10.867717,106.684412,b376a8f29319cc144419c9324f8f2f5dc97d249c4ff1a9e9ef967f82b163037d
1668,Tran Ngoc Tuan,0773234004,tranngoctuan1668@gmail.com,10.814358,106.671294,50b57add15ebf941541e82025c92bc40b1ac69d385e04809a067a3b278ab6cdf
1669,Phan Duy Anh,0322656404,phanduyanh1669@gmail.com,10.833936,106.693225,9bcfc8edb1b1608a207496561255310fd244bfd7a51f881773d017d410c325a6
1670,Dang Thi Long,0778819336,dangthilong1670@gmail.com,10.833726,106.612370,449e868fe7a314bfc7f77c0ef7dc24bd5f59a4dfa188fe96a47f940cce2ed4ab
1671,Dang Ngoc Tuan,0355773264,dangngoctuan1671@gmail.com,10.749960,106.702355,8550de4c3348e5277e86ebafa43c7bb617744a3c5e9ddda44bf94b8937c7f4d6
1672,Bui Anh Huong,0982874806,buianhhuong1672@gmail.com,10.819869,106.696952,2d573a5b5f77bc5e044f421e617ff655269deeafd90f30e4d339bc584265fe0a
1673,Tran Minh Long,0351199252,tranminhlong1673@gmail.com,10.828487,106.655957,80c6b02a9e1f1a27c2268e3fda86520a8928c3d42d089ab3d90a9360d8571160
1674,Pham Tuan Phuong,0930748609,phamtuanphuong1674@gmail.com,10.858537,106.600821,10f976511070f83caa3d5b8d4d1ee33f721e6084d8b14543dfea50aec6730324
1675,Le Van Lan,0326057656,levanlan1675@gmail.com,10.815685,106.734969,aab106c2c0c6c5b01f5b5058c66c158afd420b50f25ce265af2eea1c5a85074e
1676,Hoang Van Phuong,0979459250,hoangvanphuong1676@gmail.com,10.870679,106.620500,b925cb807aaa774fca9730100a1769ea8401a6c5f112c5149c270416c9a44a8c
1677,Le Khanh Anh,0770009279,lekhanhanh1677@gmail.com,10.737479,106.635148,ffd2975661891b01058c69e1cbf2839fbee938bca3140f3401da3ec0edb5d313
1678,Vu Tuan Tuan,0903020564,vutuantuan1678@gmail.com,10.770739,106.644063,1b91bdb45f112c97758bfa4f8b5f6c05d671f7b3cc4f37e56d10b513ba4f4d48
1679,Tran Van Long,0970575644,tranvanlong1679@gmail.com,10.765001,106.622607,a6e45c04bb699cbf4ac557ee0084becb178f5801160efbc2c4eb89b76c56520b
1680,Nguyen Duy Minh,0355196145,nguyenduyminh1680@gmail.com,10.785116,106.643058,d316152f924d20784f6c3450fffd264042af3888bd9a4604486c6692cb37a838
1681,Tran Thi Phuong,0903076692,tranthiphuong1681@gmail.com,10.730074,106.656579,20f0614b78c810b6a7998c477192b0c4f823836a26fef72e7e0741cd6e77a7db
1682,Phan Ngoc Huong,0981861356,phanngochuong1682@gmail.com,10.781743,106.674786,dfb0547b5161418c7f834aa1b0b1bae64079b618bd5f708cf6e97b7c6c6cfb98
1683,Vu Ngoc Anh,0939488094,vungocanh1683@gmail.com,10.738495,106.664408,3357308d3124fd7c0816b82d30f2ae7fe6fb84e3858a1eed2101bcba6bd817f4
1684,Vu Minh Tuan,0351226115,vuminhtuan1684@gmail.com,10.781521,106.661511,4d29ffbc230b12122f8579b46c499a46f7ca091e1d2a43dd78f50a9a88560c60
1685,Vu Duy Minh,0977653055,vuduyminh1685@gmail.com,10.845596,106.600747,66d297fa2e2d96ff89447f73cc7974023f8246091a775996e0096e69943d365a
1686,Dang Hoang Long,0935451442,danghoanglong1686@gmail.com,10.744364,106.685675,75aa56816e04e3c64e7b99a104dcfa781644bd227327358ce474c5c39cac3cc7
1687,Vu Tuan Lan,0777358107,vutuanlan1687@gmail.com,10.810356,106.722117,30e0dab44e078a1728e22bdb40780db706dc4870bdab0f47599226482728301b
1688,Vu Duy Minh,0325345489,vuduyminh1688@gmail.com,10.735164,106.715575,9261cf1537296fb13c69cd06592eae3ef48c5e6efcc84a24d56620d02c6f3b26
1689,Bui Duc Hung,0982872157,buiduchung1689@gmail.com,10.845654,106.705500,700a563509875551de1782cf408c2e71c475a7bfc07912d7a7931f21d0d1f9dc
1690,Tran Ngoc Hai,0905902605,tranngochai1690@gmail.com,10.837131,106.640584,868b24441d251f404d1b2c3b39056297ab6bfaeec98dc3509fb275e696913b99
1691,Le Minh Phuong,0977293699,leminhphuong1691@gmail.com,10.742579,106.702523,d8f203c13378243dfc40fd2219498f9abba5b59382c9bfd656df6b3beb1ff4dd
1692,Pham Duc Long,0983293872,phamduclong1692@gmail.com,10.783027,106.661741,fa052a8a4905d17d1db0ef8eafa352824343711240d93dffc3a753347e55af8c
1693,Hoang Van Hai,0936258282,hoangvanhai1693@gmail.com,10.822113,106.630856,182550b0d23233356d130be1f3d13c4cc7b8966785423d3c8b60b9f2a0a41b13
1694,Tran Thi Hai,0970937543,tranthihai1694@gmail.com,10.822426,106.719645,a2a8112c04cfce235728cacb9cff1709470f707ac9eb97cd90fbf2c7973d4694
1695,Huynh Tuan Linh,0355865432,huynhtuanlinh1695@gmail.com,10.778004,106.697144,3ffdd204e273ff770e042cafc1362de0ce18478a2f711ff95711cdfd1dc95e59
1696,Phan Khanh Anh,0351988374,phankhanhanh1696@gmail.com,10.741791,106.703844,511f4d5aab33a8476eabaa2cab59f3bf929ee812fd47a3cf6015c279d838c17d
1697,Huynh Thi Hai,0932337543,huynhthihai1697@gmail.com,10.803369,106.748026,af8cad02ce61eba56e3bf8cdc45fbfb8c84248d0acda4fa8d0d17b5e6fd22cf6
1698,Phan Ngoc Lan,0900755530,phanngoclan1698@gmail.com,10.827679,106.738951,1665773f997bb5b105efd7a83c27c5518148b4cbc8a9ee7da6dd5a97d96c1c38
1699,Vu Ngoc Huong,0904851585,vungochuong1699@gmail.com,10.757825,106.674826,97212057473ab2ded191d56b3828c534efe78b1b505c91044847bf3dd50fa524
1700,Dang Ngoc Lan,0911419623,dangngoclan1700@gmail.com,10.803203,106.671845,979ec40e81745021e3d006067cfc86a5df95ec913db6a2a894b1d2300c8a11e1
1701,Pham Tuan Huong,0977012330,phamtuanhuong1701@gmail.com,10.776411,106.682315,c2d68355283ac6e76aa177b12d8de5dfb198769e6b9dd79a0833c98ab036625a
1702,Pham Hoang Minh,0930988615,phamhoangminh1702@gmail.com,10.830871,106.680755,6afbb41b88fb0a2584bbcc3eeb0d2b9654126a4a99e12363d34106d1ad38fc92
1703,Tran Khanh Minh,0357086665,trankhanhminh1703@gmail.com,10.732616,106.605665,44e03f958495d4f470ac66f819a1f9e4d9282e5730db2f97defdcedf6902a365
1704,Huynh Thi Minh,0910899431,huynhthiminh1704@gmail.com,10.811834,106.623175,fa790a7a7ae64016a9e2278e82181cf82f71e4444a1864ccfee630163d11236a
1705,Dang Tuan Long,0324181026,dangtuanlong1705@gmail.com,10.794525,106.742475,2a303058ef5d34efdb0195f6269461cb817c2454ac02c2b92a059b94b3dcbcd0
1706,Dang Minh Linh,0916327160,dangminhlinh1706@gmail.com,10.834375,106.696225,0c4854b496a1e7959c5102fa82d35ff690c7cdacddb4794522d2c8a04c6c04fb
1707,Pham Thi Tuan,0321383865,phamthituan1707@gmail.com,10.802018,106.671834,a5b5aaa8565a658a8d6be176ac03314de678f36482f9ca3719fa51237b2a9bd0
1708,Le Khanh Minh,0772754004,lekhanhminh1708@gmail.com,10.868744,106.679787,aabafecf77ba38019f7c0ba9074df855aa1de8ed473125be81ace140c0346d7f
1709,Dang Hoang Tuan,0978329607,danghoangtuan1709@gmail.com,10.858075,106.626073,85ee1ca78740654a17dcaa92fb755bd397208261bdc9c99482cf7ab0f0fdf546
1710,Le Thi Huong,0907920125,lethihuong1710@gmail.com,10.841650,106.607733,16284fb85cf8f4f64e8e9ad5ad8beb43b4f83a8e1571cbcc6294296488e25017
1711,Phan Anh Hai,0324481934,phananhhai1711@gmail.com,10.770336,106.610933,891f0c65c575a71f07b87ae195e5442c4db5ae716605a4f1bef709e595deb96e
1712,Hoang Hoang Hung,0903243915,hoanghoanghung1712@gmail.com,10.845950,106.661922,ffe6c42acc60afb84f4c96925cd8d43ee76c305fae59e86fae9d6bfa0a1e3260
1713,Tran Duc Phuong,0918868028,tranducphuong1713@gmail.com,10.816628,106.654126,37e613d0513eeeac084489d2c93167aa6445ad93298fc339a5f1a0026e427101
1714,Dang Hoang Anh,0775459427,danghoanganh1714@gmail.com,10.734403,106.736432,85a9e21494fcb952663c3ef1e528d586ba3df2ce3ecf5d20c10791e201715d15
1715,Tran Minh Long,0979249111,tranminhlong1715@gmail.com,10.780166,106.736303,22d6e6c2d2c448d3a37ac51b578223af27839b59e70fbc0882b88d008d848833
1716,Phan Ngoc Lan,0982191464,phanngoclan1716@gmail.com,10.782416,106.695187,05e137a05dd481848ce7b63f29956bdb2f30a52b40714d3a8c9d68831317d93b
1717,Vu Minh Lan,0912636642,vuminhlan1717@gmail.com,10.799836,106.732085,7e5f48932e7f22d0ca4a2219e2b5683fd7024e1ec769f9ce8def10dbad876abc
1718,Vu Hoang Phuong,0771880643,vuhoangphuong1718@gmail.com,10.864089,106.732538,275e2f5df04fe4f7011fef24939ebe2fabe4595e265f105cbc74a3b10098da36
1719,Pham Van Long,0937709486,phamvanlong1719@gmail.com,10.841934,106.696965,46c08f976be1146c756c0b5d98fcddabda23b33bbd7d88c2b1ef64cdb85d9a34
1720,Le Duy Huong,0901456299,leduyhuong1720@gmail.com,10.828651,106.702187,3b83ff94da870f3b007360813d5c8e511934f05262b36088e5cf2c1908ed08f6
1721,Hoang Ngoc Phuong,0907766618,hoangngocphuong1721@gmail.com,10.862198,106.640500,a44a4f0c71963b2dc42db27091932b56f6ea204eff77d529b7e61b0b6787558b
1722,Pham Hoang Phuong,0976756742,phamhoangphuong1722@gmail.com,10.794257,106.621015,b6d42b6fed894790b1183db853c4430f00c08b078669e8fb1d470f1aaf760160
1723,Huynh Hoang Phuong,0328255890,huynhhoangphuong1723@gmail.com,10.780244,106.640590,5b5e65dc3ffd8672ec59f767a2b5d1a2615ac0d6c13446467e367b931dc312e0
1724,Bui Duc Lan,0775843733,buiduclan1724@gmail.com,10.741555,106.625842,75a8ece276c27e39dc5c11fae6bf269ebbd4b0b30c050987b96a9dae2eead2af
1725,Nguyen Duc Long,0972061365,nguyenduclong1725@gmail.com,10.795309,106.655615,c1e2413a8db23d238b01428aaedd61721e5e2ba9072693be0dec09c0bd4cc1ea
1726,Tran Tuan Hung,0771617733,trantuanhung1726@gmail.com,10.813276,106.624453,215707224b88e065e052bc029bdfa39c37ebd87a2debc37ef3ef1cf247039fbc
1727,Dang Tuan Huong,0327337311,dangtuanhuong1727@gmail.com,10.831013,106.628991,b14f0d4e5c5c1e8b21945697f4d594ba62ced204faaee6fdd891df2452703ec1
1728,Vu Hoang Phuong,0904667409,vuhoangphuong1728@gmail.com,10.780720,106.618436,4d3ed887553484a078adc2852ea7b3596e7b0803272ad8f98f4723fa985beb88
1729,Dang Thi Huong,0972254267,dangthihuong1729@gmail.com,10.732910,106.699539,e21a885a2a1ea802cefc43e2bd369f2ae037aab01f06c5a1cf39b898c3675d97
1730,Vu Anh Lan,0914637774,vuanhlan1730@gmail.com,10.852114,106.604415,c18215499b167f014466ba6554d444c4bf8ecb455aa4f6f9cb63960715d21c23
1731,Dang Hoang Linh,0987893483,danghoanglinh1731@gmail.com,10.792645,106.607285,1e5c2b213c293b28927191fe45a29eac08124541686c1ea1c4b292a96165b512
1732,Hoang Khanh Linh,0937900175,hoangkhanhlinh1732@gmail.com,10.735795,106.723922,9e30307d1bbf0a693f5c093f678ac9ed441d2d3e47c8e2608e516e5080417a32
1733,Hoang Van Tuan,0358108053,hoangvantuan1733@gmail.com,10.838439,106.604587,995888dd9430436a36166b3e03bb7b7507b8dd68208d98ef1e30be9a66097935
1734,Dang Thi Linh,0773710019,dangthilinh1734@gmail.com,10.866453,106.663482,afc383519ee3eb71c9aefc0ba47d49a1b6e4d2afb4c4bcfaff61a9a860e7189a
1735,Tran Duy Linh,0975104701,tranduylinh1735@gmail.com,10.777355,106.740214,f68cc7294f6a351b6d003cf6bd9cafdd3e89013d2fe8816af1aac967b49460a1
1736,Vu Anh Phuong,0976024556,vuanhphuong1736@gmail.com,10.759334,106.679336,7c5f7360c8217525676f67a3fdb01f79dea20adfb39becc9e72cd73e9b005e6a
1737,Huynh Khanh Lan,0323996954,huynhkhanhlan1737@gmail.com,10.876358,106.688295,8b4ca97e1d42ee59ed3a71b1114fdb9290e6b1a219a8c794653b2128d118166e
1738,Dang Hoang Long,0908518235,danghoanglong1738@gmail.com,10.746705,106.625280,a907521bcc8dfb760992e5c7612e8be74ed7e02e2eb09f51adda94a279b8eca4
1739,Nguyen Duc Phuong,0777500010,nguyenducphuong1739@gmail.com,10.801107,106.649498,026fa71a6acb430bf728f722a469285c665058df509a607db6af63ea7dfdb14e
1740,Pham Van Lan,0972870924,phamvanlan1740@gmail.com,10.740571,106.743343,0ab40a18bf94b849204aceb6d72f4a1cf8a97efb47eb0d8663a7d41d0ee77695
1741,Nguyen Khanh Long,0776257970,nguyenkhanhlong1741@gmail.com,10.734107,106.612261,7f29d65c7becdb4e93b78fee656e86774a790736e92c9985e6c93610a24ae174
1742,Le Minh Hung,0321886795,leminhhung1742@gmail.com,10.854282,106.660872,e989dc6ce53e44a17b22033b45fde04347a67abbb50c50a9b6a1ebfdd6b6c0c2
1743,Huynh Ngoc Huong,0983425423,huynhngochuong1743@gmail.com,10.814512,106.651796,efd513ba1320e701e1eb6d75d702cdd680c752147f0ca74e2026dd00451d8891
1744,Bui Anh Phuong,0933368841,buianhphuong1744@gmail.com,10.731433,106.722604,6dade786372e6795070ac8a822c8c15d62e7b4b4917d64cef65adb7fa0e44c3f
1745,Pham Khanh Anh,0352839530,phamkhanhanh1745@gmail.com,10.827622,106.710514,66254061a3a68ce53a3a24a65a89c68aa167e0ad8be358e04724ba8a87ffbb79
1746,Vu Minh Hai,0773693119,vuminhhai1746@gmail.com,10.816303,106.645615,ea3fcd3b36ea9bdb21c5a70f70858f3b7643e56323a91e504e6c92c54a92fcae
1747,Bui Thi Phuong,0971274598,buithiphuong1747@gmail.com,10.768008,106.722520,25457684c68f6bcd1fbd7b28dd0c3b5c4b3a402a1a47f53f22f39ebf0553caae
1748,Bui Duy Tuan,0916907012,buiduytuan1748@gmail.com,10.762373,106.612263,7545dfe97806a0d73bf661457b5461574b55ce5a9497ff88b3593b6b63c03d40
1749,Phan Duc Minh,0910165524,phanducminh1749@gmail.com,10.764125,106.713900,b0198e858a4dc21eb759503a3b2234d01abaab32727f83eeb95355693c47ba3a
1750,Tran Anh Hai,0982754562,trananhhai1750@gmail.com,10.768193,106.723797,4ce6400eef980d85e54c7082000363bfe02fe3714ade363100e5df52ba34048c
1751,Huynh Tuan Long,0358687495,huynhtuanlong1751@gmail.com,10.749521,106.625681,a76c0c4213ccd9ec2bd932763cb46a558b51a8dcc137fdd8f12509c668ae663f
1752,Le Anh Hai,0939802394,leanhhai1752@gmail.com,10.871956,106.640608,b5d2a05716dfd14b684e0d7bffe44d839419e729c9881b922dd4759f24225636
1753,Vu Duy Huong,0358451353,vuduyhuong1753@gmail.com,10.789942,106.666985,c4f218dda23882ff3fd9e80cd5554dec9384f434ea6583a14d7aaf9febf84136
1754,Dang Hoang Hung,0905685821,danghoanghung1754@gmail.com,10.781221,106.603660,b69191d37e6038bf77d4bb018d52076279404aba0b6aaf4654129db0f50a6dd8
1755,Huynh Thi Minh,0771522492,huynhthiminh1755@gmail.com,10.866783,106.636179,48ac7d0073be2096845e7cdd28aaeaa9a059241c6283673c335c78d936a68a11
1756,Tran Ngoc Hai,0779586930,tranngochai1756@gmail.com,10.792065,106.735548,cfc404f90055c0d0b6de006b915400629f9a1d2823529bad5d6f85ce5780344a
1757,Pham Thi Lan,0325383645,phamthilan1757@gmail.com,10.809778,106.680157,aaadac603b2ff6f4e64db3af62a898ce1daa3f27b4f4c6bd22c5f08dfafd761e
1758,Pham Thi Anh,0326913755,phamthianh1758@gmail.com,10.797769,106.676461,1d13dc91bf5928811185039b5baec3b90a15073bb599497bdb976c76d08cef9a
1759,Huynh Anh Long,0321876736,huynhanhlong1759@gmail.com,10.851009,106.709804,2c9f81fdb5637f00675af87ff765d63e5388d527336a80d56b7aa85335e7a76f
1760,Bui Hoang Minh,0326401266,buihoangminh1760@gmail.com,10.850678,106.655771,2b39cb9beb38e05af4ef31ffdd1617f86e37fc1ea67c7e56fefe849cbb9322ba
1761,Huynh Khanh Linh,0980707535,huynhkhanhlinh1761@gmail.com,10.858080,106.612634,fc67c7b594433b2bf7dae99e7535af9d17a0debf119174b0fa69f1aeb34afeed
1762,Nguyen Duc Linh,0321034506,nguyenduclinh1762@gmail.com,10.836465,106.660690,b4af1ceee1ca737819f90fd645e05762aac15c7a90980d6b5346fc3e5985a504
1763,Pham Duc Hung,0973359380,phamduchung1763@gmail.com,10.748714,106.726954,b7d68fca38db21c86e5f427d63c641a3f15a1cc993e0fcf4db2062c3c2325e75
1764,Hoang Van Lan,0350827921,hoangvanlan1764@gmail.com,10.733847,106.701382,df0de9ff9b47fa956c10231fd06829ecc71c34f54dafb906ff256e8e1f424c62
1765,Bui Anh Linh,0934348172,buianhlinh1765@gmail.com,10.791216,106.643614,147883be1ffc1c2f9554607ba65bf8327980b3ad7f846bf7ae461430af565463
1766,Nguyen Van Hung,0983936093,nguyenvanhung1766@gmail.com,10.843331,106.700983,3b12c97f6ab0c50c0166ee49f9ef6d57302689bb39a66737bc0dcb63ab9d84dd
1767,Dang Duy Linh,0352526527,dangduylinh1767@gmail.com,10.830117,106.662327,cbd82b9f87eaf500d2a18a16523f02a593224c93cedec8492b2a7913d612c494
1768,Tran Minh Tuan,0901132358,tranminhtuan1768@gmail.com,10.819336,106.629664,89c7c95528309a1d314a4c0843a26ccb5ed9fd067e454acb32f5e6f4423a9a8e
1769,Dang Tuan Hung,0913746862,dangtuanhung1769@gmail.com,10.824422,106.719209,aea153a5b43ff630f28df6b2cecd624b6c9ea300e41ebe233aeb39928ecd329e
1770,Dang Hoang Linh,0939611918,danghoanglinh1770@gmail.com,10.817825,106.647241,34de2c4d3f4cc8cdc5c68c66a6b8ad1ac354efc6f7b3754c54bf847b32b2bfda
1771,Pham Duy Phuong,0354253857,phamduyphuong1771@gmail.com,10.770564,106.680846,adf7d73d846a187851dd65e5a5b52a83e641c80207ef63a69d8cddf58350eb71
1772,Hoang Van Huong,0354460575,hoangvanhuong1772@gmail.com,10.749676,106.723936,b3c341a9e51ff0ce18e0683b6f022d650583f85d666c5df7570d7a8e32860362
1773,Hoang Ngoc Minh,0908562357,hoangngocminh1773@gmail.com,10.785302,106.718373,735a45a0c13d1366f068ce35532749b19e91569ff40fc532189e0f3973d536ca
1774,Vu Duc Minh,0973336033,vuducminh1774@gmail.com,10.778538,106.648483,ac1a74c03fabb5cd55d5452cfbbac257d4c8528eee06276e4bec63afcf5031c4
1775,Hoang Ngoc Long,0327416756,hoangngoclong1775@gmail.com,10.746426,106.635815,7b094245fcea68b74388c1901f239c5ede8f529df3eecc5208b30db9fca0bb49
1776,Huynh Tuan Huong,0772744558,huynhtuanhuong1776@gmail.com,10.744691,106.687883,57da89980fec03457bde3acd68d6c8167a75981c04a0ae569a0a77132fb3d772
1777,Le Minh Hung,0979013009,leminhhung1777@gmail.com,10.811535,106.701905,c7f42c67f8c9ec8f11670424d67810b73f7d386d185ee8a44c6446862f8ec71f
1778,Huynh Van Lan,0770220963,huynhvanlan1778@gmail.com,10.814846,106.700602,15d86371bd699d0d0b61ecc30bb1b6f8f8804869252a875b12a9ce700dab530d
1779,Dang Thi Long,0918072671,dangthilong1779@gmail.com,10.853418,106.682164,2df4af8c8aca40d51b3f52051c2889537f7ac2e6918d4ab251ba0fdea2a2feba
1780,Pham Hoang Linh,0327622685,phamhoanglinh1780@gmail.com,10.792099,106.660254,8cf30669d06367082fca7979327e2bd580db5ebd79759ca5ad5c6e683c56e0e1
1781,Phan Duc Hung,0778817739,phanduchung1781@gmail.com,10.877038,106.705690,7a91f3a2d3d2486c40d276ae5ddc8ca4daa9e8eb4ebd34c050de103031628277
1782,Hoang Duc Lan,0986018385,hoangduclan1782@gmail.com,10.865871,106.743797,985cd7777bf6abd97b106dd8e6f606ca25504c25cddab1a2b43f3c79154c364e
1783,Vu Thi Hung,0913322040,vuthihung1783@gmail.com,10.748602,106.613755,7e7261e920a2ec249ecc8ad81b88a117b3fd5e24011a405edc8ab7de4b65f489
1784,Tran Minh Anh,0774751650,tranminhanh1784@gmail.com,10.803039,106.704493,3eef5d3270c83f6e6d3e6e84ed95b7cd67f4cf132572b9449f56dde512ed9cc5
1785,Vu Anh Minh,0985645391,vuanhminh1785@gmail.com,10.845757,106.682492,c935640ac32efe6ed107b8709b7d583c928b608ab76d4f7a2a9cbea831e101b4
1786,Pham Minh Anh,0981686229,phamminhanh1786@gmail.com,10.787608,106.732570,a4f71569637855a092c9771fafac8d11b3e25cf96562bec64c53a7e15be21d9a
1787,Tran Van Linh,0981625941,tranvanlinh1787@gmail.com,10.841693,106.739658,2a40c103c47abc4442ab855d84cd5405df68fb265976bdc3c8cf456e8c1410d9
1788,Hoang Tuan Phuong,0986160908,hoangtuanphuong1788@gmail.com,10.842552,106.644104,d336e44c28bef2ff2603a06e8225ca1f57496b0a117370ddeeabce812898d5bf
1789,Huynh Thi Hung,0980682200,huynhthihung1789@gmail.com,10.735383,106.601450,b9a8e6fbee82889ea909babbcea9913f1b015d335c229b5bd2d08e74c2c2bdc7
1790,Huynh Tuan Linh,0352045162,huynhtuanlinh1790@gmail.com,10.854395,106.716184,8308cb1cae6f52d6b1b414a86812a87c8bc8ec7f2f225d411c5e97f6a3c2c31f
1791,Hoang Duy Lan,0972461902,hoangduylan1791@gmail.com,10.766618,106.720494,cbf3c88c19c9c1ed7497a68b6e440034bb43e795fa505d5840b04585011bec2e
1792,Nguyen Khanh Lan,0975808828,nguyenkhanhlan1792@gmail.com,10.807489,106.624909,1807104315e984666a1048eaf97442b74cf226f2894765187fcca1a1f00777f3
1793,Huynh Duy Huong,0773905911,huynhduyhuong1793@gmail.com,10.874413,106.680407,f84b5a4ae914895480fea6327158253ef8949874286d2c6441721c4de254c00f
1794,Hoang Duy Hai,0320645920,hoangduyhai1794@gmail.com,10.851269,106.624659,ea3293aaf8f4f75c29d1284f9044db77ea5a19356c6811a278abdf37cbe14f97
1795,Hoang Ngoc Lan,0354378194,hoangngoclan1795@gmail.com,10.784523,106.609986,9a014e02c4ed3ab75f1321c4e513167c7132be8de76dcf4a29d853c5c18b13b8
1796,Dang Tuan Long,0907933105,dangtuanlong1796@gmail.com,10.777207,106.632656,e655236f7e172ec4d184db1660188223027fc3cd51ca43ed7638a5c167dd9d80
1797,Tran Van Phuong,0356786496,tranvanphuong1797@gmail.com,10.832156,106.673783,5ef4392cb765f39c1d7349ce0b2888d27cd9fe795b45928a0a33998e33ecd21d
1798,Tran Thi Hung,0971396091,tranthihung1798@gmail.com,10.764148,106.683252,9cd6999d7987be1ecf3d6d9fd2522ac99e425e93753fd88a379640a745bedf9c
1799,Huynh Ngoc Linh,0900918500,huynhngoclinh1799@gmail.com,10.759307,106.671482,bdd039ffdcb973f473df5189fdaecbd8bb22e68253d62b162986f126b97195ff
1800,Huynh Ngoc Minh,0351095036,huynhngocminh1800@gmail.com,10.731095,106.714635,1517736c638be1c0ad88c38cb08316d2afd37fd254adefc2d93beb7dcdc39f06
1801,Phan Duy Huong,0357734419,phanduyhuong1801@gmail.com,10.834500,106.746852,2e5a3e39dec9912edcefd6eecb756ba5886ebaa3d48372d12fc602112b941374
1802,Hoang Van Long,0326078517,hoangvanlong1802@gmail.com,10.822721,106.617038,24ac6da4d76fc321976731bb08e446bea43edfe8e651458f9e5a9a7c0271a544
1803,Nguyen Duy Tuan,0913797809,nguyenduytuan1803@gmail.com,10.869704,106.649155,e098b6faa82bcc07674a821e38950719bfe06aad0266fff1f0e053c04bc2657b
1804,Bui Duc Lan,0911546962,buiduclan1804@gmail.com,10.748415,106.613348,8964f8de398aef4c7fc6ea276637e329d2944826dad07c720c3d5dfd79c571eb
1805,Huynh Duy Hung,0934025347,huynhduyhung1805@gmail.com,10.792784,106.711277,1291b7835051e4f71a6609054aafbbd0d9eb3463148cc1f23695dbf4045fbaff
1806,Bui Tuan Huong,0915645475,buituanhuong1806@gmail.com,10.734886,106.646145,a07b1697a61416354ef54e59bd8546781a67cf963471e269aaf6f31ee7dc847b
1807,Dang Hoang Linh,0978146961,danghoanglinh1807@gmail.com,10.787531,106.693795,a4e34a403933d0606b091b96bf2994716296ee96b02b1d7a5e291ea1ab9368e3
1808,Le Anh Huong,0939420990,leanhhuong1808@gmail.com,10.816584,106.653296,1a77ad5e1c606d34eb8730f35000fb970a7540f625a2a78d5166bb1e6bb2d098
1809,Dang Ngoc Minh,0907454054,dangngocminh1809@gmail.com,10.853060,106.635215,7a76f756e64d4d0c961bbc878d6cb580c1823d4520ae0701385d9b7fcb0d84ab
1810,Tran Hoang Hung,0772575029,tranhoanghung1810@gmail.com,10.877591,106.637481,02ed67e9902efc6755bf4998581a541ef4aa20e8f584279f430926f5a33e7d4f
1811,Bui Thi Long,0909927575,buithilong1811@gmail.com,10.853037,106.675481,14fa55fc237c032e83ee94016bdf19d1b2ac588bd19fa4425ecb245a43588434
1812,Huynh Van Hai,0978502006,huynhvanhai1812@gmail.com,10.796690,106.718241,db23869eb856a542e72d09d8baec0fdd3d347a3999dc48c4e842abd05c0d9715
1813,Le Thi Anh,0770730746,lethianh1813@gmail.com,10.779914,106.604131,1349f5801535dccc38ffb1a3122a735043c2926f6888761ff71dd7f7c8f87493
1814,Le Van Huong,0932628758,levanhuong1814@gmail.com,10.788741,106.670788,a6e53a3225a676b01dfa7afd213382691e92a2f0b909e252e444f04f5f13038c
1815,Bui Anh Hung,0978077909,buianhhung1815@gmail.com,10.879496,106.677087,2fe4706f725926c8ce59424d5d1d93076bd3c997c566a1c8400081a214fdea10
1816,Pham Duy Linh,0938539846,phamduylinh1816@gmail.com,10.827065,106.748747,88e2e2f7a8f5bbfbed3d2e7ea723b52561ac77b99f59d06fe14d9120a8ae5ca1
1817,Dang Ngoc Tuan,0983459504,dangngoctuan1817@gmail.com,10.749114,106.634087,9972b3e81de90c9c618027d74a307596c647d13d8c5d1d8132b1b70befec774a
1818,Bui Khanh Phuong,0988575347,buikhanhphuong1818@gmail.com,10.793071,106.707620,1cf00a555e90b5844b25fb8991625e0c90e90ecd4318b45bc192dd018d2cfb87
1819,Le Hoang Huong,0326243121,lehoanghuong1819@gmail.com,10.743213,106.622671,b8d82360412391213284571731c9dfafb1bae074aef56d1f2bd569719662fe51
1820,Vu Hoang Phuong,0771726120,vuhoangphuong1820@gmail.com,10.796041,106.641589,aa22d9f71210a6b5e1f2de25c39cc0245fbaa4eca95727cbb7fbe591bda742e9
1821,Vu Khanh Phuong,0324669079,vukhanhphuong1821@gmail.com,10.815353,106.612132,4effa661d2337b416fe163d11f5b193aff8920a0f45a90d400e8366254aebe14
1822,Nguyen Anh Linh,0937961688,nguyenanhlinh1822@gmail.com,10.876624,106.632663,86bc1ac9e9d8f50d7d4e06cdbd913f3bcdebfbd40f8f10d7c7b28e649f316a9a
1823,Hoang Duy Anh,0911652318,hoangduyanh1823@gmail.com,10.830683,106.712576,c9f7a3b9518430fc3def3d4ac180c8092ae3eb169f1a221b5230ac5bc43a6ff0
1824,Hoang Thi Lan,0907848308,hoangthilan1824@gmail.com,10.841671,106.624988,7c686097e5e0ad09893fabebf01aa84f5814d9cec7012ea11f463a35824d4d0c
1825,Vu Thi Phuong,0902068711,vuthiphuong1825@gmail.com,10.813752,106.726797,b17c11d928c96157cf705ca551bfafe9ad5cb11978ad79b885e874ce884bfb8a
1826,Phan Tuan Lan,0775592501,phantuanlan1826@gmail.com,10.802855,106.665644,53a1da158df8a0eb2a748a6e325d184aff00ab51b5c6f37f093cdefc5ed8de21
1827,Dang Thi Tuan,0980050936,dangthituan1827@gmail.com,10.874431,106.748891,5a18ca44c044af261bc17c0c97947a1a14c88d6ad9ffeee1b02276791cda6120
1828,Huynh Thi Hung,0936088371,huynhthihung1828@gmail.com,10.834217,106.703121,40ec7f07871c17808970c665500c053230ed959fb70393368e62be3c4ab86b57
1829,Dang Thi Tuan,0919845415,dangthituan1829@gmail.com,10.742423,106.744580,3e4e4c0e8a3a82ca54d9387088bd751b5e970106a34ae1cf640c40641bf26de8
1830,Tran Duy Huong,0974090880,tranduyhuong1830@gmail.com,10.746882,106.741213,608e90326aaf971dd819b3b4fa2274d7f2c149a73ade46b4bad34609a8915f54
1831,Dang Tuan Long,0934157375,dangtuanlong1831@gmail.com,10.786463,106.692234,75a603fdaa5bf320c8c741da6c0da8917e0ce23f073f0b5e8b2c5be38dd1e116
1832,Tran Van Lan,0779771664,tranvanlan1832@gmail.com,10.735553,106.689838,a3b45c8e386c7253c3e6a09f497a68184c3e4350aa522cd3bced361e42a2ec6b
1833,Le Tuan Lan,0328706813,letuanlan1833@gmail.com,10.819007,106.683719,980ec853d159a257bc09cf8b9ab1b60d2a788d965c17a38ba40d8853c74b52b5
1834,Dang Thi Lan,0357008243,dangthilan1834@gmail.com,10.814561,106.657478,29da2eae12535137fabc9f7fe6c779919bec29dd67695f47a54414a20e4f7349
1835,Dang Tuan Long,0901362287,dangtuanlong1835@gmail.com,10.825644,106.697120,366ee54f2021111be3ac3b26c659db55695a410be985270f445e3692e75049f3
1836,Huynh Hoang Minh,0904992231,huynhhoangminh1836@gmail.com,10.739150,106.644849,80222615f5ff938c04435150ec8d20edb9eed610b5db71f21bd9ae875e175317
1837,Hoang Van Linh,0983369873,hoangvanlinh1837@gmail.com,10.869642,106.728220,60f4fb023d3ba709f6cdc04c568ec58fa44d07a21de0aa8f8150b55d449a33a3
1838,Tran Thi Minh,0772598005,tranthiminh1838@gmail.com,10.841893,106.684537,d0eca0a443d755af7982785dc0f0de9a9c05fc28e4f7e24d1d25eae3173cff4a
1839,Tran Van Tuan,0320703417,tranvantuan1839@gmail.com,10.790778,106.722166,99fe6791cfce64ce6832b2d3e27b5e5733cc5d5320d1c4b3a133d8f140f150c2
1840,Hoang Ngoc Long,0776825854,hoangngoclong1840@gmail.com,10.855129,106.664079,c6f653e516846121204414e2160973079d39cd0d2620b1557a5273b0083294e2
1841,Nguyen Thi Phuong,0989357726,nguyenthiphuong1841@gmail.com,10.847262,106.740618,6a38c7407045a8d776cac958e13965e04b328bc6c8927648df828a90e170e7ff
1842,Le Duy Hai,0977232279,leduyhai1842@gmail.com,10.787688,106.672229,5e2145342d175eabd4f3a99cca8c7b4096ccb550b36128eed845258a2235b39f
1843,Le Thi Tuan,0775798881,lethituan1843@gmail.com,10.826710,106.673732,221cc562aff3ab52dbe70e20cdd568946005666e825debba8e780db27d770468
1844,Phan Ngoc Long,0901837779,phanngoclong1844@gmail.com,10.783552,106.642889,2781ab998295f80b9578fced9e423e81bf3864f345865b1600e441d6b63be350
1845,Nguyen Khanh Phuong,0905145366,nguyenkhanhphuong1845@gmail.com,10.867650,106.719844,db9caa955825c6fdb1893f4a4f21073f10cdef3a3039cb53acf40a952449f9bc
1846,Tran Tuan Linh,0904895540,trantuanlinh1846@gmail.com,10.743806,106.695539,f5098808eb8085d98c247f8a3f6dafd0aa3e71ff7d81565ccdf5f68677a05615
1847,Phan Duy Tuan,0328322420,phanduytuan1847@gmail.com,10.749258,106.653110,6bb073f6195e7b86acdf938d57429fb882fca771b4efbdf3adbb7f9899ae0547
1848,Dang Tuan Linh,0910385674,dangtuanlinh1848@gmail.com,10.806802,106.652976,f9cd9245b3f154e5d6b76ab5e46df1fa6a4d36678e27599ce70df14e8181f478
1849,Le Minh Hung,0354808560,leminhhung1849@gmail.com,10.791311,106.618046,87cee97450a03f6ca08f2067a19be570bf41f909264de5f848591c453e85a7cf
1850,Dang Van Anh,0355707067,dangvananh1850@gmail.com,10.791157,106.732397,4adccf26444156c5882f97fce0e83b888553b061bf609c9ccf931dce5275d071
1851,Le Hoang Phuong,0321277604,lehoangphuong1851@gmail.com,10.877832,106.626056,6e02b9d6b8a984cd24c592129a85e00cc0a088136ec099907ca51e0528464530
1852,Dang Anh Phuong,0323045000,danganhphuong1852@gmail.com,10.731193,106.707925,caa01df57547a1004f3e50689c06cd3da911370a13eca85aa4bf9182d03424c7
1853,Tran Hoang Huong,0939310352,tranhoanghuong1853@gmail.com,10.764494,106.630547,a67ce5767868f71fa1928add53db3e3cb4a6c3cdbc24f1584544864a3efc6fa9
1854,Vu Van Lan,0357527304,vuvanlan1854@gmail.com,10.754717,106.687111,446296e9b9ab4f63d8335fd3bc103bb5b4b193b0913d3c4fee0046032e90998e
1855,Le Tuan Phuong,0778803396,letuanphuong1855@gmail.com,10.799815,106.747177,fd6eef3ba666f67eeda052896b4fc63ff19cb2fc026186dc887794dcff433486
1856,Pham Hoang Huong,0974654622,phamhoanghuong1856@gmail.com,10.870734,106.613638,73ae75ccec5344597418292bc586bb307d554faa3554ecd2943dfecbd868beb8
1857,Hoang Khanh Phuong,0932743762,hoangkhanhphuong1857@gmail.com,10.750731,106.693132,dcd06dd06a3c2f884e67768fec54f811e9acfba0a36aa2cd8ae5b2df901a32a7
1858,Dang Ngoc Hung,0772401645,dangngochung1858@gmail.com,10.853992,106.745031,84a36b5b95e9af78049765774fc34e33aa86b7f09e74fac7f3b864a21b49f334
1859,Hoang Ngoc Hai,0329100251,hoangngochai1859@gmail.com,10.749419,106.655673,3010dc855889dec6fefe092ff7abdf74c6a21896ec05928a08cb3090e106aad5
1860,Vu Khanh Phuong,0357970908,vukhanhphuong1860@gmail.com,10.830934,106.688514,a54599115f6e4dd065ebdb3067339b4ec9235d8efd1236cf27f3e3250cf7e422
1861,Hoang Ngoc Linh,0919992500,hoangngoclinh1861@gmail.com,10.849746,106.618580,c3977f075f4d64b7c27413899e7c28871efd68edc75de998f5b656bf9d69cede
1862,Bui Hoang Lan,0772688080,buihoanglan1862@gmail.com,10.808950,106.686333,2b7b8776d7dc4bfbd0dd2ab0731f3a99eeaa1d3b0e9314cb5e9d709d4322c1da
1863,Tran Minh Hai,0935452517,tranminhhai1863@gmail.com,10.858134,106.633290,58adbb1e3fa86d4a918ab14ca0b404da2c28dd5aaf2d9fcd8dcf061ed8087c7c
1864,Huynh Hoang Huong,0359611398,huynhhoanghuong1864@gmail.com,10.730474,106.667762,435e6edd47bc3e6f371640687e50f169b8acc1a522fb25c50530f5b9369b3f60
1865,Le Ngoc Anh,0988845983,lengocanh1865@gmail.com,10.742925,106.646267,52dbb68e99b12cf484ebfd14f562b46d0b59aecefaa6e617111b545680b27279
1866,Hoang Khanh Phuong,0910636141,hoangkhanhphuong1866@gmail.com,10.840602,106.676569,63983183bb7df576ed856e02d655276850cd1bd9c65f6903bc36830c88bd29f3
1867,Le Van Anh,0932053037,levananh1867@gmail.com,10.874977,106.702408,10b002ef9ca1b4a6cb2cd3688ec910d742dc1d46791ecea90640903bb9c2cb6e
1868,Dang Tuan Lan,0353109027,dangtuanlan1868@gmail.com,10.768035,106.680476,5f3f43e216df4dca4d3aa905e6d9d5e4d209c64627990b13064b955c7a9fa694
1869,Pham Duy Huong,0777057874,phamduyhuong1869@gmail.com,10.805532,106.627467,8aaa577611e69fa44ef5cb481913e2981b64447db856e9ed17f786ea4f60d563
1870,Vu Duc Linh,0908709564,vuduclinh1870@gmail.com,10.776059,106.715955,a0c88af8aea54e773f4f97691bb674ce451c9ba8febad8d619e6cd564612a9c7
1871,Hoang Ngoc Tuan,0973558465,hoangngoctuan1871@gmail.com,10.859515,106.654308,49679ef64890230a9913ed8ea84af1ee1d0a8c496ccc3611623ff9da99048eb7
1872,Nguyen Van Huong,0324275250,nguyenvanhuong1872@gmail.com,10.774418,106.678788,db5520c25edd769587aabbafafb098c66b33ebd7a7867ccc5b1be1e71f61fb04
1873,Pham Khanh Anh,0978324715,phamkhanhanh1873@gmail.com,10.757143,106.720897,352baf9e9eae672fe3fd2bd2cc5b34529206adc950a76456c5c1c113bc3635da
1874,Le Van Long,0771337453,levanlong1874@gmail.com,10.873499,106.731659,da1c8d4d2e02df4cafd4b494df084c22360195f060a3301816422352490d1efc
1875,Phan Duy Hai,0987258384,phanduyhai1875@gmail.com,10.849779,106.624348,16202b5fea297079ea63c7a88bd7bf623bb316fc6622518d8a1ffad80695d55f
1876,Pham Duy Huong,0986047095,phamduyhuong1876@gmail.com,10.796683,106.683021,a1362d87a343bbf1157f3756629032f45c9971bc2bd567d9b59d25b26be0f31b
1877,Tran Anh Long,0974196114,trananhlong1877@gmail.com,10.732277,106.645364,98c498f685a7c5998e34ddc051fa25410532618dc711cb6a61392b44d52119b9
1878,Hoang Thi Anh,0917947535,hoangthianh1878@gmail.com,10.872453,106.675693,c4b9080bf5316e3b70af7eb2f52ec196545bb14a8d367bdbc1c89da3b5b03214
1879,Bui Hoang Hung,0911792039,buihoanghung1879@gmail.com,10.802285,106.726563,1cfe82131bb2b8d942e119154a8c7128a4278c5aed4c5cff96f78293c8f1020d
1880,Nguyen Ngoc Anh,0902566643,nguyenngocanh1880@gmail.com,10.776245,106.705380,7b297aed175096fb87ea8492fb6d0f1723b8d9803bcc322e7d8caa2c5a5265e5
1881,Phan Hoang Phuong,0915191618,phanhoangphuong1881@gmail.com,10.856856,106.605135,bb07f0b1f6cae5f41f6aaf9182524e4b8426fc5161c429cf004fab2790a5d4d1
1882,Le Thi Long,0326356048,lethilong1882@gmail.com,10.741065,106.744702,587f299caf4574542e7b7048bb96d1a2e5ddfd7299c392e6a0319f4dc91b5031
1883,Vu Khanh Huong,0911549315,vukhanhhuong1883@gmail.com,10.802893,106.731784,d9d321c75b4f0b2402f7dbe36382c817faf94dbd36c34751addae0801d643284
1884,Pham Ngoc Minh,0900997746,phamngocminh1884@gmail.com,10.753020,106.628176,b31c9449c3193bd303928c4111cf4d79c334b303022fc6dc82e35c6f1d6b7071
1885,Huynh Van Hung,0776797878,huynhvanhung1885@gmail.com,10.878919,106.640737,29a3d067e1eca85acaf272b9cc7745690e1b32cd79765b5cda599051f77b3a80
1886,Tran Van Lan,0351008990,tranvanlan1886@gmail.com,10.757341,106.616046,db4a097a3b3405a0bd612ed80e89889acbbec3bbb07abde5b073eccfbd189135
1887,Phan Ngoc Lan,0320039059,phanngoclan1887@gmail.com,10.811396,106.667441,deee2705660f4e8d2d4ec5f67128ba8e17bce0cc64eff04fcb87b1adb3dbe6d2
1888,Le Ngoc Linh,0324158652,lengoclinh1888@gmail.com,10.848470,106.709558,0f15222a7c59750c2b66d8047af0f9ab319997f7a6c9a346afa1267a9156f5f5
1889,Hoang Ngoc Minh,0987055726,hoangngocminh1889@gmail.com,10.730161,106.619019,9ae0ee1df43ee3a952aa63b824ab0345a92cc4fc9013ced40014f00329dc13b3
1890,Dang Tuan Huong,0918320492,dangtuanhuong1890@gmail.com,10.816225,106.732279,a49284ddb1728c503605cfdb5998d5fb6f729b1fe9b2c28198351990273c4958
1891,Nguyen Thi Hung,0978853709,nguyenthihung1891@gmail.com,10.869676,106.607749,f8341c4b4554f2e7da34f0a962e9b91608b196a3b9454555eb85fa4806c16a1a
1892,Tran Duc Long,0919564142,tranduclong1892@gmail.com,10.834225,106.694414,c50decb6333ea9dc04178605a8e5dad309ddebf2a91c3571802fe1b330a86e43
1893,Hoang Tuan Phuong,0938305500,hoangtuanphuong1893@gmail.com,10.821496,106.688154,872048c112ce01646af2d85898ea6b58d3fbd86646aebfd24accaba82999a65e
1894,Nguyen Hoang Linh,0912591951,nguyenhoanglinh1894@gmail.com,10.794866,106.723472,5e73b91efa48de40ff03e686f5ed704270d35c81773d3de1d3999883ff5d12a5
1895,Le Hoang Hai,0939499626,lehoanghai1895@gmail.com,10.833975,106.648732,aadb7300a72fda59a5bd7eabed3aea67a1cb1138206663f490d0459bece8c8a1
1896,Nguyen Tuan Tuan,0932637539,nguyentuantuan1896@gmail.com,10.736322,106.687533,70f12de968d00632bdd1efcb952f42ab044b65d06d9ce0bc9ca466bb51583751
1897,Vu Duy Hung,0970965807,vuduyhung1897@gmail.com,10.749372,106.671111,406419c15c5e7c645588f70917770f0dfd163b2ff8b72c2beb08a173895ed2f9
1898,Nguyen Duc Hai,0972890311,nguyenduchai1898@gmail.com,10.773545,106.604953,a5f336e56a8475b00fd531a69f1edc9e60b66c3cf6a3726c71daceb7e2a16721
1899,Dang Duy Linh,0772316097,dangduylinh1899@gmail.com,10.756040,106.714740,2535f50ffbad64761ac7baa3580f310d6210ee2a5bf45858f1b98822a8f3ed37
1900,Tran Duy Long,0771547851,tranduylong1900@gmail.com,10.826416,106.698118,2803d27714d39967f88a6bc34b110d0c170e11c0208e7a62338384b2be6d7905
1901,Hoang Khanh Anh,0914383547,hoangkhanhanh1901@gmail.com,10.860297,106.736408,9acb7732fa3837d560b8d8456c2a8fdccf70195ec681f27c329ec2432d258bb9
1902,Dang Duc Tuan,0323281627,dangductuan1902@gmail.com,10.768961,106.747814,5664b3fadff0daa7e35a4d0ad5f7799140afb68c0ed1d52a8e703861a8ab01c6
1903,Huynh Thi Huong,0988186940,huynhthihuong1903@gmail.com,10.851352,106.652781,872c8c09350bf08a9a036343b7475fba6f143aaa299f7df06e5843f017d5ed9e
1904,Phan Ngoc Hai,0322333277,phanngochai1904@gmail.com,10.878027,106.704600,99b111207be70f7fa6d2f89032972d6848695367953647838ced2f3034c6db52
1905,Nguyen Ngoc Huong,0358791810,nguyenngochuong1905@gmail.com,10.829599,106.632621,cc2bf871d3b5db0bb402037be6cc1717a5f6b0ac554c8e8dc24f40502eaeb1c0
1906,Pham Anh Lan,0327204829,phamanhlan1906@gmail.com,10.877394,106.648232,77a327cac9e7f5463654a1857cca4fafd3051dbcd818b48a837ab2dd38c77a12
1907,Phan Khanh Linh,0989468154,phankhanhlinh1907@gmail.com,10.804713,106.746356,00c6d8baff3ebf20294d7e7b70147a60273991ea9b4b0f7a9e87aa70b30624b2
1908,Bui Hoang Tuan,0356278696,buihoangtuan1908@gmail.com,10.822322,106.687744,363236eac989f2d6a75852d76d8de3eb2457807032f3c325b54ca218ca6bff99
1909,Vu Duy Minh,0937140706,vuduyminh1909@gmail.com,10.874303,106.739327,2b2d0507d506b67bc8401543a1ffcbe81a9d189a2e52388559af7041f8d5f3bc
1910,Hoang Hoang Hung,0778325644,hoanghoanghung1910@gmail.com,10.790519,106.650867,a4e199f21da64481889b707f28b5742b68bc08ac9b3fae0e903287061b54e1ef
1911,Phan Duc Long,0321348866,phanduclong1911@gmail.com,10.844640,106.694917,5aef04435bff36a2287e555ed719d5e807f5f54997f08c1b2035d2a54f118947
1912,Huynh Minh Lan,0352164997,huynhminhlan1912@gmail.com,10.852500,106.602062,6f71b0887548e44593a9f3fecb59ebd920e4b082ca23086f929ce12f4b5fa158
1913,Bui Ngoc Linh,0918516188,buingoclinh1913@gmail.com,10.771991,106.616465,cf2c5cc6e84aeb0bebcdf30f9c76558a2d03cd8cf93d59badf31252edfb98e2c
1914,Le Hoang Hai,0917250904,lehoanghai1914@gmail.com,10.822329,106.704673,ec5f6054b1714192ee9344baa337107cb72bbddfbee888d9ca857e546b7dbb85
1915,Phan Duy Long,0910375585,phanduylong1915@gmail.com,10.747270,106.683925,3256cbfa5c52e8b9e7c994ad53f67705bfebe8d104fc1d0ccb79e3f478bed82e
1916,Vu Van Anh,0915276712,vuvananh1916@gmail.com,10.738724,106.645165,a12b5fb851dad6d55343f76824e4db667d69af10ab47680e23cf9badbc903d52
1917,Vu Thi Phuong,0359908606,vuthiphuong1917@gmail.com,10.732312,106.667403,5bfa236906642d05e498af14eac7f717667cd2be0616508430653d9ec84a2480
1918,Bui Ngoc Hai,0904481215,buingochai1918@gmail.com,10.837987,106.738922,9b3d7d72a400975d44018157d32e0ce688b283716eba5a4b8c6c6bcefc7bfd3c
1919,Hoang Anh Huong,0939691488,hoanganhhuong1919@gmail.com,10.733047,106.729329,fd522b10381a893caa320aa7f378cce18836eb7f3db2e45c490971b6ddc1dc9b
1920,Tran Duy Huong,0900557269,tranduyhuong1920@gmail.com,10.866230,106.654290,cbba6e2e91168318019e37afca0ab1576b7a1c5c03217a3e61b03e58a294b8e4
1921,Hoang Minh Tuan,0907724909,hoangminhtuan1921@gmail.com,10.840315,106.642570,0107cb7ed81c2f607f375a00efc2f360fd9ef97937927a8e5db3898305d185c1
1922,Pham Khanh Phuong,0777540181,phamkhanhphuong1922@gmail.com,10.838882,106.622284,c819f0313419bc6c6f7ddbfdaf1ba4650d1aba002a82a589716a20fb701ad5c0
1923,Tran Duy Lan,0777942947,tranduylan1923@gmail.com,10.754023,106.661638,c5107871fb5ddda9458063a21a42454e2dca6dc30ab29d355565f8fd4f93f483
1924,Vu Tuan Anh,0914822574,vutuananh1924@gmail.com,10.773722,106.726771,27323f0224fd95da77ff1a8dcb434a1d61c2be5d33524102276b735571489bc6
1925,Hoang Thi Huong,0908478226,hoangthihuong1925@gmail.com,10.863049,106.745879,0581a08cbba4769dfb1448553c13277cf4bef016f46e8887405964e410c15c33
1926,Nguyen Khanh Tuan,0915044322,nguyenkhanhtuan1926@gmail.com,10.822460,106.661980,5d216affca6b88077fcae089b5335f5f9fc0d8cbc0c9e272953bc20d80c222e1
1927,Hoang Khanh Hai,0903049954,hoangkhanhhai1927@gmail.com,10.816044,106.626387,49ac498bbe30f788b210307559ebe81266bbaa15ae45aa446a9a05079d0dcdd4
1928,Nguyen Anh Lan,0776423466,nguyenanhlan1928@gmail.com,10.797888,106.737559,0bfafc41adedbc647e71068cee491f61a2a6c1fb7885b405c7e1166b5f859c2c
1929,Vu Van Minh,0976108000,vuvanminh1929@gmail.com,10.849835,106.619298,4ca6916549da88d473ac50b2811766c4c90da6410527a6f06aacd07e514b7c02
1930,Le Van Lan,0321443621,levanlan1930@gmail.com,10.783305,106.678462,99efdb8a287c161157ba4611c352362f7b945fc4b89f64afc4bd2ec797746eb0
1931,Bui Ngoc Lan,0917557501,buingoclan1931@gmail.com,10.876768,106.629485,1b709a2ab672ae233052fa52dd3e1872e975b1fcb43e6bc4d42995fb97bb9ee4
1932,Huynh Duy Minh,0771299361,huynhduyminh1932@gmail.com,10.834853,106.653401,a3bdb37d17e2cb60bde7bc8c829349047d7f4ab0d8837895fe4ef7f1fc61996e
1933,Huynh Duy Phuong,0915086654,huynhduyphuong1933@gmail.com,10.781607,106.622109,68b15cd777da2ebd26469291a0d4efa50a036ca295ced9cf16a5a8e0898255fb
1934,Huynh Ngoc Linh,0359142198,huynhngoclinh1934@gmail.com,10.816703,106.618151,7f403ce9a873699d0f9d66fed5c5568962781cd9cfc1bf33ed1c9b94cbd11fc8
1935,Nguyen Tuan Long,0904570816,nguyentuanlong1935@gmail.com,10.791983,106.697452,86e15e91eac213d17bf394c0fff22d6f5d6e841a4617267cae068f30e6a647a1
1936,Tran Duy Tuan,0981598980,tranduytuan1936@gmail.com,10.871914,106.729297,055cbb485e05aa79cf95e74f76ee2780f76dbcc3b6f95eb649b68d3445b7bc75
1937,Hoang Anh Linh,0918267287,hoanganhlinh1937@gmail.com,10.794780,106.624161,7f67bd31d78e4b0bf133bd371566f2fe86bae4b63e58f18fe3bc559883ce799e
1938,Tran Hoang Anh,0358504201,tranhoanganh1938@gmail.com,10.758727,106.643731,41a9835b094abf2f291faec5f670d82553cecfa709237285c61646847edea17e
1939,Nguyen Khanh Tuan,0357908851,nguyenkhanhtuan1939@gmail.com,10.867077,106.631085,dae91fd53e44966979ebfbc84613a3b39924537065d22c3509ef438523b712c0
1940,Bui Duy Minh,0329054377,buiduyminh1940@gmail.com,10.870971,106.733137,ff7bf1ecc4eef19c6585b525499e3b73193e1c0750ba13db1a00dcc00fdbc191
1941,Tran Thi Hung,0916705147,tranthihung1941@gmail.com,10.856830,106.601864,719ffe92c0f7b8e6f7038480a84e3d572ff55fd3233337341b0f6e498cd5c5ba
1942,Vu Tuan Minh,0778412558,vutuanminh1942@gmail.com,10.734407,106.643492,4d8fa52cc21b41b18718e7145156d2f51f5457cee7ef1533fa33f14b7f24f85f
1943,Huynh Van Tuan,0325801499,huynhvantuan1943@gmail.com,10.847083,106.748440,4e2b9100a7927ee6e047daf24c469f43c0844d25cbfdb2afa7a5302e1e9299a6
1944,Dang Khanh Minh,0979905347,dangkhanhminh1944@gmail.com,10.770900,106.736774,7a02fea6b5826b132352ad4d018d7834319a92f7e39c74170c651c5295124a71
1945,Huynh Anh Lan,0931159409,huynhanhlan1945@gmail.com,10.855370,106.674938,56864c5bdc10aaff125e838f8eefac1b48d61e2b4c2e7aa2506bbb910c403c5d
1946,Pham Duc Linh,0918161653,phamduclinh1946@gmail.com,10.867438,106.665520,8a0ac6ef349b79f28006565ca8fd88c6528b23704a1fbd1001063b77934fdec0
1947,Huynh Anh Phuong,0902177873,huynhanhphuong1947@gmail.com,10.745141,106.733635,b4247502e556b7d1b3ffd3b1bd73d40c6a9a834e30d2de2839da409c9787b12d
1948,Vu Ngoc Hung,0979164784,vungochung1948@gmail.com,10.803647,106.624387,a0f80a3fc4b2700097ceb8d69327b399c856edf41c9631486d78d472c3a74351
1949,Huynh Thi Minh,0974467419,huynhthiminh1949@gmail.com,10.783700,106.610815,b4455c34ee1e487f3b64ba28ab1164380e1d1b97913a12f5c83430cb9863cfcf
1950,Dang Duc Minh,0327535118,dangducminh1950@gmail.com,10.741196,106.645247,0d9247aadba0302778c2441037b4dc8f66049b7e1dc10cf07b89551e80f94e3d
1951,Le Hoang Minh,0939466174,lehoangminh1951@gmail.com,10.759557,106.615825,305be5ccddaa5ea29c8f0ce8dd6a91d5ee86b349897ba2284610417ac601eedb
1952,Huynh Khanh Tuan,0975081579,huynhkhanhtuan1952@gmail.com,10.821196,106.608158,6a37b4e038a3fcd516318d2eb711918435ed03044e537ab8fed35200bec774e3
1953,Huynh Tuan Huong,0774983941,huynhtuanhuong1953@gmail.com,10.757110,106.644962,48b9b60e3da9db78c3e5677d90124b0dc1606bf294493f5b22e9f1ebe2512716
1954,Nguyen Duy Hung,0900680909,nguyenduyhung1954@gmail.com,10.769772,106.629119,3acdcb1e72483647644893871454bcef533a906eacc2f9b14d7891056f30f679
1955,Nguyen Minh Linh,0916591282,nguyenminhlinh1955@gmail.com,10.741173,106.609420,e371d6a1a25466962ce89886e30124e9632f804f9b0d4bccca65be71a141004f
1956,Phan Minh Tuan,0913823329,phanminhtuan1956@gmail.com,10.827653,106.668491,868ca68eef4be4b5544d6291bb67abdefabd0efdee5bc9d6ac18879d7a2a6b55
1957,Le Ngoc Long,0901296587,lengoclong1957@gmail.com,10.746411,106.733669,18f6cb1cf25c2d759927976ecbd59a0d4002d3c697f169347c71511df305ddfc
1958,Vu Van Minh,0353253100,vuvanminh1958@gmail.com,10.822641,106.700033,d24d5c2cd730d80a5803445f092efdd10a25c254ba8f9194109d8eb3c35291aa
1959,Vu Hoang Tuan,0320545632,vuhoangtuan1959@gmail.com,10.794316,106.628351,ce4e49de35d3b0b06d9172516f66ae90fe788543849215d8ca2270f360d31aeb
1960,Hoang Khanh Huong,0901645664,hoangkhanhhuong1960@gmail.com,10.846651,106.706120,2b6d3a708bedd25e46c03c8fcdc977e92d5a9db43e589b359d652aae1d4e56b4
1961,Hoang Ngoc Huong,0328762213,hoangngochuong1961@gmail.com,10.854046,106.643672,e1b2a56eef59d6fbb397d2a0b149394343531b2edf95e27abbd8f87013ad819a
1962,Huynh Hoang Long,0326821419,huynhhoanglong1962@gmail.com,10.874217,106.640790,dda070e8dfe792be2294f4da868a53a65da138d48670bcd83ffaabedd308829f
1963,Pham Tuan Hai,0979332535,phamtuanhai1963@gmail.com,10.783123,106.672790,34aba4c6dd4f909d2edc575623aedc6d042aeb5e29e995a75d8f54bccda3d405
1964,Bui Hoang Long,0971004395,buihoanglong1964@gmail.com,10.784756,106.691382,cf0ed9e0b8ba05ea2abd438f1f142dbf93209ce8c9a8514fa5a47e75a77ae2b1
1965,Nguyen Van Huong,0919613266,nguyenvanhuong1965@gmail.com,10.871628,106.609343,6ba0b1a9900f954ebbe8b22944e452c86361336906622f2ab24ea964c33c7985
1966,Nguyen Minh Huong,0357758642,nguyenminhhuong1966@gmail.com,10.876659,106.688114,c1363d6305afbd35a7cbec9f11547428a866491d2f022edc127d070740d4d34c
1967,Le Van Anh,0976201951,levananh1967@gmail.com,10.773966,106.694523,d4c50336a0927800a36feb3fb6c60be7995a3d57e0deb0ba9c3697bf55eb3265
1968,Nguyen Tuan Anh,0328989482,nguyentuananh1968@gmail.com,10.731820,106.674920,c23d4c6e6e5ca4e117d6a34e14c15c70f1ee107a1fd486b8f854c66850706e7d
1969,Phan Khanh Phuong,0904138846,phankhanhphuong1969@gmail.com,10.823840,106.655550,99d3a9e4766af154363c508936130843ce66730810494e59e4d43281a017ea36
1970,Hoang Tuan Hung,0971676694,hoangtuanhung1970@gmail.com,10.805992,106.676808,202d839dd03d156163049d12bbc190093608acbbd5157321434cf16aa23cf926
1971,Vu Thi Huong,0939371213,vuthihuong1971@gmail.com,10.810834,106.673130,712a513949e6063e9e1a0bbf5933807b88d6683a0723fd50a33efb35f9a2b32b
1972,Huynh Van Anh,0357137214,huynhvananh1972@gmail.com,10.860771,106.692485,c1a12e069edaddc0687c2f9b080e3228c111ccd2711a247a1fcc677b8a13ede1
1973,Hoang Hoang Linh,0973867984,hoanghoanglinh1973@gmail.com,10.877447,106.616207,f6ab3377e2429c52f898e1f0848a0f9baa1157547cec9960e23aa71875f3dca6
1974,Dang Hoang Anh,0982891769,danghoanganh1974@gmail.com,10.788258,106.720398,572dfa631a9fc961d3515dab157db6fd738a1420500d5c5cda8ae672ba1ede18
1975,Nguyen Duc Hung,0327433988,nguyenduchung1975@gmail.com,10.801815,106.689921,9abf9570a213878855417669cfe788b65535d985d365e95ca8ee80e2d37549e4
1976,Le Minh Anh,0987113266,leminhanh1976@gmail.com,10.768360,106.606090,129ef40155aeeb3e7a3755b252f822b183306691ce4b912ac763feb80fd280c2
1977,Le Van Anh,0985557044,levananh1977@gmail.com,10.795883,106.607278,f2111ff32dd696807d6c4ea26c87b6e0ab30246305ac8c7bae482a9ef8c64aa5
1978,Vu Minh Linh,0985348684,vuminhlinh1978@gmail.com,10.847375,106.701885,89b85b0923eb345812c17070b9ea612e99113b8474d0122ffb32a89ff628d3b9
1979,Dang Thi Hung,0771725161,dangthihung1979@gmail.com,10.857842,106.683166,dafd5ae33dc4ed2c11373227e2bf05682f60725e30b91b978ab33481529938e4
1980,Phan Tuan Tuan,0985296140,phantuantuan1980@gmail.com,10.762346,106.656227,6c1ef9b744dc2daa178446aac74056f5b0461d4db661072a99cf185decabe245
1981,Le Khanh Lan,0907262913,lekhanhlan1981@gmail.com,10.821765,106.616696,7fc9aeb1cce275b08ad023f0b0e10e0ec96931af1d8833471963ca769bba77bf
1982,Vu Tuan Huong,0981452463,vutuanhuong1982@gmail.com,10.833585,106.636197,f62c3b99642fab64579b365656bfb86dace3f8bc11d60da292a2b982752d4788
1983,Phan Khanh Linh,0774106819,phankhanhlinh1983@gmail.com,10.782272,106.659531,4b9dde0af2e8723b5a7310260f186704f0c3bfb318ce966e931e9a4d6dd32e05
1984,Pham Duc Phuong,0328419714,phamducphuong1984@gmail.com,10.776649,106.655399,da3a0a30d473358a590e558ed8d3a3146685d124c3c421eac3415e15c2944497
1985,Hoang Van Linh,0916715880,hoangvanlinh1985@gmail.com,10.784184,106.664330,4f8ec0e9d2a35b6005e923f37203fef13fb7430ac8944dc4d346ca477511a61c
1986,Huynh Duc Linh,0351672056,huynhduclinh1986@gmail.com,10.812553,106.631134,993c06645d19a99552b6ac62825eaa9aa2800e091645b2e69a5c69bf39cb2c21
1987,Vu Khanh Phuong,0915715277,vukhanhphuong1987@gmail.com,10.807824,106.652974,aef4c45ee112b6359279ff671c75b3e8397ff8a6606abd44189bf67dbf71eefc
1988,Huynh Duy Lan,0770400969,huynhduylan1988@gmail.com,10.747532,106.737077,637dd01d7359f84405132f9d9bac8f62c0b56b98c87c83b4909f0bf7dbb96ce5
1989,Le Minh Tuan,0321973754,leminhtuan1989@gmail.com,10.794125,106.695609,d64bbd31eb7f798c0ac89522712983ecfc8a189e887cfceb8286cbe75d4ed5b7
1990,Hoang Khanh Hai,0907617234,hoangkhanhhai1990@gmail.com,10.747727,106.707208,5427de7c9af1078677f0df4f0c9dac70008ddd2457b43d694c39add0d38843ee
1991,Tran Thi Huong,0983399417,tranthihuong1991@gmail.com,10.733409,106.708649,9dc29f8239937d4e59d9f06303f769dc69a909c1433cbae8257f3d0eed4edb31
1992,Nguyen Duy Long,0352046857,nguyenduylong1992@gmail.com,10.748884,106.634878,ccf0ba014a70b48bb6495e92c924bfa31fd004079565fab8189afae02d0ca886
1993,Phan Khanh Huong,0971001204,phankhanhhuong1993@gmail.com,10.764500,106.644318,0e2908db607977ead0a24699d8b48d958c5c5a68ced819058267ad4149d6033a
1994,Dang Minh Long,0326496380,dangminhlong1994@gmail.com,10.762676,106.641285,ebc2a0f573055153219aa0dc68f6429a11217046f0b8576047fe04f0c964cc11
1995,Tran Duc Hai,0358755138,tranduchai1995@gmail.com,10.853128,106.673226,83326f9ce994a10a12410b99ea5c710bcd2701a9cfaa2ec1c346e33188f160b4
1996,Phan Tuan Hai,0779829867,phantuanhai1996@gmail.com,10.812638,106.733049,eeff06ff5f7a101501abf42a0eac8dd63cebf0a2c2277d75501c8c633a32c935
1997,Nguyen Thi Tuan,0772027368,nguyenthituan1997@gmail.com,10.827714,106.721070,85928a0a0a1f39c8284deb328fe3de9f73f4d8f6d273bd044d670088b2d49f6d
1998,Pham Van Phuong,0771424562,phamvanphuong1998@gmail.com,10.776539,106.676446,0711debc6cff63d28f26e3759bbc259f73e74ded97da48e9072bd9535bd8b6f6
1999,Bui Minh Minh,0328521005,buiminhminh1999@gmail.com,10.865476,106.731451,9afc4f843774a7804312a4a5258b610e32b18ec66a2cbf5e29eb27a76781ddf1
2000,Bui Ngoc Lan,0909835988,buingoclan2000@gmail.com,10.800145,106.748117,f3de087a666771e1713445aa758856514246c504d856f0ff7652fd205a4ff0db
