order_item_id,order_id,menu_item_id,quantity,price_at_time
1,1,1240,2,35000.0
2,2,401,2,105000.0
3,2,1221,2,70000.0
4,2,831,2,40000.0
5,3,226,1,75000.0
6,4,176,1,45000.0
7,4,1065,2,80000.0
8,5,765,1,150000.0
9,6,1307,2,110000.0
10,6,405,2,115000.0
11,6,1417,3,135000.0
12,7,1452,1,50000.0
13,8,1440,1,150000.0
14,8,535,2,135000.0
15,8,101,3,135000.0
16,9,830,3,95000.0
17,10,59,1,150000.0
18,10,1216,1,85000.0
19,10,906,1,125000.0
20,11,855,2,40000.0
21,11,1299,3,130000.0
22,12,306,1,85000.0
23,13,357,1,140000.0
24,14,1485,3,60000.0
25,14,670,1,85000.0
26,14,984,1,125000.0
27,15,261,2,120000.0
28,15,1263,2,135000.0
29,16,448,1,80000.0
30,17,954,2,35000.0
31,17,194,1,35000.0
32,17,319,2,85000.0
33,18,1117,1,145000.0
34,18,1160,1,50000.0
35,18,603,1,120000.0
36,19,818,1,65000.0
37,19,370,2,145000.0
38,19,493,2,90000.0
39,20,916,2,85000.0
40,20,907,3,30000.0
41,20,1474,2,105000.0
42,21,959,1,115000.0
43,21,388,1,45000.0
44,21,634,3,55000.0
45,22,797,1,40000.0
46,22,261,1,120000.0
47,23,1213,2,90000.0
48,24,839,1,55000.0
49,24,443,2,80000.0
50,24,1475,1,95000.0
51,25,23,2,130000.0
52,25,1134,1,35000.0
53,26,117,3,110000.0
54,26,256,1,115000.0
55,26,1165,1,35000.0
56,27,954,1,35000.0
57,27,695,2,80000.0
58,27,986,1,110000.0
59,28,69,1,105000.0
60,28,1161,2,30000.0
61,28,1123,2,70000.0
62,29,435,3,90000.0
63,30,148,1,50000.0
64,30,68,3,140000.0
65,31,45,3,130000.0
66,31,1401,3,75000.0
67,31,1422,2,85000.0
68,32,923,1,150000.0
69,32,507,1,100000.0
70,33,973,1,30000.0
71,33,87,3,135000.0
72,34,1350,3,130000.0
73,34,1127,2,30000.0
74,34,1421,3,85000.0
75,35,600,3,65000.0
76,36,598,1,35000.0
77,36,1242,1,145000.0
78,36,151,1,30000.0
79,37,1000,3,110000.0
80,37,1441,1,55000.0
81,38,590,2,130000.0
82,38,1274,2,45000.0
83,39,991,2,55000.0
84,39,1320,3,40000.0
85,39,485,2,150000.0
86,40,166,1,90000.0
87,40,1408,3,45000.0
88,41,1176,1,60000.0
89,41,520,3,55000.0
90,42,346,3,85000.0
91,43,1042,2,125000.0
92,43,1386,2,40000.0
93,44,1142,2,50000.0
94,44,249,2,50000.0
95,45,903,1,45000.0
96,46,1319,3,105000.0
97,46,1121,2,140000.0
98,46,208,2,140000.0
99,47,401,3,105000.0
100,47,1221,3,70000.0
101,47,831,3,40000.0
102,48,1203,3,40000.0
103,49,579,3,125000.0
104,49,445,1,30000.0
105,50,1445,3,45000.0
106,50,1255,1,50000.0
107,50,928,3,130000.0
108,51,540,1,60000.0
109,52,1453,3,50000.0
110,52,1175,1,90000.0
111,53,1219,2,150000.0
112,53,98,3,140000.0
113,54,975,1,130000.0
114,55,142,3,35000.0
115,55,1490,2,50000.0
116,55,657,2,125000.0
117,56,463,1,30000.0
118,56,279,2,130000.0
119,56,1195,1,75000.0
120,57,539,3,90000.0
121,57,1500,2,70000.0
122,57,1015,2,85000.0
123,58,1198,1,45000.0
124,59,339,1,125000.0
125,60,1006,3,90000.0
126,60,306,3,85000.0
127,61,199,3,140000.0
128,61,1381,3,130000.0
129,61,1101,3,55000.0
130,62,437,2,40000.0
131,62,949,1,115000.0
132,63,74,2,100000.0
133,63,1372,3,70000.0
134,63,239,3,40000.0
135,64,1210,2,100000.0
136,65,183,2,150000.0
137,65,483,2,125000.0
138,66,336,1,110000.0
139,66,217,2,90000.0
140,66,24,1,130000.0
141,67,953,3,90000.0
142,68,298,2,35000.0
143,69,766,1,100000.0
144,69,162,2,150000.0
145,70,46,2,100000.0
146,71,906,2,125000.0
147,72,477,1,115000.0
148,72,49,2,45000.0
149,73,812,2,85000.0
150,74,1405,1,145000.0
151,74,351,1,45000.0
152,75,1483,2,30000.0
153,75,394,1,100000.0
154,76,639,1,30000.0
155,76,902,1,150000.0
156,76,753,1,140000.0
157,77,751,3,135000.0
158,77,934,2,110000.0
159,78,116,2,125000.0
160,78,738,2,55000.0
161,78,222,3,35000.0
162,79,772,3,55000.0
163,80,586,3,45000.0
164,80,968,1,90000.0
165,80,738,3,55000.0
166,81,453,2,30000.0
167,81,898,1,55000.0
168,81,348,1,60000.0
169,82,927,1,95000.0
170,82,102,1,60000.0
171,82,1022,2,40000.0
172,83,668,2,90000.0
173,83,387,3,55000.0
174,83,816,3,125000.0
175,84,1291,2,60000.0
176,84,1350,1,130000.0
177,85,341,2,35000.0
178,86,884,3,50000.0
179,86,509,1,110000.0
180,87,1236,1,150000.0
181,87,197,2,125000.0
182,88,966,2,125000.0
183,89,726,1,90000.0
184,89,230,3,90000.0
185,89,126,2,55000.0
186,90,1385,1,55000.0
187,91,1393,2,75000.0
188,91,1024,1,45000.0
189,92,879,3,65000.0
190,92,860,3,100000.0
191,92,931,1,120000.0
192,93,425,1,40000.0
193,94,764,2,80000.0
194,94,331,3,150000.0
195,94,1293,3,110000.0
196,95,425,1,40000.0
197,96,396,3,30000.0
198,97,999,3,60000.0
199,97,1176,2,60000.0
200,98,34,3,60000.0
201,98,95,3,125000.0
202,98,716,3,130000.0
203,99,172,1,120000.0
204,100,252,3,60000.0
205,100,770,3,130000.0
206,101,237,1,125000.0
207,101,604,1,65000.0
208,102,777,3,60000.0
209,102,1247,3,80000.0
210,102,491,1,35000.0
211,103,1481,2,35000.0
212,104,929,2,80000.0
213,104,557,2,55000.0
214,105,108,2,70000.0
215,105,1184,1,125000.0
216,106,1363,1,70000.0
217,106,1316,1,90000.0
218,106,610,2,65000.0
219,107,306,3,85000.0
220,107,1006,1,90000.0
221,108,1414,2,75000.0
222,108,820,2,45000.0
223,109,1132,2,150000.0
224,110,237,1,125000.0
225,111,829,2,150000.0
226,111,1437,3,75000.0
227,112,610,3,65000.0
228,112,1316,3,90000.0
229,112,1284,1,35000.0
230,113,613,3,100000.0
231,114,262,2,105000.0
232,115,1088,3,35000.0
233,115,329,1,60000.0
234,115,415,3,45000.0
235,116,371,2,75000.0
236,116,1100,2,125000.0
237,117,976,1,55000.0
238,118,76,1,45000.0
239,118,756,2,90000.0
240,119,1452,2,50000.0
241,120,54,1,30000.0
242,121,745,2,85000.0
243,122,1393,2,75000.0
244,123,984,2,125000.0
245,123,711,3,100000.0
246,124,931,3,120000.0
247,125,1022,3,40000.0
248,125,102,3,60000.0
249,126,673,1,80000.0
250,127,958,3,105000.0
251,127,1063,1,115000.0
252,127,1414,2,75000.0
253,128,907,3,30000.0
254,128,744,3,65000.0
255,128,916,2,85000.0
256,129,1291,1,60000.0
257,129,1421,1,85000.0
258,130,68,3,140000.0
259,131,914,2,65000.0
260,132,1272,3,50000.0
261,132,1087,3,145000.0
262,132,1428,3,75000.0
263,133,235,3,80000.0
264,133,1193,1,90000.0
265,134,204,1,100000.0
266,134,1392,2,130000.0
267,134,1076,3,105000.0
268,135,625,2,115000.0
269,135,1457,3,125000.0
270,136,1427,2,90000.0
271,136,915,1,40000.0
272,137,574,1,90000.0
273,137,288,2,70000.0
274,137,8,1,65000.0
275,138,366,3,115000.0
276,138,191,3,105000.0
277,138,782,2,120000.0
278,139,903,3,45000.0
279,140,948,3,140000.0
280,141,1034,1,35000.0
281,141,361,1,110000.0
282,142,478,2,30000.0
283,142,452,2,65000.0
284,143,690,1,105000.0
285,144,973,1,30000.0
286,144,273,2,65000.0
287,144,87,3,135000.0
288,145,1461,1,135000.0
289,145,523,2,135000.0
290,146,16,1,130000.0
291,147,51,1,105000.0
292,148,526,2,75000.0
293,148,971,1,95000.0
294,149,344,2,60000.0
295,149,908,3,95000.0
296,150,897,1,80000.0
297,150,180,2,90000.0
298,151,524,1,70000.0
299,151,1170,1,65000.0
300,152,442,3,105000.0
301,152,830,1,95000.0
302,153,296,1,75000.0
303,154,398,3,105000.0
304,154,1253,3,50000.0
305,155,1349,1,140000.0
306,155,1399,3,140000.0
307,156,1218,2,40000.0
308,157,208,2,140000.0
309,157,803,1,100000.0
310,158,954,3,35000.0
311,159,256,3,115000.0
312,159,117,3,110000.0
313,159,717,2,60000.0
314,160,771,2,70000.0
315,161,53,3,60000.0
316,161,109,2,40000.0
317,161,800,1,135000.0
318,162,785,3,140000.0
319,162,822,3,140000.0
320,162,144,3,105000.0
321,163,1342,1,65000.0
322,163,729,1,130000.0
323,164,1057,1,80000.0
324,165,868,2,90000.0
325,166,829,2,150000.0
326,166,1198,1,45000.0
327,167,900,3,55000.0
328,167,1406,1,120000.0
329,167,1419,3,125000.0
330,168,1350,1,130000.0
331,168,1291,2,60000.0
332,169,229,2,150000.0
333,169,783,3,95000.0
334,170,1182,1,85000.0
335,170,495,1,70000.0
336,171,1451,3,60000.0
337,171,1272,2,50000.0
338,172,1490,1,50000.0
339,172,142,1,35000.0
340,173,1081,3,50000.0
341,173,1040,2,90000.0
342,173,653,2,130000.0
343,174,1171,1,115000.0
344,175,1421,3,85000.0
345,176,1481,2,35000.0
346,176,338,2,80000.0
347,177,509,2,110000.0
348,177,1144,1,80000.0
349,177,589,2,70000.0
350,178,1478,1,95000.0
351,178,1148,1,140000.0
352,178,1156,2,30000.0
353,179,1119,2,30000.0
354,180,1490,3,50000.0
355,181,70,1,70000.0
356,182,437,1,40000.0
357,182,92,1,115000.0
358,182,949,1,115000.0
359,183,350,2,60000.0
360,184,701,2,110000.0
361,184,293,2,125000.0
362,185,1447,1,110000.0
363,185,529,1,125000.0
364,185,635,2,105000.0
365,186,342,1,115000.0
366,187,1412,3,110000.0
367,188,375,1,85000.0
368,188,920,1,100000.0
369,189,270,2,60000.0
370,190,1367,3,85000.0
371,190,1025,3,130000.0
372,191,68,1,140000.0
373,192,1274,2,45000.0
374,192,325,3,65000.0
375,192,86,2,105000.0
376,193,190,2,85000.0
377,193,322,3,135000.0
378,193,891,1,55000.0
379,194,529,1,125000.0
380,194,577,1,50000.0
381,195,1408,1,45000.0
382,195,166,1,90000.0
383,196,33,2,65000.0
384,196,1096,3,90000.0
385,196,590,2,130000.0
386,197,436,2,60000.0
387,197,1225,1,100000.0
388,197,560,2,50000.0
389,198,557,3,55000.0
390,198,929,1,80000.0
391,198,1162,3,50000.0
392,199,126,1,55000.0
393,199,1110,2,80000.0
394,200,1057,1,80000.0
395,201,713,2,80000.0
396,201,1192,3,95000.0
397,201,1107,3,115000.0
398,202,313,1,115000.0
399,203,85,3,105000.0
400,203,776,1,50000.0
401,204,369,1,100000.0
402,205,620,2,105000.0
403,205,1227,1,125000.0
404,205,159,3,65000.0
405,206,1069,1,150000.0
406,207,1148,2,140000.0
407,207,1267,1,135000.0
408,208,861,2,80000.0
409,209,148,2,50000.0
410,210,176,1,45000.0
411,210,258,2,75000.0
412,210,662,2,130000.0
413,211,509,2,110000.0
414,212,905,3,150000.0
415,212,456,1,55000.0
416,213,303,1,115000.0
417,213,36,1,145000.0
418,214,853,2,40000.0
419,214,9,2,45000.0
420,215,1495,1,95000.0
421,215,572,1,50000.0
422,215,404,2,115000.0
423,216,1245,3,100000.0
424,216,144,1,105000.0
425,216,225,3,30000.0
426,217,1477,2,70000.0
427,217,1443,1,135000.0
428,217,759,2,75000.0
429,218,1093,2,80000.0
430,219,448,2,80000.0
431,219,1143,3,60000.0
432,220,1337,2,135000.0
433,221,1006,1,90000.0
434,221,306,1,85000.0
435,222,1278,3,115000.0
436,223,701,3,110000.0
437,223,278,3,80000.0
438,223,78,1,140000.0
439,224,254,1,120000.0
440,224,414,1,35000.0
441,224,7,2,40000.0
442,225,861,2,80000.0
443,226,1048,1,125000.0
444,227,21,1,105000.0
445,227,642,2,80000.0
446,227,375,2,85000.0
447,228,709,2,30000.0
448,228,272,3,125000.0
449,229,709,2,30000.0
450,230,933,2,60000.0
451,231,1202,1,150000.0
452,231,1279,3,140000.0
453,231,1354,3,130000.0
454,232,1023,3,125000.0
455,232,552,3,115000.0
456,232,349,1,135000.0
457,233,661,2,125000.0
458,233,1233,2,85000.0
459,234,1234,2,60000.0
460,235,448,2,80000.0
461,235,1143,3,60000.0
462,236,351,3,45000.0
463,236,374,3,140000.0
464,237,557,2,55000.0
465,237,929,1,80000.0
466,237,1162,3,50000.0
467,238,1064,2,35000.0
468,238,645,1,35000.0
469,239,455,2,65000.0
470,239,453,1,30000.0
471,240,854,3,65000.0
472,240,269,2,85000.0
473,240,833,2,70000.0
474,241,754,1,120000.0
475,241,507,1,100000.0
476,242,1372,2,70000.0
477,242,637,2,80000.0
478,242,1321,3,85000.0
479,243,1249,3,50000.0
480,244,377,1,145000.0
481,245,565,1,30000.0
482,246,202,1,60000.0
483,246,672,3,110000.0
484,246,127,3,135000.0
485,247,682,1,30000.0
486,247,806,3,30000.0
487,248,525,2,105000.0
488,249,542,1,85000.0
489,249,1487,1,150000.0
490,249,541,2,115000.0
491,250,557,1,55000.0
492,250,1162,2,50000.0
493,251,811,2,90000.0
494,252,294,2,100000.0
495,253,212,3,130000.0
496,254,1257,1,95000.0
497,254,510,1,35000.0
498,255,486,3,130000.0
499,255,31,3,110000.0
500,255,1168,1,95000.0
501,256,972,1,115000.0
502,256,1288,3,105000.0
503,256,1304,3,50000.0
504,257,633,2,55000.0
505,257,824,1,70000.0
506,257,844,2,125000.0
507,258,1410,2,145000.0
508,259,700,3,100000.0
509,260,1499,2,35000.0
510,261,1425,1,100000.0
511,261,911,2,130000.0
512,262,27,3,105000.0
513,262,341,2,35000.0
514,263,780,3,55000.0
515,263,796,2,50000.0
516,263,1045,3,150000.0
517,264,238,2,85000.0
518,264,520,2,55000.0
519,265,497,2,115000.0
520,266,1214,2,130000.0
521,266,408,1,145000.0
522,266,1286,3,60000.0
523,267,751,1,135000.0
524,268,933,1,60000.0
525,268,1264,3,85000.0
526,269,331,3,150000.0
527,269,764,2,80000.0
528,270,1376,3,125000.0
529,270,588,1,85000.0
530,270,1449,3,30000.0
531,271,534,1,90000.0
532,272,301,2,40000.0
533,272,178,2,130000.0
534,273,1386,1,40000.0
535,273,994,2,75000.0
536,273,1397,2,50000.0
537,274,652,2,90000.0
538,274,856,2,120000.0
539,274,140,2,115000.0
540,275,1128,3,80000.0
541,275,732,3,130000.0
542,275,1338,1,125000.0
543,276,1358,1,145000.0
544,276,1306,1,85000.0
545,277,1142,2,50000.0
546,278,1435,3,110000.0
547,278,1416,1,140000.0
548,279,396,1,30000.0
549,280,141,2,90000.0
550,280,346,3,85000.0
551,280,743,3,145000.0
552,281,216,1,70000.0
553,281,911,1,130000.0
554,282,701,1,110000.0
555,282,715,2,55000.0
556,282,78,2,140000.0
557,283,595,3,90000.0
558,284,721,3,110000.0
559,285,894,2,100000.0
560,285,709,3,30000.0
561,285,1302,3,150000.0
562,286,861,3,80000.0
563,286,362,3,60000.0
564,287,1060,2,65000.0
565,287,698,2,115000.0
566,287,1345,1,40000.0
567,288,1294,2,80000.0
568,288,1206,2,95000.0
569,289,563,2,50000.0
570,289,1097,3,105000.0
571,290,632,1,95000.0
572,290,1131,2,125000.0
573,291,1064,1,35000.0
574,291,75,1,35000.0
575,291,10,3,60000.0
576,292,903,2,45000.0
577,292,61,2,85000.0
578,292,810,1,85000.0
579,293,348,1,60000.0
580,293,898,1,55000.0
581,294,620,3,105000.0
582,295,1076,2,105000.0
583,295,1392,3,130000.0
584,296,247,1,70000.0
585,296,362,2,60000.0
586,297,675,3,40000.0
587,298,1220,3,90000.0
588,299,1173,3,100000.0
589,300,43,3,120000.0
590,301,159,3,65000.0
591,301,620,2,105000.0
592,302,348,1,60000.0
593,303,1252,3,115000.0
594,304,289,2,145000.0
595,304,30,1,80000.0
596,305,1072,1,105000.0
597,306,376,1,30000.0
598,306,153,3,40000.0
599,307,1013,3,80000.0
600,307,295,2,80000.0
601,308,7,2,40000.0
602,309,894,1,100000.0
603,309,709,3,30000.0
604,309,407,2,45000.0
605,310,249,1,50000.0
606,311,1416,3,140000.0
607,312,1332,3,40000.0
608,313,356,1,55000.0
609,313,1349,3,140000.0
610,314,1374,1,140000.0
611,314,481,1,140000.0
612,314,558,3,40000.0
613,315,352,1,145000.0
614,316,1453,2,50000.0
615,317,1057,3,80000.0
616,317,400,2,140000.0
617,318,363,1,70000.0
618,319,422,1,140000.0
619,319,866,3,45000.0
620,320,1113,3,70000.0
621,320,221,3,40000.0
622,320,1462,2,60000.0
623,321,985,2,105000.0
624,321,975,3,130000.0
625,321,696,3,150000.0
626,322,692,2,135000.0
627,322,305,2,140000.0
628,322,496,3,130000.0
629,323,450,3,70000.0
630,323,1011,3,100000.0
631,323,112,1,120000.0
632,324,756,2,90000.0
633,324,39,2,80000.0
634,325,1195,1,75000.0
635,326,91,3,100000.0
636,327,949,2,115000.0
637,327,1108,3,85000.0
638,327,437,1,40000.0
639,328,1202,2,150000.0
640,328,955,1,95000.0
641,328,1354,3,130000.0
642,329,1499,1,35000.0
643,329,283,3,125000.0
644,330,1342,3,65000.0
645,330,969,3,140000.0
646,330,331,3,150000.0
647,331,839,3,55000.0
648,332,1138,2,110000.0
649,332,106,2,120000.0
650,333,1322,2,125000.0
651,334,634,3,55000.0
652,335,352,1,145000.0
653,335,875,3,65000.0
654,335,139,2,35000.0
655,336,804,1,150000.0
656,336,101,2,135000.0
657,337,716,2,130000.0
658,337,1301,2,95000.0
659,337,124,2,105000.0
660,338,835,1,130000.0
661,338,1027,1,45000.0
662,339,1441,3,55000.0
663,340,428,1,40000.0
664,340,345,3,70000.0
665,341,769,1,105000.0
666,341,502,2,65000.0
667,341,632,2,95000.0
668,342,194,3,35000.0
669,342,1325,2,115000.0
670,342,319,2,85000.0
671,343,604,3,65000.0
672,343,515,1,95000.0
673,343,237,3,125000.0
674,344,825,2,40000.0
675,344,994,3,75000.0
676,345,359,3,125000.0
677,346,1461,2,135000.0
678,346,661,3,125000.0
679,346,966,2,125000.0
680,347,1077,3,115000.0
681,347,589,3,70000.0
682,348,208,1,140000.0
683,349,203,2,115000.0
684,349,752,3,80000.0
685,350,641,3,145000.0
686,350,108,3,70000.0
687,351,979,3,70000.0
688,351,553,2,80000.0
689,352,324,2,75000.0
690,352,666,3,70000.0
691,352,77,3,120000.0
692,353,26,3,50000.0
693,353,179,1,60000.0
694,354,879,1,65000.0
695,355,1334,3,90000.0
696,355,976,1,55000.0
697,355,1017,3,105000.0
698,356,529,1,125000.0
699,356,914,2,65000.0
700,356,1447,3,110000.0
701,357,1493,3,100000.0
702,358,1432,3,45000.0
703,358,233,1,40000.0
704,359,927,1,95000.0
705,359,1022,1,40000.0
706,359,102,1,60000.0
707,360,100,1,115000.0
708,360,980,1,130000.0
709,360,167,2,125000.0
710,361,1322,2,125000.0
711,362,162,2,150000.0
712,362,766,3,100000.0
713,363,377,2,145000.0
714,363,9,1,45000.0
715,363,842,1,145000.0
716,364,325,2,65000.0
717,365,536,2,140000.0
718,365,51,1,105000.0
719,365,964,2,45000.0
720,366,475,1,55000.0
721,367,163,3,70000.0
722,367,1232,2,60000.0
723,368,1384,3,145000.0
724,369,1499,3,35000.0
725,369,476,2,85000.0
726,370,16,1,130000.0
727,370,921,1,45000.0
728,371,1057,1,80000.0
729,372,111,3,75000.0
730,372,947,2,105000.0
731,373,874,1,80000.0
732,373,1337,3,135000.0
733,374,839,2,55000.0
734,374,392,3,50000.0
735,375,540,1,60000.0
736,375,851,2,105000.0
737,376,1381,2,130000.0
738,377,1151,1,65000.0
739,377,1423,2,100000.0
740,378,838,2,100000.0
741,378,761,2,50000.0
742,378,741,2,150000.0
743,379,1085,2,150000.0
744,379,618,3,55000.0
745,380,289,3,145000.0
746,380,104,3,30000.0
747,381,246,1,105000.0
748,381,816,1,125000.0
749,382,109,3,40000.0
750,382,53,3,60000.0
751,383,1137,2,75000.0
752,383,885,3,55000.0
753,383,16,1,130000.0
754,384,235,1,80000.0
755,384,199,1,140000.0
756,384,1193,2,90000.0
757,385,382,3,125000.0
758,386,448,1,80000.0
759,386,1143,2,60000.0
760,387,420,3,100000.0
761,387,184,3,140000.0
762,388,1160,1,50000.0
763,388,603,3,120000.0
764,388,28,3,110000.0
765,389,974,3,95000.0
766,389,421,2,95000.0
767,389,471,3,100000.0
768,390,513,2,50000.0
769,390,410,3,105000.0
770,390,830,3,95000.0
771,391,954,1,35000.0
772,391,986,1,110000.0
773,391,319,1,85000.0
774,392,466,1,60000.0
775,392,1187,1,65000.0
776,392,626,2,70000.0
777,393,1079,3,65000.0
778,393,593,2,85000.0
779,393,1367,3,85000.0
780,394,300,1,90000.0
781,394,908,3,95000.0
782,394,603,2,120000.0
783,395,359,3,125000.0
784,396,802,3,120000.0
785,396,205,3,115000.0
786,397,601,2,100000.0
787,397,160,1,105000.0
788,397,1155,1,35000.0
789,398,153,1,40000.0
790,398,1082,3,100000.0
791,399,307,2,35000.0
792,399,1135,3,80000.0
793,399,958,1,105000.0
794,400,1398,3,30000.0
795,401,1230,3,85000.0
796,401,456,3,55000.0
797,401,996,1,150000.0
798,402,918,3,100000.0
799,403,705,1,110000.0
800,403,36,3,145000.0
801,403,938,3,135000.0
802,404,1157,3,110000.0
803,405,914,1,65000.0
804,406,73,1,80000.0
805,406,521,2,135000.0
806,407,758,3,110000.0
807,407,1251,1,100000.0
808,408,399,2,95000.0
809,408,1454,1,85000.0
810,408,1152,2,145000.0
811,409,1227,3,125000.0
812,409,342,2,115000.0
813,409,620,3,105000.0
814,410,1018,1,130000.0
815,410,1365,1,45000.0
816,411,1187,3,65000.0
817,411,1329,2,65000.0
818,411,943,2,135000.0
819,412,874,3,80000.0
820,413,1149,2,30000.0
821,413,1479,1,80000.0
822,413,654,3,75000.0
823,414,1491,1,65000.0
824,414,519,1,110000.0
825,414,1140,3,30000.0
826,415,37,3,145000.0
827,415,935,2,35000.0
828,415,1030,3,115000.0
829,416,1213,3,90000.0
830,416,516,1,45000.0
831,417,910,1,75000.0
832,417,1351,3,40000.0
833,417,1074,1,110000.0
834,418,16,1,130000.0
835,419,1298,2,35000.0
836,419,347,2,80000.0
837,420,1470,3,95000.0
838,420,1057,3,80000.0
839,421,187,1,75000.0
840,421,721,2,110000.0
841,422,1292,1,30000.0
842,422,953,3,90000.0
843,422,697,2,60000.0
844,423,198,1,30000.0
845,423,787,1,50000.0
846,423,6,3,150000.0
847,424,986,3,110000.0
848,425,484,1,100000.0
849,425,555,3,110000.0
850,426,37,1,145000.0
851,426,1030,1,115000.0
852,427,135,2,90000.0
853,427,950,1,80000.0
854,427,379,3,75000.0
855,428,609,1,70000.0
856,428,658,1,85000.0
857,429,1169,3,85000.0
858,429,1086,1,35000.0
859,429,531,3,65000.0
860,430,167,1,125000.0
861,430,100,3,115000.0
862,431,916,2,85000.0
863,431,1195,3,75000.0
864,431,463,2,30000.0
865,432,1225,3,100000.0
866,432,436,1,60000.0
867,432,807,3,65000.0
868,433,867,1,60000.0
869,434,1089,3,75000.0
870,435,466,2,60000.0
871,436,1028,1,100000.0
872,437,1303,3,90000.0
873,437,1041,1,30000.0
874,438,369,2,100000.0
875,439,398,2,105000.0
876,439,670,2,85000.0
877,439,745,1,85000.0
878,440,593,1,85000.0
879,440,1439,2,55000.0
880,440,298,1,35000.0
881,441,56,3,150000.0
882,441,141,1,90000.0
883,441,743,3,145000.0
884,442,279,1,130000.0
885,443,400,3,140000.0
886,443,812,3,85000.0
887,443,1470,3,95000.0
888,444,84,3,30000.0
889,445,1201,2,85000.0
890,445,426,1,140000.0
891,446,138,1,110000.0
892,446,1468,1,105000.0
893,447,472,1,125000.0
894,448,1277,2,120000.0
895,449,627,2,125000.0
896,449,409,2,60000.0
897,450,620,1,105000.0
898,450,159,2,65000.0
899,450,342,1,115000.0
900,451,1256,3,105000.0
901,451,168,3,130000.0
902,451,154,2,105000.0
903,452,238,1,85000.0
904,452,520,3,55000.0
905,453,133,1,40000.0
906,453,611,3,130000.0
907,453,1465,3,100000.0
908,454,967,2,35000.0
909,454,1455,2,50000.0
910,454,498,2,45000.0
911,455,1048,1,125000.0
912,455,434,1,150000.0
913,455,728,3,105000.0
914,456,935,2,35000.0
915,457,1264,1,85000.0
916,458,1391,2,125000.0
917,459,27,1,105000.0
918,459,944,1,65000.0
919,460,861,3,80000.0
920,460,203,2,115000.0
921,460,752,3,80000.0
922,461,114,2,100000.0
923,462,633,1,55000.0
924,463,538,1,75000.0
925,464,1082,3,100000.0
926,464,1489,3,110000.0
927,465,661,3,125000.0
928,465,523,3,135000.0
929,465,1461,1,135000.0
930,466,980,1,130000.0
931,467,1150,3,55000.0
932,467,1062,3,145000.0
933,467,734,3,105000.0
934,468,505,2,140000.0
935,468,206,2,115000.0
936,468,1370,3,40000.0
937,469,332,1,150000.0
938,470,1186,1,135000.0
939,471,478,3,30000.0
940,471,1085,2,150000.0
941,472,1454,3,85000.0
942,472,1152,2,145000.0
943,472,399,3,95000.0
944,473,1002,1,45000.0
945,474,93,3,85000.0
946,474,1399,1,140000.0
947,474,356,2,55000.0
948,475,383,3,65000.0
949,475,1126,3,105000.0
950,476,33,1,65000.0
951,476,381,2,60000.0
952,477,518,3,105000.0
953,477,1372,2,70000.0
954,477,55,2,65000.0
955,478,859,3,65000.0
956,478,712,3,55000.0
957,478,913,2,55000.0
958,479,611,3,130000.0
959,479,259,2,80000.0
960,479,1341,2,120000.0
961,480,802,1,120000.0
962,480,689,2,125000.0
963,481,851,2,105000.0
964,481,1336,3,35000.0
965,481,917,3,135000.0
966,482,749,3,60000.0
967,482,683,3,105000.0
968,482,1018,3,130000.0
969,483,1033,2,75000.0
970,483,1179,3,80000.0
971,484,454,1,140000.0
972,484,114,1,100000.0
973,485,1408,3,45000.0
974,485,166,1,90000.0
975,486,299,2,115000.0
976,486,1433,1,60000.0
977,487,1379,1,120000.0
978,488,148,2,50000.0
979,488,68,3,140000.0
980,489,661,2,125000.0
981,490,183,3,150000.0
982,490,899,1,40000.0
983,490,374,3,140000.0
984,491,166,1,90000.0
985,492,237,2,125000.0
986,492,515,2,95000.0
987,493,595,2,90000.0
988,494,1424,2,95000.0
989,494,384,1,90000.0
990,494,444,1,45000.0
991,495,567,1,145000.0
992,496,290,1,140000.0
993,496,761,2,50000.0
994,496,424,1,140000.0
995,497,1292,2,30000.0
996,497,953,1,90000.0
997,497,150,2,75000.0
998,498,770,2,130000.0
999,498,70,1,70000.0
1000,498,1487,3,150000.0
1001,499,350,2,60000.0
1002,500,334,3,70000.0
1003,500,47,3,35000.0
1004,500,221,3,40000.0
1005,501,890,2,130000.0
1006,501,1261,1,80000.0
1007,501,551,1,80000.0
1008,502,1214,2,130000.0
1009,502,946,2,100000.0
1010,502,408,1,145000.0
1011,503,1362,3,35000.0
1012,504,637,2,80000.0
1013,504,55,1,65000.0
1014,505,67,3,145000.0
1015,505,880,3,60000.0
1016,505,1416,3,140000.0
1017,506,82,3,70000.0
1018,506,840,1,120000.0
1019,506,1016,3,145000.0
1020,507,1358,3,145000.0
1021,507,347,2,80000.0
1022,507,1306,3,85000.0
1023,508,1355,1,100000.0
1024,509,1232,1,60000.0
1025,509,691,3,100000.0
1026,509,1466,1,135000.0
1027,510,67,2,145000.0
1028,510,1078,3,130000.0
1029,510,656,3,50000.0
1030,511,829,3,150000.0
1031,511,1437,3,75000.0
1032,511,1198,1,45000.0
1033,512,718,2,55000.0
1034,512,993,2,30000.0
1035,513,828,3,120000.0
1036,513,760,3,55000.0
1037,513,427,3,60000.0
1038,514,256,2,115000.0
1039,515,217,1,90000.0
1040,515,534,1,90000.0
1041,515,336,2,110000.0
1042,516,988,1,95000.0
1043,516,1213,2,90000.0
1044,516,1133,1,30000.0
1045,517,1255,1,50000.0
1046,518,233,1,40000.0
1047,518,1432,3,45000.0
1048,519,475,3,55000.0
1049,520,1202,1,150000.0
1050,520,1354,3,130000.0
1051,521,1443,1,135000.0
1052,521,1477,2,70000.0
1053,521,951,1,85000.0
1054,522,1118,2,120000.0
1055,522,935,2,35000.0
1056,523,936,1,150000.0
1057,523,978,1,110000.0
1058,523,371,3,75000.0
1059,524,404,2,115000.0
1060,524,280,1,85000.0
1061,525,924,3,150000.0
1062,525,36,1,145000.0
1063,525,963,2,125000.0
1064,526,436,1,60000.0
1065,526,1225,2,100000.0
1066,527,1268,3,65000.0
1067,527,154,3,105000.0
1068,528,919,1,75000.0
1069,528,1476,1,55000.0
1070,529,1401,2,75000.0
1071,529,1335,3,80000.0
1072,530,1174,2,45000.0
1073,530,1052,1,60000.0
1074,530,75,3,35000.0
1075,531,791,1,145000.0
1076,532,397,2,90000.0
1077,532,244,3,150000.0
1078,533,760,2,55000.0
1079,534,244,3,150000.0
1080,534,397,1,90000.0
1081,534,1158,2,30000.0
1082,535,1026,3,125000.0
1083,535,408,2,145000.0
1084,536,578,2,55000.0
1085,537,1222,2,145000.0
1086,537,41,3,150000.0
1087,537,450,3,70000.0
1088,538,992,2,90000.0
1089,539,838,3,100000.0
1090,539,761,1,50000.0
1091,540,1221,3,70000.0
1092,540,831,1,40000.0
1093,540,401,1,105000.0
1094,541,515,2,95000.0
1095,542,424,3,140000.0
1096,542,761,3,50000.0
1097,542,838,2,100000.0
1098,543,116,1,125000.0
1099,544,550,1,35000.0
1100,544,1231,3,95000.0
1101,545,1221,2,70000.0
1102,546,946,1,100000.0
1103,546,408,1,145000.0
1104,546,1286,1,60000.0
1105,547,1089,2,75000.0
1106,548,699,2,135000.0
1107,549,1162,2,50000.0
1108,549,929,2,80000.0
1109,550,49,1,45000.0
1110,551,1422,3,85000.0
1111,552,416,1,115000.0
1112,552,1328,2,55000.0
1113,553,3,2,90000.0
1114,554,1421,2,85000.0
1115,554,1291,1,60000.0
1116,554,1127,3,30000.0
1117,555,1500,3,70000.0
1118,556,1111,1,145000.0
1119,556,309,2,45000.0
1120,557,1170,1,65000.0
1121,558,1426,1,140000.0
1122,558,1201,1,85000.0
1123,558,223,3,40000.0
1124,559,985,1,105000.0
1125,560,468,1,45000.0
1126,560,1074,3,110000.0
1127,561,441,3,60000.0
1128,561,162,2,150000.0
1129,562,327,3,40000.0
1130,563,207,1,125000.0
1131,564,359,2,125000.0
1132,565,566,3,150000.0
1133,566,703,2,145000.0
1134,566,156,3,120000.0
1135,567,41,2,150000.0
1136,567,136,1,35000.0
1137,568,529,3,125000.0
1138,568,914,3,65000.0
1139,569,1198,3,45000.0
1140,569,1437,2,75000.0
1141,570,1463,1,65000.0
1142,571,557,2,55000.0
1143,571,355,2,85000.0
1144,572,715,1,55000.0
1145,573,474,1,55000.0
1146,573,988,1,95000.0
1147,573,368,3,75000.0
1148,574,672,3,110000.0
1149,575,77,3,120000.0
1150,575,857,1,65000.0
1151,576,822,2,140000.0
1152,577,675,2,40000.0
1153,577,867,2,60000.0
1154,578,1452,3,50000.0
1155,578,1097,1,105000.0
1156,579,1268,1,65000.0
1157,579,631,2,30000.0
1158,579,1256,3,105000.0
1159,580,6,3,150000.0
1160,581,107,2,120000.0
1161,581,115,1,120000.0
1162,582,557,1,55000.0
1163,582,355,2,85000.0
1164,582,929,3,80000.0
1165,583,813,1,100000.0
1166,584,1194,1,125000.0
1167,585,1500,3,70000.0
1168,586,75,3,35000.0
1169,587,677,1,150000.0
1170,588,141,2,90000.0
1171,588,346,1,85000.0
1172,589,161,1,100000.0
1173,590,572,3,50000.0
1174,590,280,2,85000.0
1175,590,1489,1,110000.0
1176,591,385,1,30000.0
1177,591,423,3,100000.0
1178,591,1368,2,105000.0
1179,592,53,1,60000.0
1180,593,740,2,135000.0
1181,593,737,3,125000.0
1182,593,1108,1,85000.0
1183,594,347,2,80000.0
1184,594,896,1,135000.0
1185,594,1298,3,35000.0
1186,595,51,3,105000.0
1187,595,964,3,45000.0
1188,596,883,1,130000.0
1189,597,714,3,70000.0
1190,597,1347,1,135000.0
1191,598,853,2,40000.0
1192,598,196,2,135000.0
1193,598,172,2,120000.0
1194,599,1363,2,70000.0
1195,599,1316,2,90000.0
1196,599,1284,2,35000.0
1197,600,302,2,135000.0
1198,600,627,3,125000.0
1199,600,187,1,75000.0
1200,601,641,3,145000.0
1201,601,108,1,70000.0
1202,601,1184,3,125000.0
1203,602,427,1,60000.0
1204,602,828,2,120000.0
1205,602,1264,2,85000.0
1206,603,1128,2,80000.0
1207,603,1338,2,125000.0
1208,604,938,3,135000.0
1209,604,35,3,75000.0
1210,604,963,3,125000.0
1211,605,1184,1,125000.0
1212,605,108,3,70000.0
1213,606,236,3,90000.0
1214,607,247,1,70000.0
1215,607,362,1,60000.0
1216,608,522,3,60000.0
1217,608,128,1,70000.0
1218,608,1247,1,80000.0
1219,609,1143,1,60000.0
1220,609,1007,3,30000.0
1221,610,754,3,120000.0
1222,610,923,1,150000.0
1223,611,124,3,105000.0
1224,611,763,2,90000.0
1225,612,729,3,130000.0
1226,612,764,3,80000.0
1227,613,862,2,65000.0
1228,614,1134,1,35000.0
1229,614,23,3,130000.0
1230,614,212,3,130000.0
1231,615,837,1,95000.0
1232,615,1327,2,135000.0
1233,615,999,3,60000.0
1234,616,818,1,65000.0
1235,617,305,2,140000.0
1236,618,1437,3,75000.0
1237,618,1198,1,45000.0
1238,619,1226,2,40000.0
1239,619,1145,3,125000.0
1240,619,127,2,135000.0
1241,620,1349,2,140000.0
1242,621,361,1,110000.0
1243,621,571,2,150000.0
1244,622,744,3,65000.0
1245,623,114,3,100000.0
1246,623,1324,2,110000.0
1247,624,858,1,95000.0
1248,624,971,3,95000.0
1249,624,157,3,130000.0
1250,625,921,1,45000.0
1251,626,252,3,60000.0
1252,626,1487,2,150000.0
1253,627,24,2,130000.0
1254,627,217,2,90000.0
1255,628,824,3,70000.0
1256,628,633,2,55000.0
1257,628,350,3,60000.0
1258,629,1125,1,125000.0
1259,629,764,1,80000.0
1260,629,331,1,150000.0
1261,630,1020,2,130000.0
1262,631,1440,1,150000.0
1263,632,1173,3,100000.0
1264,632,244,2,150000.0
1265,633,940,3,95000.0
1266,633,571,3,150000.0
1267,633,1446,3,105000.0
1268,634,266,2,150000.0
1269,635,745,2,85000.0
1270,635,398,3,105000.0
1271,636,1071,3,110000.0
1272,636,1305,1,45000.0
1273,636,917,3,135000.0
1274,637,326,1,80000.0
1275,637,159,1,65000.0
1276,638,74,2,100000.0
1277,638,1037,2,50000.0
1278,639,1263,2,135000.0
1279,639,797,1,40000.0
1280,640,785,2,140000.0
1281,641,1093,2,80000.0
1282,641,125,1,105000.0
1283,642,754,3,120000.0
1284,643,991,3,55000.0
1285,643,98,2,140000.0
1286,643,485,3,150000.0
1287,644,583,3,55000.0
1288,644,999,1,60000.0
1289,645,803,3,100000.0
1290,645,208,2,140000.0
1291,646,195,2,90000.0
1292,646,1431,3,120000.0
1293,646,568,3,30000.0
1294,647,121,1,80000.0
1295,647,775,3,105000.0
1296,647,1154,1,65000.0
1297,648,657,3,125000.0
1298,648,142,2,35000.0
1299,649,348,1,60000.0
1300,649,453,3,30000.0
1301,649,455,2,65000.0
1302,650,161,1,100000.0
1303,650,795,2,90000.0
1304,651,1293,2,110000.0
1305,652,925,1,105000.0
1306,652,194,1,35000.0
1307,652,1325,1,115000.0
1308,653,616,1,140000.0
1309,653,534,3,90000.0
1310,654,1042,1,125000.0
1311,655,874,2,80000.0
1312,656,505,2,140000.0
1313,656,794,1,150000.0
1314,657,329,3,60000.0
1315,658,123,1,75000.0
1316,658,864,1,125000.0
1317,659,401,2,105000.0
1318,659,831,2,40000.0
1319,659,1221,1,70000.0
1320,660,959,1,115000.0
1321,660,388,1,45000.0
1322,661,131,3,115000.0
1323,662,1201,1,85000.0
1324,663,1412,1,110000.0
1325,664,261,1,120000.0
1326,665,903,2,45000.0
1327,665,61,2,85000.0
1328,665,810,2,85000.0
1329,666,755,1,55000.0
1330,666,158,3,50000.0
1331,666,486,2,130000.0
1332,667,221,2,40000.0
1333,667,906,2,125000.0
1334,668,71,1,150000.0
1335,668,1083,3,105000.0
1336,669,687,1,40000.0
1337,669,677,3,150000.0
1338,670,617,1,30000.0
1339,671,1361,2,120000.0
1340,671,1250,3,140000.0
1341,671,352,3,145000.0
1342,672,401,1,105000.0
1343,673,970,1,65000.0
1344,673,1278,2,115000.0
1345,673,285,3,100000.0
1346,674,1301,3,95000.0
1347,674,253,1,115000.0
1348,674,34,1,60000.0
1349,675,1251,1,100000.0
1350,675,365,1,110000.0
1351,676,1399,3,140000.0
1352,676,546,1,125000.0
1353,677,897,2,80000.0
1354,678,1454,3,85000.0
1355,678,751,1,135000.0
1356,679,439,1,70000.0
1357,679,45,1,130000.0
1358,680,1455,2,50000.0
1359,680,373,3,40000.0
1360,681,416,3,115000.0
1361,682,145,2,115000.0
1362,683,635,2,105000.0
1363,684,167,3,125000.0
1364,684,1012,1,45000.0
1365,684,100,2,115000.0
1366,685,38,3,95000.0
1367,685,502,2,65000.0
1368,686,1374,3,140000.0
1369,686,161,2,100000.0
1370,686,1378,1,85000.0
1371,687,786,2,65000.0
1372,687,1390,2,95000.0
1373,687,482,1,110000.0
1374,688,1258,1,90000.0
1375,689,994,3,75000.0
1376,689,26,2,50000.0
1377,690,829,1,150000.0
1378,691,618,1,55000.0
1379,691,707,1,120000.0
1380,692,1235,2,80000.0
1381,692,858,3,95000.0
1382,693,424,3,140000.0
1383,693,838,2,100000.0
1384,694,101,2,135000.0
1385,694,937,1,145000.0
1386,694,804,1,150000.0
1387,695,827,3,150000.0
1388,696,1214,2,130000.0
1389,696,1310,2,125000.0
1390,697,632,1,95000.0
1391,697,502,3,65000.0
1392,698,1173,2,100000.0
1393,698,244,1,150000.0
1394,698,1158,3,30000.0
1395,699,927,2,95000.0
1396,699,102,1,60000.0
1397,700,1223,1,100000.0
1398,701,50,1,110000.0
1399,701,687,3,40000.0
1400,702,1092,2,55000.0
1401,702,1317,2,135000.0
1402,703,370,2,145000.0
1403,704,385,1,30000.0
1404,705,955,3,95000.0
1405,705,1279,2,140000.0
1406,705,1202,2,150000.0
1407,706,1406,1,120000.0
1408,706,178,3,130000.0
1409,707,1224,1,70000.0
1410,707,188,3,75000.0
1411,708,362,3,60000.0
1412,708,247,2,70000.0
1413,708,752,2,80000.0
1414,709,850,1,95000.0
1415,709,1462,2,60000.0
1416,709,1116,1,70000.0
1417,710,1470,1,95000.0
1418,711,263,1,50000.0
1419,712,528,1,40000.0
1420,713,844,1,125000.0
1421,713,633,3,55000.0
1422,714,704,1,75000.0
1423,714,1087,3,145000.0
1424,714,771,2,70000.0
1425,715,1481,2,35000.0
1426,715,338,1,80000.0
1427,715,506,1,30000.0
1428,716,1391,2,125000.0
1429,716,476,2,85000.0
1430,717,496,3,130000.0
1431,717,305,3,140000.0
1432,717,746,3,50000.0
1433,718,283,1,125000.0
1434,719,85,2,105000.0
1435,719,135,1,90000.0
1436,719,489,1,70000.0
1437,720,1337,2,135000.0
1438,720,874,2,80000.0
1439,721,1026,2,125000.0
1440,721,408,1,145000.0
1441,722,1308,2,45000.0
1442,722,992,1,90000.0
1443,722,64,1,140000.0
1444,723,1006,2,90000.0
1445,723,306,3,85000.0
1446,723,1382,1,85000.0
1447,724,18,1,80000.0
1448,724,13,1,105000.0
1449,724,149,2,105000.0
1450,725,5,2,100000.0
1451,726,715,2,55000.0
1452,726,327,1,40000.0
1453,726,1039,1,50000.0
1454,727,1369,2,50000.0
1455,728,697,2,60000.0
1456,729,166,2,90000.0
1457,729,1408,3,45000.0
1458,730,871,3,75000.0
1459,731,1352,3,30000.0
1460,732,1234,3,60000.0
1461,733,1218,1,40000.0
1462,734,331,1,150000.0
1463,734,969,1,140000.0
1464,734,1293,1,110000.0
1465,735,874,2,80000.0
1466,735,1337,2,135000.0
1467,736,350,1,60000.0
1468,737,965,3,150000.0
1469,737,1314,3,40000.0
1470,737,1069,1,150000.0
1471,738,991,2,55000.0
1472,739,1499,1,35000.0
1473,740,1268,1,65000.0
1474,740,154,2,105000.0
1475,741,1373,1,40000.0
1476,741,1120,1,30000.0
1477,741,1060,2,65000.0
1478,742,401,3,105000.0
1479,742,831,2,40000.0
1480,743,318,2,150000.0
1481,744,1279,3,140000.0
1482,744,955,1,95000.0
1483,745,784,1,75000.0
1484,746,570,2,95000.0
1485,746,1423,1,100000.0
1486,746,683,1,105000.0
1487,747,513,3,50000.0
1488,747,830,2,95000.0
1489,748,1009,3,125000.0
1490,748,365,3,110000.0
1491,748,207,3,125000.0
1492,749,665,3,120000.0
1493,749,598,2,35000.0
1494,750,950,1,80000.0
1495,750,85,3,105000.0
1496,751,876,2,110000.0
1497,752,1423,3,100000.0
1498,752,683,1,105000.0
1499,753,466,2,60000.0
1500,753,271,2,100000.0
1501,753,943,1,135000.0
1502,754,163,3,70000.0
1503,755,1482,3,115000.0
1504,755,741,1,150000.0
1505,756,451,2,70000.0
1506,757,586,1,45000.0
1507,758,846,1,60000.0
1508,759,146,3,140000.0
1509,760,794,1,150000.0
1510,760,206,2,115000.0
1511,761,28,1,110000.0
1512,761,908,1,95000.0
1513,761,1117,3,145000.0
1514,762,1479,1,80000.0
1515,762,1036,3,70000.0
1516,762,1114,3,90000.0
1517,763,119,3,110000.0
1518,763,819,1,95000.0
1519,764,215,2,30000.0
1520,764,43,3,120000.0
1521,764,329,2,60000.0
1522,765,48,1,135000.0
1523,765,679,1,55000.0
1524,765,52,3,60000.0
1525,766,1190,2,40000.0
1526,767,962,2,140000.0
1527,767,115,3,120000.0
1528,767,1029,3,30000.0
1529,768,1099,3,145000.0
1530,769,147,3,70000.0
1531,769,634,2,55000.0
1532,770,316,2,110000.0
1533,770,569,3,55000.0
1534,770,865,2,135000.0
1535,771,125,2,105000.0
1536,772,831,2,40000.0
1537,772,1221,2,70000.0
1538,773,340,3,50000.0
1539,773,1333,2,105000.0
1540,773,1200,1,70000.0
1541,774,758,2,110000.0
1542,775,1433,1,60000.0
1543,776,1391,2,125000.0
1544,777,283,1,125000.0
1545,777,876,3,110000.0
1546,778,620,3,105000.0
1547,778,342,1,115000.0
1548,778,1227,3,125000.0
1549,779,1257,3,95000.0
1550,779,317,1,135000.0
1551,779,548,3,110000.0
1552,780,876,3,110000.0
1553,780,476,2,85000.0
1554,781,1320,3,40000.0
1555,781,485,2,150000.0
1556,781,1219,1,150000.0
1557,782,1176,1,60000.0
1558,783,907,1,30000.0
1559,784,1032,2,60000.0
1560,784,947,1,105000.0
1561,785,907,1,30000.0
1562,785,279,1,130000.0
1563,786,636,1,75000.0
1564,786,650,2,105000.0
1565,786,41,2,150000.0
1566,787,1496,2,90000.0
1567,788,473,2,60000.0
1568,789,727,3,40000.0
1569,790,986,1,110000.0
1570,791,179,3,60000.0
1571,792,908,2,95000.0
1572,792,603,2,120000.0
1573,793,484,2,100000.0
1574,793,210,2,95000.0
1575,793,555,2,110000.0
1576,794,1204,1,95000.0
1577,794,295,2,80000.0
1578,794,1013,2,80000.0
1579,795,1297,3,140000.0
1580,795,225,2,30000.0
1581,795,49,1,45000.0
1582,796,362,1,60000.0
1583,796,752,2,80000.0
1584,797,368,3,75000.0
1585,797,474,3,55000.0
1586,798,497,2,115000.0
1587,798,458,2,110000.0
1588,799,1316,2,90000.0
1589,799,266,1,150000.0
1590,799,610,3,65000.0
1591,800,938,3,135000.0
1592,800,36,3,145000.0
1593,801,355,2,85000.0
1594,801,929,2,80000.0
1595,801,1162,1,50000.0
1596,802,40,2,75000.0
1597,803,659,1,125000.0
1598,803,131,3,115000.0
1599,803,952,1,90000.0
1600,804,1194,2,125000.0
1601,804,667,1,75000.0
1602,804,391,2,100000.0
1603,805,356,2,55000.0
1604,806,75,2,35000.0
1605,806,1054,1,135000.0
1606,807,436,1,60000.0
1607,807,2,1,125000.0
1608,808,891,3,55000.0
1609,808,1188,1,40000.0
1610,809,1408,1,45000.0
1611,809,166,1,90000.0
1612,810,81,2,90000.0
1613,810,253,1,115000.0
1614,810,716,3,130000.0
1615,811,1024,2,45000.0
1616,811,1190,2,40000.0
1617,811,297,3,75000.0
1618,812,1177,1,85000.0
1619,812,1459,2,45000.0
1620,812,538,3,75000.0
1621,813,845,1,55000.0
1622,814,1009,2,125000.0
1623,814,1251,1,100000.0
1624,815,738,3,55000.0
1625,816,1164,3,145000.0
1626,816,1192,2,95000.0
1627,816,1061,1,85000.0
1628,817,348,2,60000.0
1629,817,453,2,30000.0
1630,818,655,3,50000.0
1631,818,1024,3,45000.0
1632,819,955,1,95000.0
1633,819,1354,1,130000.0
1634,820,831,1,40000.0
1635,821,1376,3,125000.0
1636,821,1449,1,30000.0
1637,821,1189,2,150000.0
1638,822,863,2,70000.0
1639,823,578,3,55000.0
1640,823,1069,1,150000.0
1641,824,222,2,35000.0
1642,824,738,3,55000.0
1643,824,586,1,45000.0
1644,825,1134,1,35000.0
1645,826,1364,3,30000.0
1646,826,1153,3,30000.0
1647,827,162,3,150000.0
1648,827,146,2,140000.0
1649,827,766,3,100000.0
1650,828,361,2,110000.0
1651,829,732,1,130000.0
1652,829,1128,3,80000.0
1653,830,1153,2,30000.0
1654,831,108,2,70000.0
1655,831,641,2,145000.0
1656,832,1227,1,125000.0
1657,832,1380,1,30000.0
1658,832,326,1,80000.0
1659,833,828,2,120000.0
1660,833,760,2,55000.0
1661,833,427,3,60000.0
1662,834,883,3,130000.0
1663,835,174,2,50000.0
1664,835,428,1,40000.0
1665,836,1298,1,35000.0
1666,836,1388,2,40000.0
1667,836,347,3,80000.0
1668,837,911,2,130000.0
1669,837,566,1,150000.0
1670,837,1425,1,100000.0
1671,838,1148,2,140000.0
1672,838,91,1,100000.0
1673,839,28,3,110000.0
1674,839,1160,3,50000.0
1675,839,300,1,90000.0
1676,840,1211,1,45000.0
1677,840,1477,3,70000.0
1678,841,1462,2,60000.0
1679,842,858,3,95000.0
1680,842,1207,1,75000.0
1681,842,1296,2,145000.0
1682,843,488,3,70000.0
1683,843,1302,1,150000.0
1684,843,407,2,45000.0
1685,844,515,2,95000.0
1686,845,726,1,90000.0
1687,845,1261,1,80000.0
1688,846,1165,3,35000.0
1689,846,607,2,145000.0
1690,847,329,2,60000.0
1691,848,1022,1,40000.0
1692,849,589,2,70000.0
1693,849,1144,3,80000.0
1694,850,820,2,45000.0
1695,851,1333,1,105000.0
1696,851,1200,1,70000.0
1697,852,721,2,110000.0
1698,853,742,3,95000.0
1699,853,524,3,70000.0
1700,853,1338,2,125000.0
1701,854,383,2,65000.0
1702,855,137,3,120000.0
1703,856,130,1,100000.0
1704,856,1328,2,55000.0
1705,856,416,2,115000.0
1706,857,326,1,80000.0
1707,858,607,1,145000.0
1708,858,117,3,110000.0
1709,859,93,1,85000.0
1710,860,968,3,90000.0
1711,860,738,3,55000.0
1712,861,1336,3,35000.0
1713,861,710,1,110000.0
1714,861,479,2,55000.0
1715,862,674,1,50000.0
1716,862,726,3,90000.0
1717,862,230,1,90000.0
1718,863,34,2,60000.0
1719,863,81,3,90000.0
1720,864,275,3,110000.0
1721,865,1373,1,40000.0
1722,865,698,2,115000.0
1723,865,1060,2,65000.0
1724,866,672,1,110000.0
1725,866,40,2,75000.0
1726,866,202,2,60000.0
1727,867,535,3,135000.0
1728,867,937,3,145000.0
1729,867,804,3,150000.0
1730,868,1298,3,35000.0
1731,868,1306,1,85000.0
1732,869,844,1,125000.0
1733,869,633,3,55000.0
1734,870,732,2,130000.0
1735,871,1061,3,85000.0
1736,871,72,1,110000.0
1737,871,1266,2,130000.0
1738,872,510,2,35000.0
1739,873,135,3,90000.0
1740,873,379,2,75000.0
1741,873,85,2,105000.0
1742,874,502,2,65000.0
1743,875,485,3,150000.0
1744,876,243,1,45000.0
1745,876,1460,2,90000.0
1746,876,651,3,115000.0
1747,877,1019,1,140000.0
1748,878,789,3,80000.0
1749,879,275,2,110000.0
1750,879,786,2,65000.0
1751,880,994,1,75000.0
1752,880,1042,3,125000.0
1753,880,825,3,40000.0
1754,881,849,1,115000.0
1755,882,753,1,140000.0
1756,882,998,1,35000.0
1757,882,275,3,110000.0
1758,883,501,3,140000.0
1759,883,621,3,35000.0
1760,883,725,2,30000.0
1761,884,165,3,130000.0
1762,884,1083,3,105000.0
1763,884,132,3,50000.0
1764,885,1221,1,70000.0
1765,885,401,1,105000.0
1766,885,831,1,40000.0
1767,886,231,2,90000.0
1768,886,1084,3,95000.0
1769,886,1403,3,85000.0
1770,887,938,2,135000.0
1771,887,303,1,115000.0
1772,888,148,1,50000.0
1773,888,68,2,140000.0
1774,889,810,2,85000.0
1775,890,1377,1,90000.0
1776,890,959,1,115000.0
1777,891,1173,1,100000.0
1778,891,244,1,150000.0
1779,892,1253,3,50000.0
1780,893,1360,3,135000.0
1781,893,1124,1,140000.0
1782,893,721,3,110000.0
1783,894,1034,3,35000.0
1784,894,1197,3,125000.0
1785,894,1167,3,60000.0
1786,895,935,3,35000.0
1787,895,1030,2,115000.0
1788,895,37,2,145000.0
1789,896,1359,2,30000.0
1790,897,4,2,75000.0
1791,897,1109,1,30000.0
1792,898,341,1,35000.0
1793,898,1175,3,90000.0
1794,899,1015,3,85000.0
1795,900,312,2,135000.0
1796,900,1407,2,120000.0
1797,901,868,3,90000.0
1798,901,566,1,150000.0
1799,901,216,3,70000.0
1800,902,1182,1,85000.0
1801,903,1181,1,40000.0
1802,903,1435,1,110000.0
1803,903,731,3,35000.0
1804,904,1309,3,110000.0
1805,904,410,3,105000.0
1806,904,513,1,50000.0
1807,905,570,1,95000.0
1808,905,683,2,105000.0
1809,906,643,2,30000.0
1810,907,170,1,120000.0
1811,908,985,3,105000.0
1812,908,673,1,80000.0
1813,908,975,1,130000.0
1814,909,162,3,150000.0
1815,909,146,1,140000.0
1816,909,643,1,30000.0
1817,910,368,3,75000.0
1818,910,173,1,65000.0
1819,911,443,2,80000.0
1820,912,315,1,60000.0
1821,912,134,3,35000.0
1822,912,1442,3,110000.0
1823,913,912,1,75000.0
1824,913,1357,2,95000.0
1825,914,1169,2,85000.0
1826,914,1497,1,95000.0
1827,914,214,3,135000.0
1828,915,1287,3,40000.0
1829,915,338,3,80000.0
1830,915,506,1,30000.0
1831,916,1062,2,145000.0
1832,916,1318,3,135000.0
1833,916,734,2,105000.0
1834,917,1018,2,130000.0
1835,917,749,2,60000.0
1836,918,311,1,55000.0
1837,918,1396,3,120000.0
1838,919,981,2,75000.0
1839,919,1141,2,65000.0
1840,919,200,2,35000.0
1841,920,314,3,140000.0
1842,921,1241,1,150000.0
1843,921,211,1,75000.0
1844,922,484,3,100000.0
1845,922,555,2,110000.0
1846,922,210,1,95000.0
1847,923,544,2,105000.0
1848,924,1341,3,120000.0
1849,925,1000,2,110000.0
1850,926,1406,2,120000.0
1851,927,222,3,35000.0
1852,928,1345,2,40000.0
1853,929,629,3,150000.0
1854,929,1259,3,115000.0
1855,929,139,1,35000.0
1856,930,1437,3,75000.0
1857,930,829,2,150000.0
1858,930,1198,2,45000.0
1859,931,724,1,105000.0
1860,932,539,2,90000.0
1861,933,1405,3,145000.0
1862,933,183,3,150000.0
1863,933,449,2,30000.0
1864,934,195,1,90000.0
1865,934,568,1,30000.0
1866,935,224,1,95000.0
1867,935,63,1,45000.0
1868,935,440,1,35000.0
1869,936,371,3,75000.0
1870,936,978,3,110000.0
1871,937,604,3,65000.0
1872,937,515,3,95000.0
1873,937,237,2,125000.0
1874,938,146,3,140000.0
1875,938,643,1,30000.0
1876,939,1010,2,135000.0
1877,940,916,3,85000.0
1878,940,1183,1,30000.0
1879,941,520,2,55000.0
1880,941,1176,3,60000.0
1881,942,832,3,90000.0
1882,942,145,1,115000.0
1883,942,772,3,55000.0
1884,943,969,1,140000.0
1885,943,1494,3,30000.0
1886,944,386,3,105000.0
1887,944,181,2,45000.0
1888,944,791,3,145000.0
1889,945,1006,3,90000.0
1890,945,330,1,100000.0
1891,945,1324,3,110000.0
1892,946,809,3,100000.0
1893,947,825,2,40000.0
1894,947,994,1,75000.0
1895,948,93,3,85000.0
1896,949,951,1,85000.0
1897,949,1384,2,145000.0
1898,949,1477,1,70000.0
1899,950,214,1,135000.0
1900,951,1396,1,120000.0
1901,952,277,1,120000.0
1902,952,1188,3,40000.0
1903,953,88,2,105000.0
1904,953,457,1,30000.0
1905,953,150,3,75000.0
1906,954,1372,2,70000.0
1907,955,756,3,90000.0
1908,955,1307,2,110000.0
1909,955,1179,2,80000.0
1910,956,1312,2,120000.0
1911,956,305,1,140000.0
1912,956,496,1,130000.0
1913,957,810,3,85000.0
1914,957,903,2,45000.0
1915,957,61,1,85000.0
1916,958,838,1,100000.0
1917,958,761,1,50000.0
1918,959,1483,1,30000.0
1919,959,394,2,100000.0
1920,959,663,2,50000.0
1921,960,643,2,30000.0
1922,960,1046,3,90000.0
1923,961,183,3,150000.0
1924,962,1425,1,100000.0
1925,963,834,3,70000.0
1926,963,901,3,35000.0
1927,963,1484,1,150000.0
1928,964,295,2,80000.0
1929,964,1013,1,80000.0
1930,965,1001,1,40000.0
1931,966,703,3,145000.0
1932,966,1387,3,75000.0
1933,967,629,2,150000.0
1934,967,875,2,65000.0
1935,967,926,1,140000.0
1936,968,880,1,60000.0
1937,969,1422,1,85000.0
1938,970,1050,1,115000.0
1939,971,555,3,110000.0
1940,971,210,2,95000.0
1941,971,484,1,100000.0
1942,972,1129,2,40000.0
1943,972,1008,2,50000.0
1944,972,1178,2,50000.0
1945,973,1091,2,65000.0
1946,973,167,2,125000.0
1947,974,201,3,35000.0
1948,974,548,2,110000.0
1949,974,1362,2,35000.0
1950,975,924,1,150000.0
1951,976,554,1,45000.0
1952,976,1177,1,85000.0
1953,977,1110,1,80000.0
1954,978,371,2,75000.0
1955,979,1283,2,110000.0
1956,980,391,2,100000.0
1957,981,1036,2,70000.0
1958,981,42,2,100000.0
1959,982,1429,1,135000.0
1960,982,465,3,65000.0
1961,982,1252,2,115000.0
1962,983,59,2,150000.0
1963,984,342,1,115000.0
1964,984,326,3,80000.0
1965,984,620,3,105000.0
1966,985,194,2,35000.0
1967,985,695,2,80000.0
1968,985,1325,1,115000.0
1969,986,146,1,140000.0
1970,986,766,2,100000.0
1971,986,1046,1,90000.0
1972,987,1271,1,100000.0
1973,987,700,2,100000.0
1974,987,133,2,40000.0
1975,988,244,3,150000.0
1976,988,1158,2,30000.0
1977,988,397,3,90000.0
1978,989,273,3,65000.0
1979,989,366,3,115000.0
1980,989,1055,1,95000.0
1981,990,164,1,70000.0
1982,990,870,1,90000.0
1983,990,304,1,115000.0
1984,991,978,3,110000.0
1985,991,4,2,75000.0
1986,991,936,2,150000.0
1987,992,485,2,150000.0
1988,992,1219,2,150000.0
1989,992,1320,3,40000.0
1990,993,275,2,110000.0
1991,994,891,1,55000.0
1992,994,1418,3,135000.0
1993,995,765,1,150000.0
1994,995,771,1,70000.0
1995,995,1451,2,60000.0
1996,996,114,1,100000.0
1997,997,1443,1,135000.0
1998,997,1477,1,70000.0
1999,998,766,2,100000.0
2000,999,973,1,30000.0
2001,999,1136,1,70000.0
2002,1000,1455,2,50000.0
2003,1000,889,2,135000.0
2004,1001,283,3,125000.0
2005,1001,1391,1,125000.0
2006,1001,1499,1,35000.0
2007,1002,1102,2,40000.0
2008,1003,1453,3,50000.0
2009,1003,1175,1,90000.0
2010,1003,27,1,105000.0
2011,1004,650,1,105000.0
2012,1004,265,3,105000.0
2013,1005,577,3,50000.0
2014,1005,914,3,65000.0
2015,1006,824,1,70000.0
2016,1006,844,2,125000.0
2017,1006,633,2,55000.0
2018,1007,428,2,40000.0
2019,1007,185,1,140000.0
2020,1008,994,3,75000.0
2021,1008,26,3,50000.0
2022,1009,297,1,75000.0
2023,1010,1158,1,30000.0
2024,1011,141,1,90000.0
2025,1012,691,2,100000.0
2026,1012,163,2,70000.0
2027,1012,113,3,90000.0
2028,1013,677,1,150000.0
2029,1013,50,2,110000.0
2030,1013,687,1,40000.0
2031,1014,985,1,105000.0
2032,1015,812,3,85000.0
2033,1015,1057,3,80000.0
2034,1015,393,2,50000.0
2035,1016,1463,2,65000.0
2036,1016,1060,1,65000.0
2037,1016,1373,3,40000.0
2038,1017,1393,3,75000.0
2039,1017,655,2,50000.0
2040,1018,142,3,35000.0
2041,1019,50,2,110000.0
2042,1019,615,2,125000.0
2043,1020,1188,2,40000.0
2044,1021,108,1,70000.0
2045,1021,641,3,145000.0
2046,1022,283,1,125000.0
2047,1022,476,2,85000.0
2048,1022,1391,1,125000.0
2049,1023,107,1,120000.0
2050,1023,1029,1,30000.0
2051,1024,634,1,55000.0
2052,1025,714,3,70000.0
2053,1025,1285,2,100000.0
2054,1025,487,1,95000.0
2055,1026,954,3,35000.0
2056,1027,830,1,95000.0
2057,1027,1309,3,110000.0
2058,1028,267,3,150000.0
2059,1029,1340,2,65000.0
2060,1029,1486,3,50000.0
2061,1029,1023,1,125000.0
2062,1030,1370,2,40000.0
2063,1030,794,1,150000.0
2064,1030,878,3,55000.0
2065,1031,513,3,50000.0
2066,1032,1319,2,105000.0
2067,1032,803,2,100000.0
2068,1032,736,1,100000.0
2069,1033,647,1,35000.0
2070,1033,1015,3,85000.0
2071,1034,686,2,90000.0
2072,1034,813,2,100000.0
2073,1034,859,1,65000.0
2074,1035,1302,3,150000.0
2075,1035,407,1,45000.0
2076,1036,515,1,95000.0
2077,1037,531,3,65000.0
2078,1037,214,2,135000.0
2079,1038,687,1,40000.0
2080,1039,69,1,105000.0
2081,1040,949,2,115000.0
2082,1040,1108,3,85000.0
2083,1041,1232,3,60000.0
2084,1041,691,3,100000.0
2085,1041,163,3,70000.0
2086,1042,278,1,80000.0
2087,1042,1400,1,55000.0
2088,1043,861,1,80000.0
2089,1044,174,3,50000.0
2090,1044,428,2,40000.0
2091,1044,345,1,70000.0
2092,1045,1102,2,40000.0
2093,1045,1422,1,85000.0
2094,1046,704,3,75000.0
2095,1046,1428,2,75000.0
2096,1047,1418,1,135000.0
2097,1047,1294,2,80000.0
2098,1047,19,1,105000.0
2099,1048,868,2,90000.0
2100,1048,216,2,70000.0
2101,1049,65,2,90000.0
2102,1050,1221,1,70000.0
2103,1050,831,3,40000.0
2104,1051,1062,3,145000.0
2105,1052,963,3,125000.0
2106,1053,743,1,145000.0
2107,1053,346,2,85000.0
2108,1054,62,3,125000.0
2109,1054,1008,3,50000.0
2110,1054,719,2,100000.0
2111,1055,364,1,65000.0
2112,1055,724,1,105000.0
2113,1055,156,2,120000.0
2114,1056,888,1,55000.0
2115,1056,606,2,40000.0
2116,1056,1228,1,70000.0
2117,1057,93,1,85000.0
2118,1057,356,1,55000.0
2119,1058,256,2,115000.0
2120,1058,717,2,60000.0
2121,1058,1165,3,35000.0
2122,1059,1314,2,40000.0
2123,1059,578,3,55000.0
2124,1060,792,2,150000.0
2125,1061,813,2,100000.0
2126,1061,913,2,55000.0
2127,1061,1404,2,65000.0
2128,1062,1297,2,140000.0
2129,1063,1381,2,130000.0
2130,1063,1193,2,90000.0
2131,1063,1101,3,55000.0
2132,1064,18,3,80000.0
2133,1064,13,3,105000.0
2134,1065,714,3,70000.0
2135,1065,689,2,125000.0
2136,1066,690,2,105000.0
2137,1066,873,1,85000.0
2138,1066,1299,2,130000.0
2139,1067,270,2,60000.0
2140,1068,273,2,65000.0
2141,1068,1044,1,130000.0
2142,1069,829,1,150000.0
2143,1069,1437,2,75000.0
2144,1070,1255,2,50000.0
2145,1070,1445,3,45000.0
2146,1070,1357,3,95000.0
2147,1071,832,2,90000.0
2148,1071,956,3,105000.0
2149,1071,693,3,140000.0
2150,1072,349,2,135000.0
2151,1072,1300,1,90000.0
2152,1073,79,3,65000.0
2153,1073,845,2,55000.0
2154,1073,1152,2,145000.0
2155,1074,470,2,115000.0
2156,1074,507,3,100000.0
2157,1074,754,2,120000.0
2158,1075,1312,3,120000.0
2159,1075,305,2,140000.0
2160,1075,496,1,130000.0
2161,1076,3,2,90000.0
2162,1077,361,2,110000.0
2163,1077,1446,3,105000.0
2164,1078,1284,2,35000.0
2165,1078,1363,2,70000.0
2166,1079,968,1,90000.0
2167,1079,116,1,125000.0
2168,1079,586,2,45000.0
2169,1080,1012,2,45000.0
2170,1080,167,2,125000.0
2171,1081,471,2,100000.0
2172,1081,974,1,95000.0
2173,1082,192,3,145000.0
2174,1082,1480,2,45000.0
2175,1083,1209,3,35000.0
2176,1083,439,3,70000.0
2177,1084,49,2,45000.0
2178,1084,144,1,105000.0
2179,1085,777,3,60000.0
2180,1085,1247,1,80000.0
2181,1085,128,1,70000.0
2182,1086,854,3,65000.0
2183,1086,817,1,115000.0
2184,1086,1424,1,95000.0
2185,1087,475,2,55000.0
2186,1087,299,3,115000.0
2187,1087,1433,3,60000.0
2188,1088,722,1,125000.0
2189,1089,1146,2,35000.0
2190,1090,216,3,70000.0
2191,1090,1425,3,100000.0
2192,1091,732,2,130000.0
2193,1091,843,1,135000.0
2194,1091,524,3,70000.0
2195,1092,1409,1,105000.0
2196,1092,295,3,80000.0
2197,1093,1279,3,140000.0
2198,1094,641,3,145000.0
2199,1094,1184,2,125000.0
2200,1095,898,2,55000.0
2201,1095,348,1,60000.0
2202,1096,125,1,105000.0
2203,1096,897,3,80000.0
2204,1096,881,3,120000.0
2205,1097,929,1,80000.0
2206,1097,1162,1,50000.0
2207,1098,203,3,115000.0
2208,1098,247,2,70000.0
2209,1099,2,1,125000.0
2210,1099,887,1,75000.0
2211,1100,390,2,85000.0
2212,1100,1352,2,30000.0
2213,1100,789,1,80000.0
2214,1101,1234,1,60000.0
2215,1101,1457,1,125000.0
2216,1101,852,3,120000.0
2217,1102,896,3,135000.0
2218,1102,347,2,80000.0
2219,1102,1298,1,35000.0
2220,1103,581,3,60000.0
2221,1103,843,1,135000.0
2222,1104,1293,3,110000.0
2223,1104,331,2,150000.0
2224,1105,752,3,80000.0
2225,1106,912,2,75000.0
2226,1106,1050,1,115000.0
2227,1106,1357,2,95000.0
2228,1107,1091,3,65000.0
2229,1108,439,1,70000.0
2230,1108,1422,1,85000.0
2231,1108,45,1,130000.0
2232,1109,1074,1,110000.0
2233,1110,162,1,150000.0
2234,1110,146,2,140000.0
2235,1110,441,3,60000.0
2236,1111,1261,2,80000.0
2237,1111,890,1,130000.0
2238,1111,1323,2,120000.0
2239,1112,1474,3,105000.0
2240,1112,279,1,130000.0
2241,1113,911,1,130000.0
2242,1113,1425,1,100000.0
2243,1113,216,2,70000.0
2244,1114,535,2,135000.0
2245,1115,781,1,60000.0
2246,1116,1114,1,90000.0
2247,1117,699,2,135000.0
2248,1117,1317,1,135000.0
2249,1118,882,3,55000.0
2250,1118,1411,1,105000.0
2251,1118,315,1,60000.0
2252,1119,638,3,80000.0
2253,1119,129,2,110000.0
2254,1120,724,2,105000.0
2255,1120,990,2,80000.0
2256,1121,828,1,120000.0
2257,1121,427,3,60000.0
2258,1122,253,3,115000.0
2259,1123,883,3,130000.0
2260,1124,1234,1,60000.0
2261,1124,152,1,95000.0
2262,1125,463,1,30000.0
2263,1125,1195,1,75000.0
2264,1126,106,3,120000.0
2265,1127,1175,3,90000.0
2266,1128,832,1,90000.0
2267,1128,772,3,55000.0
2268,1129,38,1,95000.0
2269,1129,632,1,95000.0
2270,1129,502,2,65000.0
2271,1130,204,3,100000.0
2272,1130,1392,2,130000.0
2273,1131,701,1,110000.0
2274,1131,1467,3,115000.0
2275,1132,250,2,145000.0
2276,1132,585,2,75000.0
2277,1133,818,3,65000.0
2278,1133,493,1,90000.0
2279,1133,370,3,145000.0
2280,1134,246,3,105000.0
2281,1135,149,3,105000.0
2282,1135,1047,1,90000.0
2283,1135,13,3,105000.0
2284,1136,617,3,30000.0
2285,1136,654,1,75000.0
2286,1136,1036,1,70000.0
2287,1137,212,1,130000.0
2288,1137,873,2,85000.0
2289,1138,1377,2,90000.0
2290,1139,860,1,100000.0
2291,1140,1205,2,150000.0
2292,1140,1387,3,75000.0
2293,1140,155,1,150000.0
2294,1141,955,1,95000.0
2295,1141,1279,3,140000.0
2296,1141,1202,3,150000.0
2297,1142,759,2,75000.0
2298,1142,951,1,85000.0
2299,1143,664,3,150000.0
2300,1143,7,2,40000.0
2301,1143,1091,1,65000.0
2302,1144,65,1,90000.0
2303,1145,109,2,40000.0
2304,1145,390,3,85000.0
2305,1145,53,1,60000.0
2306,1146,1410,1,145000.0
2307,1146,910,1,75000.0
2308,1146,468,1,45000.0
2309,1147,223,1,40000.0
2310,1148,445,2,30000.0
2311,1149,1158,3,30000.0
2312,1150,517,1,100000.0
2313,1150,866,2,45000.0
2314,1151,966,1,125000.0
2315,1151,1233,3,85000.0
2316,1152,112,1,120000.0
2317,1152,646,1,30000.0
2318,1152,886,2,60000.0
2319,1153,1469,2,100000.0
2320,1153,1076,1,105000.0
2321,1154,548,3,110000.0
2322,1154,1180,2,135000.0
2323,1155,1246,1,110000.0
2324,1156,132,1,50000.0
2325,1156,1083,3,105000.0
2326,1157,1388,1,40000.0
2327,1157,896,3,135000.0
2328,1157,1306,1,85000.0
2329,1158,107,3,120000.0
2330,1158,1029,1,30000.0
2331,1158,420,2,100000.0
2332,1159,1499,3,35000.0
2333,1160,1270,3,80000.0
2334,1161,91,3,100000.0
2335,1161,1148,2,140000.0
2336,1162,441,3,60000.0
2337,1162,1046,1,90000.0
2338,1162,766,1,100000.0
2339,1163,1042,3,125000.0
2340,1163,1397,2,50000.0
2341,1164,1465,3,100000.0
2342,1164,1341,2,120000.0
2343,1164,611,2,130000.0
2344,1165,819,3,95000.0
2345,1165,993,2,30000.0
2346,1165,1252,1,115000.0
2347,1166,1409,1,105000.0
2348,1167,592,1,125000.0
2349,1167,219,2,100000.0
2350,1167,1285,1,100000.0
2351,1168,171,1,110000.0
2352,1168,751,3,135000.0
2353,1168,1434,1,95000.0
2354,1169,129,3,110000.0
2355,1169,622,2,65000.0
2356,1169,1331,2,30000.0
2357,1170,496,1,130000.0
2358,1171,388,1,45000.0
2359,1171,634,1,55000.0
2360,1171,959,3,115000.0
2361,1172,235,1,80000.0
2362,1172,1381,2,130000.0
2363,1173,1063,3,115000.0
2364,1173,1067,3,55000.0
2365,1174,1296,3,145000.0
2366,1175,869,1,115000.0
2367,1175,879,1,65000.0
2368,1176,1097,1,105000.0
2369,1176,1126,3,105000.0
2370,1177,379,1,75000.0
2371,1178,1168,2,95000.0
2372,1178,385,1,30000.0
2373,1178,1269,2,70000.0
2374,1179,1194,3,125000.0
2375,1179,320,2,125000.0
2376,1179,186,3,80000.0
2377,1180,573,2,110000.0
2378,1180,57,2,50000.0
2379,1180,1464,3,90000.0
2380,1181,379,2,75000.0
2381,1181,135,2,90000.0
2382,1182,1231,2,95000.0
2383,1182,1019,3,140000.0
2384,1183,148,3,50000.0
2385,1184,773,3,145000.0
2386,1184,190,1,85000.0
2387,1184,19,1,105000.0
2388,1185,1226,3,40000.0
2389,1186,675,1,40000.0
2390,1186,497,2,115000.0
2391,1187,32,3,30000.0
2392,1187,1122,3,125000.0
2393,1188,818,2,65000.0
2394,1188,493,3,90000.0
2395,1189,1332,1,40000.0
2396,1189,947,3,105000.0
2397,1190,108,1,70000.0
2398,1190,1184,2,125000.0
2399,1190,641,1,145000.0
2400,1191,1264,3,85000.0
2401,1191,933,1,60000.0
2402,1191,427,2,60000.0
2403,1192,1107,1,115000.0
2404,1193,900,1,55000.0
2405,1193,1406,3,120000.0
2406,1194,839,3,55000.0
2407,1194,1475,3,95000.0
2408,1194,893,2,115000.0
2409,1195,348,1,60000.0
2410,1196,135,2,90000.0
2411,1196,776,1,50000.0
2412,1196,489,3,70000.0
2413,1197,1437,3,75000.0
2414,1197,1198,3,45000.0
2415,1197,829,1,150000.0
2416,1198,666,3,70000.0
2417,1198,857,2,65000.0
2418,1199,854,3,65000.0
2419,1199,384,3,90000.0
2420,1200,1369,2,50000.0
2421,1201,481,1,140000.0
2422,1202,1324,3,110000.0
2423,1203,915,1,40000.0
2424,1203,976,1,55000.0
2425,1204,1060,3,65000.0
2426,1205,359,1,125000.0
2427,1206,416,3,115000.0
2428,1206,233,1,40000.0
2429,1206,1328,3,55000.0
2430,1207,244,3,150000.0
2431,1207,1173,2,100000.0
2432,1208,382,1,125000.0
2433,1208,66,1,80000.0
2434,1208,983,1,145000.0
2435,1209,1176,1,60000.0
2436,1210,1221,1,70000.0
2437,1210,831,1,40000.0
2438,1211,1273,2,95000.0
2439,1211,1053,3,115000.0
2440,1211,226,2,75000.0
2441,1212,874,2,80000.0
2442,1213,395,2,120000.0
2443,1213,289,2,145000.0
2444,1214,223,2,40000.0
2445,1215,1085,3,150000.0
2446,1215,452,2,65000.0
2447,1216,839,3,55000.0
2448,1216,65,3,90000.0
2449,1217,940,1,95000.0
2450,1217,1446,3,105000.0
2451,1218,1075,3,95000.0
2452,1219,807,1,65000.0
2453,1219,983,2,145000.0
2454,1220,607,3,145000.0
2455,1221,598,2,35000.0
2456,1221,665,2,120000.0
2457,1221,151,1,30000.0
2458,1222,1499,3,35000.0
2459,1223,421,3,95000.0
2460,1224,357,2,140000.0
2461,1224,62,3,125000.0
2462,1225,220,3,70000.0
2463,1226,252,1,60000.0
2464,1227,1345,2,40000.0
2465,1228,880,2,60000.0
2466,1228,656,2,50000.0
2467,1229,349,1,135000.0
2468,1230,373,1,40000.0
2469,1230,498,1,45000.0
2470,1231,1101,2,55000.0
2471,1232,1244,1,35000.0
2472,1232,685,3,50000.0
2473,1232,51,3,105000.0
2474,1233,1409,1,105000.0
2475,1233,1204,2,95000.0
2476,1233,295,3,80000.0
2477,1234,1085,3,150000.0
2478,1234,707,2,120000.0
2479,1234,478,1,30000.0
2480,1235,1408,2,45000.0
2481,1235,166,1,90000.0
2482,1236,982,3,45000.0
2483,1236,1268,3,65000.0
2484,1236,154,1,105000.0
2485,1237,1261,3,80000.0
2486,1237,674,2,50000.0
2487,1238,1068,1,95000.0
2488,1238,185,2,140000.0
2489,1238,428,1,40000.0
2490,1239,1236,2,150000.0
2491,1239,1146,1,35000.0
2492,1240,1156,3,30000.0
2493,1240,1267,3,135000.0
2494,1240,91,2,100000.0
2495,1241,1251,2,100000.0
2496,1241,365,1,110000.0
2497,1242,1285,1,100000.0
2498,1243,1221,3,70000.0
2499,1243,831,3,40000.0
2500,1244,1469,1,100000.0
2501,1244,1392,1,130000.0
2502,1244,204,3,100000.0
2503,1245,752,3,80000.0
2504,1245,362,3,60000.0
2505,1246,803,1,100000.0
2506,1247,652,2,90000.0
2507,1247,961,2,145000.0
2508,1247,1344,3,55000.0
2509,1248,706,2,145000.0
2510,1249,1227,3,125000.0
2511,1249,326,3,80000.0
2512,1250,1040,3,90000.0
2513,1250,492,2,80000.0
2514,1251,475,1,55000.0
2515,1251,1433,3,60000.0
2516,1252,629,2,150000.0
2517,1252,139,2,35000.0
2518,1252,1259,2,115000.0
2519,1253,552,1,115000.0
2520,1254,1127,1,30000.0
2521,1255,777,3,60000.0
2522,1255,522,3,60000.0
2523,1256,1301,1,95000.0
2524,1256,95,1,125000.0
2525,1257,734,3,105000.0
2526,1257,164,1,70000.0
2527,1257,1318,1,135000.0
2528,1258,187,1,75000.0
2529,1258,1139,1,150000.0
2530,1258,1124,1,140000.0
2531,1259,539,2,90000.0
2532,1259,815,3,125000.0
2533,1259,462,2,150000.0
2534,1260,560,3,50000.0
2535,1261,649,1,75000.0
2536,1261,363,1,70000.0
2537,1262,1287,1,40000.0
2538,1262,1481,1,35000.0
2539,1263,25,3,70000.0
2540,1263,600,1,65000.0
2541,1263,1407,1,120000.0
2542,1264,416,1,115000.0
2543,1265,1127,3,30000.0
2544,1265,1350,2,130000.0
2545,1265,1421,3,85000.0
2546,1266,249,2,50000.0
2547,1266,649,1,75000.0
2548,1266,1330,1,115000.0
2549,1267,402,2,85000.0
2550,1268,356,2,55000.0
2551,1269,1153,2,30000.0
2552,1269,597,1,110000.0
2553,1269,291,3,30000.0
2554,1270,1435,2,110000.0
2555,1270,67,2,145000.0
2556,1270,656,1,50000.0
2557,1271,1179,2,80000.0
2558,1272,1445,1,45000.0
2559,1272,912,3,75000.0
2560,1272,1021,1,50000.0
2561,1273,367,1,110000.0
2562,1273,29,3,95000.0
2563,1274,1469,3,100000.0
2564,1275,1353,2,150000.0
2565,1276,301,2,40000.0
2566,1277,903,1,45000.0
2567,1277,810,2,85000.0
2568,1277,61,2,85000.0
2569,1278,1203,2,40000.0
2570,1279,1256,1,105000.0
2571,1279,1366,1,55000.0
2572,1280,537,2,75000.0
2573,1280,390,2,85000.0
2574,1280,1352,3,30000.0
2575,1281,937,2,145000.0
2576,1281,628,2,115000.0
2577,1282,1307,1,110000.0
2578,1282,1033,2,75000.0
2579,1282,756,1,90000.0
2580,1283,127,1,135000.0
2581,1283,202,1,60000.0
2582,1284,284,1,65000.0
2583,1284,472,1,125000.0
2584,1284,805,2,80000.0
2585,1285,4,2,75000.0
2586,1285,1100,2,125000.0
2587,1286,1461,3,135000.0
2588,1286,523,2,135000.0
2589,1286,966,3,125000.0
2590,1287,16,3,130000.0
2591,1287,921,2,45000.0
2592,1287,885,2,55000.0
2593,1288,1153,1,30000.0
2594,1289,986,1,110000.0
2595,1289,319,3,85000.0
2596,1290,934,3,110000.0
2597,1291,925,2,105000.0
2598,1292,471,2,100000.0
2599,1293,1302,3,150000.0
2600,1293,272,3,125000.0
2601,1294,141,3,90000.0
2602,1294,743,3,145000.0
2603,1294,56,2,150000.0
2604,1295,892,3,55000.0
2605,1296,841,1,50000.0
2606,1297,963,1,125000.0
2607,1297,36,3,145000.0
2608,1297,303,3,115000.0
2609,1298,1292,3,30000.0
2610,1298,1106,2,40000.0
2611,1299,842,3,145000.0
2612,1299,175,1,75000.0
2613,1299,196,1,135000.0
2614,1300,721,2,110000.0
2615,1300,627,3,125000.0
2616,1301,222,1,35000.0
2617,1301,968,3,90000.0
2618,1301,738,2,55000.0
2619,1302,482,1,110000.0
2620,1302,275,1,110000.0
2621,1302,753,1,140000.0
2622,1303,933,2,60000.0
2623,1304,204,1,100000.0
2624,1304,1392,1,130000.0
2625,1305,313,2,115000.0
2626,1306,555,1,110000.0
2627,1307,1498,1,145000.0
2628,1307,410,1,105000.0
2629,1307,1309,3,110000.0
2630,1308,1128,3,80000.0
2631,1308,524,3,70000.0
2632,1309,708,2,30000.0
2633,1310,162,1,150000.0
2634,1310,1046,3,90000.0
2635,1310,766,3,100000.0
2636,1311,138,2,110000.0
2637,1311,834,3,70000.0
2638,1312,67,1,145000.0
2639,1313,129,3,110000.0
2640,1313,580,2,45000.0
2641,1314,345,2,70000.0
2642,1314,174,1,50000.0
2643,1314,1068,3,95000.0
2644,1315,262,1,105000.0
2645,1315,818,3,65000.0
2646,1315,370,1,145000.0
2647,1316,809,3,100000.0
2648,1316,1488,2,95000.0
2649,1317,74,1,100000.0
2650,1318,504,3,70000.0
2651,1319,1481,3,35000.0
2652,1320,1450,3,120000.0
2653,1320,1094,2,65000.0
2654,1320,1059,1,75000.0
2655,1321,966,1,125000.0
2656,1321,523,1,135000.0
2657,1321,661,3,125000.0
2658,1322,1068,3,95000.0
2659,1322,174,1,50000.0
2660,1323,531,2,65000.0
2661,1323,1497,1,95000.0
2662,1324,1156,3,30000.0
2663,1324,708,3,30000.0
2664,1324,417,3,55000.0
2665,1325,337,1,110000.0
2666,1326,471,2,100000.0
2667,1327,558,1,40000.0
2668,1327,1374,1,140000.0
2669,1327,481,1,140000.0
2670,1328,953,3,90000.0
2671,1328,457,2,30000.0
2672,1329,1175,1,90000.0
2673,1330,83,3,120000.0
2674,1330,728,3,105000.0
2675,1330,434,2,150000.0
2676,1331,113,2,90000.0
2677,1331,473,3,60000.0
2678,1331,691,1,100000.0
2679,1332,145,2,115000.0
2680,1332,693,1,140000.0
2681,1333,799,2,75000.0
2682,1334,699,1,135000.0
2683,1334,1317,1,135000.0
2684,1334,507,2,100000.0
2685,1335,535,3,135000.0
2686,1335,218,2,80000.0
2687,1335,1243,1,110000.0
2688,1336,412,1,35000.0
2689,1336,567,1,145000.0
2690,1336,659,2,125000.0
2691,1337,1375,1,30000.0
2692,1337,659,2,125000.0
2693,1338,1438,1,90000.0
2694,1339,63,2,45000.0
2695,1340,860,3,100000.0
2696,1340,879,2,65000.0
2697,1341,486,3,130000.0
2698,1341,158,1,50000.0
2699,1341,1269,2,70000.0
2700,1342,374,1,140000.0
2701,1342,449,3,30000.0
2702,1343,640,1,100000.0
2703,1343,501,3,140000.0
2704,1343,1105,2,130000.0
2705,1344,1446,2,105000.0
2706,1345,1391,3,125000.0
2707,1345,476,2,85000.0
2708,1346,355,3,85000.0
2709,1347,348,3,60000.0
2710,1347,453,3,30000.0
2711,1347,898,1,55000.0
2712,1348,1436,1,150000.0
2713,1349,276,1,110000.0
2714,1350,8,1,65000.0
2715,1350,17,2,130000.0
2716,1350,260,3,50000.0
2717,1351,22,2,100000.0
2718,1351,877,1,135000.0
2719,1351,728,3,105000.0
2720,1352,84,3,30000.0
2721,1352,1485,3,60000.0
2722,1352,398,1,105000.0
2723,1353,264,3,110000.0
2724,1354,655,1,50000.0
2725,1355,875,3,65000.0
2726,1355,1361,3,120000.0
2727,1356,1094,2,65000.0
2728,1357,1019,1,140000.0
2729,1357,816,3,125000.0
2730,1357,246,1,105000.0
2731,1358,828,1,120000.0
2732,1358,760,3,55000.0
2733,1358,427,2,60000.0
2734,1359,799,2,75000.0
2735,1359,1364,3,30000.0
2736,1360,162,3,150000.0
2737,1360,146,3,140000.0
2738,1361,1340,1,65000.0
2739,1362,1360,1,135000.0
2740,1362,721,2,110000.0
2741,1363,1135,1,80000.0
2742,1363,307,2,35000.0
2743,1363,1444,2,110000.0
2744,1364,1168,1,95000.0
2745,1364,31,2,110000.0
2746,1365,434,3,150000.0
2747,1365,1048,3,125000.0
2748,1366,1014,3,95000.0
2749,1367,760,3,55000.0
2750,1367,828,1,120000.0
2751,1367,1264,3,85000.0
2752,1368,1408,2,45000.0
2753,1368,166,1,90000.0
2754,1369,1497,2,95000.0
2755,1370,905,1,150000.0
2756,1370,1043,2,75000.0
2757,1371,515,1,95000.0
2758,1372,414,3,35000.0
2759,1372,892,2,55000.0
2760,1372,664,3,150000.0
2761,1373,674,3,50000.0
2762,1373,1261,3,80000.0
2763,1374,978,3,110000.0
2764,1374,371,1,75000.0
2765,1375,49,2,45000.0
2766,1375,236,1,90000.0
2767,1376,1492,1,150000.0
2768,1377,495,3,70000.0
2769,1377,1413,2,115000.0
2770,1377,14,3,100000.0
2771,1378,1450,3,120000.0
2772,1379,692,1,135000.0
2773,1379,746,2,50000.0
2774,1379,1312,3,120000.0
2775,1380,79,2,65000.0
2776,1380,1434,3,95000.0
2777,1381,523,3,135000.0
2778,1381,1461,3,135000.0
2779,1382,883,3,130000.0
2780,1382,1248,1,60000.0
2781,1383,107,3,120000.0
2782,1383,1346,1,55000.0
2783,1384,1092,2,55000.0
2784,1384,699,3,135000.0
2785,1384,754,2,120000.0
2786,1385,1093,3,80000.0
2787,1386,1184,1,125000.0
2788,1386,641,1,145000.0
2789,1387,610,1,65000.0
2790,1387,1316,1,90000.0
2791,1387,1284,1,35000.0
2792,1388,1069,2,150000.0
2793,1389,955,2,95000.0
2794,1389,1279,3,140000.0
2795,1390,1153,2,30000.0
2796,1391,1399,1,140000.0
2797,1392,175,2,75000.0
2798,1392,842,1,145000.0
2799,1392,267,1,150000.0
2800,1393,1290,3,55000.0
2801,1393,658,3,85000.0
2802,1393,866,2,45000.0
2803,1394,495,1,70000.0
2804,1394,1223,1,100000.0
2805,1395,130,1,100000.0
2806,1396,1472,3,115000.0
2807,1397,349,2,135000.0
2808,1398,1014,1,95000.0
2809,1398,687,1,40000.0
2810,1399,620,1,105000.0
2811,1400,1406,1,120000.0
2812,1400,900,2,55000.0
2813,1401,85,2,105000.0
2814,1402,891,3,55000.0
2815,1402,19,3,105000.0
2816,1402,773,3,145000.0
2817,1403,1363,1,70000.0
2818,1403,266,1,150000.0
2819,1404,9,2,45000.0
2820,1404,175,2,75000.0
2821,1404,853,3,40000.0
2822,1405,544,1,105000.0
2823,1406,949,3,115000.0
2824,1406,740,3,135000.0
2825,1407,706,3,145000.0
2826,1408,910,2,75000.0
2827,1408,1074,1,110000.0
2828,1408,1351,2,40000.0
2829,1409,1331,3,30000.0
2830,1409,622,1,65000.0
2831,1410,643,2,30000.0
2832,1411,620,2,105000.0
2833,1412,23,1,130000.0
2834,1413,1392,3,130000.0
2835,1414,1028,2,100000.0
2836,1414,1244,2,35000.0
2837,1414,594,1,145000.0
2838,1415,931,3,120000.0
2839,1415,860,2,100000.0
2840,1416,317,1,135000.0
2841,1416,1005,1,135000.0
2842,1416,548,3,110000.0
2843,1417,852,2,120000.0
2844,1418,1228,2,70000.0
2845,1418,606,1,40000.0
2846,1419,44,1,125000.0
2847,1419,1282,3,40000.0
2848,1419,1140,2,30000.0
2849,1420,962,3,140000.0
2850,1420,420,3,100000.0
2851,1420,115,3,120000.0
2852,1421,1259,2,115000.0
2853,1421,926,1,140000.0
2854,1421,629,3,150000.0
2855,1422,722,3,125000.0
2856,1422,1200,1,70000.0
2857,1423,477,1,115000.0
2858,1423,1245,2,100000.0
2859,1423,49,2,45000.0
2860,1424,574,3,90000.0
2861,1424,1471,2,100000.0
2862,1425,600,3,65000.0
2863,1425,276,3,110000.0
2864,1426,1467,2,115000.0
2865,1426,1039,3,50000.0
2866,1427,91,2,100000.0
2867,1427,241,1,150000.0
2868,1427,1267,2,135000.0
2869,1428,363,1,70000.0
2870,1429,760,2,55000.0
2871,1429,828,3,120000.0
2872,1429,1264,2,85000.0
2873,1430,359,1,125000.0
2874,1431,678,3,60000.0
2875,1431,240,2,90000.0
2876,1432,955,2,95000.0
2877,1432,1354,1,130000.0
2878,1433,874,1,80000.0
2879,1433,1337,1,135000.0
2880,1434,1440,2,150000.0
2881,1434,804,2,150000.0
2882,1435,884,1,50000.0
2883,1436,545,3,75000.0
2884,1437,569,2,55000.0
2885,1438,1047,3,90000.0
2886,1438,5,2,100000.0
2887,1438,18,1,80000.0
2888,1439,438,3,90000.0
2889,1439,375,2,85000.0
2890,1440,631,2,30000.0
2891,1440,1268,3,65000.0
2892,1441,922,2,65000.0
2893,1442,988,3,95000.0
2894,1442,584,2,70000.0
2895,1442,173,1,65000.0
2896,1443,1484,2,150000.0
2897,1443,1238,1,30000.0
2898,1443,901,2,35000.0
2899,1444,501,1,140000.0
2900,1444,640,3,100000.0
2901,1444,1105,1,130000.0
2902,1445,927,2,95000.0
2903,1445,1022,1,40000.0
2904,1445,102,1,60000.0
2905,1446,840,1,120000.0
2906,1447,357,3,140000.0
2907,1448,308,2,100000.0
2908,1448,219,3,100000.0
2909,1448,689,2,125000.0
2910,1449,428,2,40000.0
2911,1449,174,3,50000.0
2912,1450,817,1,115000.0
2913,1450,444,1,45000.0
2914,1450,833,3,70000.0
2915,1451,414,3,35000.0
2916,1451,1012,1,45000.0
2917,1452,359,1,125000.0
2918,1453,607,3,145000.0
2919,1453,117,3,110000.0
2920,1454,1093,3,80000.0
2921,1454,180,1,90000.0
2922,1455,39,1,80000.0
2923,1455,756,1,90000.0
2924,1456,1360,3,135000.0
2925,1457,1499,1,35000.0
2926,1457,476,1,85000.0
2927,1458,831,3,40000.0
2928,1458,401,2,105000.0
2929,1458,1221,3,70000.0
2930,1459,22,1,100000.0
2931,1460,632,1,95000.0
2932,1460,769,2,105000.0
2933,1460,38,3,95000.0
2934,1461,1455,2,50000.0
2935,1462,660,3,140000.0
2936,1462,425,1,40000.0
2937,1463,1338,1,125000.0
2938,1464,455,2,65000.0
2939,1464,898,1,55000.0
2940,1464,348,2,60000.0
2941,1465,370,1,145000.0
2942,1465,818,1,65000.0
2943,1465,262,1,105000.0
2944,1466,4,2,75000.0
2945,1466,1109,1,30000.0
2946,1467,578,3,55000.0
2947,1467,1314,3,40000.0
2948,1467,965,1,150000.0
2949,1468,839,3,55000.0
2950,1469,1463,2,65000.0
2951,1470,1001,2,40000.0
2952,1470,480,2,115000.0
2953,1471,568,1,30000.0
2954,1471,1403,3,85000.0
2955,1472,814,3,70000.0
2956,1473,1408,1,45000.0
2957,1473,166,3,90000.0
2958,1474,1078,1,130000.0
2959,1475,1452,3,50000.0
2960,1475,383,3,65000.0
2961,1475,1224,2,70000.0
2962,1476,1271,1,100000.0
2963,1476,700,2,100000.0
2964,1477,359,3,125000.0
2965,1478,408,2,145000.0
2966,1479,211,1,75000.0
2967,1479,579,3,125000.0
2968,1480,434,2,150000.0
2969,1480,862,2,65000.0
2970,1480,22,2,100000.0
2971,1481,1143,2,60000.0
2972,1481,448,1,80000.0
2973,1482,714,3,70000.0
2974,1482,527,3,40000.0
2975,1483,1198,3,45000.0
2976,1483,1437,1,75000.0
2977,1484,454,3,140000.0
2978,1484,1382,2,85000.0
2979,1485,795,2,90000.0
2980,1486,655,3,50000.0
2981,1487,362,2,60000.0
2982,1487,752,3,80000.0
2983,1488,1120,2,30000.0
2984,1488,698,2,115000.0
2985,1489,1127,1,30000.0
2986,1489,1350,2,130000.0
2987,1489,1421,2,85000.0
2988,1490,1016,2,145000.0
2989,1490,121,2,80000.0
2990,1490,82,2,70000.0
2991,1491,1048,2,125000.0
2992,1491,434,1,150000.0
2993,1491,83,2,120000.0
2994,1492,233,1,40000.0
2995,1492,130,3,100000.0
2996,1493,75,1,35000.0
2997,1493,1174,1,45000.0
2998,1493,1064,3,35000.0
2999,1494,108,3,70000.0
3000,1495,1353,3,150000.0
3001,1495,1290,3,55000.0
3002,1496,861,2,80000.0
3003,1496,752,3,80000.0
3004,1496,203,1,115000.0
3005,1497,665,2,120000.0
3006,1498,1437,1,75000.0
3007,1498,1198,3,45000.0
3008,1498,829,1,150000.0
3009,1499,90,2,85000.0
3010,1500,623,1,60000.0
3011,1501,816,2,125000.0
3012,1502,304,1,115000.0
3013,1502,591,1,60000.0
3014,1502,460,2,110000.0
3015,1503,1394,3,55000.0
3016,1504,930,3,40000.0
3017,1504,497,1,115000.0
3018,1505,634,2,55000.0
3019,1505,959,2,115000.0
3020,1506,370,1,145000.0
3021,1507,573,3,110000.0
3022,1507,879,1,65000.0
3023,1508,1312,2,120000.0
3024,1509,91,3,100000.0
3025,1510,1489,1,110000.0
3026,1510,153,1,40000.0
3027,1511,519,1,110000.0
3028,1512,1305,1,45000.0
3029,1512,710,2,110000.0
3030,1513,583,1,55000.0
3031,1514,809,2,100000.0
3032,1514,1246,1,110000.0
3033,1514,841,3,50000.0
3034,1515,824,2,70000.0
3035,1515,633,3,55000.0
3036,1515,350,3,60000.0
3037,1516,927,2,95000.0
3038,1517,684,2,95000.0
3039,1517,1275,1,75000.0
3040,1518,923,3,150000.0
3041,1519,774,3,135000.0
3042,1519,925,2,105000.0
3043,1519,1325,1,115000.0
3044,1520,463,2,30000.0
3045,1520,907,2,30000.0
3046,1520,1183,1,30000.0
3047,1521,526,2,75000.0
3048,1521,1235,1,80000.0
3049,1522,129,3,110000.0
3050,1523,628,1,115000.0
3051,1523,1273,1,95000.0
3052,1523,1440,2,150000.0
3053,1524,408,3,145000.0
3054,1524,402,2,85000.0
3055,1525,430,2,110000.0
3056,1526,159,2,65000.0
3057,1526,620,2,105000.0
3058,1526,326,2,80000.0
3059,1527,618,3,55000.0
3060,1528,289,1,145000.0
3061,1528,1359,1,30000.0
3062,1528,30,2,80000.0
3063,1529,1090,2,110000.0
3064,1529,212,2,130000.0
3065,1530,1437,2,75000.0
3066,1531,286,3,145000.0
3067,1531,600,3,65000.0
3068,1531,276,1,110000.0
3069,1532,278,3,80000.0
3070,1532,1400,1,55000.0
3071,1533,1333,3,105000.0
3072,1533,1200,1,70000.0
3073,1534,1184,1,125000.0
3074,1535,1322,2,125000.0
3075,1536,273,3,65000.0
3076,1536,58,1,50000.0
3077,1536,366,3,115000.0
3078,1537,438,2,90000.0
3079,1537,21,3,105000.0
3080,1538,874,3,80000.0
3081,1539,752,3,80000.0
3082,1539,203,3,115000.0
3083,1539,247,2,70000.0
3084,1540,162,1,150000.0
3085,1540,643,1,30000.0
3086,1541,1328,1,55000.0
3087,1542,1361,1,120000.0
3088,1542,139,3,35000.0
3089,1543,1478,2,95000.0
3090,1544,849,3,115000.0
3091,1545,1202,3,150000.0
3092,1546,999,3,60000.0
3093,1547,107,1,120000.0
3094,1547,115,1,120000.0
3095,1547,420,1,100000.0
3096,1548,1291,3,60000.0
3097,1549,1034,1,35000.0
3098,1549,1446,2,105000.0
3099,1550,833,3,70000.0
3100,1550,444,1,45000.0
3101,1551,912,2,75000.0
3102,1552,1165,1,35000.0
3103,1553,1088,1,35000.0
3104,1554,356,3,55000.0
3105,1555,1024,3,45000.0
3106,1555,1190,1,40000.0
3107,1555,655,2,50000.0
3108,1556,325,3,65000.0
3109,1556,613,3,100000.0
3110,1556,1239,1,150000.0
3111,1557,766,3,100000.0
3112,1557,162,1,150000.0
3113,1558,685,2,50000.0
3114,1558,1244,2,35000.0
3115,1559,630,1,95000.0
3116,1560,1192,3,95000.0
3117,1560,713,2,80000.0
3118,1561,1331,2,30000.0
3119,1561,580,3,45000.0
3120,1562,520,2,55000.0
3121,1562,583,2,55000.0
3122,1563,718,3,55000.0
3123,1564,1499,3,35000.0
3124,1565,301,2,40000.0
3125,1565,882,3,55000.0
3126,1565,1419,1,125000.0
3127,1566,1382,2,85000.0
3128,1566,114,3,100000.0
3129,1567,1238,3,30000.0
3130,1567,138,3,110000.0
3131,1568,503,1,85000.0
3132,1569,466,3,60000.0
3133,1569,271,3,100000.0
3134,1569,626,1,70000.0
3135,1570,797,3,40000.0
3136,1570,1038,3,85000.0
3137,1571,300,1,90000.0
3138,1571,908,1,95000.0
3139,1571,1117,2,145000.0
3140,1572,484,3,100000.0
3141,1573,723,2,145000.0
3142,1573,480,2,115000.0
3143,1574,243,1,45000.0
3144,1575,1354,3,130000.0
3145,1575,1202,2,150000.0
3146,1576,1301,3,95000.0
3147,1577,350,2,60000.0
3148,1577,844,2,125000.0
3149,1577,824,1,70000.0
3150,1578,888,1,55000.0
3151,1579,870,1,90000.0
3152,1579,1150,3,55000.0
3153,1580,944,2,65000.0
3154,1581,674,1,50000.0
3155,1582,796,1,50000.0
3156,1582,337,1,110000.0
3157,1582,170,2,120000.0
3158,1583,599,2,145000.0
3159,1583,193,3,145000.0
3160,1584,402,3,85000.0
3161,1585,641,3,145000.0
3162,1586,682,3,30000.0
3163,1587,1245,1,100000.0
3164,1587,225,3,30000.0
3165,1588,441,2,60000.0
3166,1588,1046,1,90000.0
3167,1588,146,2,140000.0
3168,1589,665,3,120000.0
3169,1589,598,2,35000.0
3170,1589,151,1,30000.0
3171,1590,335,2,45000.0
3172,1591,536,1,140000.0
3173,1592,1068,1,95000.0
3174,1592,174,3,50000.0
3175,1593,115,2,120000.0
3176,1594,44,2,125000.0
3177,1594,1140,1,30000.0
3178,1594,847,1,135000.0
3179,1595,148,1,50000.0
3180,1596,1121,2,140000.0
3181,1597,401,1,105000.0
3182,1598,1252,1,115000.0
3183,1598,718,2,55000.0
3184,1599,1408,2,45000.0
3185,1600,337,2,110000.0
3186,1601,1018,3,130000.0
3187,1602,739,3,35000.0
3188,1602,1150,3,55000.0
3189,1602,870,2,90000.0
3190,1603,151,3,30000.0
3191,1603,1242,2,145000.0
3192,1604,489,2,70000.0
3193,1604,950,2,80000.0
3194,1604,135,3,90000.0
3195,1605,611,3,130000.0
3196,1606,1388,2,40000.0
3197,1607,218,3,80000.0
3198,1607,804,2,150000.0
3199,1607,101,1,135000.0
3200,1608,1434,2,95000.0
3201,1609,1353,2,150000.0
3202,1609,866,1,45000.0
3203,1609,609,1,70000.0
3204,1610,1389,3,150000.0
3205,1610,834,3,70000.0
3206,1611,447,1,105000.0
3207,1611,248,1,30000.0
3208,1611,1080,2,40000.0
3209,1612,608,1,30000.0
3210,1613,1182,1,85000.0
3211,1614,1309,1,110000.0
3212,1614,830,1,95000.0
3213,1614,513,3,50000.0
3214,1615,216,3,70000.0
3215,1616,925,3,105000.0
3216,1617,411,1,145000.0
3217,1617,43,2,120000.0
3218,1617,329,2,60000.0
3219,1618,506,3,30000.0
3220,1619,217,3,90000.0
3221,1619,616,1,140000.0
3222,1619,24,2,130000.0
3223,1620,951,1,85000.0
3224,1620,1384,1,145000.0
3225,1621,1194,2,125000.0
3226,1621,391,1,100000.0
3227,1621,667,3,75000.0
3228,1622,34,2,60000.0
3229,1623,151,3,30000.0
3230,1623,598,3,35000.0
3231,1623,665,3,120000.0
3232,1624,641,3,145000.0
3233,1624,1184,2,125000.0
3234,1624,108,1,70000.0
3235,1625,628,2,115000.0
3236,1626,1499,1,35000.0
3237,1626,1391,2,125000.0
3238,1626,876,3,110000.0
3239,1627,649,2,75000.0
3240,1628,1298,2,35000.0
3241,1628,1306,3,85000.0
3242,1629,1078,1,130000.0
3243,1630,1286,2,60000.0
3244,1630,402,2,85000.0
3245,1630,1214,2,130000.0
3246,1631,578,3,55000.0
3247,1632,72,2,110000.0
3248,1632,1192,3,95000.0
3249,1633,674,2,50000.0
3250,1634,387,3,55000.0
3251,1634,1231,1,95000.0
3252,1635,314,3,140000.0
3253,1635,243,1,45000.0
3254,1636,765,2,150000.0
3255,1637,1287,2,40000.0
3256,1638,620,1,105000.0
3257,1638,326,3,80000.0
3258,1638,1380,1,30000.0
3259,1639,1398,2,30000.0
3260,1639,147,1,70000.0
3261,1639,388,3,45000.0
3262,1640,929,1,80000.0
3263,1640,1162,1,50000.0
3264,1640,557,3,55000.0
3265,1641,1460,3,90000.0
3266,1642,1250,2,140000.0
3267,1642,139,3,35000.0
3268,1643,1239,2,150000.0
3269,1643,590,1,130000.0
3270,1643,602,2,115000.0
3271,1644,897,2,80000.0
3272,1644,125,3,105000.0
3273,1644,1093,1,80000.0
3274,1645,1269,1,70000.0
3275,1646,215,1,30000.0
3276,1647,906,2,125000.0
3277,1647,1462,2,60000.0
3278,1647,59,2,150000.0
3279,1648,345,1,70000.0
3280,1648,185,2,140000.0
3281,1648,1068,3,95000.0
3282,1649,215,3,30000.0
3283,1649,781,3,60000.0
3284,1650,945,2,50000.0
3285,1651,50,3,110000.0
3286,1651,677,1,150000.0
3287,1651,1014,1,95000.0
3288,1652,38,2,95000.0
3289,1652,769,3,105000.0
3290,1653,604,2,65000.0
3291,1654,186,1,80000.0
3292,1654,1194,3,125000.0
3293,1655,1263,3,135000.0
3294,1655,811,3,90000.0
3295,1655,797,3,40000.0
3296,1656,861,1,80000.0
3297,1656,752,1,80000.0
3298,1657,1184,1,125000.0
3299,1657,641,3,145000.0
3300,1657,108,2,70000.0
3301,1658,85,2,105000.0
3302,1658,776,3,50000.0
3303,1659,625,2,115000.0
3304,1659,152,1,95000.0
3305,1660,1142,3,50000.0
3306,1661,1235,3,80000.0
3307,1661,526,2,75000.0
3308,1662,698,3,115000.0
3309,1663,39,3,80000.0
3310,1663,1417,1,135000.0
3311,1663,1179,3,80000.0
3312,1664,941,1,115000.0
3313,1665,420,3,100000.0
3314,1665,1029,3,30000.0
3315,1666,178,3,130000.0
3316,1666,1406,1,120000.0
3317,1667,1057,3,80000.0
3318,1667,393,1,50000.0
3319,1668,103,3,55000.0
3320,1668,957,2,130000.0
3321,1668,532,1,90000.0
3322,1669,1235,1,80000.0
3323,1669,858,1,95000.0
3324,1670,352,3,145000.0
3325,1670,1361,3,120000.0
3326,1670,926,2,140000.0
3327,1671,1249,3,50000.0
3328,1671,943,2,135000.0
3329,1672,1221,1,70000.0
3330,1673,848,3,35000.0
3331,1674,1316,1,90000.0
3332,1674,1363,1,70000.0
3333,1674,266,2,150000.0
3334,1675,622,2,65000.0
3335,1675,638,1,80000.0
3336,1675,580,2,45000.0
3337,1676,126,1,55000.0
3338,1676,1110,1,80000.0
3339,1676,1261,3,80000.0
3340,1677,1461,2,135000.0
3341,1677,966,1,125000.0
3342,1678,1198,1,45000.0
3343,1678,829,2,150000.0
3344,1678,1437,1,75000.0
3345,1679,1014,1,95000.0
3346,1679,50,3,110000.0
3347,1680,1068,2,95000.0
3348,1680,428,2,40000.0
3349,1681,737,3,125000.0
3350,1682,884,3,50000.0
3351,1682,1132,3,150000.0
3352,1683,1235,1,80000.0
3353,1683,1207,1,75000.0
3354,1684,387,2,55000.0
3355,1685,312,2,135000.0
3356,1685,286,2,145000.0
3357,1686,943,2,135000.0
3358,1686,1187,2,65000.0
3359,1686,1329,2,65000.0
3360,1687,528,3,40000.0
3361,1687,939,2,130000.0
3362,1687,972,2,115000.0
3363,1688,809,2,100000.0
3364,1688,779,2,150000.0
3365,1689,254,3,120000.0
3366,1689,100,1,115000.0
3367,1689,980,2,130000.0
3368,1690,974,3,95000.0
3369,1691,836,3,65000.0
3370,1691,395,1,120000.0
3371,1691,104,1,30000.0
3372,1692,600,1,65000.0
3373,1693,937,1,145000.0
3374,1694,1391,2,125000.0
3375,1694,283,1,125000.0
3376,1694,1499,2,35000.0
3377,1695,788,2,70000.0
3378,1696,1186,3,135000.0
3379,1697,1320,2,40000.0
3380,1697,1219,3,150000.0
3381,1697,98,1,140000.0
3382,1698,297,2,75000.0
3383,1698,655,1,50000.0
3384,1699,416,1,115000.0
3385,1699,1328,3,55000.0
3386,1699,1432,1,45000.0
3387,1700,192,2,145000.0
3388,1701,617,3,30000.0
3389,1702,205,1,115000.0
3390,1703,817,2,115000.0
3391,1703,269,1,85000.0
3392,1704,638,1,80000.0
3393,1704,622,1,65000.0
3394,1704,1331,2,30000.0
3395,1705,266,1,150000.0
3396,1705,1220,1,90000.0
3397,1705,1363,3,70000.0
3398,1706,831,2,40000.0
3399,1707,1485,3,60000.0
3400,1708,235,1,80000.0
3401,1709,249,1,50000.0
3402,1709,649,2,75000.0
3403,1709,1142,3,50000.0
3404,1710,211,2,75000.0
3405,1711,1129,1,40000.0
3406,1711,719,1,100000.0
3407,1711,1099,3,145000.0
3408,1712,345,3,70000.0
3409,1713,217,2,90000.0
3410,1713,24,1,130000.0
3411,1714,700,2,100000.0
3412,1714,1465,3,100000.0
3413,1714,259,3,80000.0
3414,1715,1128,3,80000.0
3415,1715,1170,2,65000.0
3416,1716,214,2,135000.0
3417,1717,1197,2,125000.0
3418,1717,1356,1,90000.0
3419,1717,1446,2,105000.0
3420,1718,1150,1,55000.0
3421,1718,941,2,115000.0
3422,1719,417,3,55000.0
3423,1719,1267,1,135000.0
3424,1719,1148,2,140000.0
3425,1720,736,2,100000.0
3426,1720,848,1,35000.0
3427,1721,45,2,130000.0
3428,1721,1335,2,80000.0
3429,1722,674,3,50000.0
3430,1723,534,1,90000.0
3431,1723,217,3,90000.0
3432,1724,411,1,145000.0
3433,1724,215,2,30000.0
3434,1725,1472,1,115000.0
3435,1726,1472,3,115000.0
3436,1726,1064,3,35000.0
3437,1726,1174,1,45000.0
3438,1727,1181,2,40000.0
3439,1727,1416,1,140000.0
3440,1728,888,1,55000.0
3441,1728,772,3,55000.0
3442,1729,214,2,135000.0
3443,1729,1497,3,95000.0
3444,1730,78,2,140000.0
3445,1730,278,3,80000.0
3446,1730,1039,3,50000.0
3447,1731,862,1,65000.0
3448,1731,434,3,150000.0
3449,1731,728,3,105000.0
3450,1732,23,2,130000.0
3451,1732,855,1,40000.0
3452,1732,212,1,130000.0
3453,1733,647,1,35000.0
3454,1733,462,2,150000.0
3455,1733,99,1,85000.0
3456,1734,471,3,100000.0
3457,1734,421,1,95000.0
3458,1734,311,2,55000.0
3459,1735,1237,2,90000.0
3460,1735,906,2,125000.0
3461,1736,1242,3,145000.0
3462,1736,665,2,120000.0
3463,1737,64,2,140000.0
3464,1737,472,1,125000.0
3465,1738,1482,2,115000.0
3466,1738,741,3,150000.0
3467,1739,892,2,55000.0
3468,1739,7,2,40000.0
3469,1740,1320,1,40000.0
3470,1740,1219,1,150000.0
3471,1740,98,2,140000.0
3472,1741,985,1,105000.0
3473,1741,794,3,150000.0
3474,1742,405,1,115000.0
3475,1743,583,3,55000.0
3476,1743,1327,2,135000.0
3477,1743,520,3,55000.0
3478,1744,1045,3,150000.0
3479,1744,780,3,55000.0
3480,1744,337,1,110000.0
3481,1745,293,3,125000.0
3482,1746,1039,2,50000.0
3483,1747,135,2,90000.0
3484,1747,776,2,50000.0
3485,1748,1446,2,105000.0
3486,1748,361,3,110000.0
3487,1749,784,3,75000.0
3488,1750,1307,3,110000.0
3489,1751,1391,3,125000.0
3490,1751,876,3,110000.0
3491,1752,104,1,30000.0
3492,1752,836,2,65000.0
3493,1753,455,3,65000.0
3494,1754,515,3,95000.0
3495,1755,1495,2,95000.0
3496,1756,1143,2,60000.0
3497,1757,1093,1,80000.0
3498,1757,180,3,90000.0
3499,1757,897,1,80000.0
3500,1758,898,2,55000.0
3501,1758,453,1,30000.0
3502,1758,455,1,65000.0
3503,1759,874,1,80000.0
3504,1759,1337,2,135000.0
3505,1760,547,3,130000.0
3506,1760,73,2,80000.0
3507,1761,945,2,50000.0
3508,1762,61,2,85000.0
3509,1763,1074,2,110000.0
3510,1763,1351,1,40000.0
3511,1763,910,3,75000.0
3512,1764,3,2,90000.0
3513,1764,657,2,125000.0
3514,1764,142,1,35000.0
3515,1765,1332,2,40000.0
3516,1766,1143,3,60000.0
3517,1766,448,3,80000.0
3518,1766,1007,2,30000.0
3519,1767,889,3,135000.0
3520,1767,730,1,125000.0
3521,1768,679,1,55000.0
3522,1768,648,1,30000.0
3523,1768,1070,2,120000.0
3524,1769,158,2,50000.0
3525,1769,385,2,30000.0
3526,1769,31,1,110000.0
3527,1770,141,1,90000.0
3528,1771,1358,1,145000.0
3529,1772,544,3,105000.0
3530,1772,1047,3,90000.0
3531,1772,13,2,105000.0
3532,1773,1222,1,145000.0
3533,1774,1122,1,125000.0
3534,1775,651,1,115000.0
3535,1776,474,3,55000.0
3536,1776,173,2,65000.0
3537,1776,988,1,95000.0
3538,1777,1426,1,140000.0
3539,1777,1201,1,85000.0
3540,1778,1100,1,125000.0
3541,1779,1363,1,70000.0
3542,1780,945,2,50000.0
3543,1780,40,2,75000.0
3544,1780,127,1,135000.0
3545,1781,597,1,110000.0
3546,1781,291,3,30000.0
3547,1782,111,2,75000.0
3548,1782,835,1,130000.0
3549,1782,1027,1,45000.0
3550,1783,1291,2,60000.0
3551,1783,1350,1,130000.0
3552,1783,1127,3,30000.0
3553,1784,50,1,110000.0
3554,1784,687,3,40000.0
3555,1784,677,2,150000.0
3556,1785,199,3,140000.0
3557,1785,235,3,80000.0
3558,1785,1193,3,90000.0
3559,1786,1452,1,50000.0
3560,1786,1224,2,70000.0
3561,1787,840,3,120000.0
3562,1787,1154,3,65000.0
3563,1787,82,1,70000.0
3564,1788,125,2,105000.0
3565,1788,180,2,90000.0
3566,1789,459,2,70000.0
3567,1790,1325,2,115000.0
3568,1790,925,3,105000.0
3569,1790,774,1,135000.0
3570,1791,1433,1,60000.0
3571,1791,1010,3,135000.0
3572,1792,1398,3,30000.0
3573,1793,812,3,85000.0
3574,1793,1057,1,80000.0
3575,1793,400,2,140000.0
3576,1794,789,3,80000.0
3577,1794,800,3,135000.0
3578,1795,815,3,125000.0
3579,1795,539,3,90000.0
3580,1796,1454,2,85000.0
3581,1797,1443,2,135000.0
3582,1797,759,2,75000.0
3583,1797,1477,3,70000.0
3584,1798,652,2,90000.0
3585,1798,961,2,145000.0
3586,1799,687,3,40000.0
3587,1800,471,1,100000.0
3588,1800,1396,2,120000.0
3589,1801,1237,2,90000.0
3590,1801,1113,1,70000.0
3591,1801,47,1,35000.0
3592,1802,147,1,70000.0
3593,1802,1398,1,30000.0
3594,1803,358,2,120000.0
3595,1804,847,3,135000.0
3596,1804,519,1,110000.0
3597,1805,1373,3,40000.0
3598,1805,1120,1,30000.0
3599,1805,1060,1,65000.0
3600,1806,451,1,70000.0
3601,1806,392,1,50000.0
3602,1807,42,3,100000.0
3603,1808,491,1,35000.0
3604,1809,806,1,30000.0
3605,1809,248,2,30000.0
3606,1810,1131,2,125000.0
3607,1810,769,2,105000.0
3608,1811,1218,1,40000.0
3609,1811,1138,3,110000.0
3610,1812,1315,3,55000.0
3611,1812,387,1,55000.0
3612,1813,635,1,105000.0
3613,1814,1272,2,50000.0
3614,1815,914,2,65000.0
3615,1815,529,3,125000.0
3616,1816,71,3,150000.0
3617,1817,445,1,30000.0
3618,1817,211,3,75000.0
3619,1818,1007,3,30000.0
3620,1819,1018,1,130000.0
3621,1819,1151,2,65000.0
3622,1819,1365,3,45000.0
3623,1820,1282,1,40000.0
3624,1820,1140,1,30000.0
3625,1821,947,3,105000.0
3626,1822,1270,3,80000.0
3627,1823,1191,2,120000.0
3628,1823,989,2,150000.0
3629,1823,932,1,105000.0
3630,1824,1157,2,110000.0
3631,1824,567,1,145000.0
3632,1825,783,1,95000.0
3633,1825,152,3,95000.0
3634,1826,1096,2,90000.0
3635,1827,1219,2,150000.0
3636,1828,936,3,150000.0
3637,1828,1109,1,30000.0
3638,1828,371,3,75000.0
3639,1829,566,1,150000.0
3640,1829,1425,2,100000.0
3641,1830,471,2,100000.0
3642,1830,974,2,95000.0
3643,1830,1396,3,120000.0
3644,1831,1476,3,55000.0
3645,1832,1333,2,105000.0
3646,1833,244,3,150000.0
3647,1834,825,3,40000.0
3648,1834,179,1,60000.0
3649,1835,1369,1,50000.0
3650,1835,1138,2,110000.0
3651,1836,490,1,30000.0
3652,1836,542,3,85000.0
3653,1837,902,2,150000.0
3654,1837,275,1,110000.0
3655,1837,706,1,145000.0
3656,1838,1281,3,90000.0
3657,1838,69,1,105000.0
3658,1839,323,1,120000.0
3659,1839,447,2,105000.0
3660,1840,1499,3,35000.0
3661,1840,1391,3,125000.0
3662,1840,283,2,125000.0
3663,1841,1049,2,55000.0
3664,1842,715,3,55000.0
3665,1842,1467,3,115000.0
3666,1843,430,2,110000.0
3667,1843,870,3,90000.0
3668,1843,460,2,110000.0
3669,1844,621,3,35000.0
3670,1844,521,3,135000.0
3671,1845,1427,2,90000.0
3672,1845,915,1,40000.0
3673,1846,397,2,90000.0
3674,1846,244,3,150000.0
3675,1847,1335,3,80000.0
3676,1848,295,1,80000.0
3677,1848,1409,3,105000.0
3678,1848,245,3,50000.0
3679,1849,435,2,90000.0
3680,1850,484,2,100000.0
3681,1850,210,2,95000.0
3682,1851,1493,3,100000.0
3683,1851,113,1,90000.0
3684,1851,473,1,60000.0
3685,1852,509,3,110000.0
3686,1852,788,3,70000.0
3687,1853,555,3,110000.0
3688,1853,210,1,95000.0
3689,1854,247,3,70000.0
3690,1855,1483,2,30000.0
3691,1856,974,2,95000.0
3692,1856,421,3,95000.0
3693,1856,311,1,55000.0
3694,1857,1125,3,125000.0
3695,1858,1294,3,80000.0
3696,1859,1052,1,60000.0
3697,1859,1174,3,45000.0
3698,1859,1064,1,35000.0
3699,1860,405,3,115000.0
3700,1860,756,2,90000.0
3701,1861,1040,2,90000.0
3702,1862,1453,3,50000.0
3703,1863,818,2,65000.0
3704,1863,370,2,145000.0
3705,1863,262,2,105000.0
3706,1864,1263,3,135000.0
3707,1865,109,2,40000.0
3708,1865,789,3,80000.0
3709,1865,565,2,30000.0
3710,1866,868,3,90000.0
3711,1866,1425,3,100000.0
3712,1867,646,1,30000.0
3713,1867,112,3,120000.0
3714,1867,136,2,35000.0
3715,1868,360,3,105000.0
3716,1868,949,2,115000.0
3717,1868,792,2,150000.0
3718,1869,1008,1,50000.0
3719,1870,1355,3,100000.0
3720,1871,954,1,35000.0
3721,1872,1008,2,50000.0
3722,1872,1217,3,85000.0
3723,1873,934,3,110000.0
3724,1874,838,1,100000.0
3725,1875,462,3,150000.0
3726,1876,321,2,95000.0
3727,1876,593,2,85000.0
3728,1877,1209,3,35000.0
3729,1877,1401,2,75000.0
3730,1878,455,1,65000.0
3731,1879,401,1,105000.0
3732,1879,831,1,40000.0
3733,1880,1207,2,75000.0
3734,1881,936,3,150000.0
3735,1881,371,1,75000.0
3736,1881,1109,2,30000.0
3737,1882,1352,3,30000.0
3738,1882,565,2,30000.0
3739,1883,1202,2,150000.0
3740,1884,1314,2,40000.0
3741,1884,1069,3,150000.0
3742,1884,965,1,150000.0
3743,1885,1051,3,145000.0
3744,1886,97,1,125000.0
3745,1887,749,1,60000.0
3746,1888,1127,1,30000.0
3747,1888,1421,1,85000.0
3748,1888,1291,2,60000.0
3749,1889,1099,2,145000.0
3750,1889,357,3,140000.0
3751,1889,1178,3,50000.0
3752,1890,113,1,90000.0
3753,1890,1232,2,60000.0
3754,1890,691,2,100000.0
3755,1891,302,1,135000.0
3756,1891,1124,2,140000.0
3757,1892,439,2,70000.0
3758,1892,45,1,130000.0
3759,1893,805,2,80000.0
3760,1893,284,1,65000.0
3761,1894,1245,2,100000.0
3762,1894,49,2,45000.0
3763,1895,1465,1,100000.0
3764,1895,1341,1,120000.0
3765,1895,700,2,100000.0
3766,1896,2,2,125000.0
3767,1897,936,3,150000.0
3768,1897,1109,1,30000.0
3769,1898,685,1,50000.0
3770,1898,1244,1,35000.0
3771,1899,1076,3,105000.0
3772,1899,204,1,100000.0
3773,1900,1275,1,75000.0
3774,1900,418,2,90000.0
3775,1901,454,1,140000.0
3776,1902,51,1,105000.0
3777,1903,391,3,100000.0
3778,1903,667,2,75000.0
3779,1904,1078,3,130000.0
3780,1904,731,2,35000.0
3781,1904,880,3,60000.0
3782,1905,263,1,50000.0
3783,1905,1468,2,105000.0
3784,1906,1295,3,35000.0
3785,1906,99,3,85000.0
3786,1907,791,2,145000.0
3787,1907,314,1,140000.0
3788,1907,243,1,45000.0
3789,1908,197,2,125000.0
3790,1908,679,1,55000.0
3791,1908,48,2,135000.0
3792,1909,386,3,105000.0
3793,1909,1473,3,70000.0
3794,1910,151,3,30000.0
3795,1910,598,3,35000.0
3796,1911,1224,2,70000.0
3797,1911,383,2,65000.0
3798,1911,563,2,50000.0
3799,1912,143,3,105000.0
3800,1913,1194,3,125000.0
3801,1913,667,3,75000.0
3802,1914,355,1,85000.0
3803,1915,467,2,105000.0
3804,1915,647,3,35000.0
3805,1916,50,1,110000.0
3806,1916,1014,3,95000.0
3807,1916,615,3,125000.0
3808,1917,1240,3,35000.0
3809,1917,788,3,70000.0
3810,1918,1402,3,65000.0
3811,1919,1243,2,110000.0
3812,1920,347,3,80000.0
3813,1920,1298,2,35000.0
3814,1921,1458,2,75000.0
3815,1921,149,2,105000.0
3816,1921,13,1,105000.0
3817,1922,467,3,105000.0
3818,1922,1500,2,70000.0
3819,1922,1015,3,85000.0
3820,1923,1159,3,85000.0
3821,1923,893,2,115000.0
3822,1923,1475,1,95000.0
3823,1924,1011,1,100000.0
3824,1925,1399,3,140000.0
3825,1926,262,2,105000.0
3826,1927,948,2,140000.0
3827,1927,1248,1,60000.0
3828,1927,883,2,130000.0
3829,1928,929,1,80000.0
3830,1928,557,3,55000.0
3831,1928,355,2,85000.0
3832,1929,796,2,50000.0
3833,1929,1073,3,35000.0
3834,1929,337,3,110000.0
3835,1930,1048,2,125000.0
3836,1930,22,1,100000.0
3837,1931,1331,3,30000.0
3838,1932,1147,2,90000.0
3839,1933,1287,1,40000.0
3840,1934,12,3,35000.0
3841,1935,874,3,80000.0
3842,1935,1337,1,135000.0
3843,1936,541,3,115000.0
3844,1936,747,1,90000.0
3845,1936,1487,3,150000.0
3846,1937,489,3,70000.0
3847,1937,85,3,105000.0
3848,1937,776,3,50000.0
3849,1938,898,1,55000.0
3850,1939,832,2,90000.0
3851,1939,1228,1,70000.0
3852,1940,607,3,145000.0
3853,1941,205,2,115000.0
3854,1941,1285,3,100000.0
3855,1942,632,1,95000.0
3856,1943,1037,2,50000.0
3857,1943,1372,1,70000.0
3858,1944,778,2,105000.0
3859,1944,414,1,35000.0
3860,1944,664,3,150000.0
3861,1945,501,2,140000.0
3862,1945,1105,2,130000.0
3863,1945,621,2,35000.0
3864,1946,1212,2,110000.0
3865,1947,1278,2,115000.0
3866,1947,394,1,100000.0
3867,1947,1311,1,115000.0
3868,1948,1419,3,125000.0
3869,1948,301,3,40000.0
3870,1948,1415,3,70000.0
3871,1949,907,2,30000.0
3872,1950,42,2,100000.0
3873,1950,617,1,30000.0
3874,1950,1114,2,90000.0
3875,1951,1337,1,135000.0
3876,1951,874,3,80000.0
3877,1952,1460,3,90000.0
3878,1952,846,1,60000.0
3879,1952,389,1,35000.0
3880,1953,1443,2,135000.0
3881,1954,537,2,75000.0
3882,1955,1425,2,100000.0
3883,1956,3,3,90000.0
3884,1956,1490,1,50000.0
3885,1956,768,1,50000.0
3886,1957,221,3,40000.0
3887,1958,489,1,70000.0
3888,1958,379,3,75000.0
3889,1959,455,1,65000.0
3890,1959,453,1,30000.0
3891,1960,688,1,50000.0
3892,1960,123,2,75000.0
3893,1961,1024,2,45000.0
3894,1962,766,3,100000.0
3895,1962,162,2,150000.0
3896,1962,146,3,140000.0
3897,1963,130,1,100000.0
3898,1963,416,2,115000.0
3899,1963,1328,1,55000.0
3900,1964,209,1,150000.0
3901,1965,185,3,140000.0
3902,1965,345,2,70000.0
3903,1965,174,3,50000.0
3904,1966,406,1,110000.0
3905,1966,282,3,40000.0
3906,1967,538,1,75000.0
3907,1967,1191,2,120000.0
3908,1968,299,2,115000.0
3909,1968,1433,2,60000.0
3910,1969,1421,2,85000.0
3911,1970,845,2,55000.0
3912,1970,934,3,110000.0
3913,1971,629,3,150000.0
3914,1972,212,1,130000.0
3915,1973,853,3,40000.0
3916,1973,175,2,75000.0
3917,1973,267,2,150000.0
3918,1974,1198,3,45000.0
3919,1975,68,3,140000.0
3920,1975,148,3,50000.0
3921,1976,737,1,125000.0
3922,1977,1367,3,85000.0
3923,1978,658,1,85000.0
3924,1978,422,3,140000.0
3925,1979,276,2,110000.0
3926,1979,25,2,70000.0
3927,1979,312,1,135000.0
3928,1980,1023,2,125000.0
3929,1980,1300,1,90000.0
3930,1980,552,1,115000.0
3931,1981,463,2,30000.0
3932,1981,1474,3,105000.0
3933,1982,416,1,115000.0
3934,1982,1432,1,45000.0
3935,1983,401,1,105000.0
3936,1984,139,2,35000.0
3937,1984,352,1,145000.0
3938,1985,818,1,65000.0
3939,1985,262,2,105000.0
3940,1986,68,1,140000.0
3941,1986,148,1,50000.0
3942,1987,1022,3,40000.0
3943,1987,927,1,95000.0
3944,1988,898,1,55000.0
3945,1988,348,2,60000.0
3946,1989,101,1,135000.0
3947,1990,1195,3,75000.0
3948,1991,257,1,60000.0
3949,1991,967,3,35000.0
3950,1991,942,3,130000.0
3951,1992,1419,2,125000.0
3952,1993,1454,1,85000.0
3953,1993,1152,2,145000.0
3954,1994,1403,2,85000.0
3955,1995,764,1,80000.0
3956,1996,1350,3,130000.0
3957,1997,1440,1,150000.0
3958,1998,655,1,50000.0
3959,1998,297,3,75000.0
3960,1999,237,1,125000.0
3961,1999,604,1,65000.0
3962,2000,1091,3,65000.0
3963,2000,980,1,130000.0
3964,2001,13,1,105000.0
3965,2001,1047,1,90000.0
3966,2001,18,3,80000.0
3967,2002,874,2,80000.0
3968,2003,237,3,125000.0
3969,2003,515,2,95000.0
3970,2004,1358,1,145000.0
3971,2005,882,1,55000.0
3972,2005,1415,3,70000.0
3973,2006,955,2,95000.0
3974,2007,1184,1,125000.0
3975,2007,641,1,145000.0
3976,2007,108,3,70000.0
3977,2008,1048,2,125000.0
3978,2008,877,1,135000.0
3979,2009,110,2,100000.0
3980,2010,182,2,90000.0
3981,2010,1413,2,115000.0
3982,2010,14,1,100000.0
3983,2011,146,1,140000.0
3984,2012,1241,2,150000.0
3985,2012,445,3,30000.0
3986,2012,660,2,140000.0
3987,2013,660,3,140000.0
3988,2014,1418,3,135000.0
3989,2015,1263,2,135000.0
3990,2015,797,3,40000.0
3991,2016,970,1,65000.0
3992,2016,663,2,50000.0
3993,2017,437,2,40000.0
3994,2017,737,3,125000.0
3995,2018,1379,3,120000.0
3996,2018,834,3,70000.0
3997,2019,269,1,85000.0
3998,2019,1424,3,95000.0
3999,2019,817,3,115000.0
4000,2020,497,3,115000.0
4001,2020,930,3,40000.0
4002,2021,1219,1,150000.0
4003,2022,142,2,35000.0
4004,2022,1490,2,50000.0
4005,2022,768,2,50000.0
4006,2023,1283,3,110000.0
4007,2024,881,2,120000.0
4008,2024,897,1,80000.0
4009,2024,469,2,125000.0
4010,2025,342,3,115000.0
4011,2025,1380,2,30000.0
4012,2026,1401,1,75000.0
4013,2027,1052,1,60000.0
4014,2027,1174,3,45000.0
4015,2027,1054,2,135000.0
4016,2028,1027,1,45000.0
4017,2029,412,2,35000.0
4018,2029,1157,3,110000.0
4019,2029,659,3,125000.0
4020,2030,1459,1,45000.0
4021,2031,420,3,100000.0
4022,2032,949,2,115000.0
4023,2032,792,3,150000.0
4024,2033,335,3,45000.0
4025,2033,1450,3,120000.0
4026,2033,1059,3,75000.0
4027,2034,336,3,110000.0
4028,2034,217,2,90000.0
4029,2035,844,2,125000.0
4030,2035,824,2,70000.0
4031,2035,350,2,60000.0
4032,2036,529,2,125000.0
4033,2037,649,3,75000.0
4034,2037,363,3,70000.0
4035,2037,1142,2,50000.0
4036,2038,1072,3,105000.0
4037,2038,1004,1,150000.0
4038,2038,609,1,70000.0
4039,2039,484,1,100000.0
4040,2039,210,1,95000.0
4041,2039,555,2,110000.0
4042,2040,382,2,125000.0
4043,2040,887,1,75000.0
4044,2040,436,3,60000.0
4045,2041,436,2,60000.0
4046,2041,2,3,125000.0
4047,2041,382,1,125000.0
4048,2042,618,1,55000.0
4049,2042,96,2,105000.0
4050,2043,521,3,135000.0
4051,2044,746,1,50000.0
4052,2044,1312,2,120000.0
4053,2045,399,2,95000.0
4054,2045,1454,3,85000.0
4055,2045,171,1,110000.0
4056,2046,1269,1,70000.0
4057,2046,486,3,130000.0
4058,2046,1368,1,105000.0
4059,2047,705,1,110000.0
4060,2048,259,2,80000.0
4061,2048,611,3,130000.0
4062,2049,684,1,95000.0
4063,2049,1471,3,100000.0
4064,2050,1056,3,105000.0
4065,2050,904,2,30000.0
4066,2051,877,1,135000.0
4067,2051,434,3,150000.0
4068,2051,728,3,105000.0
4069,2052,881,3,120000.0
4070,2052,1093,3,80000.0
4071,2052,180,3,90000.0
4072,2053,725,3,30000.0
4073,2053,73,2,80000.0
4074,2054,869,1,115000.0
4075,2055,976,2,55000.0
4076,2055,1427,1,90000.0
4077,2055,12,2,35000.0
4078,2056,552,3,115000.0
4079,2056,1340,3,65000.0
4080,2057,308,1,100000.0
4081,2058,965,1,150000.0
4082,2058,1069,1,150000.0
4083,2059,366,2,115000.0
4084,2060,151,2,30000.0
4085,2061,487,1,95000.0
4086,2061,1285,1,100000.0
4087,2061,527,1,40000.0
4088,2062,355,1,85000.0
4089,2063,1198,2,45000.0
4090,2063,829,1,150000.0
4091,2063,1437,1,75000.0
4092,2064,1056,1,105000.0
4093,2064,1248,2,60000.0
4094,2065,1356,3,90000.0
4095,2066,1447,2,110000.0
4096,2066,635,3,105000.0
4097,2066,577,3,50000.0
4098,2067,117,2,110000.0
4099,2067,717,1,60000.0
4100,2068,866,2,45000.0
4101,2068,1290,3,55000.0
4102,2069,637,2,80000.0
4103,2070,1188,1,40000.0
4104,2070,1031,3,90000.0
4105,2070,1418,2,135000.0
4106,2071,8,1,65000.0
4107,2071,494,1,55000.0
4108,2071,418,3,90000.0
4109,2072,355,3,85000.0
4110,2072,929,3,80000.0
4111,2072,557,2,55000.0
4112,2073,211,3,75000.0
4113,2073,445,2,30000.0
4114,2073,660,1,140000.0
4115,2074,534,1,90000.0
4116,2074,616,2,140000.0
4117,2075,675,3,40000.0
4118,2076,1108,2,85000.0
4119,2076,92,3,115000.0
4120,2077,779,2,150000.0
4121,2077,809,3,100000.0
4122,2078,1068,3,95000.0
4123,2078,185,3,140000.0
4124,2079,1409,2,105000.0
4125,2080,206,1,115000.0
4126,2080,505,3,140000.0
4127,2080,975,2,130000.0
4128,2081,434,2,150000.0
4129,2081,728,3,105000.0
4130,2082,1291,2,60000.0
4131,2083,718,3,55000.0
4132,2083,119,1,110000.0
4133,2084,1170,2,65000.0
4134,2084,732,2,130000.0
4135,2085,44,1,125000.0
4136,2085,562,2,55000.0
4137,2085,209,1,150000.0
4138,2086,927,1,95000.0
4139,2086,102,1,60000.0
4140,2086,1022,1,40000.0
4141,2087,557,2,55000.0
4142,2088,1392,2,130000.0
4143,2088,1469,3,100000.0
4144,2089,441,1,60000.0
4145,2089,146,1,140000.0
4146,2090,252,3,60000.0
4147,2090,747,2,90000.0
4148,2091,220,2,70000.0
4149,2092,1301,2,95000.0
4150,2092,95,3,125000.0
4151,2093,1444,1,110000.0
4152,2093,958,3,105000.0
4153,2094,809,2,100000.0
4154,2095,397,3,90000.0
4155,2096,576,1,100000.0
4156,2097,828,2,120000.0
4157,2097,427,3,60000.0
4158,2097,933,2,60000.0
4159,2098,470,3,115000.0
4160,2098,923,3,150000.0
4161,2098,1092,1,55000.0
4162,2099,553,2,80000.0
4163,2099,329,2,60000.0
4164,2099,733,2,130000.0
4165,2100,227,3,50000.0
4166,2100,640,2,100000.0
4167,2100,621,2,35000.0
4168,2101,1360,1,135000.0
4169,2102,1430,2,65000.0
4170,2103,615,2,125000.0
4171,2103,1014,2,95000.0
4172,2104,32,3,30000.0
4173,2105,837,1,95000.0
4174,2106,934,3,110000.0
4175,2106,1454,2,85000.0
4176,2106,1152,1,145000.0
4177,2107,1083,1,105000.0
4178,2107,165,3,130000.0
4179,2108,1307,1,110000.0
4180,2108,1417,2,135000.0
4181,2108,1179,2,80000.0
4182,2109,687,3,40000.0
4183,2109,1014,3,95000.0
4184,2109,50,2,110000.0
4185,2110,264,1,110000.0
4186,2111,871,1,75000.0
4187,2112,516,2,45000.0
4188,2112,173,1,65000.0
4189,2113,1096,1,90000.0
4190,2113,33,2,65000.0
4191,2114,1340,3,65000.0
4192,2114,1486,2,50000.0
4193,2114,313,3,115000.0
4194,2115,836,2,65000.0
4195,2116,546,2,125000.0
4196,2116,356,3,55000.0
4197,2116,1349,1,140000.0
4198,2117,332,2,150000.0
4199,2118,461,1,150000.0
4200,2119,534,2,90000.0
4201,2120,609,2,70000.0
4202,2120,517,2,100000.0
4203,2121,251,2,140000.0
4204,2121,12,2,35000.0
4205,2122,1202,1,150000.0
4206,2123,207,1,125000.0
4207,2124,205,2,115000.0
4208,2124,1285,1,100000.0
4209,2125,1392,3,130000.0
4210,2126,483,3,125000.0
4211,2126,374,1,140000.0
4212,2127,1017,1,105000.0
4213,2128,555,2,110000.0
4214,2128,210,1,95000.0
4215,2129,551,3,80000.0
4216,2129,1261,3,80000.0
4217,2129,1323,1,120000.0
4218,2130,794,1,150000.0
4219,2130,505,3,140000.0
4220,2130,878,1,55000.0
4221,2131,1110,1,80000.0
4222,2131,1323,3,120000.0
4223,2132,186,3,80000.0
4224,2133,1125,2,125000.0
4225,2133,1293,3,110000.0
4226,2134,766,3,100000.0
4227,2135,500,2,150000.0
4228,2135,941,3,115000.0
4229,2135,591,3,60000.0
4230,2136,85,2,105000.0
4231,2137,1287,1,40000.0
4232,2138,494,3,55000.0
4233,2138,260,3,50000.0
4234,2138,20,3,70000.0
4235,2139,1212,1,110000.0
4236,2139,914,2,65000.0
4237,2139,577,3,50000.0
4238,2140,1158,3,30000.0
4239,2140,1173,3,100000.0
4240,2140,244,2,150000.0
4241,2141,313,1,115000.0
4242,2142,911,2,130000.0
4243,2143,328,3,75000.0
4244,2143,60,1,90000.0
4245,2144,556,1,70000.0
4246,2145,349,3,135000.0
4247,2145,1023,1,125000.0
4248,2146,1402,1,65000.0
4249,2146,1449,1,30000.0
4250,2147,359,3,125000.0
4251,2148,1282,2,40000.0
4252,2148,1140,3,30000.0
4253,2149,978,1,110000.0
4254,2149,1100,1,125000.0
4255,2150,1259,1,115000.0
4256,2150,629,2,150000.0
4257,2150,352,3,145000.0
4258,2151,589,2,70000.0
4259,2151,1144,3,80000.0
4260,2152,153,3,40000.0
4261,2153,898,1,55000.0
4262,2154,1253,1,50000.0
4263,2154,84,1,30000.0
4264,2155,1127,1,30000.0
4265,2155,1291,1,60000.0
4266,2155,1350,1,130000.0
4267,2156,624,3,150000.0
4268,2156,1276,3,130000.0
4269,2157,1190,3,40000.0
4270,2157,297,2,75000.0
4271,2157,1393,2,75000.0
4272,2158,418,2,90000.0
4273,2158,288,1,70000.0
4274,2158,8,2,65000.0
4275,2159,509,3,110000.0
4276,2159,589,2,70000.0
4277,2159,788,3,70000.0
4278,2160,1361,3,120000.0
4279,2160,629,3,150000.0
4280,2161,1464,1,90000.0
4281,2161,57,1,50000.0
4282,2161,931,2,120000.0
4283,2162,455,3,65000.0
4284,2163,695,3,80000.0
4285,2163,954,2,35000.0
4286,2163,1325,2,115000.0
4287,2164,29,2,95000.0
4288,2164,558,1,40000.0
4289,2165,757,1,140000.0
4290,2165,160,3,105000.0
4291,2165,1430,3,65000.0
4292,2166,1170,2,65000.0
4293,2166,742,2,95000.0
4294,2167,1057,2,80000.0
4295,2167,400,1,140000.0
4296,2168,1453,3,50000.0
4297,2169,1085,1,150000.0
4298,2170,1491,2,65000.0
4299,2170,44,1,125000.0
4300,2170,1282,3,40000.0
4301,2171,583,3,55000.0
4302,2172,977,1,50000.0
4303,2172,692,1,135000.0
4304,2173,555,2,110000.0
4305,2173,210,3,95000.0
4306,2173,484,1,100000.0
4307,2174,557,1,55000.0
4308,2174,929,1,80000.0
4309,2175,1484,2,150000.0
4310,2175,499,2,40000.0
4311,2175,1389,2,150000.0
4312,2176,1142,1,50000.0
4313,2177,887,1,75000.0
4314,2177,436,2,60000.0
4315,2178,1003,3,135000.0
4316,2178,755,3,55000.0
4317,2178,31,2,110000.0
4318,2179,203,3,115000.0
4319,2179,362,3,60000.0
4320,2180,1382,1,85000.0
4321,2180,306,1,85000.0
4322,2180,114,3,100000.0
4323,2181,37,1,145000.0
4324,2181,1030,2,115000.0
4325,2182,358,1,120000.0
4326,2183,1194,3,125000.0
4327,2183,391,3,100000.0
4328,2183,667,2,75000.0
4329,2184,891,3,55000.0
4330,2185,1421,1,85000.0
4331,2185,1291,3,60000.0
4332,2186,450,1,70000.0
4333,2187,311,2,55000.0
4334,2187,471,3,100000.0
4335,2188,615,2,125000.0
4336,2188,1014,3,95000.0
4337,2189,1489,3,110000.0
4338,2189,1495,2,95000.0
4339,2190,795,3,90000.0
4340,2190,29,2,95000.0
4341,2191,359,3,125000.0
4342,2192,796,2,50000.0
4343,2192,1258,1,90000.0
4344,2192,1045,3,150000.0
4345,2193,1408,2,45000.0
4346,2194,992,2,90000.0
4347,2195,187,1,75000.0
4348,2195,1360,3,135000.0
4349,2195,1139,2,150000.0
4350,2196,51,1,105000.0
4351,2196,685,2,50000.0
4352,2197,396,1,30000.0
4353,2197,364,2,65000.0
4354,2197,156,3,120000.0
4355,2198,531,2,65000.0
4356,2199,618,3,55000.0
4357,2199,1085,2,150000.0
4358,2199,707,1,120000.0
4359,2200,1492,1,150000.0
4360,2200,554,3,45000.0
4361,2200,989,1,150000.0
4362,2201,1487,1,150000.0
4363,2202,495,2,70000.0
4364,2203,649,1,75000.0
4365,2203,1142,3,50000.0
4366,2203,1330,1,115000.0
4367,2204,1361,2,120000.0
4368,2204,1259,2,115000.0
4369,2205,850,2,95000.0
4370,2206,305,1,140000.0
4371,2206,746,1,50000.0
4372,2207,319,3,85000.0
4373,2208,1141,3,65000.0
4374,2208,1304,1,50000.0
4375,2208,169,1,35000.0
4376,2209,1002,3,45000.0
4377,2209,984,2,125000.0
4378,2210,23,2,130000.0
4379,2210,873,2,85000.0
4380,2210,1134,3,35000.0
4381,2211,1187,2,65000.0
4382,2211,1329,2,65000.0
4383,2211,561,3,85000.0
4384,2212,1449,3,30000.0
4385,2212,1189,1,150000.0
4386,2212,1376,1,125000.0
4387,2213,1193,3,90000.0
4388,2213,199,2,140000.0
4389,2213,1381,1,130000.0
4390,2214,1242,2,145000.0
4391,2215,1130,2,35000.0
4392,2215,672,3,110000.0
4393,2215,1145,3,125000.0
4394,2216,581,2,60000.0
4395,2216,1170,1,65000.0
4396,2216,1265,3,30000.0
4397,2217,954,1,35000.0
4398,2218,408,2,145000.0
4399,2218,1026,1,125000.0
4400,2218,1310,3,125000.0
4401,2219,68,2,140000.0
4402,2220,367,2,110000.0
4403,2220,481,2,140000.0
4404,2220,1378,3,85000.0
4405,2221,838,2,100000.0
4406,2221,424,3,140000.0
4407,2222,1124,2,140000.0
4408,2223,741,2,150000.0
4409,2224,433,3,120000.0
4410,2224,378,1,100000.0
4411,2225,125,3,105000.0
4412,2225,881,3,120000.0
4413,2225,180,2,90000.0
4414,2226,162,1,150000.0
4415,2226,766,2,100000.0
4416,2226,1046,2,90000.0
4417,2227,924,1,150000.0
4418,2228,647,1,35000.0
4419,2228,99,2,85000.0
4420,2229,802,1,120000.0
4421,2229,1122,3,125000.0
4422,2229,219,3,100000.0
4423,2230,688,3,50000.0
4424,2231,878,3,55000.0
4425,2231,794,2,150000.0
4426,2231,673,2,80000.0
4427,2232,108,2,70000.0
4428,2233,1056,1,105000.0
4429,2233,264,3,110000.0
4430,2234,1499,2,35000.0
4431,2234,476,1,85000.0
4432,2235,182,2,90000.0
4433,2236,1159,1,85000.0
4434,2236,893,1,115000.0
4435,2236,461,2,150000.0
4436,2237,152,1,95000.0
4437,2237,783,3,95000.0
4438,2238,538,1,75000.0
4439,2238,932,1,105000.0
4440,2239,137,3,120000.0
4441,2240,16,3,130000.0
4442,2240,921,3,45000.0
4443,2241,490,2,30000.0
4444,2242,1261,3,80000.0
4445,2242,230,2,90000.0
4446,2243,139,1,35000.0
4447,2243,1250,1,140000.0
4448,2243,352,1,145000.0
4449,2244,1173,2,100000.0
4450,2245,295,1,80000.0
4451,2246,779,1,150000.0
4452,2246,432,3,125000.0
4453,2247,1424,1,95000.0
4454,2248,330,1,100000.0
4455,2248,1006,3,90000.0
4456,2248,1324,1,110000.0
4457,2249,695,1,80000.0
4458,2249,986,2,110000.0
4459,2249,954,1,35000.0
4460,2250,489,2,70000.0
4461,2250,776,1,50000.0
4462,2250,950,2,80000.0
4463,2251,1033,1,75000.0
4464,2252,1390,3,95000.0
4465,2253,25,3,70000.0
4466,2253,286,3,145000.0
4467,2254,994,2,75000.0
4468,2254,179,2,60000.0
4469,2255,151,3,30000.0
4470,2256,773,2,145000.0
4471,2257,347,1,80000.0
4472,2258,1203,1,40000.0
4473,2258,440,3,35000.0
4474,2259,533,2,45000.0
4475,2259,105,2,150000.0
4476,2259,625,2,115000.0
4477,2260,526,3,75000.0
4478,2260,1296,3,145000.0
4479,2261,1074,2,110000.0
4480,2261,1410,2,145000.0
4481,2261,468,2,45000.0
4482,2262,214,3,135000.0
4483,2263,236,2,90000.0
4484,2263,225,1,30000.0
4485,2263,477,3,115000.0
4486,2264,1351,3,40000.0
4487,2265,1204,1,95000.0
4488,2265,1409,2,105000.0
4489,2266,904,3,30000.0
4490,2266,264,2,110000.0
4491,2266,948,3,140000.0
4492,2267,831,1,40000.0
4493,2268,219,1,100000.0
4494,2269,1014,1,95000.0
4495,2270,614,3,45000.0
4496,2271,1272,3,50000.0
4497,2271,765,3,150000.0
4498,2271,704,1,75000.0
4499,2272,914,1,65000.0
4500,2273,68,1,140000.0
4501,2273,148,2,50000.0
4502,2274,753,3,140000.0
4503,2274,902,3,150000.0
4504,2275,466,2,60000.0
4505,2275,943,3,135000.0
4506,2276,278,2,80000.0
4507,2276,715,3,55000.0
4508,2277,1057,2,80000.0
4509,2277,393,2,50000.0
4510,2278,914,2,65000.0
4511,2278,577,3,50000.0
4512,2279,544,1,105000.0
4513,2279,1458,1,75000.0
4514,2279,13,2,105000.0
4515,2280,953,1,90000.0
4516,2280,669,3,75000.0
4517,2281,248,1,30000.0
4518,2281,459,1,70000.0
4519,2281,806,1,30000.0
4520,2282,797,2,40000.0
4521,2282,261,2,120000.0
4522,2283,1312,1,120000.0
4523,2283,496,1,130000.0
4524,2283,977,1,50000.0
4525,2284,962,2,140000.0
4526,2284,420,1,100000.0
4527,2284,107,1,120000.0
4528,2285,380,3,45000.0
4529,2285,1054,2,135000.0
4530,2286,1065,2,80000.0
4531,2286,258,2,75000.0
4532,2287,471,1,100000.0
4533,2287,421,3,95000.0
4534,2287,1396,2,120000.0
4535,2288,744,1,65000.0
4536,2288,1474,3,105000.0
4537,2288,907,1,30000.0
4538,2289,973,3,30000.0
4539,2290,1307,3,110000.0
4540,2290,39,2,80000.0
4541,2291,1454,1,85000.0
4542,2292,57,1,50000.0
4543,2292,242,1,45000.0
4544,2293,117,2,110000.0
4545,2293,1165,1,35000.0
4546,2293,717,3,60000.0
4547,2294,1014,3,95000.0
4548,2295,1281,3,90000.0
4549,2295,1123,2,70000.0
4550,2296,366,2,115000.0
4551,2296,973,3,30000.0
4552,2297,162,3,150000.0
4553,2297,146,1,140000.0
4554,2297,766,2,100000.0
4555,2298,912,3,75000.0
4556,2299,135,2,90000.0
4557,2299,950,2,80000.0
4558,2299,85,3,105000.0
4559,2300,1092,2,55000.0
4560,2300,1317,3,135000.0
4561,2300,923,1,150000.0
4562,2301,564,1,35000.0
4563,2302,203,3,115000.0
4564,2302,247,2,70000.0
4565,2302,861,3,80000.0
4566,2303,23,1,130000.0
4567,2303,1322,2,125000.0
4568,2303,559,1,70000.0
4569,2304,1330,3,115000.0
4570,2305,203,1,115000.0
4571,2306,726,1,90000.0
4572,2307,648,2,30000.0
4573,2307,679,1,55000.0
4574,2307,1146,2,35000.0
4575,2308,230,3,90000.0
4576,2308,126,2,55000.0
4577,2308,1261,1,80000.0
4578,2309,636,2,75000.0
4579,2310,1363,2,70000.0
4580,2311,1428,2,75000.0
4581,2311,765,2,150000.0
4582,2311,1272,1,50000.0
4583,2312,1218,2,40000.0
4584,2312,1369,1,50000.0
4585,2313,1198,2,45000.0
4586,2314,356,2,55000.0
4587,2314,93,1,85000.0
4588,2314,1399,2,140000.0
4589,2315,448,3,80000.0
4590,2315,1007,2,30000.0
4591,2316,265,2,105000.0
4592,2316,650,3,105000.0
4593,2317,527,2,40000.0
4594,2317,714,2,70000.0
4595,2317,1122,1,125000.0
4596,2318,534,2,90000.0
4597,2318,217,2,90000.0
4598,2318,24,3,130000.0
4599,2319,102,2,60000.0
4600,2320,701,1,110000.0
4601,2321,1200,1,70000.0
4602,2321,1333,3,105000.0
4603,2321,722,1,125000.0
4604,2322,933,3,60000.0
4605,2323,928,3,130000.0
4606,2323,1445,3,45000.0
4607,2323,912,2,75000.0
4608,2324,571,1,150000.0
4609,2324,1034,3,35000.0
4610,2325,1142,1,50000.0
4611,2326,929,2,80000.0
4612,2327,1014,1,95000.0
4613,2327,50,1,110000.0
4614,2328,720,3,105000.0
4615,2329,484,1,100000.0
4616,2330,1416,3,140000.0
4617,2331,362,3,60000.0
4618,2332,379,3,75000.0
4619,2333,462,2,150000.0
4620,2333,815,2,125000.0
4621,2333,647,2,35000.0
4622,2334,1056,1,105000.0
4623,2335,1374,1,140000.0
4624,2335,1378,1,85000.0
4625,2335,1058,2,60000.0
4626,2336,1432,3,45000.0
4627,2336,233,1,40000.0
4628,2337,39,3,80000.0
4629,2337,405,1,115000.0
4630,2338,862,3,65000.0
4631,2338,434,1,150000.0
4632,2338,83,2,120000.0
4633,2339,950,3,80000.0
4634,2340,1175,2,90000.0
4635,2341,626,3,70000.0
4636,2341,1249,2,50000.0
4637,2342,1397,1,50000.0
4638,2342,994,1,75000.0
4639,2342,1386,3,40000.0
4640,2343,537,3,75000.0
4641,2343,390,1,85000.0
4642,2344,995,2,45000.0
4643,2344,1498,3,145000.0
4644,2345,611,2,130000.0
4645,2345,700,2,100000.0
4646,2345,259,2,80000.0
4647,2346,1081,3,50000.0
4648,2346,492,1,80000.0
4649,2347,1392,2,130000.0
4650,2347,1469,1,100000.0
4651,2347,1076,1,105000.0
4652,2348,306,2,85000.0
4653,2349,709,1,30000.0
4654,2350,1101,2,55000.0
4655,2351,989,3,150000.0
4656,2351,1191,1,120000.0
4657,2352,510,1,35000.0
4658,2352,1,2,30000.0
4659,2353,1395,2,145000.0
4660,2354,968,2,90000.0
4661,2355,1138,3,110000.0
4662,2355,1218,2,40000.0
4663,2355,1385,3,55000.0
4664,2356,1083,2,105000.0
4665,2357,966,3,125000.0
4666,2358,1378,1,85000.0
4667,2358,1374,3,140000.0
4668,2359,708,3,30000.0
4669,2359,1148,3,140000.0
4670,2359,241,3,150000.0
4671,2360,809,3,100000.0
4672,2360,864,3,125000.0
4673,2361,701,1,110000.0
4674,2361,78,1,140000.0
4675,2362,454,3,140000.0
4676,2362,1006,2,90000.0
4677,2363,1337,1,135000.0
4678,2363,874,2,80000.0
4679,2364,912,1,75000.0
4680,2364,1255,2,50000.0
4681,2365,395,1,120000.0
4682,2365,836,1,65000.0
4683,2365,1359,1,30000.0
4684,2366,499,3,40000.0
4685,2366,1379,3,120000.0
4686,2366,1484,1,150000.0
4687,2367,1101,1,55000.0
4688,2368,814,3,70000.0
4689,2368,21,2,105000.0
4690,2368,865,3,135000.0
4691,2369,956,3,105000.0
4692,2369,693,2,140000.0
4693,2370,498,1,45000.0
4694,2371,245,2,50000.0
4695,2372,1468,2,105000.0
4696,2373,116,2,125000.0
4697,2374,1391,1,125000.0
4698,2374,283,2,125000.0
4699,2375,1024,2,45000.0
4700,2375,297,3,75000.0
4701,2376,1034,1,35000.0
4702,2376,571,2,150000.0
4703,2376,1167,1,60000.0
4704,2377,1422,1,85000.0
4705,2377,1209,2,35000.0
4706,2377,1102,1,40000.0
4707,2378,128,1,70000.0
4708,2378,69,1,105000.0
4709,2378,491,2,35000.0
4710,2379,1351,2,40000.0
4711,2379,910,2,75000.0
4712,2379,1074,3,110000.0
4713,2380,1113,2,70000.0
4714,2381,662,1,130000.0
4715,2381,1065,3,80000.0
4716,2382,216,1,70000.0
4717,2383,691,3,100000.0
4718,2383,1493,3,100000.0
4719,2383,473,2,60000.0
4720,2384,1469,1,100000.0
4721,2384,204,3,100000.0
4722,2385,470,2,115000.0
4723,2385,923,2,150000.0
4724,2386,894,2,100000.0
4725,2386,1302,2,150000.0
4726,2387,1032,3,60000.0
4727,2387,947,1,105000.0
4728,2388,226,1,75000.0
4729,2388,1273,2,95000.0
4730,2388,218,2,80000.0
4731,2389,79,3,65000.0
4732,2389,751,2,135000.0
4733,2389,845,1,55000.0
4734,2390,824,3,70000.0
4735,2391,515,1,95000.0
4736,2391,237,1,125000.0
4737,2392,1319,2,105000.0
4738,2393,1217,3,85000.0
4739,2393,62,2,125000.0
4740,2394,478,2,30000.0
4741,2394,96,2,105000.0
4742,2394,707,1,120000.0
4743,2395,616,3,140000.0
4744,2396,1458,2,75000.0
4745,2396,149,3,105000.0
4746,2397,987,2,75000.0
4747,2397,758,3,110000.0
4748,2398,674,1,50000.0
4749,2398,890,2,130000.0
4750,2398,230,3,90000.0
4751,2399,1149,3,30000.0
4752,2399,654,2,75000.0
4753,2399,435,3,90000.0
4754,2400,687,1,40000.0
4755,2400,1014,1,95000.0
4756,2400,615,1,125000.0
4757,2401,1171,3,115000.0
4758,2401,160,1,105000.0
4759,2401,1155,3,35000.0
4760,2402,414,3,35000.0
4761,2402,1012,3,45000.0
4762,2402,1095,3,130000.0
4763,2403,630,3,95000.0
4764,2404,1111,3,145000.0
4765,2404,688,2,50000.0
4766,2404,1488,2,95000.0
4767,2405,786,2,65000.0
4768,2405,639,3,30000.0
4769,2405,998,1,35000.0
4770,2406,740,2,135000.0
4771,2407,918,3,100000.0
4772,2408,497,1,115000.0
4773,2408,619,1,145000.0
4774,2408,867,3,60000.0
4775,2409,1137,1,75000.0
4776,2409,885,3,55000.0
4777,2409,921,3,45000.0
4778,2410,525,2,105000.0
4779,2410,1043,2,75000.0
4780,2410,1230,1,85000.0
4781,2411,393,2,50000.0
4782,2411,400,3,140000.0
4783,2411,812,2,85000.0
4784,2412,672,1,110000.0
4785,2412,1130,1,35000.0
4786,2413,62,3,125000.0
4787,2413,1217,2,85000.0
4788,2414,273,2,65000.0
4789,2415,796,3,50000.0
4790,2416,1097,1,105000.0
4791,2417,210,1,95000.0
4792,2417,555,2,110000.0
4793,2417,484,1,100000.0
4794,2418,529,1,125000.0
4795,2418,577,3,50000.0
4796,2418,1447,3,110000.0
4797,2419,825,2,40000.0
4798,2419,1042,2,125000.0
4799,2419,179,3,60000.0
4800,2420,1380,2,30000.0
4801,2420,620,2,105000.0
4802,2421,865,3,135000.0
4803,2422,210,2,95000.0
4804,2422,555,2,110000.0
4805,2422,484,2,100000.0
4806,2423,1439,3,55000.0
4807,2423,593,3,85000.0
4808,2423,1079,3,65000.0
4809,2424,1238,1,30000.0
4810,2424,834,2,70000.0
4811,2424,1468,1,105000.0
4812,2425,1189,1,150000.0
4813,2426,1500,1,70000.0
4814,2427,86,2,105000.0
4815,2427,590,1,130000.0
4816,2428,739,2,35000.0
4817,2428,1062,1,145000.0
4818,2429,1215,1,135000.0
4819,2429,943,3,135000.0
4820,2429,271,3,100000.0
4821,2430,11,2,110000.0
4822,2430,375,1,85000.0
4823,2431,307,2,35000.0
4824,2432,760,2,55000.0
4825,2432,933,1,60000.0
4826,2433,1036,3,70000.0
4827,2433,654,3,75000.0
4828,2434,1176,2,60000.0
4829,2434,999,2,60000.0
4830,2435,617,1,30000.0
4831,2436,135,1,90000.0
4832,2436,85,1,105000.0
4833,2437,1017,2,105000.0
4834,2437,915,1,40000.0
4835,2438,594,1,145000.0
4836,2439,1415,3,70000.0
4837,2439,1419,1,125000.0
4838,2439,882,3,55000.0
4839,2440,68,2,140000.0
4840,2440,148,2,50000.0
4841,2441,578,1,55000.0
4842,2441,1069,2,150000.0
4843,2441,1314,2,40000.0
4844,2442,88,2,105000.0
4845,2443,1417,3,135000.0
4846,2444,187,2,75000.0
4847,2444,302,3,135000.0
4848,2444,1139,2,150000.0
4849,2445,283,3,125000.0
4850,2445,1391,2,125000.0
4851,2446,448,2,80000.0
4852,2447,861,1,80000.0
4853,2447,752,1,80000.0
4854,2448,305,1,140000.0
4855,2448,1312,2,120000.0
4856,2448,692,1,135000.0
4857,2449,516,3,45000.0
4858,2450,374,3,140000.0
4859,2450,183,1,150000.0
4860,2450,351,2,45000.0
4861,2451,1385,2,55000.0
4862,2451,1218,1,40000.0
4863,2452,57,2,50000.0
4864,2452,869,1,115000.0
4865,2453,1050,3,115000.0
4866,2454,1380,1,30000.0
4867,2454,342,2,115000.0
4868,2454,620,2,105000.0
4869,2455,1210,3,100000.0
4870,2455,549,1,150000.0
4871,2456,205,1,115000.0
4872,2456,592,1,125000.0
4873,2456,1347,2,135000.0
4874,2457,504,3,70000.0
4875,2457,1376,1,125000.0
4876,2458,1149,1,30000.0
4877,2458,654,2,75000.0
4878,2458,1036,3,70000.0
4879,2459,583,2,55000.0
4880,2460,1481,3,35000.0
4881,2460,338,2,80000.0
4882,2461,991,1,55000.0
4883,2461,485,2,150000.0
4884,2461,98,2,140000.0
4885,2462,885,1,55000.0
4886,2463,1297,1,140000.0
4887,2464,1346,3,55000.0
4888,2464,962,2,140000.0
4889,2464,107,3,120000.0
4890,2465,1292,1,30000.0
4891,2465,669,2,75000.0
4892,2465,702,1,90000.0
4893,2466,520,2,55000.0
4894,2466,1327,2,135000.0
4895,2467,1149,1,30000.0
4896,2468,387,1,55000.0
4897,2468,1315,2,55000.0
4898,2469,231,3,90000.0
4899,2469,1403,3,85000.0
4900,2469,1084,2,95000.0
4901,2470,917,3,135000.0
4902,2470,540,1,60000.0
4903,2470,1336,3,35000.0
4904,2471,1109,2,30000.0
4905,2471,4,1,75000.0
4906,2471,371,3,75000.0
4907,2472,1012,3,45000.0
4908,2472,892,3,55000.0
4909,2473,1425,3,100000.0
4910,2474,1143,1,60000.0
4911,2475,665,1,120000.0
4912,2475,151,2,30000.0
4913,2475,1242,2,145000.0
4914,2476,1328,1,55000.0
4915,2477,566,1,150000.0
4916,2478,1079,2,65000.0
4917,2479,235,2,80000.0
4918,2480,894,2,100000.0
4919,2480,488,2,70000.0
4920,2480,272,3,125000.0
4921,2481,1314,1,40000.0
4922,2481,965,2,150000.0
4923,2481,1069,2,150000.0
4924,2482,1413,2,115000.0
4925,2483,907,1,30000.0
4926,2483,463,3,30000.0
4927,2483,916,1,85000.0
4928,2484,397,3,90000.0
4929,2484,244,1,150000.0
4930,2484,1173,1,100000.0
4931,2485,537,2,75000.0
4932,2485,390,3,85000.0
4933,2485,800,1,135000.0
4934,2486,102,2,60000.0
4935,2486,927,2,95000.0
4936,2487,1036,1,70000.0
4937,2488,901,3,35000.0
4938,2488,1389,1,150000.0
4939,2489,417,3,55000.0
4940,2490,721,2,110000.0
4941,2491,603,1,120000.0
4942,2491,300,2,90000.0
4943,2492,516,2,45000.0
4944,2492,988,1,95000.0
4945,2492,584,1,70000.0
4946,2493,1129,3,40000.0
4947,2494,321,2,95000.0
4948,2494,593,2,85000.0
4949,2494,1439,1,55000.0
4950,2495,51,1,105000.0
4951,2496,1061,3,85000.0
4952,2496,1192,2,95000.0
4953,2497,1119,1,30000.0
4954,2497,564,3,35000.0
4955,2498,1012,2,45000.0
4956,2499,1302,1,150000.0
4957,2499,894,3,100000.0
4958,2499,709,3,30000.0
4959,2500,312,2,135000.0
4960,2501,348,1,60000.0
4961,2501,453,3,30000.0
4962,2502,281,2,85000.0
4963,2502,1051,2,145000.0
4964,2503,311,2,55000.0
4965,2503,471,2,100000.0
4966,2503,974,2,95000.0
4967,2504,553,2,80000.0
4968,2504,329,2,60000.0
4969,2505,707,3,120000.0
4970,2505,452,1,65000.0
4971,2506,1226,2,40000.0
4972,2507,39,2,80000.0
4973,2507,1307,2,110000.0
4974,2508,776,3,50000.0
4975,2508,135,3,90000.0
4976,2508,489,1,70000.0
4977,2509,810,2,85000.0
4978,2509,903,2,45000.0
4979,2509,61,1,85000.0
4980,2510,141,1,90000.0
4981,2511,402,2,85000.0
4982,2511,118,3,105000.0
4983,2511,408,1,145000.0
4984,2512,1308,1,45000.0
4985,2513,1445,1,45000.0
4986,2513,1255,3,50000.0
4987,2513,912,3,75000.0
4988,2514,1134,3,35000.0
4989,2515,1095,1,130000.0
4990,2515,7,1,40000.0
4991,2516,869,2,115000.0
4992,2516,573,2,110000.0
4993,2516,860,2,100000.0
4994,2517,895,3,45000.0
4995,2517,1288,1,105000.0
4996,2517,200,1,35000.0
4997,2518,244,1,150000.0
4998,2519,1051,1,145000.0
4999,2520,744,2,65000.0
5000,2521,1258,2,90000.0
5001,2522,372,2,75000.0
5002,2522,634,1,55000.0
5003,2522,388,3,45000.0
5004,2523,849,1,115000.0
5005,2523,1234,3,60000.0
5006,2524,927,2,95000.0
5007,2525,1469,1,100000.0
5008,2525,1076,3,105000.0
5009,2525,204,2,100000.0
5010,2526,1424,1,95000.0
5011,2526,444,2,45000.0
5012,2526,833,1,70000.0
5013,2527,224,1,95000.0
5014,2528,412,1,35000.0
5015,2528,872,2,50000.0
5016,2528,567,3,145000.0
5017,2529,47,1,35000.0
5018,2529,1113,3,70000.0
5019,2530,856,3,120000.0
5020,2531,870,3,90000.0
5021,2532,900,1,55000.0
5022,2533,949,2,115000.0
5023,2534,14,3,100000.0
5024,2534,676,2,30000.0
5025,2535,212,1,130000.0
5026,2536,829,2,150000.0
5027,2536,1198,2,45000.0
5028,2536,1437,1,75000.0
5029,2537,687,3,40000.0
5030,2537,677,3,150000.0
5031,2537,615,2,125000.0
5032,2538,861,2,80000.0
5033,2538,752,1,80000.0
5034,2538,362,2,60000.0
5035,2539,979,2,70000.0
5036,2539,411,1,145000.0
5037,2540,326,3,80000.0
5038,2540,1380,2,30000.0
5039,2540,342,1,115000.0
5040,2541,822,1,140000.0
5041,2541,477,2,115000.0
5042,2541,144,3,105000.0
5043,2542,1235,3,80000.0
5044,2542,858,2,95000.0
5045,2542,971,3,95000.0
5046,2543,1333,2,105000.0
5047,2544,1046,2,90000.0
5048,2544,162,2,150000.0
5049,2544,643,3,30000.0
5050,2545,610,3,65000.0
5051,2545,1220,2,90000.0
5052,2545,1316,1,90000.0
5053,2546,1201,2,85000.0
5054,2546,426,3,140000.0
5055,2547,1220,1,90000.0
5056,2548,128,3,70000.0
5057,2548,1247,1,80000.0
5058,2548,777,1,60000.0
5059,2549,337,1,110000.0
5060,2550,133,1,40000.0
5061,2550,1341,2,120000.0
5062,2551,16,3,130000.0
5063,2551,885,1,55000.0
5064,2552,768,3,50000.0
5065,2553,1120,3,30000.0
5066,2554,879,3,65000.0
5067,2554,57,3,50000.0
5068,2554,869,2,115000.0
5069,2555,1118,1,120000.0
5070,2555,935,1,35000.0
5071,2556,62,2,125000.0
5072,2557,249,2,50000.0
5073,2557,649,2,75000.0
5074,2557,363,2,70000.0
5075,2558,200,1,35000.0
5076,2558,1288,1,105000.0
5077,2558,612,1,120000.0
5078,2559,990,3,80000.0
5079,2559,1387,2,75000.0
5080,2560,295,2,80000.0
5081,2561,163,3,70000.0
5082,2561,1466,3,135000.0
5083,2561,1232,3,60000.0
5084,2562,1116,2,70000.0
5085,2562,850,1,95000.0
5086,2563,682,1,30000.0
5087,2564,969,1,140000.0
5088,2565,895,3,45000.0
5089,2565,528,3,40000.0
5090,2566,299,3,115000.0
5091,2567,1137,2,75000.0
5092,2567,885,3,55000.0
5093,2567,16,1,130000.0
5094,2568,605,1,150000.0
5095,2569,57,1,50000.0
5096,2570,1017,1,105000.0
5097,2570,12,1,35000.0
5098,2571,602,1,115000.0
5099,2572,811,1,90000.0
5100,2572,797,1,40000.0
5101,2572,80,2,145000.0
5102,2573,953,2,90000.0
5103,2574,768,1,50000.0
5104,2574,657,1,125000.0
5105,2575,713,1,80000.0
5106,2576,837,3,95000.0
5107,2577,1461,2,135000.0
5108,2577,523,2,135000.0
5109,2577,661,3,125000.0
5110,2578,629,2,150000.0
5111,2579,1368,1,105000.0
5112,2580,1046,3,90000.0
5113,2581,842,1,145000.0
5114,2581,196,1,135000.0
5115,2582,833,2,70000.0
5116,2582,269,1,85000.0
5117,2583,783,2,95000.0
5118,2583,1234,1,60000.0
5119,2583,1457,2,125000.0
5120,2584,921,2,45000.0
5121,2584,1137,3,75000.0
5122,2584,885,3,55000.0
5123,2585,47,2,35000.0
5124,2585,59,3,150000.0
5125,2586,1453,1,50000.0
5126,2587,888,3,55000.0
5127,2587,145,1,115000.0
5128,2587,832,3,90000.0
5129,2588,282,1,40000.0
5130,2589,1425,1,100000.0
5131,2589,911,3,130000.0
5132,2589,566,3,150000.0
5133,2590,490,3,30000.0
5134,2590,541,2,115000.0
5135,2590,1487,1,150000.0
5136,2591,1032,2,60000.0
5137,2591,111,1,75000.0
5138,2592,1300,1,90000.0
5139,2593,465,2,65000.0
5140,2593,718,1,55000.0
5141,2594,1252,2,115000.0
5142,2594,465,1,65000.0
5143,2595,335,3,45000.0
5144,2596,578,3,55000.0
5145,2596,1314,3,40000.0
5146,2597,1216,2,85000.0
5147,2598,871,3,75000.0
5148,2599,246,1,105000.0
5149,2600,879,2,65000.0
5150,2600,573,2,110000.0
5151,2600,242,1,45000.0
5152,2601,1165,3,35000.0
5153,2601,607,3,145000.0
5154,2601,117,1,110000.0
5155,2602,494,1,55000.0
5156,2602,574,2,90000.0
5157,2602,8,3,65000.0
5158,2603,1277,3,120000.0
5159,2603,1138,1,110000.0
5160,2604,1293,2,110000.0
5161,2604,1494,3,30000.0
5162,2605,698,3,115000.0
5163,2605,1120,3,30000.0
5164,2606,1144,1,80000.0
5165,2606,509,2,110000.0
5166,2606,788,3,70000.0
5167,2607,1337,2,135000.0
5168,2608,473,2,60000.0
5169,2608,1466,1,135000.0
5170,2608,1493,3,100000.0
5171,2609,1237,1,90000.0
5172,2609,1113,1,70000.0
5173,2609,850,1,95000.0
5174,2610,1458,1,75000.0
5175,2611,1258,3,90000.0
5176,2611,1073,1,35000.0
5177,2611,170,2,120000.0
5178,2612,539,3,90000.0
5179,2612,462,1,150000.0
5180,2613,79,2,65000.0
5181,2614,233,1,40000.0
5182,2614,130,2,100000.0
5183,2615,1020,3,130000.0
5184,2615,730,1,125000.0
5185,2616,663,2,50000.0
5186,2616,1278,2,115000.0
5187,2616,1311,2,115000.0
5188,2617,154,1,105000.0
5189,2617,1268,2,65000.0
5190,2618,1007,1,30000.0
5191,2618,448,1,80000.0
5192,2618,1143,2,60000.0
5193,2619,54,2,30000.0
5194,2619,784,1,75000.0
5195,2619,1362,2,35000.0
5196,2620,368,3,75000.0
5197,2620,516,2,45000.0
5198,2621,204,1,100000.0
5199,2621,1392,1,130000.0
5200,2622,1159,3,85000.0
5201,2623,1045,3,150000.0
5202,2623,337,2,110000.0
5203,2624,1469,3,100000.0
5204,2624,1392,3,130000.0
5205,2625,1483,1,30000.0
5206,2625,1311,1,115000.0
5207,2626,746,3,50000.0
5208,2627,315,1,60000.0
5209,2627,134,1,35000.0
5210,2628,539,1,90000.0
5211,2628,1500,3,70000.0
5212,2629,1022,1,40000.0
5213,2630,31,1,110000.0
5214,2631,1459,1,45000.0
5215,2631,554,1,45000.0
5216,2632,1340,1,65000.0
5217,2633,1468,2,105000.0
5218,2633,263,2,50000.0
5219,2633,1238,3,30000.0
5220,2634,449,3,30000.0
5221,2634,483,3,125000.0
5222,2635,615,3,125000.0
5223,2635,687,3,40000.0
5224,2635,50,1,110000.0
5225,2636,806,1,30000.0
5226,2637,562,1,55000.0
5227,2637,44,1,125000.0
5228,2638,166,1,90000.0
5229,2638,1408,1,45000.0
5230,2639,78,1,140000.0
5231,2639,327,1,40000.0
5232,2639,715,2,55000.0
5233,2640,829,1,150000.0
5234,2640,1437,3,75000.0
5235,2641,638,1,80000.0
5236,2641,622,2,65000.0
5237,2642,1204,2,95000.0
5238,2642,245,3,50000.0
5239,2643,522,3,60000.0
5240,2643,128,3,70000.0
5241,2643,1281,1,90000.0
5242,2644,928,3,130000.0
5243,2644,1357,2,95000.0
5244,2644,1445,2,45000.0
5245,2645,1134,1,35000.0
5246,2645,1299,1,130000.0
5247,2646,1236,3,150000.0
5248,2647,44,1,125000.0
5249,2648,579,3,125000.0
5250,2649,1323,3,120000.0
5251,2649,126,1,55000.0
5252,2650,956,3,105000.0
5253,2650,772,2,55000.0
5254,2651,838,3,100000.0
5255,2652,497,1,115000.0
5256,2652,930,2,40000.0
5257,2653,45,2,130000.0
5258,2653,1335,3,80000.0
5259,2653,1422,3,85000.0
5260,2654,1462,3,60000.0
5261,2655,1084,1,95000.0
5262,2656,1045,2,150000.0
5263,2656,1073,1,35000.0
5264,2657,1455,2,50000.0
5265,2657,967,1,35000.0
5266,2657,889,3,135000.0
5267,2658,805,2,80000.0
5268,2658,64,1,140000.0
5269,2659,284,3,65000.0
5270,2660,759,3,75000.0
5271,2660,951,3,85000.0
5272,2660,1211,2,45000.0
5273,2661,616,2,140000.0
5274,2661,336,2,110000.0
5275,2662,402,1,85000.0
5276,2662,118,1,105000.0
5277,2663,1042,3,125000.0
5278,2664,515,3,95000.0
5279,2664,237,3,125000.0
5280,2665,944,1,65000.0
5281,2665,341,2,35000.0
5282,2665,1175,3,90000.0
5283,2666,695,1,80000.0
5284,2666,925,1,105000.0
5285,2666,774,1,135000.0
5286,2667,747,3,90000.0
5287,2667,1487,2,150000.0
5288,2667,252,2,60000.0
5289,2668,1010,2,135000.0
5290,2668,1433,1,60000.0
5291,2669,370,1,145000.0
5292,2669,818,3,65000.0
5293,2670,604,3,65000.0
5294,2671,765,2,150000.0
5295,2672,1221,1,70000.0
5296,2673,94,2,75000.0
5297,2673,813,1,100000.0
5298,2673,712,1,55000.0
5299,2674,359,2,125000.0
5300,2675,1223,3,100000.0
5301,2675,182,2,90000.0
5302,2676,502,2,65000.0
5303,2676,1131,1,125000.0
5304,2677,1477,1,70000.0
5305,2677,1443,3,135000.0
5306,2678,439,1,70000.0
5307,2678,1401,3,75000.0
5308,2678,1335,3,80000.0
5309,2679,359,1,125000.0
5310,2680,135,1,90000.0
5311,2680,85,1,105000.0
5312,2681,122,1,90000.0
5313,2681,751,3,135000.0
5314,2681,1152,3,145000.0
5315,2682,34,1,60000.0
5316,2682,716,2,130000.0
5317,2682,763,1,90000.0
5318,2683,10,1,60000.0
5319,2683,1472,1,115000.0
5320,2683,380,3,45000.0
5321,2684,1459,1,45000.0
5322,2684,932,3,105000.0
5323,2685,66,3,80000.0
5324,2685,807,2,65000.0
5325,2686,319,1,85000.0
5326,2686,695,2,80000.0
5327,2687,637,1,80000.0
5328,2687,596,2,65000.0
5329,2688,922,1,65000.0
5330,2688,1476,1,55000.0
5331,2688,919,3,75000.0
5332,2689,985,2,105000.0
5333,2689,1370,3,40000.0
5334,2690,32,2,30000.0
5335,2690,219,3,100000.0
5336,2691,923,1,150000.0
5337,2691,470,3,115000.0
5338,2692,1137,1,75000.0
5339,2692,921,2,45000.0
5340,2692,885,1,55000.0
5341,2693,1198,3,45000.0
5342,2693,829,1,150000.0
5343,2693,1437,1,75000.0
5344,2694,1081,2,50000.0
5345,2694,1040,3,90000.0
5346,2695,1221,3,70000.0
5347,2695,401,2,105000.0
5348,2695,831,3,40000.0
5349,2696,470,2,115000.0
5350,2696,754,3,120000.0
5351,2697,105,1,150000.0
5352,2697,1234,3,60000.0
5353,2697,152,1,95000.0
5354,2698,997,2,40000.0
5355,2698,264,3,110000.0
5356,2699,1089,3,75000.0
5357,2700,1039,2,50000.0
5358,2701,1200,3,70000.0
5359,2701,722,1,125000.0
5360,2701,1333,3,105000.0
5361,2702,524,3,70000.0
5362,2702,581,1,60000.0
5363,2703,1130,1,35000.0
5364,2703,945,1,50000.0
5365,2703,202,2,60000.0
5366,2704,515,3,95000.0
5367,2705,878,3,55000.0
5368,2705,985,3,105000.0
5369,2706,953,1,90000.0
5370,2706,697,2,60000.0
5371,2707,812,3,85000.0
5372,2707,1057,1,80000.0
5373,2708,1446,1,105000.0
5374,2708,361,3,110000.0
5375,2708,1197,1,125000.0
5376,2709,140,2,115000.0
5377,2709,799,3,75000.0
5378,2710,733,1,130000.0
5379,2710,411,1,145000.0
5380,2710,781,2,60000.0
5381,2711,685,1,50000.0
5382,2711,964,3,45000.0
5383,2712,1332,1,40000.0
5384,2712,947,3,105000.0
5385,2712,835,3,130000.0
5386,2713,1398,2,30000.0
5387,2713,372,2,75000.0
5388,2714,818,1,65000.0
5389,2715,85,3,105000.0
5390,2715,489,2,70000.0
5391,2715,776,1,50000.0
5392,2716,353,3,140000.0
5393,2716,593,1,85000.0
5394,2717,68,3,140000.0
5395,2717,148,1,50000.0
5396,2718,745,1,85000.0
5397,2718,711,1,100000.0
5398,2718,670,3,85000.0
5399,2719,1086,2,35000.0
5400,2719,214,1,135000.0
5401,2720,897,2,80000.0
5402,2720,469,2,125000.0
5403,2721,611,3,130000.0
5404,2721,133,3,40000.0
5405,2721,700,2,100000.0
5406,2722,576,3,100000.0
5407,2722,1402,1,65000.0
5408,2723,890,3,130000.0
5409,2723,230,1,90000.0
5410,2723,674,2,50000.0
5411,2724,1299,1,130000.0
5412,2724,873,2,85000.0
5413,2724,1134,1,35000.0
5414,2725,1408,2,45000.0
5415,2725,166,3,90000.0
5416,2726,649,1,75000.0
5417,2727,643,2,30000.0
5418,2727,162,2,150000.0
5419,2728,477,2,115000.0
5420,2729,1078,1,130000.0
5421,2729,67,2,145000.0
5422,2729,731,2,35000.0
5423,2730,399,2,95000.0
5424,2731,1172,1,80000.0
5425,2731,1276,2,130000.0
5426,2731,1402,3,65000.0
5427,2732,1386,2,40000.0
5428,2732,1042,3,125000.0
5429,2732,825,1,40000.0
5430,2733,828,2,120000.0
5431,2733,427,3,60000.0
5432,2734,60,2,90000.0
5433,2734,840,3,120000.0
5434,2735,745,1,85000.0
5435,2735,1485,1,60000.0
5436,2735,1253,2,50000.0
5437,2736,607,3,145000.0
5438,2737,1443,2,135000.0
5439,2737,1384,2,145000.0
5440,2737,1211,2,45000.0
5441,2738,371,1,75000.0
5442,2738,1109,2,30000.0
5443,2738,978,1,110000.0
5444,2739,1346,1,55000.0
5445,2739,420,1,100000.0
5446,2739,107,1,120000.0
5447,2740,12,3,35000.0
5448,2740,915,1,40000.0
5449,2741,831,3,40000.0
5450,2741,1221,3,70000.0
5451,2742,246,1,105000.0
5452,2742,1231,3,95000.0
5453,2743,679,2,55000.0
5454,2744,469,3,125000.0
5455,2745,185,2,140000.0
5456,2745,345,1,70000.0
5457,2745,428,2,40000.0
5458,2746,1098,3,55000.0
5459,2746,595,3,90000.0
5460,2746,1252,1,115000.0
5461,2747,606,2,40000.0
5462,2747,772,2,55000.0
5463,2747,956,2,105000.0
5464,2748,534,3,90000.0
5465,2748,217,3,90000.0
5466,2748,616,3,140000.0
5467,2749,493,1,90000.0
5468,2749,370,1,145000.0
5469,2749,818,2,65000.0
5470,2750,162,1,150000.0
5471,2750,643,3,30000.0
5472,2750,766,1,100000.0
5473,2751,185,2,140000.0
5474,2751,428,2,40000.0
5475,2751,1068,2,95000.0
5476,2752,968,2,90000.0
5477,2752,586,2,45000.0
5478,2752,738,3,55000.0
5479,2753,1431,1,120000.0
5480,2754,183,1,150000.0
5481,2755,1299,3,130000.0
5482,2755,1322,2,125000.0
5483,2756,346,2,85000.0
5484,2757,1328,1,55000.0
5485,2757,233,3,40000.0
5486,2758,69,1,105000.0
5487,2759,369,1,100000.0
5488,2760,204,2,100000.0
5489,2761,874,3,80000.0
5490,2761,1337,2,135000.0
5491,2762,27,3,105000.0
5492,2762,944,2,65000.0
5493,2763,970,1,65000.0
5494,2763,663,1,50000.0
5495,2764,873,1,85000.0
5496,2765,1243,2,110000.0
5497,2765,218,1,80000.0
5498,2766,1437,3,75000.0
5499,2766,829,2,150000.0
5500,2766,1198,1,45000.0
5501,2767,765,2,150000.0
5502,2767,771,3,70000.0
5503,2767,1087,1,145000.0
5504,2768,1390,3,95000.0
5505,2769,1109,3,30000.0
5506,2770,501,1,140000.0
5507,2770,521,3,135000.0
5508,2770,227,2,50000.0
5509,2771,1092,3,55000.0
5510,2771,1317,1,135000.0
5511,2772,1192,2,95000.0
5512,2773,1392,1,130000.0
5513,2773,1076,3,105000.0
5514,2774,776,3,50000.0
5515,2775,1076,1,105000.0
5516,2776,1087,3,145000.0
5517,2777,349,2,135000.0
5518,2777,1486,1,50000.0
5519,2778,570,1,95000.0
5520,2778,1112,1,145000.0
5521,2778,644,2,35000.0
5522,2779,734,2,105000.0
5523,2779,1318,3,135000.0
5524,2780,965,1,150000.0
5525,2780,1069,3,150000.0
5526,2780,1314,1,40000.0
5527,2781,859,2,65000.0
5528,2781,712,3,55000.0
5529,2782,1301,3,95000.0
5530,2782,253,1,115000.0
5531,2783,831,1,40000.0
5532,2783,1221,1,70000.0
5533,2784,133,1,40000.0
5534,2784,1254,3,55000.0
5535,2785,1064,3,35000.0
5536,2786,1013,2,80000.0
5537,2786,245,2,50000.0
5538,2787,1217,3,85000.0
5539,2787,1283,3,110000.0
5540,2787,719,1,100000.0
5541,2788,1333,3,105000.0
5542,2788,722,1,125000.0
5543,2788,1200,1,70000.0
5544,2789,1217,3,85000.0
5545,2789,1129,1,40000.0
5546,2789,1178,2,50000.0
5547,2790,668,1,90000.0
5548,2790,1019,2,140000.0
5549,2790,816,2,125000.0
5550,2791,1067,2,55000.0
5551,2791,1444,1,110000.0
5552,2792,929,3,80000.0
5553,2792,355,3,85000.0
5554,2793,245,1,50000.0
5555,2793,1013,1,80000.0
5556,2793,295,2,80000.0
5557,2794,228,2,135000.0
5558,2795,347,3,80000.0
5559,2796,499,1,40000.0
5560,2796,138,1,110000.0
5561,2797,757,3,140000.0
5562,2797,1155,1,35000.0
5563,2797,1171,1,115000.0
5564,2798,12,2,35000.0
5565,2798,1427,1,90000.0
5566,2799,922,1,65000.0
5567,2799,90,2,85000.0
5568,2800,213,3,90000.0
5569,2801,709,2,30000.0
5570,2801,407,1,45000.0
5571,2802,1222,1,145000.0
5572,2802,636,1,75000.0
5573,2803,343,3,140000.0
5574,2804,473,3,60000.0
5575,2805,2,3,125000.0
5576,2806,812,1,85000.0
5577,2806,393,2,50000.0
5578,2807,79,2,65000.0
5579,2807,934,3,110000.0
5580,2808,400,1,140000.0
5581,2808,1057,3,80000.0
5582,2808,393,3,50000.0
5583,2809,455,3,65000.0
5584,2809,348,3,60000.0
5585,2809,898,3,55000.0
5586,2810,61,2,85000.0
5587,2811,965,3,150000.0
5588,2811,1069,1,150000.0
5589,2811,1314,3,40000.0
5590,2812,1174,3,45000.0
5591,2812,1472,1,115000.0
5592,2813,1421,1,85000.0
5593,2813,1127,3,30000.0
5594,2814,726,1,90000.0
5595,2814,1261,1,80000.0
5596,2815,1449,2,30000.0
5597,2815,1376,2,125000.0
5598,2815,1172,2,80000.0
5599,2816,552,3,115000.0
5600,2816,1300,1,90000.0
5601,2816,1340,2,65000.0
5602,2817,53,3,60000.0
5603,2817,390,2,85000.0
5604,2817,800,3,135000.0
5605,2818,1188,1,40000.0
5606,2818,1031,1,90000.0
5607,2819,853,2,40000.0
5608,2819,842,1,145000.0
5609,2820,340,3,50000.0
5610,2821,274,1,120000.0
5611,2821,1037,1,50000.0
5612,2821,596,1,65000.0
5613,2822,1245,2,100000.0
5614,2822,49,1,45000.0
5615,2822,1297,3,140000.0
5616,2823,354,3,145000.0
5617,2824,722,2,125000.0
5618,2824,1333,3,105000.0
5619,2825,111,1,75000.0
5620,2826,112,1,120000.0
5621,2827,680,3,90000.0
5622,2827,725,1,30000.0
5623,2827,227,2,50000.0
5624,2828,152,1,95000.0
5625,2829,1173,2,100000.0
5626,2829,244,2,150000.0
5627,2830,1313,2,45000.0
5628,2831,1280,3,150000.0
5629,2831,1119,1,30000.0
5630,2831,192,1,145000.0
5631,2832,1279,1,140000.0
5632,2833,320,3,125000.0
5633,2834,723,2,145000.0
5634,2834,1001,1,40000.0
5635,2834,1196,2,140000.0
5636,2835,69,1,105000.0
5637,2836,1014,1,95000.0
5638,2836,50,3,110000.0
5639,2836,677,3,150000.0
5640,2837,595,3,90000.0
5641,2838,779,2,150000.0
5642,2838,841,2,50000.0
5643,2838,909,3,30000.0
5644,2839,1339,1,85000.0
5645,2839,332,1,150000.0
5646,2839,1476,3,55000.0
5647,2840,1114,3,90000.0
5648,2840,1036,1,70000.0
5649,2841,1048,2,125000.0
5650,2841,862,1,65000.0
5651,2841,339,1,125000.0
5652,2842,1344,3,55000.0
5653,2842,961,2,145000.0
5654,2843,456,3,55000.0
5655,2843,905,1,150000.0
5656,2844,1245,3,100000.0
5657,2844,144,2,105000.0
5658,2845,952,3,90000.0
5659,2846,944,2,65000.0
5660,2846,1175,2,90000.0
5661,2846,341,1,35000.0
5662,2847,836,3,65000.0
5663,2847,289,1,145000.0
5664,2848,723,3,145000.0
5665,2848,750,1,130000.0
5666,2849,1249,3,50000.0
5667,2849,1215,1,135000.0
5668,2850,470,3,115000.0
5669,2850,1092,1,55000.0
5670,2851,130,3,100000.0
5671,2852,485,2,150000.0
5672,2852,991,3,55000.0
5673,2853,739,3,35000.0
5674,2853,304,1,115000.0
5675,2854,844,2,125000.0
5676,2855,79,2,65000.0
5677,2855,399,1,95000.0
5678,2856,1047,1,90000.0
5679,2857,255,3,125000.0
5680,2857,1457,1,125000.0
5681,2858,1325,3,115000.0
5682,2858,925,2,105000.0
5683,2858,194,3,35000.0
5684,2859,923,1,150000.0
5685,2859,1317,1,135000.0
5686,2859,470,3,115000.0
5687,2860,886,1,60000.0
5688,2860,646,2,30000.0
5689,2860,1011,1,100000.0
5690,2861,1171,2,115000.0
5691,2862,345,1,70000.0
5692,2862,185,2,140000.0
5693,2862,428,2,40000.0
5694,2863,1470,2,95000.0
5695,2863,1057,3,80000.0
5696,2864,208,3,140000.0
5697,2865,844,3,125000.0
5698,2865,633,2,55000.0
5699,2865,824,1,70000.0
5700,2866,1474,3,105000.0
5701,2866,463,3,30000.0
5702,2866,907,3,30000.0
5703,2867,313,1,115000.0
5704,2867,1486,3,50000.0
5705,2868,307,3,35000.0
5706,2868,1067,2,55000.0
5707,2869,867,1,60000.0
5708,2869,619,2,145000.0
5709,2869,458,2,110000.0
5710,2870,569,1,55000.0
5711,2870,814,2,70000.0
5712,2871,1396,1,120000.0
5713,2871,421,2,95000.0
5714,2872,1210,2,100000.0
5715,2872,723,3,145000.0
5716,2872,1196,1,140000.0
5717,2873,1226,1,40000.0
5718,2873,672,3,110000.0
5719,2873,945,1,50000.0
5720,2874,1431,1,120000.0
5721,2875,638,1,80000.0
5722,2876,629,2,150000.0
5723,2877,874,2,80000.0
5724,2877,1337,1,135000.0
5725,2878,10,1,60000.0
5726,2878,380,2,45000.0
5727,2878,1064,1,35000.0
5728,2879,108,1,70000.0
5729,2879,641,2,145000.0
5730,2879,1184,1,125000.0
5731,2880,1386,2,40000.0
5732,2881,370,1,145000.0
5733,2881,818,2,65000.0
5734,2882,637,2,80000.0
5735,2883,1383,1,35000.0
5736,2883,321,2,95000.0
5737,2883,298,1,35000.0
5738,2884,743,3,145000.0
5739,2884,346,3,85000.0
5740,2885,1024,3,45000.0
5741,2885,297,3,75000.0
5742,2885,1393,3,75000.0
5743,2886,890,1,130000.0
5744,2886,551,3,80000.0
5745,2887,485,3,150000.0
5746,2887,1219,3,150000.0
5747,2887,991,1,55000.0
5748,2888,1226,2,40000.0
5749,2888,1130,2,35000.0
5750,2889,1388,1,40000.0
5751,2889,347,1,80000.0
5752,2889,896,2,135000.0
5753,2890,713,3,80000.0
5754,2891,73,1,80000.0
5755,2891,621,1,35000.0
5756,2892,880,1,60000.0
5757,2892,731,1,35000.0
5758,2893,25,1,70000.0
5759,2893,312,3,135000.0
5760,2893,1407,3,120000.0
5761,2894,1473,2,70000.0
5762,2894,181,2,45000.0
5763,2894,389,1,35000.0
5764,2895,1072,2,105000.0
5765,2895,422,2,140000.0
5766,2896,308,1,100000.0
5767,2897,877,2,135000.0
5768,2897,83,2,120000.0
5769,2898,3,3,90000.0
5770,2898,1313,1,45000.0
5771,2898,657,3,125000.0
5772,2899,1189,1,150000.0
5773,2899,504,3,70000.0
5774,2899,1276,1,130000.0
5775,2900,1058,1,60000.0
5776,2900,795,2,90000.0
5777,2900,481,1,140000.0
5778,2901,173,2,65000.0
5779,2902,1334,1,90000.0
5780,2902,12,2,35000.0
5781,2902,915,3,40000.0
5782,2903,718,2,55000.0
5783,2904,180,1,90000.0
5784,2904,125,2,105000.0
5785,2904,897,3,80000.0
5786,2905,717,3,60000.0
5787,2905,256,2,115000.0
5788,2905,1165,1,35000.0
5789,2906,1282,2,40000.0
5790,2907,1213,3,90000.0
5791,2907,173,2,65000.0
5792,2907,1133,1,30000.0
5793,2908,1072,1,105000.0
5794,2908,422,1,140000.0
5795,2908,866,2,45000.0
5796,2909,487,3,95000.0
5797,2909,592,2,125000.0
5798,2909,802,2,120000.0
5799,2910,1312,2,120000.0
5800,2910,977,2,50000.0
5801,2910,496,1,130000.0
5802,2911,349,2,135000.0
5803,2911,313,1,115000.0
5804,2911,1023,2,125000.0
5805,2912,1221,2,70000.0
5806,2912,401,2,105000.0
5807,2912,831,3,40000.0
5808,2913,1439,3,55000.0
5809,2913,1079,1,65000.0
5810,2914,1034,3,35000.0
5811,2915,1154,1,65000.0
5812,2915,1303,3,90000.0
5813,2915,1185,1,105000.0
5814,2916,995,3,45000.0
5815,2917,115,1,120000.0
5816,2918,1270,1,80000.0
5817,2919,353,3,140000.0
5818,2920,256,2,115000.0
5819,2921,203,3,115000.0
5820,2922,1188,1,40000.0
5821,2923,1427,3,90000.0
5822,2923,12,3,35000.0
5823,2923,976,2,55000.0
5824,2924,568,3,30000.0
5825,2925,201,3,35000.0
5826,2926,579,2,125000.0
5827,2927,1125,2,125000.0
5828,2927,729,2,130000.0
5829,2928,204,2,100000.0
5830,2928,1469,2,100000.0
5831,2929,348,1,60000.0
5832,2930,444,3,45000.0
5833,2930,384,1,90000.0
5834,2931,1242,3,145000.0
5835,2931,665,1,120000.0
5836,2931,598,3,35000.0
5837,2932,750,1,130000.0
5838,2932,46,2,100000.0
5839,2932,1196,3,140000.0
5840,2933,555,2,110000.0
5841,2934,112,3,120000.0
5842,2934,265,3,105000.0
5843,2934,1011,1,100000.0
5844,2935,1037,1,50000.0
5845,2935,637,3,80000.0
5846,2936,421,2,95000.0
5847,2936,471,3,100000.0
5848,2936,311,3,55000.0
5849,2937,169,3,35000.0
5850,2938,844,1,125000.0
5851,2938,824,2,70000.0
5852,2938,633,1,55000.0
5853,2939,524,1,70000.0
5854,2940,35,2,75000.0
5855,2941,679,2,55000.0
5856,2941,48,3,135000.0
5857,2942,323,3,120000.0
5858,2942,459,1,70000.0
5859,2943,443,1,80000.0
5860,2943,1475,2,95000.0
5861,2944,896,2,135000.0
5862,2944,1358,3,145000.0
5863,2944,1388,2,40000.0
5864,2945,427,1,60000.0
5865,2945,1264,1,85000.0
5866,2945,933,1,60000.0
5867,2946,913,2,55000.0
5868,2946,712,3,55000.0
5869,2947,19,2,105000.0
5870,2948,237,3,125000.0
5871,2948,604,2,65000.0
5872,2948,515,1,95000.0
5873,2949,925,1,105000.0
5874,2949,194,3,35000.0
5875,2949,695,1,80000.0
5876,2950,1222,2,145000.0
5877,2950,826,2,55000.0
5878,2950,886,3,60000.0
5879,2951,1412,1,110000.0
5880,2952,825,3,40000.0
5881,2953,639,3,30000.0
5882,2953,275,2,110000.0
5883,2954,295,2,80000.0
5884,2954,1204,2,95000.0
5885,2954,1409,2,105000.0
5886,2955,1057,1,80000.0
5887,2956,1346,1,55000.0
5888,2956,1029,1,30000.0
5889,2957,630,3,95000.0
5890,2957,197,3,125000.0
5891,2957,648,2,30000.0
5892,2958,125,3,105000.0
5893,2959,939,2,130000.0
5894,2960,1370,2,40000.0
5895,2960,794,2,150000.0
5896,2960,673,2,80000.0
5897,2961,639,1,30000.0
5898,2961,482,2,110000.0
5899,2961,753,1,140000.0
5900,2962,496,3,130000.0
5901,2963,1127,3,30000.0
5902,2964,692,2,135000.0
5903,2964,1312,1,120000.0
5904,2964,977,1,50000.0
5905,2965,551,3,80000.0
5906,2966,699,2,135000.0
5907,2966,754,1,120000.0
5908,2967,1438,3,90000.0
5909,2967,1170,2,65000.0
5910,2967,735,1,125000.0
5911,2968,1385,1,55000.0
5912,2968,1277,2,120000.0
5913,2968,1138,2,110000.0
5914,2969,28,1,110000.0
5915,2970,1227,2,125000.0
5916,2970,620,2,105000.0
5917,2971,924,3,150000.0
5918,2972,572,3,50000.0
5919,2972,1495,1,95000.0
5920,2972,280,2,85000.0
5921,2973,1495,3,95000.0
5922,2973,748,2,120000.0
5923,2973,378,2,100000.0
5924,2974,414,3,35000.0
5925,2974,1091,2,65000.0
5926,2974,7,2,40000.0
5927,2975,1176,1,60000.0
5928,2975,837,2,95000.0
5929,2976,752,2,80000.0
5930,2977,27,2,105000.0
5931,2978,493,2,90000.0
5932,2978,262,1,105000.0
5933,2979,599,1,145000.0
5934,2979,987,1,75000.0
5935,2980,177,1,145000.0
5936,2980,1260,2,65000.0
5937,2981,709,1,30000.0
5938,2981,1302,3,150000.0
5939,2981,488,3,70000.0
5940,2982,972,3,115000.0
5941,2983,195,3,90000.0
5942,2983,231,3,90000.0
5943,2984,1369,1,50000.0
5944,2984,1138,1,110000.0
5945,2985,421,1,95000.0
5946,2985,471,2,100000.0
5947,2986,350,3,60000.0
5948,2987,1457,1,125000.0
5949,2988,1187,1,65000.0
5950,2988,561,1,85000.0
5951,2988,1249,2,50000.0
5952,2989,1230,3,85000.0
5953,2990,166,2,90000.0
5954,2990,1408,1,45000.0
5955,2991,213,3,90000.0
5956,2992,343,2,140000.0
5957,2992,1157,2,110000.0
5958,2993,1177,2,85000.0
5959,2993,1459,2,45000.0
5960,2994,348,2,60000.0
5961,2994,455,1,65000.0
5962,2994,898,3,55000.0
5963,2995,763,3,90000.0
5964,2995,716,2,130000.0
5965,2996,683,3,105000.0
5966,2996,1018,1,130000.0
5967,2996,1365,3,45000.0
5968,2997,517,1,100000.0
5969,2998,363,2,70000.0
5970,2999,784,1,75000.0
5971,3000,1419,3,125000.0
5972,3001,944,1,65000.0
5973,3001,1175,2,90000.0
5974,3001,1453,2,50000.0
5975,3002,1257,2,95000.0
5976,3003,1289,3,100000.0
5977,3003,905,2,150000.0
5978,3003,456,2,55000.0
5979,3004,796,2,50000.0
5980,3004,1073,1,35000.0
5981,3004,1258,2,90000.0
5982,3005,350,2,60000.0
5983,3005,844,3,125000.0
5984,3005,824,1,70000.0
5985,3006,480,2,115000.0
5986,3006,750,1,130000.0
5987,3006,1196,1,140000.0
5988,3007,221,2,40000.0
5989,3007,47,1,35000.0
5990,3007,906,2,125000.0
5991,3008,1267,3,135000.0
5992,3008,91,2,100000.0
5993,3008,417,2,55000.0
5994,3009,604,2,65000.0
5995,3009,237,3,125000.0
5996,3010,251,1,140000.0
5997,3010,976,3,55000.0
5998,3010,915,2,40000.0
5999,3011,417,3,55000.0
6000,3012,72,3,110000.0
6001,3012,1266,2,130000.0
6002,3012,333,1,105000.0
6003,3013,1450,3,120000.0
6004,3013,220,2,70000.0
6005,3013,666,1,70000.0
6006,3014,628,3,115000.0
6007,3015,1190,3,40000.0
6008,3015,655,2,50000.0
6009,3016,176,2,45000.0
6010,3016,1065,2,80000.0
6011,3016,1000,1,110000.0
6012,3017,532,3,90000.0
6013,3018,1287,1,40000.0
6014,3019,1015,1,85000.0
6015,3019,539,1,90000.0
6016,3020,947,1,105000.0
6017,3020,111,3,75000.0
6018,3021,1337,1,135000.0
6019,3021,874,3,80000.0
6020,3022,346,3,85000.0
6021,3022,743,2,145000.0
6022,3022,56,3,150000.0
6023,3023,1311,2,115000.0
6024,3023,394,3,100000.0
6025,3023,318,3,150000.0
6026,3024,527,1,40000.0
6027,3024,219,2,100000.0
6028,3024,802,1,120000.0
6029,3025,1221,1,70000.0
6030,3025,831,3,40000.0
6031,3026,1491,2,65000.0
6032,3027,1089,2,75000.0
6033,3027,1449,1,30000.0
6034,3027,504,3,70000.0
6035,3028,186,1,80000.0
6036,3029,1143,3,60000.0
6037,3029,1007,2,30000.0
6038,3030,1426,3,140000.0
6039,3030,369,3,100000.0
6040,3030,223,3,40000.0
6041,3031,1143,3,60000.0
6042,3032,520,2,55000.0
6043,3033,1393,1,75000.0
6044,3033,1024,2,45000.0
6045,3033,655,2,50000.0
6046,3034,722,2,125000.0
6047,3034,1200,2,70000.0
6048,3034,340,1,50000.0
6049,3035,203,1,115000.0
6050,3035,362,1,60000.0
6051,3036,903,3,45000.0
6052,3036,61,2,85000.0
6053,3036,810,2,85000.0
6054,3037,1265,1,30000.0
6055,3038,1337,1,135000.0
6056,3039,336,1,110000.0
6057,3039,534,1,90000.0
6058,3040,44,1,125000.0
6059,3040,562,2,55000.0
6060,3041,622,1,65000.0
6061,3041,638,1,80000.0
6062,3042,1408,3,45000.0
6063,3043,800,3,135000.0
6064,3043,565,3,30000.0
6065,3043,390,3,85000.0
6066,3044,638,1,80000.0
6067,3044,622,3,65000.0
6068,3045,1340,3,65000.0
6069,3046,574,1,90000.0
6070,3047,1239,2,150000.0
6071,3047,325,3,65000.0
6072,3048,332,3,150000.0
6073,3048,90,3,85000.0
6074,3048,1476,1,55000.0
6075,3049,844,3,125000.0
6076,3049,633,1,55000.0
6077,3049,350,3,60000.0
6078,3050,139,2,35000.0
6079,3050,1259,1,115000.0
6080,3051,1045,2,150000.0
6081,3051,780,3,55000.0
6082,3052,1165,3,35000.0
6083,3053,407,1,45000.0
6084,3054,496,2,130000.0
6085,3055,1089,3,75000.0
6086,3055,1449,1,30000.0
6087,3055,431,3,70000.0
6088,3056,1290,2,55000.0
6089,3056,866,2,45000.0
6090,3056,1004,3,150000.0
6091,3057,1463,3,65000.0
6092,3057,1060,2,65000.0
6093,3057,698,3,115000.0
6094,3058,677,2,150000.0
6095,3059,442,3,105000.0
6096,3060,244,1,150000.0
6097,3060,397,3,90000.0
6098,3060,1173,3,100000.0
6099,3061,157,1,130000.0
6100,3061,526,2,75000.0
6101,3061,1296,1,145000.0
6102,3062,950,1,80000.0
6103,3063,233,3,40000.0
6104,3063,1432,2,45000.0
6105,3063,416,1,115000.0
6106,3064,486,1,130000.0
6107,3064,158,3,50000.0
6108,3064,755,3,55000.0
6109,3065,829,1,150000.0
6110,3065,1437,2,75000.0
6111,3066,1021,2,50000.0
6112,3066,530,1,50000.0
6113,3066,1050,3,115000.0
6114,3067,1075,3,95000.0
6115,3067,409,2,60000.0
6116,3067,627,1,125000.0
6117,3068,983,2,145000.0
6118,3069,34,3,60000.0
6119,3070,989,2,150000.0
6120,3071,184,1,140000.0
6121,3072,1432,1,45000.0
6122,3072,233,2,40000.0
6123,3072,1328,1,55000.0
6124,3073,616,1,140000.0
6125,3073,336,2,110000.0
6126,3074,1481,1,35000.0
6127,3074,338,1,80000.0
6128,3074,506,1,30000.0
6129,3075,1364,2,30000.0
6130,3075,597,2,110000.0
6131,3075,1344,2,55000.0
6132,3076,245,3,50000.0
6133,3076,1409,3,105000.0
6134,3076,295,3,80000.0
6135,3077,8,2,65000.0
6136,3078,1209,2,35000.0
6137,3078,439,3,70000.0
6138,3079,1060,3,65000.0
6139,3079,1345,2,40000.0
6140,3080,1428,2,75000.0
6141,3081,216,1,70000.0
6142,3081,911,1,130000.0
6143,3081,1425,2,100000.0
6144,3082,921,1,45000.0
6145,3083,1330,1,115000.0
6146,3083,1142,3,50000.0
6147,3083,249,3,50000.0
6148,3084,1409,2,105000.0
6149,3085,1242,2,145000.0
6150,3085,151,1,30000.0
6151,3086,641,2,145000.0
6152,3086,1184,3,125000.0
6153,3086,108,2,70000.0
6154,3087,577,2,50000.0
6155,3087,1212,2,110000.0
6156,3088,1147,1,90000.0
6157,3088,1051,1,145000.0
6158,3088,224,3,95000.0
6159,3089,366,3,115000.0
6160,3089,191,1,105000.0
6161,3090,627,2,125000.0
6162,3091,596,2,65000.0
6163,3091,464,1,45000.0
6164,3092,580,1,45000.0
6165,3092,622,2,65000.0
6166,3093,1010,1,135000.0
6167,3093,299,1,115000.0
6168,3094,1328,3,55000.0
6169,3094,233,2,40000.0
6170,3094,130,2,100000.0
6171,3095,1137,3,75000.0
6172,3095,16,1,130000.0
6173,3096,1199,3,90000.0
6174,3096,193,2,145000.0
6175,3097,1014,1,95000.0
6176,3098,1074,2,110000.0
6177,3098,1351,1,40000.0
6178,3099,849,3,115000.0
6179,3099,229,1,150000.0
6180,3100,665,2,120000.0
6181,3101,489,3,70000.0
6182,3101,950,3,80000.0
6183,3101,85,2,105000.0
6184,3102,1101,3,55000.0
6185,3103,1010,1,135000.0
6186,3104,350,1,60000.0
6187,3104,844,3,125000.0
6188,3105,518,3,105000.0
6189,3105,239,1,40000.0
6190,3106,1155,1,35000.0
6191,3106,1171,1,115000.0
6192,3106,601,2,100000.0
6193,3107,1475,2,95000.0
6194,3108,633,3,55000.0
6195,3108,350,3,60000.0
6196,3108,844,3,125000.0
6197,3109,782,2,120000.0
6198,3110,1408,1,45000.0
6199,3110,166,1,90000.0
6200,3111,44,3,125000.0
6201,3112,680,1,90000.0
6202,3113,1432,2,45000.0
6203,3113,1328,3,55000.0
6204,3113,130,2,100000.0
6205,3114,1327,3,135000.0
6206,3115,1483,3,30000.0
6207,3115,1311,3,115000.0
6208,3115,663,2,50000.0
6209,3116,515,1,95000.0
6210,3116,604,2,65000.0
6211,3117,1265,1,30000.0
6212,3118,401,3,105000.0
6213,3118,831,2,40000.0
6214,3119,711,3,100000.0
6215,3120,1384,1,145000.0
6216,3120,759,1,75000.0
6217,3120,1211,2,45000.0
6218,3121,752,3,80000.0
6219,3121,203,2,115000.0
6220,3121,247,3,70000.0
6221,3122,1434,3,95000.0
6222,3123,781,3,60000.0
6223,3123,287,1,110000.0
6224,3124,1421,2,85000.0
6225,3124,1350,1,130000.0
6226,3125,342,3,115000.0
6227,3125,326,1,80000.0
6228,3126,725,2,30000.0
6229,3126,547,1,130000.0
6230,3127,69,2,105000.0
6231,3127,522,2,60000.0
6232,3128,133,2,40000.0
6233,3129,847,2,135000.0
6234,3129,209,3,150000.0
6235,3130,253,1,115000.0
6236,3131,128,3,70000.0
6237,3132,214,1,135000.0
6238,3132,1086,1,35000.0
6239,3132,1497,1,95000.0
6240,3133,68,3,140000.0
6241,3133,148,1,50000.0
6242,3134,493,1,90000.0
6243,3134,818,1,65000.0
6244,3134,370,3,145000.0
6245,3135,999,2,60000.0
6246,3136,1241,1,150000.0
6247,3136,1049,1,55000.0
6248,3136,445,1,30000.0
6249,3137,62,3,125000.0
6250,3137,1129,1,40000.0
6251,3137,1163,2,35000.0
6252,3138,1378,2,85000.0
6253,3138,481,2,140000.0
6254,3139,407,1,45000.0
6255,3139,894,1,100000.0
6256,3139,488,2,70000.0
6257,3140,1469,3,100000.0
6258,3140,1392,1,130000.0
6259,3140,204,2,100000.0
6260,3141,469,2,125000.0
6261,3142,902,2,150000.0
6262,3143,644,1,35000.0
6263,3143,570,3,95000.0
6264,3143,1018,2,130000.0
6265,3144,196,2,135000.0
6266,3145,910,1,75000.0
6267,3145,1351,2,40000.0
6268,3146,99,2,85000.0
6269,3147,52,2,60000.0
6270,3147,648,2,30000.0
6271,3148,1391,3,125000.0
6272,3148,283,3,125000.0
6273,3149,603,2,120000.0
6274,3149,908,3,95000.0
6275,3149,300,1,90000.0
6276,3150,306,1,85000.0
6277,3151,777,1,60000.0
6278,3151,522,2,60000.0
6279,3152,216,3,70000.0
6280,3153,500,1,150000.0
6281,3153,430,3,110000.0
6282,3154,789,1,80000.0
6283,3155,428,1,40000.0
6284,3155,174,3,50000.0
6285,3155,345,1,70000.0
6286,3156,202,1,60000.0
6287,3157,1386,1,40000.0
6288,3157,1042,2,125000.0
6289,3157,825,3,40000.0
6290,3158,437,3,40000.0
6291,3159,775,2,105000.0
6292,3159,1041,3,30000.0
6293,3160,1249,1,50000.0
6294,3160,1187,2,65000.0
6295,3161,974,1,95000.0
6296,3161,311,1,55000.0
6297,3162,425,2,40000.0
6298,3162,1241,3,150000.0
6299,3163,579,2,125000.0
6300,3164,179,3,60000.0
6301,3165,1066,1,35000.0
6302,3165,213,1,90000.0
6303,3166,1160,1,50000.0
6304,3167,559,1,70000.0
6305,3167,855,1,40000.0
6306,3168,769,1,105000.0
6307,3169,141,2,90000.0
6308,3169,56,2,150000.0
6309,3169,346,3,85000.0
6310,3170,768,1,50000.0
6311,3170,657,3,125000.0
6312,3171,128,2,70000.0
6313,3171,522,2,60000.0
6314,3171,777,3,60000.0
6315,3172,1177,3,85000.0
6316,3172,1459,3,45000.0
6317,3172,1191,3,120000.0
6318,3173,390,3,85000.0
6319,3173,1352,1,30000.0
6320,3174,950,1,80000.0
6321,3174,85,1,105000.0
6322,3175,1042,1,125000.0
6323,3175,26,1,50000.0
6324,3175,825,2,40000.0
6325,3176,1010,1,135000.0
6326,3177,824,3,70000.0
6327,3178,959,1,115000.0
6328,3178,1398,2,30000.0
6329,3179,1114,3,90000.0
6330,3179,617,1,30000.0
6331,3180,89,2,55000.0
6332,3180,572,1,50000.0
6333,3180,15,3,140000.0
6334,3181,756,3,90000.0
6335,3181,39,3,80000.0
6336,3182,310,3,60000.0
6337,3182,1054,2,135000.0
6338,3183,1361,1,120000.0
6339,3184,1463,3,65000.0
6340,3184,1060,1,65000.0
6341,3185,1116,2,70000.0
6342,3186,1224,3,70000.0
6343,3186,1097,3,105000.0
6344,3187,394,1,100000.0
6345,3188,512,3,50000.0
6346,3188,140,1,115000.0
6347,3188,652,2,90000.0
6348,3189,1030,3,115000.0
6349,3189,37,2,145000.0
6350,3189,935,3,35000.0
6351,3190,860,2,100000.0
6352,3190,931,3,120000.0
6353,3190,869,3,115000.0
6354,3191,1470,3,95000.0
6355,3192,1325,2,115000.0
6356,3192,194,2,35000.0
6357,3192,319,1,85000.0
6358,3193,550,2,35000.0
6359,3194,363,1,70000.0
6360,3194,1142,2,50000.0
6361,3195,564,1,35000.0
6362,3195,1480,3,45000.0
6363,3195,1119,1,30000.0
6364,3196,1149,1,30000.0
6365,3196,1479,1,80000.0
6366,3196,654,3,75000.0
6367,3197,859,3,65000.0
6368,3198,1079,1,65000.0
6369,3198,1367,2,85000.0
6370,3199,521,2,135000.0
6371,3199,227,1,50000.0
6372,3199,547,1,130000.0
6373,3200,166,2,90000.0
6374,3201,222,3,35000.0
6375,3201,968,2,90000.0
6376,3201,738,1,55000.0
6377,3202,1212,2,110000.0
6378,3203,936,1,150000.0
6379,3204,282,1,40000.0
6380,3204,781,2,60000.0
6381,3205,1085,3,150000.0
6382,3205,478,2,30000.0
6383,3206,1210,1,100000.0
6384,3206,480,3,115000.0
6385,3206,549,2,150000.0
6386,3207,657,1,125000.0
6387,3207,768,3,50000.0
6388,3208,1480,3,45000.0
6389,3208,1104,1,95000.0
6390,3209,712,1,55000.0
6391,3209,859,2,65000.0
6392,3210,923,2,150000.0
6393,3210,470,3,115000.0
6394,3211,1376,3,125000.0
6395,3211,431,2,70000.0
6396,3212,1126,2,105000.0
6397,3212,1097,3,105000.0
6398,3212,1452,3,50000.0
6399,3213,1353,2,150000.0
6400,3213,609,2,70000.0
6401,3214,502,3,65000.0
6402,3214,632,2,95000.0
6403,3214,1131,2,125000.0
6404,3215,1433,1,60000.0
6405,3215,1010,3,135000.0
6406,3215,299,3,115000.0
6407,3216,1423,2,100000.0
6408,3216,644,3,35000.0
6409,3216,683,2,105000.0
6410,3217,163,2,70000.0
6411,3217,113,1,90000.0
6412,3218,926,3,140000.0
6413,3218,1259,2,115000.0
6414,3218,352,3,145000.0
6415,3219,818,1,65000.0
6416,3220,1426,2,140000.0
6417,3220,426,1,140000.0
6418,3220,369,1,100000.0
6419,3221,1482,3,115000.0
6420,3221,838,2,100000.0
6421,3222,28,3,110000.0
6422,3222,300,1,90000.0
6423,3223,965,1,150000.0
6424,3224,1162,2,50000.0
6425,3225,965,1,150000.0
6426,3226,1323,2,120000.0
6427,3226,551,2,80000.0
6428,3226,1261,3,80000.0
6429,3227,1293,1,110000.0
6430,3227,1494,1,30000.0
6431,3228,180,1,90000.0
6432,3229,884,2,50000.0
6433,3229,1132,1,150000.0
6434,3230,777,2,60000.0
6435,3230,128,2,70000.0
6436,3230,69,3,105000.0
6437,3231,835,3,130000.0
6438,3231,947,2,105000.0
6439,3231,1332,1,40000.0
6440,3232,921,3,45000.0
6441,3232,1137,2,75000.0
6442,3233,1095,2,130000.0
6443,3233,167,1,125000.0
6444,3234,1466,2,135000.0
6445,3234,473,2,60000.0
6446,3235,348,1,60000.0
6447,3236,1177,2,85000.0
6448,3236,1191,2,120000.0
6449,3237,500,1,150000.0
6450,3237,739,2,35000.0
6451,3238,316,3,110000.0
6452,3238,720,1,105000.0
6453,3239,555,1,110000.0
6454,3239,484,3,100000.0
6455,3239,210,3,95000.0
6456,3240,379,1,75000.0
6457,3240,776,1,50000.0
6458,3241,764,2,80000.0
6459,3241,331,3,150000.0
6460,3241,1494,2,30000.0
6461,3242,369,2,100000.0
6462,3242,1201,3,85000.0
6463,3242,1426,2,140000.0
6464,3243,823,3,80000.0
6465,3244,638,3,80000.0
6466,3244,1331,3,30000.0
6467,3244,580,1,45000.0
6468,3245,473,1,60000.0
6469,3245,163,3,70000.0
6470,3245,691,2,100000.0
6471,3246,300,1,90000.0
6472,3246,28,1,110000.0
6473,3247,30,3,80000.0
6474,3248,944,3,65000.0
6475,3248,27,1,105000.0
6476,3249,397,1,90000.0
6477,3249,1158,1,30000.0
6478,3249,244,2,150000.0
6479,3250,1432,1,45000.0
6480,3250,1328,2,55000.0
6481,3251,1188,1,40000.0
6482,3251,277,2,120000.0
6483,3251,1418,3,135000.0
6484,3252,422,3,140000.0
6485,3252,658,2,85000.0
6486,3253,401,3,105000.0
6487,3253,1221,2,70000.0
6488,3254,903,2,45000.0
6489,3254,810,1,85000.0
6490,3255,174,2,50000.0
6491,3255,345,1,70000.0
6492,3255,1068,3,95000.0
6493,3256,1129,1,40000.0
6494,3256,719,2,100000.0
6495,3256,1163,3,35000.0
6496,3257,538,3,75000.0
6497,3257,1459,3,45000.0
6498,3257,1191,3,120000.0
6499,3258,780,2,55000.0
6500,3258,170,1,120000.0
6501,3258,796,1,50000.0
6502,3259,1184,2,125000.0
6503,3259,641,2,145000.0
6504,3259,108,3,70000.0
6505,3260,969,2,140000.0
6506,3260,764,2,80000.0
6507,3260,331,2,150000.0
6508,3261,1434,1,95000.0
6509,3262,1207,3,75000.0
6510,3262,971,2,95000.0
6511,3263,1412,3,110000.0
6512,3263,1146,3,35000.0
6513,3263,197,3,125000.0
6514,3264,831,1,40000.0
6515,3264,1221,1,70000.0
6516,3265,1431,2,120000.0
6517,3265,568,3,30000.0
6518,3265,1084,1,95000.0
6519,3266,361,3,110000.0
6520,3266,1167,2,60000.0
6521,3267,642,2,80000.0
6522,3267,316,3,110000.0
6523,3268,568,2,30000.0
6524,3268,195,3,90000.0
6525,3269,628,2,115000.0
6526,3270,560,3,50000.0
6527,3270,1225,1,100000.0
6528,3271,781,1,60000.0
6529,3271,415,2,45000.0
6530,3272,816,3,125000.0
6531,3273,350,3,60000.0
6532,3273,633,2,55000.0
6533,3273,844,3,125000.0
6534,3274,1392,2,130000.0
6535,3275,129,2,110000.0
6536,3276,1431,2,120000.0
6537,3277,42,1,100000.0
6538,3278,148,1,50000.0
6539,3278,68,3,140000.0
6540,3279,1183,1,30000.0
6541,3279,463,1,30000.0
6542,3279,744,3,65000.0
6543,3280,341,2,35000.0
6544,3280,1175,2,90000.0
6545,3280,944,3,65000.0
6546,3281,1195,3,75000.0
6547,3281,916,1,85000.0
6548,3281,279,1,130000.0
6549,3282,1201,2,85000.0
6550,3283,180,1,90000.0
6551,3283,897,1,80000.0
6552,3284,971,3,95000.0
6553,3284,858,3,95000.0
6554,3285,893,1,115000.0
6555,3285,392,3,50000.0
6556,3285,461,1,150000.0
6557,3286,1383,2,35000.0
6558,3286,1025,2,130000.0
6559,3286,321,3,95000.0
6560,3287,1257,1,95000.0
6561,3288,656,3,50000.0
6562,3289,668,3,90000.0
6563,3289,1231,2,95000.0
6564,3289,246,1,105000.0
6565,3290,736,3,100000.0
6566,3290,803,2,100000.0
6567,3291,469,1,125000.0
6568,3291,897,2,80000.0
6569,3291,1093,1,80000.0
6570,3292,332,1,150000.0
6571,3292,919,1,75000.0
6572,3293,471,2,100000.0
6573,3293,421,1,95000.0
6574,3293,311,1,55000.0
6575,3294,694,2,50000.0
6576,3294,382,3,125000.0
6577,3295,1497,2,95000.0
6578,3296,177,1,145000.0
6579,3296,793,1,75000.0
6580,3297,1100,1,125000.0
6581,3297,371,2,75000.0
6582,3297,978,3,110000.0
6583,3298,94,2,75000.0
6584,3298,859,1,65000.0
6585,3299,166,3,90000.0
6586,3300,1182,3,85000.0
6587,3300,1223,3,100000.0
6588,3300,495,1,70000.0
6589,3301,546,3,125000.0
6590,3301,356,1,55000.0
6591,3301,1399,3,140000.0
6592,3302,338,2,80000.0
6593,3302,506,2,30000.0
6594,3302,1287,2,40000.0
6595,3303,697,3,60000.0
6596,3303,240,1,90000.0
6597,3303,1115,3,85000.0
6598,3304,259,1,80000.0
6599,3304,700,1,100000.0
6600,3305,454,3,140000.0
6601,3305,1324,2,110000.0
6602,3306,1386,2,40000.0
6603,3306,825,3,40000.0
6604,3307,1337,1,135000.0
6605,3308,1236,1,150000.0
6606,3309,1463,1,65000.0
6607,3310,2,3,125000.0
6608,3310,560,2,50000.0
6609,3310,887,2,75000.0
6610,3311,1053,1,115000.0
6611,3312,1338,1,125000.0
6612,3312,623,2,60000.0
6613,3312,843,1,135000.0
6614,3313,673,1,80000.0
6615,3314,313,1,115000.0
6616,3314,552,2,115000.0
6617,3314,349,1,135000.0
6618,3315,735,2,125000.0
6619,3315,732,1,130000.0
6620,3315,1265,2,30000.0
6621,3316,61,3,85000.0
6622,3316,810,3,85000.0
6623,3317,469,3,125000.0
6624,3317,897,1,80000.0
6625,3318,1086,1,35000.0
6626,3318,1497,1,95000.0
6627,3318,214,2,135000.0
6628,3319,1179,1,80000.0
6629,3319,1417,2,135000.0
6630,3320,184,2,140000.0
6631,3320,962,1,140000.0
6632,3321,1479,2,80000.0
6633,3321,1114,3,90000.0
6634,3322,1292,2,30000.0
6635,3322,457,3,30000.0
6636,3322,240,2,90000.0
6637,3323,338,3,80000.0
6638,3323,1481,3,35000.0
6639,3323,1287,2,40000.0
6640,3324,792,3,150000.0
6641,3324,1108,2,85000.0
6642,3324,360,1,105000.0
6643,3325,1350,3,130000.0
6644,3326,923,1,150000.0
6645,3326,507,3,100000.0
6646,3327,1006,2,90000.0
6647,3328,907,3,30000.0
6648,3328,463,2,30000.0
6649,3328,744,3,65000.0
6650,3329,141,3,90000.0
6651,3330,869,3,115000.0
6652,3330,879,1,65000.0
6653,3331,79,1,65000.0
6654,3331,399,1,95000.0
6655,3332,415,1,45000.0
6656,3332,979,1,70000.0
6657,3333,1346,1,55000.0
6658,3333,1029,1,30000.0
6659,3334,202,2,60000.0
6660,3334,40,3,75000.0
6661,3334,127,1,135000.0
6662,3335,1022,3,40000.0
6663,3336,1158,1,30000.0
6664,3337,717,3,60000.0
6665,3337,256,2,115000.0
6666,3337,1165,3,35000.0
6667,3338,974,2,95000.0
6668,3338,471,3,100000.0
6669,3338,1396,3,120000.0
6670,3339,505,2,140000.0
6671,3339,975,3,130000.0
6672,3340,730,3,125000.0
6673,3341,529,1,125000.0
6674,3341,577,2,50000.0
6675,3341,635,2,105000.0
6676,3342,1142,1,50000.0
6677,3342,649,3,75000.0
6678,3343,1420,2,145000.0
6679,3344,190,2,85000.0
6680,3344,1206,1,95000.0
6681,3345,1201,3,85000.0
6682,3345,426,1,140000.0
6683,3346,93,1,85000.0
6684,3346,356,2,55000.0
6685,3347,257,2,60000.0
6686,3347,1020,1,130000.0
6687,3348,27,2,105000.0
6688,3348,503,3,85000.0
6689,3349,1202,3,150000.0
6690,3349,955,1,95000.0
6691,3349,1354,1,130000.0
6692,3350,1165,2,35000.0
6693,3351,833,1,70000.0
6694,3351,444,1,45000.0
6695,3351,854,3,65000.0
6696,3352,1129,1,40000.0
6697,3352,1099,3,145000.0
6698,3352,1178,2,50000.0
6699,3353,1474,3,105000.0
6700,3353,463,3,30000.0
6701,3354,1017,2,105000.0
6702,3354,1334,3,90000.0
6703,3354,12,3,35000.0
6704,3355,1249,1,50000.0
6705,3355,466,2,60000.0
6706,3355,626,3,70000.0
6707,3356,54,2,30000.0
6708,3357,968,1,90000.0
6709,3357,738,1,55000.0
6710,3357,222,1,35000.0
6711,3358,1110,1,80000.0
6712,3358,890,1,130000.0
6713,3359,908,1,95000.0
6714,3360,894,3,100000.0
6715,3361,479,2,55000.0
6716,3361,1336,2,35000.0
6717,3361,710,2,110000.0
6718,3362,279,1,130000.0
6719,3362,463,2,30000.0
6720,3362,744,3,65000.0
6721,3363,135,2,90000.0
6722,3363,85,3,105000.0
6723,3364,965,3,150000.0
6724,3365,1039,3,50000.0
6725,3366,615,2,125000.0
6726,3367,933,2,60000.0
6727,3367,1264,2,85000.0
6728,3368,768,2,50000.0
6729,3368,1313,1,45000.0
6730,3368,3,3,90000.0
6731,3369,1024,3,45000.0
6732,3370,146,3,140000.0
6733,3371,879,2,65000.0
6734,3371,1464,3,90000.0
6735,3371,869,1,115000.0
6736,3372,1363,3,70000.0
6737,3372,1284,1,35000.0
6738,3373,1428,2,75000.0
6739,3373,704,2,75000.0
6740,3374,903,1,45000.0
6741,3374,810,3,85000.0
6742,3375,1489,3,110000.0
6743,3376,59,3,150000.0
6744,3376,906,2,125000.0
6745,3376,1216,1,85000.0
6746,3377,743,2,145000.0
6747,3377,56,2,150000.0
6748,3378,1409,1,105000.0
6749,3379,688,3,50000.0
6750,3379,1111,2,145000.0
6751,3380,471,1,100000.0
6752,3380,311,3,55000.0
6753,3381,749,1,60000.0
6754,3381,1018,3,130000.0
6755,3382,1214,2,130000.0
6756,3383,423,1,100000.0
6757,3384,469,1,125000.0
6758,3385,540,3,60000.0
6759,3386,435,2,90000.0
6760,3386,1479,2,80000.0
6761,3387,690,1,105000.0
6762,3387,1299,3,130000.0
6763,3387,559,1,70000.0
6764,3388,1067,3,55000.0
6765,3389,553,3,80000.0
6766,3390,1361,1,120000.0
6767,3391,877,1,135000.0
6768,3391,862,1,65000.0
6769,3392,251,2,140000.0
6770,3393,405,1,115000.0
6771,3394,382,2,125000.0
6772,3394,66,3,80000.0
6773,3395,457,1,30000.0
6774,3395,1292,2,30000.0
6775,3395,88,1,105000.0
6776,3396,1380,1,30000.0
6777,3396,342,2,115000.0
6778,3396,1227,1,125000.0
6779,3397,954,3,35000.0
6780,3397,695,1,80000.0
6781,3398,383,1,65000.0
6782,3399,146,2,140000.0
6783,3400,394,3,100000.0
6784,3400,587,3,60000.0
6785,3401,1177,1,85000.0
6786,3401,554,2,45000.0
6787,3402,816,1,125000.0
6788,3402,246,3,105000.0
6789,3403,312,2,135000.0
6790,3404,919,3,75000.0
6791,3405,340,3,50000.0
6792,3405,1333,3,105000.0
6793,3406,164,1,70000.0
6794,3407,1098,3,55000.0
6795,3407,819,3,95000.0
6796,3407,1252,2,115000.0
6797,3408,1256,1,105000.0
6798,3409,116,3,125000.0
6799,3410,817,1,115000.0
6800,3411,1027,1,45000.0
6801,3411,835,2,130000.0
6802,3412,513,1,50000.0
6803,3412,830,3,95000.0
6804,3413,1253,3,50000.0
6805,3414,218,2,80000.0
6806,3414,605,2,150000.0
6807,3415,540,2,60000.0
6808,3416,1129,2,40000.0
6809,3416,1217,2,85000.0
6810,3417,1126,2,105000.0
6811,3418,1454,1,85000.0
6812,3419,730,1,125000.0
6813,3419,373,3,40000.0
6814,3420,1143,2,60000.0
6815,3421,365,2,110000.0
6816,3421,1199,1,90000.0
6817,3422,1309,3,110000.0
6818,3422,410,1,105000.0
6819,3423,1408,1,45000.0
6820,3423,166,2,90000.0
6821,3424,1015,1,85000.0
6822,3424,467,3,105000.0
6823,3424,815,3,125000.0
6824,3425,1232,2,60000.0
6825,3425,691,2,100000.0
6826,3426,990,1,80000.0
6827,3427,341,2,35000.0
6828,3427,944,3,65000.0
6829,3428,54,3,30000.0
6830,3428,510,3,35000.0
6831,3428,1005,2,135000.0
6832,3429,79,3,65000.0
6833,3430,603,2,120000.0
6834,3431,1428,3,75000.0
6835,3431,771,3,70000.0
6836,3432,250,3,145000.0
6837,3432,1040,1,90000.0
6838,3433,403,3,50000.0
6839,3434,193,3,145000.0
6840,3435,50,1,110000.0
6841,3435,615,2,125000.0
6842,3436,1143,2,60000.0
6843,3437,657,2,125000.0
6844,3438,766,1,100000.0
6845,3439,1169,2,85000.0
6846,3439,531,3,65000.0
6847,3440,1287,1,40000.0
6848,3441,1221,3,70000.0
6849,3441,401,3,105000.0
6850,3441,831,3,40000.0
6851,3442,1476,1,55000.0
6852,3442,919,1,75000.0
6853,3443,901,2,35000.0
6854,3443,1389,2,150000.0
6855,3444,476,1,85000.0
6856,3444,283,3,125000.0
6857,3445,618,3,55000.0
6858,3446,1019,3,140000.0
6859,3446,816,1,125000.0
6860,3446,668,2,90000.0
6861,3447,640,1,100000.0
6862,3447,73,3,80000.0
6863,3448,476,3,85000.0
6864,3449,1085,2,150000.0
6865,3450,398,2,105000.0
6866,3450,670,1,85000.0
6867,3450,1002,2,45000.0
6868,3451,1373,2,40000.0
6869,3452,685,3,50000.0
6870,3453,444,3,45000.0
6871,3454,349,1,135000.0
6872,3455,336,2,110000.0
6873,3455,534,3,90000.0
6874,3456,1084,2,95000.0
6875,3457,364,2,65000.0
6876,3457,446,1,60000.0
6877,3457,703,1,145000.0
6878,3458,1127,3,30000.0
6879,3458,1350,2,130000.0
6880,3459,403,1,50000.0
6881,3459,1171,3,115000.0
6882,3459,1343,1,105000.0
6883,3460,1370,1,40000.0
6884,3460,985,2,105000.0
6885,3460,206,2,115000.0
6886,3461,1145,1,125000.0
6887,3462,1313,2,45000.0
6888,3463,500,3,150000.0
6889,3463,304,2,115000.0
6890,3463,941,3,115000.0
6891,3464,898,1,55000.0
6892,3465,881,3,120000.0
6893,3465,180,1,90000.0
6894,3465,469,1,125000.0
6895,3466,330,2,100000.0
6896,3466,1324,3,110000.0
6897,3467,910,1,75000.0
6898,3468,585,2,75000.0
6899,3469,175,3,75000.0
6900,3469,853,2,40000.0
6901,3470,465,1,65000.0
6902,3471,1404,3,65000.0
6903,3472,1049,3,55000.0
6904,3472,1241,2,150000.0
6905,3472,660,1,140000.0
6906,3473,156,2,120000.0
6907,3474,371,3,75000.0
6908,3474,1109,2,30000.0
6909,3475,249,3,50000.0
6910,3476,407,2,45000.0
6911,3476,894,1,100000.0
6912,3477,1086,3,35000.0
6913,3477,1169,3,85000.0
6914,3477,214,2,135000.0
6915,3478,475,3,55000.0
6916,3478,299,3,115000.0
6917,3479,940,3,95000.0
6918,3480,903,2,45000.0
6919,3481,484,2,100000.0
6920,3481,210,3,95000.0
6921,3482,700,2,100000.0
6922,3482,133,3,40000.0
6923,3483,1339,3,85000.0
6924,3483,922,3,65000.0
6925,3483,1476,1,55000.0
6926,3484,971,2,95000.0
6927,3484,858,3,95000.0
6928,3484,157,3,130000.0
6929,3485,1047,1,90000.0
6930,3485,18,3,80000.0
6931,3485,13,3,105000.0
6932,3486,222,3,35000.0
6933,3486,116,1,125000.0
6934,3486,586,1,45000.0
6935,3487,925,2,105000.0
6936,3487,319,1,85000.0
6937,3487,695,3,80000.0
6938,3488,288,3,70000.0
6939,3488,1270,1,80000.0
6940,3488,1275,3,75000.0
6941,3489,1015,3,85000.0
6942,3489,539,3,90000.0
6943,3490,477,1,115000.0
6944,3490,144,1,105000.0
6945,3490,1245,2,100000.0
6946,3491,10,1,60000.0
6947,3491,645,3,35000.0
6948,3492,499,1,40000.0
6949,3492,901,2,35000.0
6950,3493,307,2,35000.0
6951,3494,687,2,40000.0
6952,3494,677,1,150000.0
6953,3494,615,1,125000.0
6954,3495,27,2,105000.0
6955,3495,944,1,65000.0
6956,3495,503,2,85000.0
6957,3496,55,3,65000.0
6958,3497,635,3,105000.0
6959,3497,577,3,50000.0
6960,3497,1212,3,110000.0
6961,3498,488,1,70000.0
6962,3498,272,2,125000.0
6963,3499,1381,3,130000.0
6964,3500,170,2,120000.0
6965,3500,1073,1,35000.0
6966,3500,780,2,55000.0
6967,3501,1460,3,90000.0
6968,3502,846,1,60000.0
6969,3502,314,3,140000.0
6970,3503,237,3,125000.0
6971,3503,604,2,65000.0
6972,3503,515,2,95000.0
6973,3504,27,1,105000.0
6974,3505,24,2,130000.0
6975,3505,534,2,90000.0
6976,3506,1377,3,90000.0
6977,3507,660,1,140000.0
6978,3507,1049,3,55000.0
6979,3507,1456,3,150000.0
6980,3508,312,1,135000.0
6981,3508,286,1,145000.0
6982,3509,370,2,145000.0
6983,3510,786,1,65000.0
6984,3511,1185,1,105000.0
6985,3512,149,2,105000.0
6986,3512,1047,3,90000.0
6987,3512,544,2,105000.0
6988,3513,1391,2,125000.0
6989,3513,476,3,85000.0
6990,3514,370,2,145000.0
6991,3514,262,3,105000.0
6992,3515,1291,1,60000.0
6993,3515,1421,3,85000.0
6994,3515,1350,2,130000.0
6995,3516,915,1,40000.0
6996,3516,251,1,140000.0
6997,3517,1146,2,35000.0
6998,3517,1236,3,150000.0
6999,3518,1446,1,105000.0
7000,3519,877,1,135000.0
7001,3519,22,3,100000.0
7002,3519,728,2,105000.0
7003,3520,1435,2,110000.0
7004,3520,731,3,35000.0
7005,3520,656,3,50000.0
7006,3521,484,1,100000.0
7007,3521,210,1,95000.0
7008,3522,80,2,145000.0
7009,3522,1038,1,85000.0
7010,3522,1263,1,135000.0
7011,3523,1029,2,30000.0
7012,3523,184,3,140000.0
7013,3523,1346,3,55000.0
7014,3524,1174,2,45000.0
7015,3525,884,1,50000.0
7016,3525,1208,2,75000.0
7017,3526,761,1,50000.0
7018,3526,1482,2,115000.0
7019,3527,307,3,35000.0
7020,3528,126,3,55000.0
7021,3528,551,3,80000.0
7022,3528,890,2,130000.0
7023,3529,212,1,130000.0
7024,3529,690,2,105000.0
7025,3530,1350,1,130000.0
7026,3530,1127,3,30000.0
7027,3530,1291,1,60000.0
7028,3531,359,2,125000.0
7029,3532,1065,3,80000.0
7030,3532,662,1,130000.0
7031,3532,176,2,45000.0
7032,3533,249,2,50000.0
7033,3533,649,3,75000.0
7034,3534,1055,1,95000.0
7035,3534,1044,1,130000.0
7036,3534,1136,3,70000.0
7037,3535,1354,1,130000.0
7038,3536,808,2,110000.0
7039,3537,671,1,90000.0
7040,3537,532,1,90000.0
7041,3537,165,3,130000.0
7042,3538,1027,1,45000.0
7043,3538,111,2,75000.0
7044,3538,947,1,105000.0
7045,3539,626,2,70000.0
7046,3539,466,2,60000.0
7047,3540,202,1,60000.0
7048,3541,1109,2,30000.0
7049,3542,857,1,65000.0
7050,3542,77,1,120000.0
7051,3543,1094,2,65000.0
7052,3544,1069,1,150000.0
7053,3544,578,3,55000.0
7054,3544,1314,1,40000.0
7055,3545,1001,3,40000.0
7056,3545,292,2,150000.0
7057,3545,1210,1,100000.0
7058,3546,10,3,60000.0
7059,3546,1174,1,45000.0
7060,3547,920,1,100000.0
7061,3548,1017,2,105000.0
7062,3549,1350,1,130000.0
7063,3550,1330,2,115000.0
7064,3550,249,1,50000.0
7065,3551,207,3,125000.0
7066,3551,365,2,110000.0
7067,3552,253,2,115000.0
7068,3552,124,3,105000.0
7069,3552,763,3,90000.0
7070,3553,687,2,40000.0
7071,3553,50,1,110000.0
7072,3553,615,3,125000.0
7073,3554,261,1,120000.0
7074,3554,1038,1,85000.0
7075,3554,797,2,40000.0
7076,3555,634,1,55000.0
7077,3555,1398,3,30000.0
7078,3555,147,1,70000.0
7079,3556,1083,1,105000.0
7080,3556,165,1,130000.0
7081,3556,132,2,50000.0
7082,3557,577,1,50000.0
7083,3558,539,3,90000.0
7084,3559,975,3,130000.0
7085,3559,206,1,115000.0
7086,3560,702,3,90000.0
7087,3560,150,3,75000.0
7088,3560,457,1,30000.0
7089,3561,993,1,30000.0
7090,3561,1098,3,55000.0
7091,3562,986,1,110000.0
7092,3563,751,2,135000.0
7093,3563,934,3,110000.0
7094,3564,51,3,105000.0
7095,3564,1028,3,100000.0
7096,3565,1215,1,135000.0
7097,3565,626,2,70000.0
7098,3566,325,3,65000.0
7099,3567,455,3,65000.0
7100,3567,898,1,55000.0
7101,3567,453,2,30000.0
7102,3568,588,2,85000.0
7103,3568,504,1,70000.0
7104,3569,409,3,60000.0
7105,3570,392,1,50000.0
7106,3571,1092,1,55000.0
7107,3572,1459,3,45000.0
7108,3573,276,1,110000.0
7109,3573,1407,3,120000.0
7110,3573,312,3,135000.0
7111,3574,963,2,125000.0
7112,3575,1252,3,115000.0
7113,3575,718,2,55000.0
7114,3575,465,2,65000.0
7115,3576,398,1,105000.0
7116,3577,5,2,100000.0
7117,3577,149,2,105000.0
7118,3577,13,1,105000.0
7119,3578,424,1,140000.0
7120,3578,1482,3,115000.0
7121,3578,838,3,100000.0
7122,3579,918,1,100000.0
7123,3580,1423,3,100000.0
7124,3580,644,1,35000.0
7125,3580,1112,1,145000.0
7126,3581,91,2,100000.0
7127,3582,48,3,135000.0
7128,3582,52,1,60000.0
7129,3582,679,2,55000.0
7130,3583,578,2,55000.0
7131,3584,118,3,105000.0
7132,3585,129,2,110000.0
7133,3585,1331,3,30000.0
7134,3586,1184,2,125000.0
7135,3587,1286,2,60000.0
7136,3587,946,3,100000.0
7137,3588,935,1,35000.0
7138,3588,1030,1,115000.0
7139,3589,868,3,90000.0
7140,3589,1425,1,100000.0
7141,3589,216,2,70000.0
7142,3590,692,3,135000.0
7143,3590,746,1,50000.0
7144,3590,977,2,50000.0
7145,3591,490,2,30000.0
7146,3592,166,1,90000.0
7147,3593,763,3,90000.0
7148,3593,124,3,105000.0
7149,3593,95,2,125000.0
7150,3594,950,1,80000.0
7151,3595,246,2,105000.0
7152,3595,1231,2,95000.0
7153,3595,550,1,35000.0
7154,3596,1339,1,85000.0
7155,3597,255,3,125000.0
7156,3597,229,2,150000.0
7157,3597,152,2,95000.0
7158,3598,1428,3,75000.0
7159,3599,1332,2,40000.0
7160,3599,1027,2,45000.0
7161,3600,968,1,90000.0
7162,3600,116,2,125000.0
7163,3600,586,3,45000.0
7164,3601,1337,2,135000.0
7165,3602,161,3,100000.0
7166,3602,558,3,40000.0
7167,3602,795,2,90000.0
7168,3603,828,1,120000.0
7169,3604,1029,2,30000.0
7170,3605,604,3,65000.0
7171,3606,1194,2,125000.0
7172,3606,391,1,100000.0
7173,3607,1437,2,75000.0
7174,3608,1275,1,75000.0
7175,3608,260,1,50000.0
7176,3609,634,1,55000.0
7177,3609,1398,2,30000.0
7178,3610,99,2,85000.0
7179,3610,1500,1,70000.0
7180,3611,47,3,35000.0
7181,3611,1462,1,60000.0
7182,3611,1237,3,90000.0
7183,3612,206,3,115000.0
7184,3612,878,3,55000.0
7185,3612,975,1,130000.0
7186,3613,1407,2,120000.0
7187,3613,575,2,40000.0
7188,3614,359,1,125000.0
7189,3615,1058,1,60000.0
7190,3615,367,1,110000.0
7191,3616,1228,2,70000.0
7192,3616,693,3,140000.0
7193,3617,1175,2,90000.0
7194,3617,27,1,105000.0
7195,3617,944,1,65000.0
7196,3618,1006,3,90000.0
7197,3619,1215,1,135000.0
7198,3619,1249,2,50000.0
7199,3619,271,2,100000.0
7200,3620,874,1,80000.0
7201,3620,1337,3,135000.0
7202,3621,249,2,50000.0
7203,3621,1330,3,115000.0
7204,3622,1408,2,45000.0
7205,3622,166,1,90000.0
7206,3623,758,1,110000.0
7207,3623,365,3,110000.0
7208,3623,599,2,145000.0
7209,3624,29,3,95000.0
7210,3624,795,3,90000.0
7211,3624,1374,2,140000.0
7212,3625,572,1,50000.0
7213,3626,1218,3,40000.0
7214,3626,1277,2,120000.0
7215,3627,1022,2,40000.0
7216,3628,359,2,125000.0
7217,3629,1033,2,75000.0
7218,3629,1307,2,110000.0
7219,3630,1459,1,45000.0
7220,3630,1191,1,120000.0
7221,3630,538,1,75000.0
7222,3631,257,3,60000.0
7223,3631,942,3,130000.0
7224,3632,175,3,75000.0
7225,3632,853,1,40000.0
7226,3633,587,2,60000.0
7227,3633,1278,1,115000.0
7228,3634,544,3,105000.0
7229,3634,1047,3,90000.0
7230,3635,92,2,115000.0
7231,3635,437,1,40000.0
7232,3636,435,2,90000.0
7233,3636,654,3,75000.0
7234,3637,258,2,75000.0
7235,3637,787,1,50000.0
7236,3638,49,2,45000.0
7237,3639,268,1,70000.0
7238,3639,11,3,110000.0
7239,3639,569,3,55000.0
7240,3640,408,3,145000.0
7241,3640,1214,3,130000.0
7242,3640,402,3,85000.0
7243,3641,1102,3,40000.0
7244,3641,1335,3,80000.0
7245,3641,45,1,130000.0
7246,3642,1472,1,115000.0
7247,3642,10,1,60000.0
7248,3643,432,3,125000.0
7249,3643,123,2,75000.0
7250,3643,688,1,50000.0
7251,3644,600,2,65000.0
7252,3645,810,2,85000.0
7253,3645,61,2,85000.0
7254,3646,68,1,140000.0
7255,3646,148,1,50000.0
7256,3647,817,2,115000.0
7257,3648,53,2,60000.0
7258,3648,800,3,135000.0
7259,3649,372,2,75000.0
7260,3649,634,3,55000.0
7261,3649,388,2,45000.0
7262,3650,1269,1,70000.0
7263,3650,1168,3,95000.0
7264,3651,1104,3,95000.0
7265,3651,1480,3,45000.0
7266,3651,1119,2,30000.0
7267,3652,555,1,110000.0
7268,3653,310,1,60000.0
7269,3654,244,1,150000.0
7270,3655,318,3,150000.0
7271,3656,647,2,35000.0
7272,3656,99,1,85000.0
7273,3656,815,2,125000.0
7274,3657,655,1,50000.0
7275,3657,297,3,75000.0
7276,3657,1393,2,75000.0
7277,3658,991,2,55000.0
7278,3658,1320,3,40000.0
7279,3658,485,3,150000.0
7280,3659,626,1,70000.0
7281,3660,555,3,110000.0
7282,3660,484,1,100000.0
7283,3660,210,2,95000.0
7284,3661,442,3,105000.0
7285,3662,606,3,40000.0
7286,3663,98,3,140000.0
7287,3663,485,3,150000.0
7288,3663,1219,2,150000.0
7289,3664,1016,1,145000.0
7290,3665,1169,1,85000.0
7291,3666,1238,3,30000.0
7292,3666,1389,1,150000.0
7293,3666,358,3,120000.0
7294,3667,1088,3,35000.0
7295,3668,800,2,135000.0
7296,3668,565,2,30000.0
7297,3668,537,3,75000.0
7298,3669,834,3,70000.0
7299,3669,1468,3,105000.0
7300,3670,420,2,100000.0
7301,3670,1029,2,30000.0
7302,3671,1097,3,105000.0
7303,3671,563,3,50000.0
7304,3672,632,1,95000.0
7305,3672,38,2,95000.0
7306,3673,1403,2,85000.0
7307,3674,556,2,70000.0
7308,3674,1423,3,100000.0
7309,3674,1018,3,130000.0
7310,3675,92,2,115000.0
7311,3675,792,3,150000.0
7312,3675,949,2,115000.0
7313,3676,325,2,65000.0
7314,3676,1274,2,45000.0
7315,3676,33,2,65000.0
7316,3677,381,1,60000.0
7317,3677,1096,2,90000.0
7318,3678,1177,3,85000.0
7319,3679,22,2,100000.0
7320,3679,83,3,120000.0
7321,3680,173,3,65000.0
7322,3681,621,3,35000.0
7323,3682,421,2,95000.0
7324,3682,471,3,100000.0
7325,3682,311,2,55000.0
7326,3683,1463,2,65000.0
7327,3683,1120,2,30000.0
7328,3684,161,2,100000.0
7329,3684,367,2,110000.0
7330,3684,1378,1,85000.0
7331,3685,1222,3,145000.0
7332,3686,264,3,110000.0
7333,3686,1056,2,105000.0
7334,3687,30,1,80000.0
7335,3688,1009,3,125000.0
7336,3688,987,3,75000.0
7337,3689,692,1,135000.0
7338,3690,614,2,45000.0
7339,3690,224,1,95000.0
7340,3691,502,1,65000.0
7341,3691,38,3,95000.0
7342,3691,632,1,95000.0
7343,3692,1075,1,95000.0
7344,3693,110,2,100000.0
7345,3693,799,2,75000.0
7346,3693,961,2,145000.0
7347,3694,106,3,120000.0
7348,3694,1369,3,50000.0
7349,3695,233,1,40000.0
7350,3695,416,3,115000.0
7351,3696,898,3,55000.0
7352,3697,717,1,60000.0
7353,3697,117,3,110000.0
7354,3698,865,1,135000.0
7355,3699,760,1,55000.0
7356,3700,736,3,100000.0
7357,3700,1121,2,140000.0
7358,3701,936,2,150000.0
7359,3702,606,1,40000.0
7360,3703,1344,2,55000.0
7361,3703,652,1,90000.0
7362,3704,1382,1,85000.0
7363,3704,1324,1,110000.0
7364,3704,114,3,100000.0
7365,3705,550,3,35000.0
7366,3705,387,1,55000.0
7367,3706,987,2,75000.0
7368,3706,599,2,145000.0
7369,3706,365,3,110000.0
7370,3707,678,1,60000.0
7371,3707,1292,2,30000.0
7372,3707,240,2,90000.0
7373,3708,827,2,150000.0
7374,3709,1127,2,30000.0
7375,3710,1276,2,130000.0
7376,3710,1089,3,75000.0
7377,3711,1085,1,150000.0
7378,3711,707,1,120000.0
7379,3712,599,3,145000.0
7380,3712,365,3,110000.0
7381,3713,591,2,60000.0
7382,3714,559,1,70000.0
7383,3714,23,3,130000.0
7384,3714,1134,1,35000.0
7385,3715,1425,2,100000.0
7386,3715,911,2,130000.0
7387,3715,566,3,150000.0
7388,3716,61,3,85000.0
7389,3716,903,1,45000.0
7390,3716,810,1,85000.0
7391,3717,495,3,70000.0
7392,3717,1182,1,85000.0
7393,3717,1413,2,115000.0
7394,3718,1442,2,110000.0
7395,3718,1406,3,120000.0
7396,3718,1419,2,125000.0
7397,3719,299,1,115000.0
7398,3720,162,3,150000.0
7399,3721,420,3,100000.0
7400,3722,220,1,70000.0
7401,3722,857,1,65000.0
7402,3722,1094,3,65000.0
7403,3723,1250,1,140000.0
7404,3723,875,3,65000.0
7405,3723,139,3,35000.0
7406,3724,399,1,95000.0
7407,3724,934,2,110000.0
7408,3725,342,1,115000.0
7409,3725,1380,1,30000.0
7410,3725,620,2,105000.0
7411,3726,446,2,60000.0
7412,3726,724,2,105000.0
7413,3727,1364,1,30000.0
7414,3727,512,2,50000.0
7415,3727,291,2,30000.0
7416,3728,389,3,35000.0
7417,3728,243,2,45000.0
7418,3728,791,3,145000.0
7419,3729,106,1,120000.0
7420,3729,1277,3,120000.0
7421,3729,1218,3,40000.0
7422,3730,1361,1,120000.0
7423,3730,629,2,150000.0
7424,3731,1301,1,95000.0
7425,3731,124,1,105000.0
7426,3731,716,1,130000.0
7427,3732,826,2,55000.0
7428,3732,886,1,60000.0
7429,3732,650,3,105000.0
7430,3733,243,1,45000.0
7431,3733,651,3,115000.0
7432,3733,386,3,105000.0
7433,3734,555,3,110000.0
7434,3735,1327,3,135000.0
7435,3735,583,1,55000.0
7436,3736,453,1,30000.0
7437,3737,348,3,60000.0
7438,3737,898,1,55000.0
7439,3738,1384,2,145000.0
7440,3738,759,3,75000.0
7441,3739,751,3,135000.0
7442,3739,171,2,110000.0
7443,3740,488,1,70000.0
7444,3740,709,3,30000.0
7445,3741,38,2,95000.0
7446,3741,769,1,105000.0
7447,3742,676,2,30000.0
7448,3742,14,3,100000.0
7449,3743,1283,1,110000.0
7450,3743,1163,3,35000.0
7451,3744,26,3,50000.0
7452,3745,1403,3,85000.0
7453,3746,1421,1,85000.0
7454,3747,987,2,75000.0
7455,3748,1068,2,95000.0
7456,3749,1360,2,135000.0
7457,3750,204,3,100000.0
7458,3751,1209,1,35000.0
7459,3751,1102,1,40000.0
7460,3752,910,2,75000.0
7461,3752,468,3,45000.0
7462,3752,1410,1,145000.0
7463,3753,168,1,130000.0
7464,3754,241,3,150000.0
7465,3754,1267,3,135000.0
7466,3754,91,2,100000.0
7467,3755,231,1,90000.0
7468,3755,1084,1,95000.0
7469,3756,214,1,135000.0
7470,3756,531,1,65000.0
7471,3756,1497,3,95000.0
7472,3757,789,3,80000.0
7473,3758,841,1,50000.0
7474,3758,1488,3,95000.0
7475,3759,244,3,150000.0
7476,3759,1158,2,30000.0
7477,3760,649,3,75000.0
7478,3761,608,3,30000.0
7479,3761,858,2,95000.0
7480,3762,484,1,100000.0
7481,3763,62,3,125000.0
7482,3763,719,2,100000.0
7483,3763,1129,3,40000.0
7484,3764,820,2,45000.0
7485,3764,1444,1,110000.0
7486,3764,958,1,105000.0
7487,3765,581,2,60000.0
7488,3765,524,1,70000.0
7489,3765,843,1,135000.0
7490,3766,1230,1,85000.0
7491,3766,996,1,150000.0
7492,3766,1043,3,75000.0
7493,3767,781,3,60000.0
7494,3767,282,3,40000.0
7495,3767,329,3,60000.0
7496,3768,887,1,75000.0
7497,3769,594,1,145000.0
7498,3769,51,1,105000.0
7499,3770,1165,3,35000.0
7500,3770,607,3,145000.0
7501,3771,1446,1,105000.0
7502,3771,1034,2,35000.0
7503,3771,1167,3,60000.0
7504,3772,1158,2,30000.0
7505,3772,397,3,90000.0
7506,3772,244,1,150000.0
7507,3773,887,1,75000.0
7508,3774,473,3,60000.0
7509,3774,691,3,100000.0
7510,3775,549,2,150000.0
7511,3775,292,1,150000.0
7512,3776,1218,2,40000.0
7513,3777,604,1,65000.0
7514,3777,515,1,95000.0
7515,3778,1119,1,30000.0
7516,3779,794,1,150000.0
7517,3779,985,3,105000.0
7518,3780,148,2,50000.0
7519,3780,68,2,140000.0
7520,3781,516,3,45000.0
7521,3782,991,2,55000.0
7522,3782,1320,1,40000.0
7523,3783,655,1,50000.0
7524,3783,297,3,75000.0
7525,3783,1190,1,40000.0
7526,3784,1202,2,150000.0
7527,3784,1354,1,130000.0
7528,3784,955,1,95000.0
7529,3785,1118,3,120000.0
7530,3785,1030,3,115000.0
7531,3786,1363,1,70000.0
7532,3786,1284,3,35000.0
7533,3786,266,3,150000.0
7534,3787,616,3,140000.0
7535,3788,1349,3,140000.0
7536,3789,285,2,100000.0
7537,3789,663,2,50000.0
7538,3789,1278,1,115000.0
7539,3790,1020,1,130000.0
7540,3791,802,1,120000.0
7541,3791,714,2,70000.0
7542,3792,952,3,90000.0
7543,3793,1057,3,80000.0
7544,3794,26,3,50000.0
7545,3794,1386,2,40000.0
7546,3794,1397,2,50000.0
7547,3795,883,3,130000.0
7548,3795,1056,2,105000.0
7549,3796,192,3,145000.0
7550,3796,1104,3,95000.0
7551,3797,792,1,150000.0
7552,3797,437,1,40000.0
7553,3798,585,2,75000.0
7554,3799,810,3,85000.0
7555,3800,1425,1,100000.0
7556,3800,566,1,150000.0
7557,3800,868,2,90000.0
7558,3801,707,2,120000.0
7559,3802,204,1,100000.0
7560,3802,1469,1,100000.0
7561,3803,217,2,90000.0
7562,3804,211,1,75000.0
7563,3804,1241,3,150000.0
7564,3805,1073,1,35000.0
7565,3806,616,1,140000.0
7566,3806,336,1,110000.0
7567,3807,1235,2,80000.0
7568,3808,1213,1,90000.0
7569,3808,173,2,65000.0
7570,3809,888,2,55000.0
7571,3809,145,1,115000.0
7572,3810,604,3,65000.0
7573,3811,858,3,95000.0
7574,3811,1296,3,145000.0
7575,3812,796,2,50000.0
7576,3813,683,1,105000.0
7577,3814,1402,3,65000.0
7578,3814,1276,3,130000.0
7579,3814,504,3,70000.0
7580,3815,860,2,100000.0
7581,3815,97,2,125000.0
7582,3816,452,2,65000.0
7583,3817,728,3,105000.0
7584,3818,631,2,30000.0
7585,3818,982,3,45000.0
7586,3818,1268,3,65000.0
7587,3819,248,2,30000.0
7588,3820,286,2,145000.0
7589,3820,25,2,70000.0
7590,3821,1344,1,55000.0
7591,3821,140,3,115000.0
7592,3822,347,2,80000.0
7593,3823,168,2,130000.0
7594,3823,982,1,45000.0
7595,3823,1366,1,55000.0
7596,3824,1337,3,135000.0
7597,3824,874,2,80000.0
7598,3825,1437,2,75000.0
7599,3825,1198,1,45000.0
7600,3826,1312,3,120000.0
7601,3826,496,2,130000.0
7602,3827,1138,2,110000.0
7603,3827,1218,2,40000.0
7604,3828,645,3,35000.0
7605,3828,1064,1,35000.0
7606,3829,1142,3,50000.0
7607,3829,249,1,50000.0
7608,3829,649,3,75000.0
7609,3830,1496,3,90000.0
7610,3830,1171,1,115000.0
7611,3830,1155,2,35000.0
7612,3831,339,2,125000.0
7613,3831,434,1,150000.0
7614,3831,877,2,135000.0
7615,3832,1376,1,125000.0
7616,3832,1172,2,80000.0
7617,3832,1276,2,130000.0
7618,3833,761,2,50000.0
7619,3834,1407,2,120000.0
7620,3835,282,3,40000.0
7621,3836,1010,3,135000.0
7622,3836,1433,3,60000.0
7623,3837,343,1,140000.0
7624,3837,659,2,125000.0
7625,3837,1186,1,135000.0
7626,3838,1220,3,90000.0
7627,3838,1284,2,35000.0
7628,3838,266,1,150000.0
7629,3839,359,2,125000.0
7630,3840,1206,3,95000.0
7631,3841,441,1,60000.0
7632,3842,1332,1,40000.0
7633,3842,1032,1,60000.0
7634,3842,947,1,105000.0
7635,3843,1174,2,45000.0
7636,3844,549,1,150000.0
7637,3844,808,2,110000.0
7638,3845,204,1,100000.0
7639,3846,1207,2,75000.0
7640,3846,1235,2,80000.0
7641,3847,1376,2,125000.0
7642,3847,1449,1,30000.0
7643,3847,504,2,70000.0
7644,3848,400,2,140000.0
7645,3849,577,1,50000.0
7646,3850,224,1,95000.0
7647,3850,440,3,35000.0
7648,3851,109,3,40000.0
7649,3851,53,2,60000.0
7650,3851,1352,1,30000.0
7651,3852,1350,3,130000.0
7652,3852,1291,3,60000.0
7653,3852,1421,2,85000.0
7654,3853,1164,1,145000.0
7655,3853,790,3,45000.0
7656,3853,72,2,110000.0
7657,3854,806,1,30000.0
7658,3854,1326,3,145000.0
7659,3854,429,1,60000.0
7660,3855,1027,2,45000.0
7661,3856,125,2,105000.0
7662,3856,1093,2,80000.0
7663,3856,469,2,125000.0
7664,3857,1042,2,125000.0
7665,3857,1397,1,50000.0
7666,3858,37,2,145000.0
7667,3858,1118,1,120000.0
7668,3859,365,1,110000.0
7669,3859,1009,2,125000.0
7670,3860,1209,1,35000.0
7671,3860,1335,1,80000.0
7672,3861,123,2,75000.0
7673,3861,779,1,150000.0
7674,3862,470,1,115000.0
7675,3863,452,3,65000.0
7676,3863,618,3,55000.0
7677,3863,707,3,120000.0
7678,3864,554,3,45000.0
7679,3864,932,2,105000.0
7680,3864,538,3,75000.0
7681,3865,1350,1,130000.0
7682,3866,1398,3,30000.0
7683,3866,634,3,55000.0
7684,3867,888,1,55000.0
7685,3867,145,2,115000.0
7686,3868,927,1,95000.0
7687,3869,837,2,95000.0
7688,3870,1014,2,95000.0
7689,3871,942,3,130000.0
7690,3871,967,3,35000.0
7691,3871,889,1,135000.0
7692,3872,1250,1,140000.0
7693,3872,352,2,145000.0
7694,3872,1259,2,115000.0
7695,3873,602,2,115000.0
7696,3874,16,1,130000.0
7697,3874,921,2,45000.0
7698,3875,1048,3,125000.0
7699,3875,434,3,150000.0
7700,3876,649,1,75000.0
7701,3877,1059,2,75000.0
7702,3877,324,3,75000.0
7703,3878,665,1,120000.0
7704,3878,151,3,30000.0
7705,3878,1242,2,145000.0
7706,3879,1474,1,105000.0
7707,3879,1183,2,30000.0
7708,3880,707,2,120000.0
7709,3880,1085,1,150000.0
7710,3880,452,1,65000.0
7711,3881,405,1,115000.0
7712,3881,39,3,80000.0
7713,3882,1377,2,90000.0
7714,3883,820,3,45000.0
7715,3883,1444,2,110000.0
7716,3884,332,2,150000.0
7717,3885,706,3,145000.0
7718,3885,639,2,30000.0
7719,3886,1260,2,65000.0
7720,3886,177,2,145000.0
7721,3887,765,2,150000.0
7722,3887,1087,2,145000.0
7723,3887,704,3,75000.0
7724,3888,8,1,65000.0
7725,3888,684,1,95000.0
7726,3888,514,2,80000.0
7727,3889,146,3,140000.0
7728,3890,1320,2,40000.0
7729,3890,485,1,150000.0
7730,3891,1191,1,120000.0
7731,3891,1492,1,150000.0
7732,3891,989,3,150000.0
7733,3892,899,3,40000.0
7734,3892,1405,2,145000.0
7735,3892,449,1,30000.0
7736,3893,145,1,115000.0
7737,3893,832,1,90000.0
7738,3894,599,1,145000.0
7739,3894,758,3,110000.0
7740,3895,1239,2,150000.0
7741,3895,1096,2,90000.0
7742,3895,325,1,65000.0
7743,3896,238,1,85000.0
7744,3896,681,1,130000.0
7745,3897,464,3,45000.0
7746,3898,334,1,70000.0
7747,3898,906,2,125000.0
7748,3898,1216,3,85000.0
7749,3899,1392,3,130000.0
7750,3899,204,3,100000.0
7751,3899,1469,3,100000.0
7752,3900,789,2,80000.0
7753,3900,390,2,85000.0
7754,3901,1118,1,120000.0
7755,3901,37,3,145000.0
7756,3902,523,2,135000.0
7757,3903,878,2,55000.0
7758,3903,696,2,150000.0
7759,3904,483,3,125000.0
7760,3904,899,2,40000.0
7761,3905,842,3,145000.0
7762,3906,950,2,80000.0
7763,3906,135,1,90000.0
7764,3906,776,2,50000.0
7765,3907,1072,2,105000.0
7766,3908,400,3,140000.0
7767,3908,1470,1,95000.0
7768,3909,1135,3,80000.0
7769,3909,1067,1,55000.0
7770,3909,1063,1,115000.0
7771,3910,1184,3,125000.0
7772,3910,641,2,145000.0
7773,3911,1234,3,60000.0
7774,3911,849,1,115000.0
7775,3912,1404,2,65000.0
7776,3912,686,2,90000.0
7777,3913,438,3,90000.0
7778,3913,268,2,70000.0
7779,3913,642,1,80000.0
7780,3914,132,3,50000.0
7781,3914,1371,1,40000.0
7782,3915,658,1,85000.0
7783,3915,422,2,140000.0
7784,3915,1004,2,150000.0
7785,3916,1221,2,70000.0
7786,3917,873,2,85000.0
7787,3917,1299,1,130000.0
7788,3917,212,3,130000.0
7789,3918,586,1,45000.0
7790,3919,1084,1,95000.0
7791,3919,568,1,30000.0
7792,3919,1403,1,85000.0
7793,3920,1337,3,135000.0
7794,3920,874,3,80000.0
7795,3921,885,1,55000.0
7796,3921,16,1,130000.0
7797,3921,921,3,45000.0
7798,3922,70,3,70000.0
7799,3923,641,1,145000.0
7800,3923,108,2,70000.0
7801,3923,1184,3,125000.0
7802,3924,829,1,150000.0
7803,3924,1198,1,45000.0
7804,3924,1437,1,75000.0
7805,3925,27,2,105000.0
7806,3926,1185,1,105000.0
7807,3926,1041,1,30000.0
7808,3927,771,2,70000.0
7809,3927,704,1,75000.0
7810,3927,1087,1,145000.0
7811,3928,412,2,35000.0
7812,3929,580,3,45000.0
7813,3929,1331,1,30000.0
7814,3930,1350,3,130000.0
7815,3930,1421,1,85000.0
7816,3930,1291,1,60000.0
7817,3931,903,1,45000.0
7818,3931,61,2,85000.0
7819,3932,460,2,110000.0
7820,3932,1318,1,135000.0
7821,3932,500,1,150000.0
7822,3933,141,3,90000.0
7823,3933,346,2,85000.0
7824,3933,56,2,150000.0
7825,3934,717,3,60000.0
7826,3935,802,3,120000.0
7827,3936,269,2,85000.0
7828,3937,416,3,115000.0
7829,3938,969,3,140000.0
7830,3938,1494,1,30000.0
7831,3939,1090,2,110000.0
7832,3939,559,2,70000.0
7833,3940,323,2,120000.0
7834,3940,447,3,105000.0
7835,3940,1355,2,100000.0
7836,3941,1175,2,90000.0
7837,3941,503,2,85000.0
7838,3941,944,2,65000.0
7839,3942,447,3,105000.0
7840,3942,806,1,30000.0
7841,3943,349,1,135000.0
7842,3943,1486,2,50000.0
7843,3943,1023,3,125000.0
7844,3944,395,2,120000.0
7845,3944,836,2,65000.0
7846,3945,565,1,30000.0
7847,3945,390,1,85000.0
7848,3946,1162,3,50000.0
7849,3946,355,3,85000.0
7850,3947,679,2,55000.0
7851,3947,1412,1,110000.0
7852,3947,1070,3,120000.0
7853,3948,1414,3,75000.0
7854,3949,196,3,135000.0
7855,3949,377,3,145000.0
7856,3950,156,2,120000.0
7857,3950,446,2,60000.0
7858,3951,68,2,140000.0
7859,3952,529,1,125000.0
7860,3952,1447,1,110000.0
7861,3952,914,1,65000.0
7862,3953,888,1,55000.0
7863,3953,693,3,140000.0
7864,3953,772,2,55000.0
7865,3954,861,1,80000.0
7866,3954,362,1,60000.0
7867,3954,247,3,70000.0
7868,3955,186,2,80000.0
7869,3956,276,3,110000.0
7870,3956,575,1,40000.0
7871,3956,25,1,70000.0
7872,3957,1008,3,50000.0
7873,3957,719,3,100000.0
7874,3958,1086,3,35000.0
7875,3958,1497,1,95000.0
7876,3958,1169,1,85000.0
7877,3959,105,1,150000.0
7878,3959,852,2,120000.0
7879,3959,229,1,150000.0
7880,3960,380,3,45000.0
7881,3961,138,2,110000.0
7882,3962,614,1,45000.0
7883,3962,440,3,35000.0
7884,3963,512,1,50000.0
7885,3963,140,2,115000.0
7886,3963,597,2,110000.0
7887,3964,166,3,90000.0
7888,3965,1145,1,125000.0
7889,3965,40,2,75000.0
7890,3965,945,1,50000.0
7891,3966,768,2,50000.0
7892,3967,1068,2,95000.0
7893,3968,28,2,110000.0
7894,3969,172,1,120000.0
7895,3969,377,3,145000.0
7896,3969,9,2,45000.0
7897,3970,255,2,125000.0
7898,3971,1328,1,55000.0
7899,3972,191,3,105000.0
7900,3972,973,3,30000.0
7901,3973,502,1,65000.0
7902,3973,38,3,95000.0
7903,3973,769,2,105000.0
7904,3974,1146,2,35000.0
7905,3974,679,1,55000.0
7906,3974,1412,3,110000.0
7907,3975,928,2,130000.0
7908,3975,530,3,50000.0
7909,3975,1021,1,50000.0
7910,3976,157,2,130000.0
7911,3976,858,1,95000.0
7912,3977,959,2,115000.0
7913,3977,1377,2,90000.0
7914,3978,330,1,100000.0
7915,3978,114,1,100000.0
7916,3978,1324,3,110000.0
7917,3979,940,1,95000.0
7918,3979,361,3,110000.0
7919,3979,1197,3,125000.0
7920,3980,912,3,75000.0
7921,3980,1445,2,45000.0
7922,3981,1450,3,120000.0
7923,3981,77,1,120000.0
7924,3981,1094,1,65000.0
7925,3982,1399,2,140000.0
7926,3982,546,2,125000.0
7927,3983,148,3,50000.0
7928,3983,68,3,140000.0
7929,3984,1265,2,30000.0
7930,3984,581,3,60000.0
7931,3985,296,2,75000.0
7932,3986,829,1,150000.0
7933,3986,1198,3,45000.0
7934,3987,740,2,135000.0
7935,3988,563,3,50000.0
7936,3988,188,2,75000.0
7937,3988,383,1,65000.0
7938,3989,1143,2,60000.0
7939,3989,448,2,80000.0
7940,3990,253,2,115000.0
7941,3991,1340,2,65000.0
7942,3992,1060,1,65000.0
7943,3993,149,2,105000.0
7944,3993,1047,2,90000.0
7945,3993,18,3,80000.0
7946,3994,1069,3,150000.0
7947,3994,578,2,55000.0
7948,3995,961,1,145000.0
7949,3996,638,2,80000.0
7950,3996,1331,1,30000.0
7951,3996,580,1,45000.0
7952,3997,787,1,50000.0
7953,3997,6,3,150000.0
7954,3997,258,3,75000.0
7955,3998,1426,1,140000.0
7956,3998,426,2,140000.0
7957,3999,1461,3,135000.0
7958,3999,1233,2,85000.0
7959,4000,224,2,95000.0
7960,4001,195,3,90000.0
7961,4002,778,3,105000.0
7962,4002,1012,3,45000.0
7963,4003,927,1,95000.0
7964,4003,102,1,60000.0
7965,4003,1022,3,40000.0
7966,4004,1259,2,115000.0
7967,4004,1250,2,140000.0
7968,4004,629,1,150000.0
7969,4005,136,2,35000.0
7970,4005,1011,2,100000.0
7971,4005,650,1,105000.0
7972,4006,259,1,80000.0
7973,4006,1341,2,120000.0
7974,4006,700,2,100000.0
7975,4007,1349,3,140000.0
7976,4008,879,3,65000.0
7977,4008,1464,1,90000.0
7978,4009,1188,1,40000.0
7979,4009,1418,2,135000.0
7980,4009,322,3,135000.0
7981,4010,1274,1,45000.0
7982,4011,1214,1,130000.0
7983,4011,118,2,105000.0
7984,4011,402,1,85000.0
7985,4012,1270,1,80000.0
7986,4012,1420,1,145000.0
7987,4013,116,3,125000.0
7988,4013,738,1,55000.0
7989,4014,822,3,140000.0
7990,4014,144,2,105000.0
7991,4015,1477,1,70000.0
7992,4015,1384,2,145000.0
7993,4016,1022,1,40000.0
7994,4016,102,1,60000.0
7995,4017,867,1,60000.0
7996,4017,930,3,40000.0
7997,4018,673,3,80000.0
7998,4019,904,3,30000.0
7999,4019,997,3,40000.0
8000,4020,1415,1,70000.0
8001,4021,1403,3,85000.0
8002,4022,631,2,30000.0
8003,4022,154,1,105000.0
8004,4022,545,3,75000.0
8005,4023,401,3,105000.0
8006,4023,831,3,40000.0
8007,4024,913,3,55000.0
8008,4024,859,1,65000.0
8009,4025,679,2,55000.0
8010,4025,48,2,135000.0
8011,4025,1146,3,35000.0
8012,4026,468,1,45000.0
8013,4026,1410,3,145000.0
8014,4027,320,1,125000.0
8015,4027,186,1,80000.0
8016,4028,1233,1,85000.0
8017,4028,1461,1,135000.0
8018,4028,661,1,125000.0
8019,4029,1408,2,45000.0
8020,4029,166,1,90000.0
8021,4030,1046,3,90000.0
8022,4031,448,2,80000.0
8023,4031,1143,1,60000.0
8024,4032,1032,2,60000.0
8025,4033,667,2,75000.0
8026,4033,320,2,125000.0
8027,4034,1275,3,75000.0
8028,4035,758,3,110000.0
8029,4035,1009,1,125000.0
8030,4035,193,3,145000.0
8031,4036,253,1,115000.0
8032,4036,716,1,130000.0
8033,4037,453,2,30000.0
8034,4037,455,1,65000.0
8035,4037,898,3,55000.0
8036,4038,868,1,90000.0
8037,4038,911,2,130000.0
8038,4038,566,2,150000.0
8039,4039,512,2,50000.0
8040,4040,1235,1,80000.0
8041,4041,234,3,90000.0
8042,4041,597,3,110000.0
8043,4041,856,2,120000.0
8044,4042,1404,1,65000.0
8045,4042,712,1,55000.0
8046,4042,913,1,55000.0
8047,4043,331,1,150000.0
8048,4043,764,2,80000.0
8049,4043,1293,2,110000.0
8050,4044,319,3,85000.0
8051,4044,194,1,35000.0
8052,4045,806,2,30000.0
8053,4045,682,3,30000.0
8054,4045,459,1,70000.0
8055,4046,828,3,120000.0
8056,4046,1264,3,85000.0
8057,4047,1245,2,100000.0
8058,4047,477,2,115000.0
8059,4047,785,2,140000.0
8060,4048,1482,2,115000.0
8061,4048,290,2,140000.0
8062,4048,761,1,50000.0
8063,4049,287,1,110000.0
8064,4049,329,2,60000.0
8065,4050,301,1,40000.0
8066,4050,1415,2,70000.0
8067,4051,496,1,130000.0
8068,4051,1312,2,120000.0
8069,4051,305,3,140000.0
8070,4052,750,3,130000.0
8071,4052,1001,3,40000.0
8072,4052,480,1,115000.0
8073,4053,1337,2,135000.0
8074,4054,991,3,55000.0
8075,4054,485,3,150000.0
8076,4055,633,2,55000.0
8077,4055,350,1,60000.0
8078,4056,794,2,150000.0
8079,4057,655,3,50000.0
8080,4057,1024,2,45000.0
8081,4058,305,2,140000.0
8082,4058,692,3,135000.0
8083,4058,977,1,50000.0
8084,4059,1038,1,85000.0
8085,4059,811,1,90000.0
8086,4059,261,1,120000.0
8087,4060,186,2,80000.0
8088,4061,1324,3,110000.0
8089,4062,765,3,150000.0
8090,4062,1087,1,145000.0
8091,4062,704,3,75000.0
8092,4063,839,1,55000.0
8093,4063,392,2,50000.0
8094,4064,1013,1,80000.0
8095,4064,295,3,80000.0
8096,4065,812,1,85000.0
8097,4065,400,2,140000.0
8098,4066,546,1,125000.0
8099,4066,93,2,85000.0
8100,4066,1399,2,140000.0
8101,4067,85,3,105000.0
8102,4067,379,2,75000.0
8103,4067,489,2,70000.0
8104,4068,898,1,55000.0
8105,4068,453,3,30000.0
8106,4068,455,3,65000.0
8107,4069,1323,2,120000.0
8108,4069,890,3,130000.0
8109,4070,1099,3,145000.0
8110,4070,1178,1,50000.0
8111,4070,357,1,140000.0
8112,4071,944,1,65000.0
8113,4071,27,3,105000.0
8114,4071,1453,2,50000.0
8115,4072,61,1,85000.0
8116,4072,810,2,85000.0
8117,4073,1452,1,50000.0
8118,4073,563,2,50000.0
8119,4073,383,2,65000.0
8120,4074,925,3,105000.0
8121,4074,986,1,110000.0
8122,4075,750,3,130000.0
8123,4075,1196,2,140000.0
8124,4075,480,2,115000.0
8125,4076,875,1,65000.0
8126,4077,331,3,150000.0
8127,4077,764,2,80000.0
8128,4078,790,2,45000.0
8129,4078,270,1,60000.0
8130,4078,1164,1,145000.0
8131,4079,1000,3,110000.0
8132,4079,787,1,50000.0
8133,4079,413,2,65000.0
8134,4080,489,3,70000.0
8135,4080,776,3,50000.0
8136,4081,829,1,150000.0
8137,4081,1198,3,45000.0
8138,4081,1437,1,75000.0
8139,4082,1006,1,90000.0
8140,4082,114,2,100000.0
8141,4082,1324,3,110000.0
8142,4083,826,3,55000.0
8143,4083,450,3,70000.0
8144,4083,136,2,35000.0
8145,4084,191,1,105000.0
8146,4084,973,3,30000.0
8147,4084,58,3,50000.0
8148,4085,337,1,110000.0
8149,4085,780,2,55000.0
8150,4086,1057,2,80000.0
8151,4086,400,3,140000.0
8152,4087,127,3,135000.0
8153,4088,1254,3,55000.0
8154,4088,611,1,130000.0
8155,4088,133,1,40000.0
8156,4089,413,2,65000.0
8157,4090,1480,2,45000.0
8158,4090,192,2,145000.0
8159,4091,67,3,145000.0
8160,4091,880,3,60000.0
8161,4092,1431,3,120000.0
8162,4093,341,3,35000.0
8163,4093,1453,1,50000.0
8164,4094,1029,2,30000.0
8165,4094,420,2,100000.0
8166,4094,962,1,140000.0
8167,4095,1473,3,70000.0
8168,4095,651,1,115000.0
8169,4095,386,1,105000.0
8170,4096,1330,1,115000.0
8171,4097,1128,3,80000.0
8172,4097,581,3,60000.0
8173,4098,993,1,30000.0
8174,4099,707,2,120000.0
8175,4099,452,3,65000.0
8176,4100,1090,2,110000.0
8177,4100,690,1,105000.0
8178,4100,212,1,130000.0
8179,4101,1034,2,35000.0
8180,4101,1446,2,105000.0
8181,4101,1167,2,60000.0
8182,4102,1151,3,65000.0
8183,4103,1348,3,125000.0
8184,4103,663,1,50000.0
8185,4103,1483,2,30000.0
8186,4104,629,3,150000.0
8187,4104,1250,2,140000.0
8188,4104,1259,1,115000.0
8189,4105,779,1,150000.0
8190,4106,844,2,125000.0
8191,4106,350,1,60000.0
8192,4106,824,1,70000.0
8193,4107,836,1,65000.0
8194,4107,30,1,80000.0
8195,4108,256,1,115000.0
8196,4108,117,3,110000.0
8197,4109,61,3,85000.0
8198,4109,903,1,45000.0
8199,4110,1026,2,125000.0
8200,4110,402,3,85000.0
8201,4110,946,3,100000.0
8202,4111,542,3,85000.0
8203,4111,747,2,90000.0
8204,4111,770,1,130000.0
8205,4112,758,2,110000.0
8206,4113,390,2,85000.0
8207,4113,789,3,80000.0
8208,4113,800,3,135000.0
8209,4114,1014,3,95000.0
8210,4115,1144,2,80000.0
8211,4115,1077,1,115000.0
8212,4116,556,2,70000.0
8213,4117,321,2,95000.0
8214,4117,593,1,85000.0
8215,4118,61,3,85000.0
8216,4118,810,2,85000.0
8217,4119,1322,3,125000.0
8218,4120,575,1,40000.0
8219,4120,25,2,70000.0
8220,4120,276,1,110000.0
8221,4121,918,1,100000.0
8222,4121,71,1,150000.0
8223,4122,515,3,95000.0
8224,4122,604,2,65000.0
8225,4122,237,3,125000.0
8226,4123,1235,1,80000.0
8227,4123,1207,3,75000.0
8228,4124,653,2,130000.0
8229,4124,492,3,80000.0
8230,4124,177,1,145000.0
8231,4125,611,1,130000.0
8232,4126,299,1,115000.0
8233,4127,940,2,95000.0
8234,4128,534,2,90000.0
8235,4128,24,3,130000.0
8236,4129,638,3,80000.0
8237,4130,30,1,80000.0
8238,4130,1359,2,30000.0
8239,4130,104,2,30000.0
8240,4131,56,1,150000.0
8241,4131,346,3,85000.0
8242,4131,743,3,145000.0
8243,4132,369,3,100000.0
8244,4132,1201,1,85000.0
8245,4132,1426,3,140000.0
8246,4133,993,1,30000.0
8247,4134,1141,1,65000.0
8248,4134,871,2,75000.0
8249,4135,631,1,30000.0
8250,4135,168,2,130000.0
8251,4135,1366,3,55000.0
8252,4136,174,2,50000.0
8253,4136,428,3,40000.0
8254,4136,345,1,70000.0
8255,4137,1430,2,65000.0
8256,4138,489,3,70000.0
8257,4138,85,2,105000.0
8258,4139,713,3,80000.0
8259,4139,1061,1,85000.0
8260,4140,24,2,130000.0
8261,4140,217,3,90000.0
8262,4141,64,3,140000.0
8263,4141,805,1,80000.0
8264,4142,182,3,90000.0
8265,4142,1223,1,100000.0
8266,4143,777,3,60000.0
8267,4143,69,1,105000.0
8268,4143,491,3,35000.0
8269,4144,187,2,75000.0
8270,4144,1360,3,135000.0
8271,4144,409,1,60000.0
8272,4145,341,1,35000.0
8273,4145,503,2,85000.0
8274,4146,273,3,65000.0
8275,4146,366,3,115000.0
8276,4146,973,2,30000.0
8277,4147,760,3,55000.0
8278,4147,1264,2,85000.0
8279,4148,1445,1,45000.0
8280,4148,530,1,50000.0
8281,4149,519,2,110000.0
8282,4150,948,2,140000.0
8283,4151,342,1,115000.0
8284,4152,867,2,60000.0
8285,4152,675,3,40000.0
8286,4153,933,1,60000.0
8287,4153,760,3,55000.0
8288,4153,1264,1,85000.0
8289,4154,466,3,60000.0
8290,4154,1329,3,65000.0
8291,4154,561,1,85000.0
8292,4155,688,1,50000.0
8293,4155,1246,1,110000.0
8294,4156,807,2,65000.0
8295,4156,887,2,75000.0
8296,4157,1104,2,95000.0
8297,4157,1480,1,45000.0
8298,4158,568,1,30000.0
8299,4158,1431,2,120000.0
8300,4158,1084,1,95000.0
8301,4159,558,2,40000.0
8302,4159,161,1,100000.0
8303,4159,795,2,90000.0
8304,4160,85,3,105000.0
8305,4160,135,2,90000.0
8306,4160,776,2,50000.0
8307,4161,1009,2,125000.0
8308,4161,1199,1,90000.0
8309,4161,207,3,125000.0
8310,4162,974,3,95000.0
8311,4162,1396,3,120000.0
8312,4163,1166,3,30000.0
8313,4163,332,2,150000.0
8314,4163,90,2,85000.0
8315,4164,359,2,125000.0
8316,4165,1428,3,75000.0
8317,4166,71,2,150000.0
8318,4166,1371,1,40000.0
8319,4166,165,3,130000.0
8320,4167,271,1,100000.0
8321,4167,1187,3,65000.0
8322,4168,1371,2,40000.0
8323,4168,132,2,50000.0
8324,4169,425,2,40000.0
8325,4169,1241,2,150000.0
8326,4170,1096,3,90000.0
8327,4171,1204,2,95000.0
8328,4171,1409,2,105000.0
8329,4172,1401,3,75000.0
8330,4173,1064,1,35000.0
8331,4173,10,1,60000.0
8332,4173,380,1,45000.0
8333,4174,462,1,150000.0
8334,4174,647,2,35000.0
8335,4175,54,3,30000.0
8336,4175,201,2,35000.0
8337,4176,1498,1,145000.0
8338,4176,442,3,105000.0
8339,4177,1413,1,115000.0
8340,4178,617,3,30000.0
8341,4178,435,3,90000.0
8342,4178,654,3,75000.0
8343,4179,497,1,115000.0
8344,4179,675,3,40000.0
8345,4180,850,1,95000.0
8346,4181,951,1,85000.0
8347,4181,1384,1,145000.0
8348,4181,759,3,75000.0
8349,4182,435,3,90000.0
8350,4183,722,3,125000.0
8351,4183,340,1,50000.0
8352,4184,1133,2,30000.0
8353,4184,516,3,45000.0
8354,4185,896,2,135000.0
8355,4185,347,1,80000.0
8356,4186,1251,3,100000.0
8357,4187,450,2,70000.0
8358,4187,636,1,75000.0
8359,4187,112,3,120000.0
8360,4188,1305,2,45000.0
8361,4188,479,1,55000.0
8362,4188,710,3,110000.0
8363,4189,800,2,135000.0
8364,4189,1352,2,30000.0
8365,4190,1473,1,70000.0
8366,4190,651,1,115000.0
8367,4191,66,2,80000.0
8368,4191,807,2,65000.0
8369,4191,887,1,75000.0
8370,4192,1024,3,45000.0
8371,4192,655,1,50000.0
8372,4192,297,1,75000.0
8373,4193,1279,3,140000.0
8374,4193,1354,3,130000.0
8375,4194,1391,1,125000.0
8376,4194,876,1,110000.0
8377,4194,1499,2,35000.0
8378,4195,739,1,35000.0
8379,4196,1434,1,95000.0
8380,4196,1454,1,85000.0
8381,4196,399,1,95000.0
8382,4197,1350,2,130000.0
8383,4197,1127,3,30000.0
8384,4197,1291,1,60000.0
8385,4198,305,1,140000.0
8386,4198,692,3,135000.0
8387,4198,1312,2,120000.0
8388,4199,123,2,75000.0
8389,4199,309,2,45000.0
8390,4199,779,3,150000.0
8391,4200,1064,1,35000.0
8392,4200,645,3,35000.0
8393,4201,324,1,75000.0
8394,4202,1095,1,130000.0
8395,4202,664,2,150000.0
8396,4203,1447,2,110000.0
8397,4204,564,3,35000.0
8398,4205,69,1,105000.0
8399,4206,394,3,100000.0
8400,4207,673,2,80000.0
8401,4208,85,2,105000.0
8402,4208,379,2,75000.0
8403,4208,776,1,50000.0
8404,4209,824,2,70000.0
8405,4209,844,2,125000.0
8406,4209,633,3,55000.0
8407,4210,400,3,140000.0
8408,4210,393,2,50000.0
8409,4211,50,3,110000.0
8410,4211,677,3,150000.0
8411,4211,615,2,125000.0
8412,4212,1225,3,100000.0
8413,4213,1432,2,45000.0
8414,4213,130,3,100000.0
8415,4214,1172,1,80000.0
8416,4214,504,3,70000.0
8417,4214,1276,2,130000.0
8418,4215,365,1,110000.0
8419,4216,737,1,125000.0
8420,4216,792,1,150000.0
8421,4216,1108,2,85000.0
8422,4217,1435,2,110000.0
8423,4217,1078,3,130000.0
8424,4218,991,3,55000.0
8425,4218,485,3,150000.0
8426,4219,26,1,50000.0
8427,4219,1397,1,50000.0
8428,4220,491,1,35000.0
8429,4221,1191,3,120000.0
8430,4221,1459,3,45000.0
8431,4222,389,2,35000.0
8432,4222,651,1,115000.0
8433,4223,523,1,135000.0
8434,4223,966,3,125000.0
8435,4224,206,1,115000.0
8436,4224,696,1,150000.0
8437,4225,977,3,50000.0
8438,4226,475,3,55000.0
8439,4226,1010,1,135000.0
8440,4227,1159,2,85000.0
8441,4228,835,1,130000.0
8442,4229,1279,1,140000.0
8443,4229,1202,2,150000.0
8444,4230,1247,3,80000.0
8445,4230,69,3,105000.0
8446,4230,777,2,60000.0
8447,4231,843,3,135000.0
8448,4231,1438,1,90000.0
8449,4231,735,3,125000.0
8450,4232,1477,2,70000.0
8451,4232,1384,1,145000.0
8452,4232,1211,3,45000.0
8453,4233,1036,2,70000.0
8454,4234,1218,3,40000.0
8455,4234,106,3,120000.0
8456,4235,855,1,40000.0
8457,4235,137,2,120000.0
8458,4235,1299,3,130000.0
8459,4236,507,2,100000.0
8460,4237,22,2,100000.0
8461,4238,974,3,95000.0
8462,4238,1396,1,120000.0
8463,4239,59,1,150000.0
8464,4239,1237,3,90000.0
8465,4240,564,2,35000.0
8466,4240,1480,1,45000.0
8467,4240,1104,2,95000.0
8468,4241,929,2,80000.0
8469,4241,355,1,85000.0
8470,4241,557,2,55000.0
8471,4242,1448,1,100000.0
8472,4242,177,1,145000.0
8473,4243,1138,1,110000.0
8474,4243,1218,1,40000.0
8475,4244,700,1,100000.0
8476,4245,464,3,45000.0
8477,4245,55,1,65000.0
8478,4245,637,2,80000.0
8479,4246,485,2,150000.0
8480,4247,1065,2,80000.0
8481,4247,6,3,150000.0
8482,4248,190,1,85000.0
8483,4248,277,1,120000.0
8484,4249,63,1,45000.0
8485,4250,244,2,150000.0
8486,4250,1173,1,100000.0
8487,4251,55,2,65000.0
8488,4252,1386,3,40000.0
8489,4252,179,3,60000.0
8490,4252,1397,1,50000.0
8491,4253,1397,2,50000.0
8492,4253,26,2,50000.0
8493,4254,441,1,60000.0
8494,4254,766,2,100000.0
8495,4255,1176,2,60000.0
8496,4255,520,1,55000.0
8497,4255,238,3,85000.0
8498,4256,649,2,75000.0
8499,4256,1330,3,115000.0
8500,4257,1492,3,150000.0
8501,4258,698,3,115000.0
8502,4259,939,1,130000.0
8503,4259,895,3,45000.0
8504,4259,612,3,120000.0
8505,4260,204,2,100000.0
8506,4260,1392,3,130000.0
8507,4260,1076,2,105000.0
8508,4261,926,1,140000.0
8509,4262,63,3,45000.0
8510,4262,1147,1,90000.0
8511,4262,440,1,35000.0
8512,4263,523,3,135000.0
8513,4264,1121,3,140000.0
8514,4264,848,1,35000.0
8515,4264,736,1,100000.0
8516,4265,1100,3,125000.0
8517,4265,936,2,150000.0
8518,4266,1074,3,110000.0
8519,4266,1351,1,40000.0
8520,4266,910,2,75000.0
8521,4267,987,3,75000.0
8522,4268,1076,2,105000.0
8523,4268,1392,2,130000.0
8524,4269,317,1,135000.0
8525,4269,548,1,110000.0
8526,4270,1102,1,40000.0
8527,4270,1335,1,80000.0
8528,4271,537,1,75000.0
8529,4272,308,2,100000.0
8530,4272,714,1,70000.0
8531,4272,1347,2,135000.0
8532,4273,505,1,140000.0
8533,4273,696,1,150000.0
8534,4274,385,1,30000.0
8535,4274,1168,1,95000.0
8536,4275,488,1,70000.0
8537,4276,1198,2,45000.0
8538,4276,1437,2,75000.0
8539,4276,829,1,150000.0
8540,4277,780,1,55000.0
8541,4277,170,3,120000.0
8542,4278,220,3,70000.0
8543,4278,857,2,65000.0
8544,4278,77,1,120000.0
8545,4279,496,3,130000.0
8546,4279,746,2,50000.0
8547,4279,305,1,140000.0
8548,4280,638,2,80000.0
8549,4280,129,1,110000.0
8550,4280,580,2,45000.0
8551,4281,1030,2,115000.0
8552,4281,37,1,145000.0
8553,4282,320,3,125000.0
8554,4283,493,2,90000.0
8555,4283,262,3,105000.0
8556,4283,818,2,65000.0
8557,4284,879,3,65000.0
8558,4284,869,1,115000.0
8559,4285,180,1,90000.0
8560,4285,881,1,120000.0
8561,4286,489,2,70000.0
8562,4286,379,2,75000.0
8563,4286,135,2,90000.0
8564,4287,1127,2,30000.0
8565,4287,1421,1,85000.0
8566,4287,1350,1,130000.0
8567,4288,1447,3,110000.0
8568,4289,184,3,140000.0
8569,4289,962,2,140000.0
8570,4290,166,2,90000.0
8571,4291,170,2,120000.0
8572,4291,1045,1,150000.0
8573,4291,796,2,50000.0
8574,4292,455,2,65000.0
8575,4293,1435,1,110000.0
8576,4294,140,3,115000.0
8577,4294,961,3,145000.0
8578,4295,56,2,150000.0
8579,4295,743,3,145000.0
8580,4296,1179,1,80000.0
8581,4297,1335,2,80000.0
8582,4298,1305,1,45000.0
8583,4298,1071,3,110000.0
8584,4299,833,3,70000.0
8585,4300,277,3,120000.0
8586,4300,1418,2,135000.0
8587,4300,322,1,135000.0
8588,4301,1174,3,45000.0
8589,4301,75,2,35000.0
8590,4301,1472,2,115000.0
8591,4302,761,2,50000.0
8592,4302,290,3,140000.0
8593,4303,51,2,105000.0
8594,4304,87,1,135000.0
8595,4304,1136,3,70000.0
8596,4305,545,3,75000.0
8597,4305,508,1,70000.0
8598,4305,982,2,45000.0
8599,4306,338,2,80000.0
8600,4306,506,3,30000.0
8601,4307,523,1,135000.0
8602,4307,966,3,125000.0
8603,4308,1288,2,105000.0
8604,4309,142,2,35000.0
8605,4310,1169,2,85000.0
8606,4311,258,1,75000.0
8607,4311,1441,1,55000.0
8608,4312,546,1,125000.0
8609,4313,170,1,120000.0
8610,4313,780,2,55000.0
8611,4313,1045,1,150000.0
8612,4314,1500,1,70000.0
8613,4315,38,1,95000.0
8614,4316,101,1,135000.0
8615,4316,1053,2,115000.0
8616,4317,526,1,75000.0
8617,4318,585,3,75000.0
8618,4318,793,2,75000.0
8619,4319,1472,2,115000.0
8620,4319,310,2,60000.0
8621,4319,75,2,35000.0
8622,4320,654,2,75000.0
8623,4320,1036,3,70000.0
8624,4321,85,1,105000.0
8625,4322,1346,1,55000.0
8626,4322,962,1,140000.0
8627,4322,115,2,120000.0
8628,4323,1211,1,45000.0
8629,4323,951,3,85000.0
8630,4324,28,2,110000.0
8631,4324,908,2,95000.0
8632,4324,1160,1,50000.0
8633,4325,550,3,35000.0
8634,4325,387,2,55000.0
8635,4326,1287,3,40000.0
8636,4327,945,1,50000.0
8637,4327,202,3,60000.0
8638,4328,1132,1,150000.0
8639,4328,788,1,70000.0
8640,4328,1144,2,80000.0
8641,4329,1381,3,130000.0
8642,4330,639,1,30000.0
8643,4330,275,2,110000.0
8644,4331,578,2,55000.0
8645,4331,1069,3,150000.0
8646,4331,965,1,150000.0
8647,4332,1167,2,60000.0
8648,4332,1197,3,125000.0
8649,4333,379,2,75000.0
8650,4334,926,1,140000.0
8651,4335,901,2,35000.0
8652,4336,372,1,75000.0
8653,4336,1377,2,90000.0
8654,4336,959,3,115000.0
8655,4337,9,1,45000.0
8656,4337,267,2,150000.0
8657,4338,488,2,70000.0
8658,4338,894,1,100000.0
8659,4338,1302,3,150000.0
8660,4339,148,2,50000.0
8661,4340,330,1,100000.0
8662,4341,622,1,65000.0
8663,4341,1331,1,30000.0
8664,4341,580,1,45000.0
8665,4342,64,1,140000.0
8666,4343,1039,3,50000.0
8667,4343,278,2,80000.0
8668,4344,355,1,85000.0
8669,4344,929,2,80000.0
8670,4345,1452,1,50000.0
8671,4346,427,3,60000.0
8672,4346,828,1,120000.0
8673,4346,760,1,55000.0
8674,4347,908,2,95000.0
8675,4347,28,2,110000.0
8676,4348,951,1,85000.0
8677,4349,191,1,105000.0
8678,4349,1055,3,95000.0
8679,4349,366,3,115000.0
8680,4350,141,3,90000.0
8681,4350,56,3,150000.0
8682,4351,1177,2,85000.0
8683,4351,554,2,45000.0
8684,4352,242,1,45000.0
8685,4352,573,1,110000.0
8686,4353,43,3,120000.0
8687,4353,553,1,80000.0
8688,4354,1263,2,135000.0
8689,4355,872,1,50000.0
8690,4356,1003,2,135000.0
8691,4357,1245,2,100000.0
8692,4358,586,2,45000.0
8693,4359,1060,2,65000.0
8694,4359,1373,2,40000.0
8695,4360,1022,1,40000.0
8696,4361,555,2,110000.0
8697,4361,484,3,100000.0
8698,4361,210,3,95000.0
8699,4362,64,3,140000.0
8700,4362,992,1,90000.0
8701,4362,805,1,80000.0
8702,4363,1096,2,90000.0
8703,4363,602,3,115000.0
8704,4363,613,2,100000.0
8705,4364,306,3,85000.0
8706,4365,693,3,140000.0
8707,4365,145,3,115000.0
8708,4365,606,1,40000.0
8709,4366,1488,3,95000.0
8710,4366,809,2,100000.0
8711,4367,1408,1,45000.0
8712,4367,166,3,90000.0
8713,4368,1058,2,60000.0
8714,4368,558,1,40000.0
8715,4368,161,2,100000.0
8716,4369,173,3,65000.0
8717,4370,723,3,145000.0
8718,4371,993,1,30000.0
8719,4371,1429,3,135000.0
8720,4371,119,1,110000.0
8721,4372,655,3,50000.0
8722,4372,1190,3,40000.0
8723,4373,196,3,135000.0
8724,4373,267,3,150000.0
8725,4374,1044,2,130000.0
8726,4375,935,1,35000.0
8727,4375,1118,1,120000.0
8728,4376,1432,2,45000.0
8729,4377,1385,3,55000.0
8730,4377,1138,1,110000.0
8731,4377,1218,1,40000.0
8732,4378,1390,2,95000.0
8733,4378,639,1,30000.0
8734,4378,902,1,150000.0
8735,4379,1449,3,30000.0
8736,4380,399,3,95000.0
8737,4381,1200,2,70000.0
8738,4382,35,2,75000.0
8739,4382,924,3,150000.0
8740,4382,36,2,145000.0
8741,4383,345,2,70000.0
8742,4384,258,2,75000.0
8743,4384,1441,2,55000.0
8744,4385,1198,3,45000.0
8745,4385,1437,2,75000.0
8746,4385,829,2,150000.0
8747,4386,30,3,80000.0
8748,4386,1359,2,30000.0
8749,4387,927,2,95000.0
8750,4387,102,2,60000.0
8751,4388,531,2,65000.0
8752,4388,1169,2,85000.0
8753,4389,61,2,85000.0
8754,4390,625,3,115000.0
8755,4391,1413,1,115000.0
8756,4391,495,3,70000.0
8757,4392,641,1,145000.0
8758,4393,1099,2,145000.0
8759,4393,62,3,125000.0
8760,4393,1283,2,110000.0
8761,4394,1400,3,55000.0
8762,4394,701,2,110000.0
8763,4394,278,3,80000.0
8764,4395,195,2,90000.0
8765,4395,1431,2,120000.0
8766,4395,1084,2,95000.0
8767,4396,950,3,80000.0
8768,4396,85,1,105000.0
8769,4397,607,2,145000.0
8770,4398,834,1,70000.0
8771,4398,1379,2,120000.0
8772,4398,138,1,110000.0
8773,4399,578,3,55000.0
8774,4399,1069,3,150000.0
8775,4400,445,3,30000.0
8776,4401,1322,1,125000.0
8777,4401,23,1,130000.0
8778,4402,471,2,100000.0
8779,4402,1396,1,120000.0
8780,4403,1427,2,90000.0
8781,4403,1017,1,105000.0
8782,4403,1334,1,90000.0
8783,4404,1401,1,75000.0
8784,4404,1102,3,40000.0
8785,4405,340,1,50000.0
8786,4405,722,3,125000.0
8787,4405,1333,1,105000.0
8788,4406,603,3,120000.0
8789,4406,28,2,110000.0
8790,4406,300,1,90000.0
8791,4407,803,1,100000.0
8792,4407,1121,3,140000.0
8793,4407,208,2,140000.0
8794,4408,1255,3,50000.0
8795,4409,841,1,50000.0
8796,4410,1078,2,130000.0
8797,4410,1181,1,40000.0
8798,4410,880,1,60000.0
8799,4411,566,3,150000.0
8800,4411,868,1,90000.0
8801,4411,911,3,130000.0
8802,4412,783,1,95000.0
8803,4413,624,2,150000.0
8804,4413,504,2,70000.0
8805,4413,1376,3,125000.0
8806,4414,359,1,125000.0
8807,4415,1471,3,100000.0
8808,4415,418,3,90000.0
8809,4416,1171,1,115000.0
8810,4417,723,3,145000.0
8811,4417,808,1,110000.0
8812,4418,1409,1,105000.0
8813,4418,295,3,80000.0
8814,4419,1221,3,70000.0
8815,4419,401,1,105000.0
8816,4420,391,2,100000.0
8817,4420,667,1,75000.0
8818,4420,320,3,125000.0
8819,4421,526,1,75000.0
8820,4421,858,3,95000.0
8821,4421,1296,1,145000.0
8822,4422,755,1,55000.0
8823,4423,51,2,105000.0
8824,4424,66,2,80000.0
8825,4425,1038,2,85000.0
8826,4425,797,3,40000.0
8827,4426,295,3,80000.0
8828,4426,245,1,50000.0
8829,4427,1384,1,145000.0
8830,4427,951,2,85000.0
8831,4427,759,2,75000.0
8832,4428,1162,3,50000.0
8833,4428,355,3,85000.0
8834,4429,196,2,135000.0
8835,4430,1357,2,95000.0
8836,4431,631,3,30000.0
8837,4432,279,1,130000.0
8838,4433,1262,2,135000.0
8839,4433,1094,3,65000.0
8840,4434,956,2,105000.0
8841,4435,432,1,125000.0
8842,4435,909,3,30000.0
8843,4436,686,1,90000.0
8844,4436,712,2,55000.0
8845,4436,813,2,100000.0
8846,4437,231,1,90000.0
8847,4437,568,3,30000.0
8848,4437,1431,2,120000.0
8849,4438,911,1,130000.0
8850,4438,216,3,70000.0
8851,4438,868,1,90000.0
8852,4439,911,2,130000.0
8853,4439,868,3,90000.0
8854,4439,566,3,150000.0
8855,4440,1411,3,105000.0
8856,4440,315,3,60000.0
8857,4441,520,1,55000.0
8858,4441,238,1,85000.0
8859,4441,681,1,130000.0
8860,4442,604,3,65000.0
8861,4442,515,2,95000.0
8862,4443,306,2,85000.0
8863,4444,483,1,125000.0
8864,4444,351,1,45000.0
8865,4445,149,1,105000.0
8866,4445,5,2,100000.0
8867,4445,544,1,105000.0
8868,4446,1124,2,140000.0
8869,4446,1075,3,95000.0
8870,4446,721,1,110000.0
8871,4447,616,3,140000.0
8872,4447,336,1,110000.0
8873,4448,28,1,110000.0
8874,4448,603,1,120000.0
8875,4448,1160,1,50000.0
8876,4449,315,1,60000.0
8877,4450,626,3,70000.0
8878,4451,85,2,105000.0
8879,4452,569,3,55000.0
8880,4452,316,3,110000.0
8881,4453,789,2,80000.0
8882,4453,800,2,135000.0
8883,4454,359,3,125000.0
8884,4455,1337,2,135000.0
8885,4455,874,2,80000.0
8886,4456,337,2,110000.0
8887,4456,780,2,55000.0
8888,4456,796,1,50000.0
8889,4457,1335,3,80000.0
8890,4457,1401,3,75000.0
8891,4458,1332,3,40000.0
8892,4459,310,2,60000.0
8893,4460,682,1,30000.0
8894,4460,447,2,105000.0
8895,4461,369,1,100000.0
8896,4462,1026,2,125000.0
8897,4463,9,2,45000.0
8898,4463,175,2,75000.0
8899,4464,930,3,40000.0
8900,4465,1330,2,115000.0
8901,4465,363,2,70000.0
8902,4465,1142,3,50000.0
8903,4466,154,3,105000.0
8904,4466,1268,2,65000.0
8905,4467,862,1,65000.0
8906,4468,52,1,60000.0
8907,4469,632,1,95000.0
8908,4469,38,1,95000.0
8909,4469,1131,1,125000.0
8910,4470,1311,2,115000.0
8911,4470,1278,3,115000.0
8912,4471,846,1,60000.0
8913,4471,181,3,45000.0
8914,4471,386,3,105000.0
8915,4472,177,3,145000.0
8916,4472,250,2,145000.0
8917,4472,1260,1,65000.0
8918,4473,1354,2,130000.0
8919,4473,1279,2,140000.0
8920,4474,169,2,35000.0
8921,4475,221,3,40000.0
8922,4475,1216,1,85000.0
8923,4475,1462,3,60000.0
8924,4476,1202,2,150000.0
8925,4476,1354,1,130000.0
8926,4477,319,2,85000.0
8927,4477,774,1,135000.0
8928,4478,140,1,115000.0
8929,4479,1001,1,40000.0
8930,4480,1000,1,110000.0
8931,4480,662,2,130000.0
8932,4481,320,2,125000.0
8933,4481,186,1,80000.0
8934,4481,391,1,100000.0
8935,4482,238,2,85000.0
8936,4482,837,3,95000.0
8937,4482,520,2,55000.0
8938,4483,216,2,70000.0
8939,4484,1474,3,105000.0
8940,4485,739,1,35000.0
8941,4485,1150,2,55000.0
8942,4485,870,1,90000.0
8943,4486,590,2,130000.0
8944,4486,1096,1,90000.0
8945,4487,448,1,80000.0
8946,4487,1007,3,30000.0
8947,4488,1300,3,90000.0
8948,4488,552,2,115000.0
8949,4489,255,1,125000.0
8950,4489,105,2,150000.0
8951,4490,1466,3,135000.0
8952,4490,1493,3,100000.0
8953,4491,380,1,45000.0
8954,4492,541,3,115000.0
8955,4492,490,1,30000.0
8956,4492,252,1,60000.0
8957,4493,884,2,50000.0
8958,4494,1403,3,85000.0
8959,4495,479,2,55000.0
8960,4495,851,1,105000.0
8961,4495,1071,3,110000.0
8962,4496,215,2,30000.0
8963,4496,553,2,80000.0
8964,4496,329,3,60000.0
8965,4497,135,2,90000.0
8966,4497,85,3,105000.0
8967,4498,1052,3,60000.0
8968,4498,1054,1,135000.0
8969,4498,75,2,35000.0
8970,4499,257,2,60000.0
8971,4500,665,3,120000.0
8972,4501,85,1,105000.0
8973,4501,489,3,70000.0
8974,4502,1168,2,95000.0
8975,4503,189,2,65000.0
8976,4503,332,2,150000.0
8977,4504,1163,1,35000.0
8978,4505,632,3,95000.0
8979,4505,1131,1,125000.0
8980,4506,1200,1,70000.0
8981,4507,328,2,75000.0
8982,4507,1185,2,105000.0
8983,4507,1016,1,145000.0
8984,4508,155,3,150000.0
8985,4508,1387,1,75000.0
8986,4508,724,1,105000.0
8987,4509,391,2,100000.0
8988,4510,524,2,70000.0
8989,4511,1500,2,70000.0
8990,4511,647,1,35000.0
8991,4511,815,2,125000.0
8992,4512,657,3,125000.0
8993,4512,3,2,90000.0
8994,4513,894,3,100000.0
8995,4513,1302,2,150000.0
8996,4514,911,2,130000.0
8997,4514,868,1,90000.0
8998,4514,1425,2,100000.0
8999,4515,509,3,110000.0
9000,4515,1240,2,35000.0
9001,4516,1200,1,70000.0
9002,4516,1333,1,105000.0
9003,4516,340,3,50000.0
9004,4517,1153,1,30000.0
9005,4517,1364,3,30000.0
9006,4517,652,3,90000.0
9007,4518,216,2,70000.0
9008,4518,566,3,150000.0
9009,4519,148,3,50000.0
9010,4520,417,3,55000.0
9011,4520,1267,1,135000.0
9012,4521,541,3,115000.0
9013,4522,597,2,110000.0
9014,4523,1076,3,105000.0
9015,4523,1469,3,100000.0
9016,4523,204,1,100000.0
9017,4524,1091,2,65000.0
9018,4524,1012,1,45000.0
9019,4524,167,1,125000.0
9020,4525,247,1,70000.0
9021,4525,752,1,80000.0
9022,4525,203,3,115000.0
9023,4526,400,3,140000.0
9024,4526,1057,3,80000.0
9025,4526,1470,1,95000.0
9026,4527,970,1,65000.0
9027,4527,663,2,50000.0
9028,4528,275,1,110000.0
9029,4528,786,2,65000.0
9030,4529,935,1,35000.0
9031,4529,37,1,145000.0
9032,4530,599,2,145000.0
9033,4531,493,3,90000.0
9034,4531,370,1,145000.0
9035,4532,101,1,135000.0
9036,4532,937,2,145000.0
9037,4533,913,1,55000.0
9038,4533,813,1,100000.0
9039,4533,859,2,65000.0
9040,4534,687,2,40000.0
9041,4535,1195,3,75000.0
9042,4535,907,3,30000.0
9043,4536,127,2,135000.0
9044,4536,672,3,110000.0
9045,4536,202,2,60000.0
9046,4537,716,1,130000.0
9047,4537,124,1,105000.0
9048,4538,759,2,75000.0
9049,4538,1384,2,145000.0
9050,4538,1443,2,135000.0
9051,4539,850,3,95000.0
9052,4539,221,3,40000.0
9053,4540,1013,3,80000.0
9054,4541,773,1,145000.0
9055,4542,557,2,55000.0
9056,4542,1162,1,50000.0
9057,4543,1345,3,40000.0
9058,4544,557,2,55000.0
9059,4544,1162,2,50000.0
9060,4545,1007,1,30000.0
9061,4545,448,2,80000.0
9062,4545,1143,2,60000.0
9063,4546,332,1,150000.0
9064,4546,90,3,85000.0
9065,4547,593,1,85000.0
9066,4548,1125,1,125000.0
9067,4548,729,1,130000.0
9068,4548,331,3,150000.0
9069,4549,1074,3,110000.0
9070,4549,910,2,75000.0
9071,4550,531,2,65000.0
9072,4550,1497,3,95000.0
9073,4550,214,3,135000.0
9074,4551,1282,3,40000.0
9075,4551,44,3,125000.0
9076,4552,472,3,125000.0
9077,4553,1303,1,90000.0
9078,4553,60,1,90000.0
9079,4553,1041,3,30000.0
9080,4554,333,2,105000.0
9081,4554,72,1,110000.0
9082,4554,767,2,55000.0
9083,4555,298,1,35000.0
9084,4556,924,2,150000.0
9085,4557,1080,2,40000.0
9086,4557,1355,1,100000.0
9087,4558,1227,2,125000.0
9088,4558,159,3,65000.0
9089,4559,482,1,110000.0
9090,4559,753,3,140000.0
9091,4559,1390,1,95000.0
9092,4560,481,3,140000.0
9093,4561,830,2,95000.0
9094,4561,442,1,105000.0
9095,4561,995,3,45000.0
9096,4562,88,3,105000.0
9097,4563,390,1,85000.0
9098,4564,30,1,80000.0
9099,4564,836,1,65000.0
9100,4564,104,3,30000.0
9101,4565,68,1,140000.0
9102,4566,1337,1,135000.0
9103,4566,874,3,80000.0
9104,4567,445,2,30000.0
9105,4568,515,1,95000.0
9106,4568,604,3,65000.0
9107,4568,237,1,125000.0
9108,4569,315,2,60000.0
9109,4569,134,2,35000.0
9110,4570,1353,3,150000.0
9111,4570,609,1,70000.0
9112,4570,658,1,85000.0
9113,4571,1330,3,115000.0
9114,4571,363,2,70000.0
9115,4571,249,2,50000.0
9116,4572,774,3,135000.0
9117,4572,986,2,110000.0
9118,4572,925,3,105000.0
9119,4573,687,2,40000.0
9120,4573,1014,1,95000.0
9121,4573,615,1,125000.0
9122,4574,85,3,105000.0
9123,4574,776,1,50000.0
9124,4574,489,1,70000.0
9125,4575,995,1,45000.0
9126,4575,513,3,50000.0
9127,4575,410,2,105000.0
9128,4576,1287,1,40000.0
9129,4576,338,3,80000.0
9130,4577,416,1,115000.0
9131,4577,233,3,40000.0
9132,4578,93,2,85000.0
9133,4579,1361,1,120000.0
9134,4579,926,2,140000.0
9135,4579,875,3,65000.0
9136,4580,671,3,90000.0
9137,4580,1371,1,40000.0
9138,4581,1033,2,75000.0
9139,4581,405,3,115000.0
9140,4581,76,2,45000.0
9141,4582,251,3,140000.0
9142,4582,1427,3,90000.0
9143,4582,1017,1,105000.0
9144,4583,1014,3,95000.0
9145,4583,50,3,110000.0
9146,4583,615,2,125000.0
9147,4584,193,1,145000.0
9148,4584,1009,3,125000.0
9149,4584,365,2,110000.0
9150,4585,1024,1,45000.0
9151,4585,655,1,50000.0
9152,4586,1410,2,145000.0
9153,4586,1074,1,110000.0
9154,4587,515,2,95000.0
9155,4587,604,2,65000.0
9156,4587,237,2,125000.0
9157,4588,1268,1,65000.0
9158,4589,1498,1,145000.0
9159,4590,1143,1,60000.0
9160,4590,1007,2,30000.0
9161,4591,994,3,75000.0
9162,4591,1397,2,50000.0
9163,4591,825,1,40000.0
9164,4592,455,3,65000.0
9165,4592,348,1,60000.0
9166,4592,898,2,55000.0
9167,4593,148,3,50000.0
9168,4594,116,2,125000.0
9169,4595,359,1,125000.0
9170,4596,384,1,90000.0
9171,4596,817,3,115000.0
9172,4597,1387,3,75000.0
9173,4597,156,3,120000.0
9174,4598,246,2,105000.0
9175,4598,1315,2,55000.0
9176,4598,387,1,55000.0
9177,4599,1401,3,75000.0
9178,4599,1209,2,35000.0
9179,4599,439,2,70000.0
9180,4600,490,1,30000.0
9181,4601,574,2,90000.0
9182,4601,260,2,50000.0
9183,4601,1275,2,75000.0
9184,4602,290,1,140000.0
9185,4602,741,1,150000.0
9186,4602,1482,3,115000.0
9187,4603,249,2,50000.0
9188,4603,649,3,75000.0
9189,4604,1179,3,80000.0
9190,4604,1417,3,135000.0
9191,4604,960,1,40000.0
9192,4605,443,3,80000.0
9193,4605,392,2,50000.0
9194,4605,65,2,90000.0
9195,4606,991,2,55000.0
9196,4607,1410,1,145000.0
9197,4607,1351,2,40000.0
9198,4608,298,1,35000.0
9199,4609,531,1,65000.0
9200,4609,1497,1,95000.0
9201,4610,60,1,90000.0
9202,4610,1016,2,145000.0
9203,4611,305,2,140000.0
9204,4611,977,2,50000.0
9205,4611,496,1,130000.0
9206,4612,1357,3,95000.0
9207,4612,928,1,130000.0
9208,4612,530,2,50000.0
9209,4613,129,1,110000.0
9210,4614,249,2,50000.0
9211,4614,1330,3,115000.0
9212,4614,1142,2,50000.0
9213,4615,198,2,30000.0
9214,4615,176,2,45000.0
9215,4615,258,1,75000.0
9216,4616,1298,2,35000.0
9217,4616,1358,3,145000.0
9218,4617,283,3,125000.0
9219,4618,135,2,90000.0
9220,4618,776,1,50000.0
9221,4618,85,1,105000.0
9222,4619,1265,1,30000.0
9223,4619,1128,1,80000.0
9224,4619,1338,3,125000.0
9225,4620,788,3,70000.0
9226,4621,461,3,150000.0
9227,4622,204,1,100000.0
9228,4622,1076,1,105000.0
9229,4623,1383,1,35000.0
9230,4624,36,2,145000.0
9231,4624,35,2,75000.0
9232,4624,938,1,135000.0
9233,4625,721,2,110000.0
9234,4625,627,2,125000.0
9235,4626,573,3,110000.0
9236,4626,860,2,100000.0
9237,4626,97,1,125000.0
9238,4627,797,3,40000.0
9239,4627,811,3,90000.0
9240,4628,770,2,130000.0
9241,4628,252,1,60000.0
9242,4629,1263,2,135000.0
9243,4629,80,2,145000.0
9244,4629,811,1,90000.0
9245,4630,1120,2,30000.0
9246,4631,1014,3,95000.0
9247,4632,1351,2,40000.0
9248,4632,1410,3,145000.0
9249,4633,1143,2,60000.0
9250,4634,890,3,130000.0
9251,4634,726,1,90000.0
9252,4635,842,2,145000.0
9253,4636,166,3,90000.0
9254,4636,1408,3,45000.0
9255,4637,1100,3,125000.0
9256,4637,371,1,75000.0
9257,4637,1109,3,30000.0
9258,4638,22,3,100000.0
9259,4638,1048,3,125000.0
9260,4639,520,2,55000.0
9261,4639,1327,3,135000.0
9262,4639,1176,2,60000.0
9263,4640,246,1,105000.0
9264,4640,801,2,85000.0
9265,4641,11,1,110000.0
9266,4641,814,1,70000.0
9267,4642,862,3,65000.0
9268,4642,83,2,120000.0
9269,4642,434,2,150000.0
9270,4643,516,2,45000.0
9271,4644,971,3,95000.0
9272,4645,18,2,80000.0
9273,4646,1201,3,85000.0
9274,4646,1426,1,140000.0
9275,4647,1076,1,105000.0
9276,4647,204,1,100000.0
9277,4647,1392,1,130000.0
9278,4648,1021,3,50000.0
9279,4648,912,1,75000.0
9280,4649,760,3,55000.0
9281,4649,828,3,120000.0
9282,4649,427,1,60000.0
9283,4650,1201,2,85000.0
9284,4650,223,2,40000.0
9285,4651,1277,1,120000.0
9286,4651,1218,3,40000.0
9287,4651,1369,2,50000.0
9288,4652,874,1,80000.0
9289,4652,1337,2,135000.0
9290,4653,612,1,120000.0
9291,4653,169,2,35000.0
9292,4653,200,2,35000.0
9293,4654,982,2,45000.0
9294,4654,154,2,105000.0
9295,4654,168,1,130000.0
9296,4655,1046,1,90000.0
9297,4655,643,2,30000.0
9298,4656,897,1,80000.0
9299,4657,1303,2,90000.0
9300,4658,363,3,70000.0
9301,4659,128,1,70000.0
9302,4659,1161,3,30000.0
9303,4660,177,2,145000.0
9304,4660,585,1,75000.0
9305,4660,250,3,145000.0
9306,4661,794,3,150000.0
9307,4661,673,1,80000.0
9308,4661,206,2,115000.0
9309,4662,583,1,55000.0
9310,4662,999,3,60000.0
9311,4663,845,2,55000.0
9312,4663,79,2,65000.0
9313,4663,1454,3,85000.0
9314,4664,933,2,60000.0
9315,4665,1005,2,135000.0
9316,4665,510,3,35000.0
9317,4665,1,2,30000.0
9318,4666,933,3,60000.0
9319,4666,760,1,55000.0
9320,4666,427,3,60000.0
9321,4667,106,3,120000.0
9322,4667,1369,3,50000.0
9323,4667,1218,2,40000.0
9324,4668,274,2,120000.0
9325,4669,1212,3,110000.0
9326,4670,96,3,105000.0
9327,4670,1085,3,150000.0
9328,4671,340,1,50000.0
9329,4671,722,2,125000.0
9330,4672,1348,3,125000.0
9331,4672,1311,1,115000.0
9332,4672,587,1,60000.0
9333,4673,222,2,35000.0
9334,4673,738,2,55000.0
9335,4674,876,1,110000.0
9336,4674,476,3,85000.0
9337,4674,1499,3,35000.0
9338,4675,1057,1,80000.0
9339,4676,880,1,60000.0
9340,4676,656,3,50000.0
9341,4676,731,3,35000.0
9342,4677,1121,2,140000.0
9343,4677,1319,2,105000.0
9344,4678,1028,1,100000.0
9345,4678,51,1,105000.0
9346,4679,921,3,45000.0
9347,4679,16,1,130000.0
9348,4680,699,1,135000.0
9349,4681,197,1,125000.0
9350,4681,630,1,95000.0
9351,4681,679,1,55000.0
9352,4682,881,1,120000.0
9353,4682,180,1,90000.0
9354,4683,397,1,90000.0
9355,4683,244,3,150000.0
9356,4683,1158,2,30000.0
9357,4684,12,2,35000.0
9358,4684,976,1,55000.0
9359,4684,1334,2,90000.0
9360,4685,738,2,55000.0
9361,4685,968,2,90000.0
9362,4686,166,1,90000.0
9363,4687,945,1,50000.0
9364,4688,1469,3,100000.0
9365,4689,482,1,110000.0
9366,4689,275,3,110000.0
9367,4690,616,2,140000.0
9368,4691,351,1,45000.0
9369,4691,899,2,40000.0
9370,4691,449,1,30000.0
9371,4692,1194,2,125000.0
9372,4693,1124,2,140000.0
9373,4693,1360,1,135000.0
9374,4694,647,1,35000.0
9375,4694,99,3,85000.0
9376,4695,535,1,135000.0
9377,4696,56,2,150000.0
9378,4696,346,1,85000.0
9379,4697,667,3,75000.0
9380,4698,558,1,40000.0
9381,4699,1059,3,75000.0
9382,4699,1450,2,120000.0
9383,4700,988,2,95000.0
9384,4700,474,3,55000.0
9385,4701,569,1,55000.0
9386,4702,910,2,75000.0
9387,4702,1351,1,40000.0
9388,4702,1410,1,145000.0
9389,4703,1293,3,110000.0
9390,4703,729,2,130000.0
9391,4704,1493,1,100000.0
9392,4705,444,3,45000.0
9393,4705,833,3,70000.0
9394,4706,1157,3,110000.0
9395,4706,1186,3,135000.0
9396,4706,412,3,35000.0
9397,4707,405,1,115000.0
9398,4708,6,2,150000.0
9399,4708,198,3,30000.0
9400,4708,258,3,75000.0
9401,4709,1208,3,75000.0
9402,4709,1132,3,150000.0
9403,4709,788,3,70000.0
9404,4710,633,3,55000.0
9405,4710,350,2,60000.0
9406,4711,1034,3,35000.0
9407,4711,361,3,110000.0
9408,4711,1167,3,60000.0
9409,4712,717,3,60000.0
9410,4712,256,3,115000.0
9411,4712,117,3,110000.0
9412,4713,608,3,30000.0
9413,4713,1296,2,145000.0
9414,4713,526,2,75000.0
9415,4714,369,2,100000.0
9416,4715,27,2,105000.0
9417,4715,1175,2,90000.0
9418,4715,1453,3,50000.0
9419,4716,108,2,70000.0
9420,4717,1228,1,70000.0
9421,4717,772,3,55000.0
9422,4718,1121,1,140000.0
9423,4718,736,2,100000.0
9424,4719,1447,3,110000.0
9425,4720,499,2,40000.0
9426,4720,138,2,110000.0
9427,4720,1468,2,105000.0
9428,4721,13,2,105000.0
9429,4722,1221,1,70000.0
9430,4722,831,2,40000.0
9431,4723,699,1,135000.0
9432,4723,1317,1,135000.0
9433,4723,470,3,115000.0
9434,4724,520,2,55000.0
9435,4725,770,3,130000.0
9436,4725,542,3,85000.0
9437,4726,1162,1,50000.0
9438,4727,790,3,45000.0
9439,4728,1183,3,30000.0
9440,4728,463,3,30000.0
9441,4728,1474,2,105000.0
9442,4729,709,2,30000.0
9443,4730,1264,3,85000.0
9444,4731,345,3,70000.0
9445,4731,1068,2,95000.0
9446,4731,185,3,140000.0
9447,4732,468,2,45000.0
9448,4733,302,2,135000.0
9449,4734,700,1,100000.0
9450,4734,133,2,40000.0
9451,4734,1341,3,120000.0
9452,4735,211,1,75000.0
9453,4735,660,2,140000.0
9454,4736,1283,1,110000.0
9455,4736,357,2,140000.0
9456,4737,237,1,125000.0
9457,4737,515,2,95000.0
9458,4738,965,1,150000.0
9459,4738,1314,2,40000.0
9460,4739,785,3,140000.0
9461,4739,1245,2,100000.0
9462,4740,1313,1,45000.0
9463,4740,3,1,90000.0
9464,4740,768,2,50000.0
9465,4741,292,3,150000.0
9466,4741,808,2,110000.0
9467,4741,46,2,100000.0
9468,4742,1190,1,40000.0
9469,4742,297,2,75000.0
9470,4743,889,3,135000.0
9471,4744,216,1,70000.0
9472,4744,566,2,150000.0
9473,4745,336,1,110000.0
9474,4746,1042,2,125000.0
9475,4747,460,2,110000.0
9476,4747,591,2,60000.0
9477,4747,739,2,35000.0
9478,4748,1380,2,30000.0
9479,4748,326,3,80000.0
9480,4749,337,3,110000.0
9481,4749,170,2,120000.0
9482,4750,303,2,115000.0
9483,4750,35,3,75000.0
9484,4750,963,1,125000.0
9485,4751,1302,3,150000.0
9486,4751,709,2,30000.0
9487,4751,272,2,125000.0
9488,4752,844,1,125000.0
9489,4752,350,2,60000.0
9490,4752,633,2,55000.0
9491,4753,38,3,95000.0
9492,4753,769,2,105000.0
9493,4753,1131,2,125000.0
9494,4754,1007,1,30000.0
9495,4754,448,3,80000.0
9496,4754,1143,3,60000.0
9497,4755,791,2,145000.0
9498,4755,1473,2,70000.0
9499,4755,181,1,45000.0
9500,4756,236,2,90000.0
9501,4757,367,2,110000.0
9502,4757,795,2,90000.0
9503,4757,29,2,95000.0
9504,4758,308,3,100000.0
9505,4758,592,3,125000.0
9506,4758,802,2,120000.0
9507,4759,1158,1,30000.0
9508,4760,158,3,50000.0
9509,4760,486,1,130000.0
9510,4760,423,2,100000.0
9511,4761,445,3,30000.0
9512,4761,1241,3,150000.0
9513,4761,579,1,125000.0
9514,4762,1269,3,70000.0
9515,4762,423,3,100000.0
9516,4762,1003,2,135000.0
9517,4763,790,1,45000.0
9518,4763,1164,2,145000.0
9519,4764,1364,2,30000.0
9520,4764,652,3,90000.0
9521,4765,798,1,45000.0
9522,4766,484,1,100000.0
9523,4766,555,3,110000.0
9524,4767,864,1,125000.0
9525,4767,909,2,30000.0
9526,4768,1162,2,50000.0
9527,4768,557,2,55000.0
9528,4768,929,2,80000.0
9529,4769,180,2,90000.0
9530,4770,1046,2,90000.0
9531,4770,146,1,140000.0
9532,4770,643,3,30000.0
9533,4771,1242,2,145000.0
9534,4771,665,1,120000.0
9535,4771,151,1,30000.0
9536,4772,831,3,40000.0
9537,4773,95,1,125000.0
9538,4774,614,3,45000.0
9539,4774,63,3,45000.0
9540,4774,1203,3,40000.0
9541,4775,1315,2,55000.0
9542,4775,668,3,90000.0
9543,4776,1153,3,30000.0
9544,4777,796,2,50000.0
9545,4777,337,3,110000.0
9546,4778,452,2,65000.0
9547,4779,590,3,130000.0
9548,4780,831,2,40000.0
9549,4781,1126,3,105000.0
9550,4782,1327,1,135000.0
9551,4783,498,1,45000.0
9552,4784,640,2,100000.0
9553,4784,1105,2,130000.0
9554,4784,227,1,50000.0
9555,4785,1257,1,95000.0
9556,4785,1362,3,35000.0
9557,4785,510,1,35000.0
9558,4786,703,1,145000.0
9559,4787,1193,2,90000.0
9560,4788,1202,1,150000.0
9561,4788,1279,2,140000.0
9562,4788,955,2,95000.0
9563,4789,1280,2,150000.0
9564,4789,1119,2,30000.0
9565,4789,1104,1,95000.0
9566,4790,858,1,95000.0
9567,4790,1207,1,75000.0
9568,4791,348,2,60000.0
9569,4791,898,1,55000.0
9570,4792,57,3,50000.0
9571,4792,97,3,125000.0
9572,4793,416,1,115000.0
9573,4793,1432,2,45000.0
9574,4794,91,1,100000.0
9575,4794,417,3,55000.0
9576,4795,408,3,145000.0
9577,4796,1404,3,65000.0
9578,4796,913,1,55000.0
9579,4796,813,2,100000.0
9580,4797,64,3,140000.0
9581,4797,762,1,130000.0
9582,4797,284,1,65000.0
9583,4798,1254,2,55000.0
9584,4798,259,3,80000.0
9585,4799,180,2,90000.0
9586,4799,881,2,120000.0
9587,4799,125,1,105000.0
9588,4800,232,3,55000.0
9589,4800,791,1,145000.0
9590,4800,511,2,75000.0
9591,4801,120,3,130000.0
9592,4801,685,1,50000.0
9593,4802,27,2,105000.0
9594,4802,944,1,65000.0
9595,4803,1022,3,40000.0
9596,4803,102,1,60000.0
9597,4803,927,3,95000.0
9598,4804,218,2,80000.0
9599,4804,804,2,150000.0
9600,4804,605,2,150000.0
9601,4805,1432,3,45000.0
9602,4806,1476,2,55000.0
9603,4806,332,2,150000.0
9604,4807,1454,1,85000.0
9605,4807,1434,2,95000.0
9606,4808,1437,1,75000.0
9607,4808,829,1,150000.0
9608,4809,1137,3,75000.0
9609,4809,921,3,45000.0
9610,4809,16,3,130000.0
9611,4810,1340,3,65000.0
9612,4810,1023,2,125000.0
9613,4810,349,3,135000.0
9614,4811,802,3,120000.0
9615,4811,205,3,115000.0
9616,4812,106,1,120000.0
9617,4812,1369,1,50000.0
9618,4812,1138,2,110000.0
9619,4813,505,1,140000.0
9620,4813,696,2,150000.0
9621,4814,1290,3,55000.0
9622,4814,1072,2,105000.0
9623,4815,340,2,50000.0
9624,4815,1200,3,70000.0
9625,4816,476,3,85000.0
9626,4816,283,3,125000.0
9627,4816,876,2,110000.0
9628,4817,287,2,110000.0
9629,4818,150,3,75000.0
9630,4818,669,3,75000.0
9631,4818,863,2,70000.0
9632,4819,1140,1,30000.0
9633,4820,1454,3,85000.0
9634,4821,1381,3,130000.0
9635,4821,1101,2,55000.0
9636,4821,235,2,80000.0
9637,4822,906,3,125000.0
9638,4823,474,1,55000.0
9639,4824,1337,1,135000.0
9640,4824,874,1,80000.0
9641,4825,935,3,35000.0
9642,4825,1118,1,120000.0
9643,4826,480,3,115000.0
9644,4826,46,2,100000.0
9645,4826,808,3,110000.0
9646,4827,638,1,80000.0
9647,4827,129,1,110000.0
9648,4828,1337,1,135000.0
9649,4828,874,1,80000.0
9650,4829,675,3,40000.0
9651,4830,152,2,95000.0
9652,4830,533,2,45000.0
9653,4831,1484,2,150000.0
9654,4832,1245,3,100000.0
9655,4832,1297,3,140000.0
9656,4833,397,2,90000.0
9657,4833,1158,1,30000.0
9658,4833,1173,1,100000.0
9659,4834,299,1,115000.0
9660,4834,475,2,55000.0
9661,4834,1010,1,135000.0
9662,4835,806,3,30000.0
9663,4836,1243,1,110000.0
9664,4837,1130,2,35000.0
9665,4837,1226,2,40000.0
9666,4838,442,3,105000.0
9667,4839,549,1,150000.0
9668,4839,1196,2,140000.0
9669,4839,1210,2,100000.0
9670,4840,1050,2,115000.0
9671,4840,1255,3,50000.0
9672,4841,1343,3,105000.0
9673,4841,757,1,140000.0
9674,4842,53,3,60000.0
9675,4842,109,1,40000.0
9676,4843,1424,2,95000.0
9677,4844,71,1,150000.0
9678,4845,1309,3,110000.0
9679,4845,995,1,45000.0
9680,4846,859,1,65000.0
9681,4846,712,3,55000.0
9682,4846,296,1,75000.0
9683,4847,50,1,110000.0
9684,4847,677,3,150000.0
9685,4847,687,2,40000.0
9686,4848,998,3,35000.0
9687,4848,753,3,140000.0
9688,4848,639,2,30000.0
9689,4849,426,2,140000.0
9690,4849,1201,1,85000.0
9691,4850,24,3,130000.0
9692,4850,534,3,90000.0
9693,4850,336,1,110000.0
9694,4851,1263,1,135000.0
9695,4851,80,3,145000.0
9696,4852,372,3,75000.0
9697,4852,634,1,55000.0
9698,4853,320,3,125000.0
9699,4854,678,3,60000.0
9700,4854,1292,2,30000.0
9701,4854,240,3,90000.0
9702,4855,1499,1,35000.0
9703,4855,876,3,110000.0
9704,4856,1125,3,125000.0
9705,4856,764,2,80000.0
9706,4857,1071,2,110000.0
9707,4857,1305,2,45000.0
9708,4857,917,3,135000.0
9709,4858,975,2,130000.0
9710,4858,985,2,105000.0
9711,4859,114,2,100000.0
9712,4860,1207,2,75000.0
9713,4860,526,3,75000.0
9714,4860,157,3,130000.0
9715,4861,186,1,80000.0
9716,4862,50,3,110000.0
9717,4863,237,1,125000.0
9718,4863,515,3,95000.0
9719,4864,1248,1,60000.0
9720,4864,997,2,40000.0
9721,4864,904,1,30000.0
9722,4865,205,2,115000.0
9723,4866,737,1,125000.0
9724,4866,437,1,40000.0
9725,4866,1108,3,85000.0
9726,4867,885,2,55000.0
9727,4867,921,2,45000.0
9728,4868,647,3,35000.0
9729,4868,1500,1,70000.0
9730,4869,1334,3,90000.0
9731,4869,251,2,140000.0
9732,4869,915,3,40000.0
9733,4870,784,3,75000.0
9734,4870,1005,3,135000.0
9735,4870,317,2,135000.0
9736,4871,213,1,90000.0
9737,4872,761,2,50000.0
9738,4873,583,3,55000.0
9739,4873,1327,2,135000.0
9740,4873,999,2,60000.0
9741,4874,796,3,50000.0
9742,4874,337,1,110000.0
9743,4874,1258,2,90000.0
9744,4875,357,3,140000.0
9745,4875,719,1,100000.0
9746,4875,1217,2,85000.0
9747,4876,50,1,110000.0
9748,4876,615,1,125000.0
9749,4876,1014,3,95000.0
9750,4877,1034,1,35000.0
9751,4878,375,1,85000.0
9752,4878,727,1,40000.0
9753,4878,720,1,105000.0
9754,4879,479,3,55000.0
9755,4879,540,1,60000.0
9756,4879,851,1,105000.0
9757,4880,441,2,60000.0
9758,4880,766,1,100000.0
9759,4881,847,3,135000.0
9760,4881,1282,2,40000.0
9761,4881,519,3,110000.0
9762,4882,496,3,130000.0
9763,4882,1312,2,120000.0
9764,4883,1018,3,130000.0
9765,4883,1112,1,145000.0
9766,4883,1365,2,45000.0
9767,4884,104,2,30000.0
9768,4885,898,3,55000.0
9769,4885,453,1,30000.0
9770,4886,723,2,145000.0
9771,4886,46,3,100000.0
9772,4887,1085,3,150000.0
9773,4887,707,2,120000.0
9774,4888,133,1,40000.0
9775,4888,1271,3,100000.0
9776,4888,700,3,100000.0
9777,4889,312,3,135000.0
9778,4889,25,1,70000.0
9779,4890,66,1,80000.0
9780,4890,887,1,75000.0
9781,4891,1309,3,110000.0
9782,4891,513,2,50000.0
9783,4891,410,3,105000.0
9784,4892,578,1,55000.0
9785,4893,1333,1,105000.0
9786,4893,1200,1,70000.0
9787,4893,340,3,50000.0
9788,4894,640,3,100000.0
9789,4894,521,2,135000.0
9790,4894,725,3,30000.0
9791,4895,675,1,40000.0
9792,4895,619,3,145000.0
9793,4895,497,2,115000.0
9794,4896,766,1,100000.0
9795,4896,441,1,60000.0
9796,4896,162,3,150000.0
9797,4897,462,2,150000.0
9798,4898,917,2,135000.0
9799,4898,419,3,150000.0
9800,4898,851,1,105000.0
9801,4899,1165,1,35000.0
9802,4899,117,1,110000.0
9803,4900,151,2,30000.0
9804,4900,1242,2,145000.0
9805,4901,867,2,60000.0
9806,4901,675,1,40000.0
9807,4901,497,1,115000.0
9808,4902,770,1,130000.0
9809,4902,252,2,60000.0
9810,4902,70,3,70000.0
9811,4903,1408,3,45000.0
9812,4904,1380,2,30000.0
9813,4904,326,2,80000.0
9814,4904,620,1,105000.0
9815,4905,405,1,115000.0
9816,4906,1371,2,40000.0
9817,4906,165,3,130000.0
9818,4906,918,2,100000.0
9819,4907,1120,3,30000.0
9820,4908,1155,2,35000.0
9821,4908,1430,3,65000.0
9822,4909,601,3,100000.0
9823,4909,827,1,150000.0
9824,4910,644,3,35000.0
9825,4911,185,1,140000.0
9826,4911,1068,3,95000.0
9827,4911,345,2,70000.0
9828,4912,1181,1,40000.0
9829,4912,1078,3,130000.0
9830,4912,656,1,50000.0
9831,4913,1351,1,40000.0
9832,4914,1224,3,70000.0
9833,4914,383,3,65000.0
9834,4915,194,1,35000.0
9835,4915,695,2,80000.0
9836,4915,954,2,35000.0
9837,4916,301,2,40000.0
9838,4916,1415,1,70000.0
9839,4917,440,1,35000.0
9840,4917,63,3,45000.0
9841,4918,812,3,85000.0
9842,4918,400,2,140000.0
9843,4918,1057,1,80000.0
9844,4919,805,3,80000.0
9845,4920,1080,3,40000.0
9846,4920,1326,1,145000.0
9847,4921,1351,2,40000.0
9848,4921,910,1,75000.0
9849,4922,693,1,140000.0
9850,4922,772,2,55000.0
9851,4923,1174,1,45000.0
9852,4923,75,3,35000.0
9853,4924,217,2,90000.0
9854,4924,616,3,140000.0
9855,4924,336,2,110000.0
9856,4925,1298,1,35000.0
9857,4926,177,2,145000.0
9858,4927,420,1,100000.0
9859,4927,1029,3,30000.0
9860,4927,184,1,140000.0
9861,4928,348,3,60000.0
9862,4929,959,3,115000.0
9863,4929,634,3,55000.0
9864,4929,1377,2,90000.0
9865,4930,1425,2,100000.0
9866,4930,911,2,130000.0
9867,4931,1453,3,50000.0
9868,4931,1175,1,90000.0
9869,4931,944,1,65000.0
9870,4932,1372,1,70000.0
9871,4932,239,2,40000.0
9872,4932,518,3,105000.0
9873,4933,210,2,95000.0
9874,4934,1493,2,100000.0
9875,4934,113,3,90000.0
9876,4934,691,1,100000.0
9877,4935,1260,3,65000.0
9878,4936,714,1,70000.0
9879,4937,815,3,125000.0
9880,4937,462,1,150000.0
9881,4938,1400,2,55000.0
9882,4938,1039,1,50000.0
9883,4938,78,2,140000.0
9884,4939,506,3,30000.0
9885,4940,1176,3,60000.0
9886,4940,999,1,60000.0
9887,4940,681,1,130000.0
9888,4941,198,1,30000.0
9889,4941,6,3,150000.0
9890,4941,1000,3,110000.0
9891,4942,785,3,140000.0
9892,4942,822,2,140000.0
9893,4942,477,2,115000.0
9894,4943,400,3,140000.0
9895,4943,1470,2,95000.0
9896,4943,812,1,85000.0
9897,4944,354,2,145000.0
9898,4944,1060,1,65000.0
9899,4944,1120,3,30000.0
9900,4945,904,1,30000.0
9901,4946,985,1,105000.0
9902,4946,505,1,140000.0
9903,4947,224,3,95000.0
9904,4947,1203,3,40000.0
9905,4947,281,3,85000.0
9906,4948,1086,2,35000.0
9907,4948,1169,2,85000.0
9908,4948,531,3,65000.0
9909,4949,1262,3,135000.0
9910,4950,719,2,100000.0
9911,4951,332,2,150000.0
9912,4952,829,3,150000.0
9913,4952,1437,1,75000.0
9914,4953,1267,3,135000.0
9915,4953,241,1,150000.0
9916,4953,1148,2,140000.0
9917,4954,1042,3,125000.0
9918,4954,825,2,40000.0
9919,4955,558,3,40000.0
9920,4955,161,1,100000.0
9921,4956,555,1,110000.0
9922,4957,397,3,90000.0
9923,4957,1173,1,100000.0
9924,4957,1158,3,30000.0
9925,4958,134,3,35000.0
9926,4958,178,2,130000.0
9927,4959,1025,2,130000.0
9928,4959,1439,3,55000.0
9929,4959,353,3,140000.0
9930,4960,478,3,30000.0
9931,4960,452,3,65000.0
9932,4961,450,3,70000.0
9933,4962,515,3,95000.0
9934,4962,604,3,65000.0
9935,4963,1038,2,85000.0
9936,4963,261,3,120000.0
9937,4963,80,3,145000.0
9938,4964,1037,2,50000.0
9939,4965,303,2,115000.0
9940,4965,963,3,125000.0
9941,4966,1330,2,115000.0
9942,4967,255,3,125000.0
9943,4967,849,1,115000.0
9944,4967,229,1,150000.0
9945,4968,1077,2,115000.0
9946,4968,1208,3,75000.0
9947,4969,1400,2,55000.0
9948,4970,18,2,80000.0
9949,4970,1458,2,75000.0
9950,4971,149,2,105000.0
9951,4972,140,1,115000.0
9952,4973,577,3,50000.0
9953,4974,675,3,40000.0
9954,4974,930,2,40000.0
9955,4975,1361,1,120000.0
9956,4975,629,1,150000.0
9957,4976,56,1,150000.0
9958,4976,346,2,85000.0
9959,4977,1201,1,85000.0
9960,4977,369,1,100000.0
9961,4977,1426,1,140000.0
9962,4978,761,1,50000.0
9963,4978,741,3,150000.0
9964,4979,279,2,130000.0
9965,4980,352,1,145000.0
9966,4980,139,1,35000.0
9967,4981,756,3,90000.0
9968,4981,1033,2,75000.0
9969,4982,875,3,65000.0
9970,4982,139,2,35000.0
9971,4982,629,2,150000.0
9972,4983,439,3,70000.0
9973,4984,954,1,35000.0
9974,4984,319,2,85000.0
9975,4984,774,2,135000.0
9976,4985,753,3,140000.0
9977,4986,1214,1,130000.0
9978,4986,946,2,100000.0
9979,4987,283,1,125000.0
9980,4987,476,3,85000.0
9981,4988,1061,3,85000.0
9982,4988,333,3,105000.0
9983,4988,713,2,80000.0
9984,4989,1440,3,150000.0
9985,4989,218,2,80000.0
9986,4990,1349,3,140000.0
9987,4991,1119,2,30000.0
9988,4992,336,3,110000.0
9989,4992,24,2,130000.0
9990,4992,534,1,90000.0
9991,4993,545,2,75000.0
9992,4994,181,1,45000.0
9993,4994,651,1,115000.0
9994,4995,1465,2,100000.0
9995,4995,1341,3,120000.0
9996,4996,46,3,100000.0
9997,4997,1242,3,145000.0
9998,4997,598,2,35000.0
9999,4997,151,2,30000.0
10000,4998,632,1,95000.0
10001,4998,38,2,95000.0
10002,4998,502,1,65000.0
10003,4999,1185,2,105000.0
10004,4999,1016,1,145000.0
10005,4999,1229,2,85000.0
10006,5000,1278,1,115000.0
10007,5000,1483,1,30000.0
10008,5000,663,3,50000.0
